ISO-10303-21;
HEADER;
/* Generated by software containing ST-Developer
 * from STEP Tools, Inc. (www.steptools.com) 
 */

FILE_DESCRIPTION(
/* description */ (''),
/* implementation_level */ '2;1');

FILE_NAME(
/* name */ '1st.step',
/* time_stamp */ '2026-07-29T17:48:59+05:30',
/* author */ (''),
/* organization */ (''),
/* preprocessor_version */ 'ST-DEVELOPER v20.1',
/* originating_system */ 'Autodesk Translation Framework v15.8.0.0',
/* authorisation */ '');

FILE_SCHEMA (('AUTOMOTIVE_DESIGN { 1 0 10303 214 3 1 1 }'));
ENDSEC;

DATA;
#10=MECHANICAL_DESIGN_GEOMETRIC_PRESENTATION_REPRESENTATION('',(#15,#16),
#3632);
#11=SHAPE_REPRESENTATION_RELATIONSHIP('SRR','None',#3639,#12);
#12=ADVANCED_BREP_SHAPE_REPRESENTATION('',(#17,#18),#3631);
#13=TOROIDAL_SURFACE('',#2264,11.5,2.);
#14=TOROIDAL_SURFACE('',#2273,11.5,2.);
#15=STYLED_ITEM('',(#3648),#17);
#16=STYLED_ITEM('',(#3648),#18);
#17=MANIFOLD_SOLID_BREP('Body1',#2074);
#18=MANIFOLD_SOLID_BREP('Body2',#2075);
#19=CYLINDRICAL_SURFACE('',#2115,3.);
#20=CYLINDRICAL_SURFACE('',#2117,3.);
#21=CYLINDRICAL_SURFACE('',#2119,3.);
#22=CYLINDRICAL_SURFACE('',#2121,3.);
#23=CYLINDRICAL_SURFACE('',#2129,3.);
#24=CYLINDRICAL_SURFACE('',#2131,3.);
#25=CYLINDRICAL_SURFACE('',#2134,5.64);
#26=CYLINDRICAL_SURFACE('',#2136,5.64);
#27=CYLINDRICAL_SURFACE('',#2137,5.64);
#28=CYLINDRICAL_SURFACE('',#2140,5.64);
#29=CYLINDRICAL_SURFACE('',#2146,5.);
#30=CYLINDRICAL_SURFACE('',#2149,5.);
#31=CYLINDRICAL_SURFACE('',#2150,4.);
#32=CYLINDRICAL_SURFACE('',#2154,4.);
#33=CYLINDRICAL_SURFACE('',#2158,4.);
#34=CYLINDRICAL_SURFACE('',#2161,4.);
#35=CYLINDRICAL_SURFACE('',#2182,5.);
#36=CYLINDRICAL_SURFACE('',#2186,5.);
#37=CYLINDRICAL_SURFACE('',#2192,5.);
#38=CYLINDRICAL_SURFACE('',#2206,5.);
#39=CYLINDRICAL_SURFACE('',#2208,5.);
#40=CYLINDRICAL_SURFACE('',#2214,5.);
#41=CYLINDRICAL_SURFACE('',#2221,5.);
#42=CYLINDRICAL_SURFACE('',#2227,5.);
#43=CYLINDRICAL_SURFACE('',#2230,7.);
#44=CYLINDRICAL_SURFACE('',#2233,7.);
#45=CYLINDRICAL_SURFACE('',#2236,7.);
#46=CYLINDRICAL_SURFACE('',#2239,7.);
#47=CYLINDRICAL_SURFACE('',#2242,6.);
#48=CYLINDRICAL_SURFACE('',#2244,6.);
#49=CYLINDRICAL_SURFACE('',#2245,6.);
#50=CYLINDRICAL_SURFACE('',#2247,6.);
#51=CYLINDRICAL_SURFACE('',#2249,10.);
#52=CYLINDRICAL_SURFACE('',#2250,10.);
#53=CYLINDRICAL_SURFACE('',#2251,10.);
#54=CYLINDRICAL_SURFACE('',#2253,10.);
#55=CYLINDRICAL_SURFACE('',#2268,13.5);
#56=CYLINDRICAL_SURFACE('',#2278,5.50000000000001);
#57=CYLINDRICAL_SURFACE('',#2279,5.50000000000001);
#58=FACE_BOUND('',#190,.T.);
#59=FACE_BOUND('',#196,.T.);
#60=FACE_BOUND('',#241,.T.);
#61=FACE_BOUND('',#278,.T.);
#62=FACE_BOUND('',#284,.T.);
#63=FACE_BOUND('',#287,.T.);
#64=B_SPLINE_SURFACE_WITH_KNOTS('',3,3,((#2982,#2983,#2984,#2985),(#2986,
#2987,#2988,#2989),(#2990,#2991,#2992,#2993),(#2994,#2995,#2996,#2997),
(#2998,#2999,#3000,#3001)),.UNSPECIFIED.,.F.,.F.,.F.,(4,1,4),(4,4),(0.,
0.571428571428571,1.),(0.299782430700452,0.800000236758382),
 .UNSPECIFIED.);
#65=B_SPLINE_SURFACE_WITH_KNOTS('',3,3,((#3193,#3194,#3195,#3196),(#3197,
#3198,#3199,#3200),(#3201,#3202,#3203,#3204),(#3205,#3206,#3207,#3208),
(#3209,#3210,#3211,#3212)),.UNSPECIFIED.,.F.,.F.,.F.,(4,1,4),(4,4),(0.,
0.571428571428571,1.),(0.300000000000002,0.800000000638725),
 .UNSPECIFIED.);
#66=FACE_OUTER_BOUND('',#175,.T.);
#67=FACE_OUTER_BOUND('',#176,.T.);
#68=FACE_OUTER_BOUND('',#177,.T.);
#69=FACE_OUTER_BOUND('',#178,.T.);
#70=FACE_OUTER_BOUND('',#179,.T.);
#71=FACE_OUTER_BOUND('',#180,.T.);
#72=FACE_OUTER_BOUND('',#181,.T.);
#73=FACE_OUTER_BOUND('',#182,.T.);
#74=FACE_OUTER_BOUND('',#183,.T.);
#75=FACE_OUTER_BOUND('',#184,.T.);
#76=FACE_OUTER_BOUND('',#185,.T.);
#77=FACE_OUTER_BOUND('',#186,.T.);
#78=FACE_OUTER_BOUND('',#187,.T.);
#79=FACE_OUTER_BOUND('',#188,.T.);
#80=FACE_OUTER_BOUND('',#189,.T.);
#81=FACE_OUTER_BOUND('',#191,.T.);
#82=FACE_OUTER_BOUND('',#192,.T.);
#83=FACE_OUTER_BOUND('',#193,.T.);
#84=FACE_OUTER_BOUND('',#194,.T.);
#85=FACE_OUTER_BOUND('',#195,.T.);
#86=FACE_OUTER_BOUND('',#197,.T.);
#87=FACE_OUTER_BOUND('',#198,.T.);
#88=FACE_OUTER_BOUND('',#199,.T.);
#89=FACE_OUTER_BOUND('',#200,.T.);
#90=FACE_OUTER_BOUND('',#201,.T.);
#91=FACE_OUTER_BOUND('',#202,.T.);
#92=FACE_OUTER_BOUND('',#203,.T.);
#93=FACE_OUTER_BOUND('',#204,.T.);
#94=FACE_OUTER_BOUND('',#205,.T.);
#95=FACE_OUTER_BOUND('',#206,.T.);
#96=FACE_OUTER_BOUND('',#207,.T.);
#97=FACE_OUTER_BOUND('',#208,.T.);
#98=FACE_OUTER_BOUND('',#209,.T.);
#99=FACE_OUTER_BOUND('',#210,.T.);
#100=FACE_OUTER_BOUND('',#211,.T.);
#101=FACE_OUTER_BOUND('',#212,.T.);
#102=FACE_OUTER_BOUND('',#213,.T.);
#103=FACE_OUTER_BOUND('',#214,.T.);
#104=FACE_OUTER_BOUND('',#215,.T.);
#105=FACE_OUTER_BOUND('',#216,.T.);
#106=FACE_OUTER_BOUND('',#217,.T.);
#107=FACE_OUTER_BOUND('',#218,.T.);
#108=FACE_OUTER_BOUND('',#219,.T.);
#109=FACE_OUTER_BOUND('',#220,.T.);
#110=FACE_OUTER_BOUND('',#221,.T.);
#111=FACE_OUTER_BOUND('',#222,.T.);
#112=FACE_OUTER_BOUND('',#223,.T.);
#113=FACE_OUTER_BOUND('',#224,.T.);
#114=FACE_OUTER_BOUND('',#225,.T.);
#115=FACE_OUTER_BOUND('',#226,.T.);
#116=FACE_OUTER_BOUND('',#227,.T.);
#117=FACE_OUTER_BOUND('',#228,.T.);
#118=FACE_OUTER_BOUND('',#229,.T.);
#119=FACE_OUTER_BOUND('',#230,.T.);
#120=FACE_OUTER_BOUND('',#231,.T.);
#121=FACE_OUTER_BOUND('',#232,.T.);
#122=FACE_OUTER_BOUND('',#233,.T.);
#123=FACE_OUTER_BOUND('',#234,.T.);
#124=FACE_OUTER_BOUND('',#235,.T.);
#125=FACE_OUTER_BOUND('',#236,.T.);
#126=FACE_OUTER_BOUND('',#237,.T.);
#127=FACE_OUTER_BOUND('',#238,.T.);
#128=FACE_OUTER_BOUND('',#239,.T.);
#129=FACE_OUTER_BOUND('',#240,.T.);
#130=FACE_OUTER_BOUND('',#242,.T.);
#131=FACE_OUTER_BOUND('',#243,.T.);
#132=FACE_OUTER_BOUND('',#244,.T.);
#133=FACE_OUTER_BOUND('',#245,.T.);
#134=FACE_OUTER_BOUND('',#246,.T.);
#135=FACE_OUTER_BOUND('',#247,.T.);
#136=FACE_OUTER_BOUND('',#248,.T.);
#137=FACE_OUTER_BOUND('',#249,.T.);
#138=FACE_OUTER_BOUND('',#250,.T.);
#139=FACE_OUTER_BOUND('',#251,.T.);
#140=FACE_OUTER_BOUND('',#252,.T.);
#141=FACE_OUTER_BOUND('',#253,.T.);
#142=FACE_OUTER_BOUND('',#254,.T.);
#143=FACE_OUTER_BOUND('',#255,.T.);
#144=FACE_OUTER_BOUND('',#256,.T.);
#145=FACE_OUTER_BOUND('',#257,.T.);
#146=FACE_OUTER_BOUND('',#258,.T.);
#147=FACE_OUTER_BOUND('',#259,.T.);
#148=FACE_OUTER_BOUND('',#260,.T.);
#149=FACE_OUTER_BOUND('',#261,.T.);
#150=FACE_OUTER_BOUND('',#262,.T.);
#151=FACE_OUTER_BOUND('',#263,.T.);
#152=FACE_OUTER_BOUND('',#264,.T.);
#153=FACE_OUTER_BOUND('',#265,.T.);
#154=FACE_OUTER_BOUND('',#266,.T.);
#155=FACE_OUTER_BOUND('',#267,.T.);
#156=FACE_OUTER_BOUND('',#268,.T.);
#157=FACE_OUTER_BOUND('',#269,.T.);
#158=FACE_OUTER_BOUND('',#270,.T.);
#159=FACE_OUTER_BOUND('',#271,.T.);
#160=FACE_OUTER_BOUND('',#272,.T.);
#161=FACE_OUTER_BOUND('',#273,.T.);
#162=FACE_OUTER_BOUND('',#274,.T.);
#163=FACE_OUTER_BOUND('',#275,.T.);
#164=FACE_OUTER_BOUND('',#276,.T.);
#165=FACE_OUTER_BOUND('',#277,.T.);
#166=FACE_OUTER_BOUND('',#279,.T.);
#167=FACE_OUTER_BOUND('',#280,.T.);
#168=FACE_OUTER_BOUND('',#281,.T.);
#169=FACE_OUTER_BOUND('',#282,.T.);
#170=FACE_OUTER_BOUND('',#283,.T.);
#171=FACE_OUTER_BOUND('',#285,.T.);
#172=FACE_OUTER_BOUND('',#286,.T.);
#173=FACE_OUTER_BOUND('',#288,.T.);
#174=FACE_OUTER_BOUND('',#289,.T.);
#175=EDGE_LOOP('',(#1299,#1300,#1301,#1302,#1303,#1304,#1305,#1306,#1307,
#1308,#1309,#1310,#1311,#1312,#1313,#1314,#1315,#1316,#1317));
#176=EDGE_LOOP('',(#1318,#1319,#1320,#1321));
#177=EDGE_LOOP('',(#1322,#1323,#1324,#1325));
#178=EDGE_LOOP('',(#1326,#1327,#1328,#1329));
#179=EDGE_LOOP('',(#1330,#1331,#1332,#1333));
#180=EDGE_LOOP('',(#1334,#1335,#1336,#1337));
#181=EDGE_LOOP('',(#1338,#1339,#1340,#1341,#1342));
#182=EDGE_LOOP('',(#1343,#1344,#1345,#1346));
#183=EDGE_LOOP('',(#1347,#1348,#1349,#1350));
#184=EDGE_LOOP('',(#1351,#1352,#1353,#1354));
#185=EDGE_LOOP('',(#1355,#1356,#1357,#1358));
#186=EDGE_LOOP('',(#1359,#1360,#1361,#1362));
#187=EDGE_LOOP('',(#1363,#1364,#1365,#1366,#1367));
#188=EDGE_LOOP('',(#1368,#1369,#1370,#1371));
#189=EDGE_LOOP('',(#1372,#1373,#1374,#1375,#1376,#1377,#1378,#1379,#1380,
#1381,#1382,#1383,#1384,#1385,#1386,#1387));
#190=EDGE_LOOP('',(#1388,#1389,#1390,#1391,#1392));
#191=EDGE_LOOP('',(#1393,#1394,#1395,#1396));
#192=EDGE_LOOP('',(#1397,#1398,#1399,#1400));
#193=EDGE_LOOP('',(#1401,#1402,#1403,#1404));
#194=EDGE_LOOP('',(#1405,#1406,#1407,#1408));
#195=EDGE_LOOP('',(#1409,#1410,#1411,#1412,#1413,#1414,#1415,#1416,#1417,
#1418,#1419,#1420,#1421,#1422,#1423,#1424,#1425));
#196=EDGE_LOOP('',(#1426,#1427,#1428,#1429,#1430));
#197=EDGE_LOOP('',(#1431,#1432,#1433,#1434));
#198=EDGE_LOOP('',(#1435,#1436,#1437,#1438));
#199=EDGE_LOOP('',(#1439,#1440,#1441,#1442));
#200=EDGE_LOOP('',(#1443,#1444,#1445,#1446));
#201=EDGE_LOOP('',(#1447,#1448,#1449,#1450));
#202=EDGE_LOOP('',(#1451,#1452,#1453,#1454));
#203=EDGE_LOOP('',(#1455,#1456,#1457,#1458));
#204=EDGE_LOOP('',(#1459,#1460,#1461,#1462));
#205=EDGE_LOOP('',(#1463,#1464,#1465,#1466));
#206=EDGE_LOOP('',(#1467,#1468,#1469,#1470));
#207=EDGE_LOOP('',(#1471,#1472,#1473,#1474));
#208=EDGE_LOOP('',(#1475,#1476,#1477,#1478));
#209=EDGE_LOOP('',(#1479,#1480,#1481,#1482));
#210=EDGE_LOOP('',(#1483,#1484,#1485,#1486));
#211=EDGE_LOOP('',(#1487,#1488,#1489,#1490));
#212=EDGE_LOOP('',(#1491,#1492,#1493,#1494,#1495,#1496,#1497,#1498,#1499,
#1500,#1501,#1502,#1503,#1504,#1505,#1506));
#213=EDGE_LOOP('',(#1507,#1508,#1509,#1510));
#214=EDGE_LOOP('',(#1511,#1512,#1513,#1514,#1515,#1516));
#215=EDGE_LOOP('',(#1517,#1518,#1519,#1520));
#216=EDGE_LOOP('',(#1521,#1522,#1523,#1524,#1525,#1526));
#217=EDGE_LOOP('',(#1527,#1528,#1529,#1530));
#218=EDGE_LOOP('',(#1531,#1532,#1533,#1534,#1535,#1536));
#219=EDGE_LOOP('',(#1537,#1538,#1539,#1540));
#220=EDGE_LOOP('',(#1541,#1542,#1543,#1544));
#221=EDGE_LOOP('',(#1545,#1546,#1547,#1548,#1549,#1550,#1551));
#222=EDGE_LOOP('',(#1552,#1553,#1554));
#223=EDGE_LOOP('',(#1555,#1556,#1557,#1558));
#224=EDGE_LOOP('',(#1559,#1560,#1561,#1562));
#225=EDGE_LOOP('',(#1563,#1564,#1565,#1566));
#226=EDGE_LOOP('',(#1567,#1568,#1569,#1570,#1571,#1572,#1573,#1574));
#227=EDGE_LOOP('',(#1575,#1576,#1577,#1578,#1579,#1580,#1581));
#228=EDGE_LOOP('',(#1582,#1583,#1584,#1585));
#229=EDGE_LOOP('',(#1586,#1587,#1588,#1589));
#230=EDGE_LOOP('',(#1590,#1591,#1592,#1593));
#231=EDGE_LOOP('',(#1594,#1595,#1596,#1597,#1598,#1599,#1600,#1601,#1602,
#1603,#1604,#1605,#1606,#1607,#1608,#1609));
#232=EDGE_LOOP('',(#1610,#1611,#1612,#1613));
#233=EDGE_LOOP('',(#1614,#1615,#1616,#1617));
#234=EDGE_LOOP('',(#1618,#1619,#1620,#1621));
#235=EDGE_LOOP('',(#1622,#1623,#1624,#1625));
#236=EDGE_LOOP('',(#1626,#1627,#1628,#1629));
#237=EDGE_LOOP('',(#1630,#1631,#1632,#1633));
#238=EDGE_LOOP('',(#1634,#1635,#1636,#1637,#1638,#1639));
#239=EDGE_LOOP('',(#1640,#1641,#1642,#1643));
#240=EDGE_LOOP('',(#1644,#1645,#1646,#1647,#1648,#1649,#1650,#1651,#1652,
#1653,#1654,#1655));
#241=EDGE_LOOP('',(#1656,#1657,#1658,#1659,#1660,#1661,#1662,#1663));
#242=EDGE_LOOP('',(#1664,#1665,#1666,#1667,#1668,#1669,#1670,#1671,#1672,
#1673,#1674,#1675));
#243=EDGE_LOOP('',(#1676,#1677,#1678,#1679));
#244=EDGE_LOOP('',(#1680,#1681,#1682,#1683));
#245=EDGE_LOOP('',(#1684,#1685,#1686,#1687));
#246=EDGE_LOOP('',(#1688,#1689,#1690,#1691,#1692,#1693,#1694,#1695,#1696,
#1697,#1698,#1699,#1700,#1701));
#247=EDGE_LOOP('',(#1702,#1703,#1704,#1705));
#248=EDGE_LOOP('',(#1706,#1707,#1708,#1709,#1710,#1711,#1712,#1713,#1714,
#1715,#1716,#1717));
#249=EDGE_LOOP('',(#1718,#1719,#1720,#1721));
#250=EDGE_LOOP('',(#1722,#1723,#1724,#1725));
#251=EDGE_LOOP('',(#1726,#1727,#1728,#1729,#1730,#1731,#1732,#1733,#1734,
#1735,#1736,#1737,#1738,#1739,#1740));
#252=EDGE_LOOP('',(#1741,#1742,#1743,#1744));
#253=EDGE_LOOP('',(#1745,#1746,#1747,#1748,#1749,#1750));
#254=EDGE_LOOP('',(#1751,#1752,#1753,#1754));
#255=EDGE_LOOP('',(#1755,#1756,#1757,#1758));
#256=EDGE_LOOP('',(#1759,#1760,#1761,#1762));
#257=EDGE_LOOP('',(#1763,#1764,#1765,#1766));
#258=EDGE_LOOP('',(#1767,#1768,#1769,#1770));
#259=EDGE_LOOP('',(#1771,#1772,#1773,#1774));
#260=EDGE_LOOP('',(#1775,#1776,#1777,#1778));
#261=EDGE_LOOP('',(#1779,#1780,#1781,#1782));
#262=EDGE_LOOP('',(#1783,#1784,#1785,#1786));
#263=EDGE_LOOP('',(#1787,#1788,#1789,#1790));
#264=EDGE_LOOP('',(#1791,#1792,#1793,#1794));
#265=EDGE_LOOP('',(#1795,#1796,#1797,#1798));
#266=EDGE_LOOP('',(#1799,#1800,#1801,#1802));
#267=EDGE_LOOP('',(#1803,#1804,#1805,#1806));
#268=EDGE_LOOP('',(#1807,#1808,#1809,#1810));
#269=EDGE_LOOP('',(#1811,#1812,#1813,#1814));
#270=EDGE_LOOP('',(#1815,#1816,#1817,#1818));
#271=EDGE_LOOP('',(#1819,#1820,#1821,#1822));
#272=EDGE_LOOP('',(#1823,#1824,#1825,#1826));
#273=EDGE_LOOP('',(#1827,#1828,#1829,#1830));
#274=EDGE_LOOP('',(#1831,#1832,#1833,#1834));
#275=EDGE_LOOP('',(#1835,#1836,#1837,#1838,#1839,#1840));
#276=EDGE_LOOP('',(#1841,#1842,#1843,#1844));
#277=EDGE_LOOP('',(#1845,#1846,#1847,#1848,#1849,#1850,#1851,#1852,#1853,
#1854,#1855,#1856,#1857,#1858,#1859,#1860,#1861,#1862));
#278=EDGE_LOOP('',(#1863,#1864,#1865,#1866,#1867,#1868,#1869,#1870));
#279=EDGE_LOOP('',(#1871));
#280=EDGE_LOOP('',(#1872));
#281=EDGE_LOOP('',(#1873,#1874,#1875,#1876));
#282=EDGE_LOOP('',(#1877,#1878,#1879,#1880,#1881));
#283=EDGE_LOOP('',(#1882));
#284=EDGE_LOOP('',(#1883));
#285=EDGE_LOOP('',(#1884,#1885,#1886,#1887,#1888));
#286=EDGE_LOOP('',(#1889));
#287=EDGE_LOOP('',(#1890));
#288=EDGE_LOOP('',(#1891,#1892,#1893,#1894));
#289=EDGE_LOOP('',(#1895,#1896,#1897,#1898));
#290=B_SPLINE_CURVE_WITH_KNOTS('',3,(#2890,#2891,#2892,#2893,#2894,#2895,
#2896),.UNSPECIFIED.,.F.,.F.,(4,3,4),(0.,0.15880867990245,0.37055358643905),
 .UNSPECIFIED.);
#291=B_SPLINE_CURVE_WITH_KNOTS('',3,(#3004,#3005,#3006,#3007,#3008,#3009,
#3010,#3011,#3012,#3013,#3014,#3015,#3016,#3017,#3018,#3019,#3020,#3021,
#3022,#3023,#3024,#3025,#3026,#3027,#3028,#3029,#3030,#3031,#3032,#3033,
#3034,#3035,#3036,#3037,#3038,#3039,#3040,#3041,#3042,#3043,#3044,#3045,
#3046,#3047,#3048,#3049),.UNSPECIFIED.,.F.,.F.,(4,3,3,3,3,3,3,3,3,3,3,3,
3,3,3,4),(0.,0.0299684607913288,0.0603833588558446,0.0909571331114298,0.11719343274439,
0.147760254893772,0.179740761857074,0.209826355103577,0.211721268820375,
0.234386847343361,0.264593443458749,0.295016637095909,0.302277265268212,
0.33270317303258,0.362864897173195,0.370167689050339),.UNSPECIFIED.);
#292=B_SPLINE_CURVE_WITH_KNOTS('',3,(#3051,#3052,#3053,#3054),
 .UNSPECIFIED.,.F.,.F.,(4,4),(-0.799782578680379,-0.299782430700452),
 .UNSPECIFIED.);
#293=B_SPLINE_CURVE_WITH_KNOTS('',3,(#3056,#3057,#3058,#3059,#3060,#3061,
#3062,#3063,#3064,#3065,#3066,#3067,#3068,#3069,#3070,#3071,#3072,#3073,
#3074,#3075,#3076,#3077,#3078,#3079,#3080,#3081,#3082,#3083,#3084,#3085,
#3086,#3087,#3088,#3089,#3090,#3091,#3092,#3093,#3094,#3095,#3096,#3097,
#3098,#3099,#3100,#3101),.UNSPECIFIED.,.F.,.F.,(4,3,3,3,3,3,3,3,3,3,3,3,
3,3,3,4),(0.,0.030157327583442,0.0606312096947057,0.0909650303739322,0.117193312554668,
0.147675197532652,0.158905548561249,0.189268185767153,0.219854491950319,
0.234386650616822,0.264864960703492,0.295297456664191,0.302470130731091,
0.332945315015721,0.362938124873346,0.37055359650183),.UNSPECIFIED.);
#294=B_SPLINE_CURVE_WITH_KNOTS('',3,(#3175,#3176,#3177,#3178,#3179,#3180,
#3181),.UNSPECIFIED.,.F.,.F.,(4,3,4),(0.,0.211744908484615,0.370553589848076),
 .UNSPECIFIED.);
#295=B_SPLINE_CURVE_WITH_KNOTS('',3,(#3213,#3214,#3215,#3216),
 .UNSPECIFIED.,.F.,.F.,(4,4),(-0.800000000638725,-0.300000000638725),
 .UNSPECIFIED.);
#296=CIRCLE('',#2090,5.);
#297=CIRCLE('',#2091,3.);
#298=CIRCLE('',#2092,5.64);
#299=CIRCLE('',#2093,5.64);
#300=CIRCLE('',#2094,3.);
#301=CIRCLE('',#2095,3.);
#302=CIRCLE('',#2109,3.);
#303=CIRCLE('',#2110,5.64);
#304=CIRCLE('',#2111,5.64);
#305=CIRCLE('',#2112,3.);
#306=CIRCLE('',#2113,3.);
#307=CIRCLE('',#2114,5.);
#308=CIRCLE('',#2116,3.);
#309=CIRCLE('',#2118,3.);
#310=CIRCLE('',#2120,3.);
#311=CIRCLE('',#2122,3.);
#312=CIRCLE('',#2124,3.);
#313=CIRCLE('',#2125,5.64);
#314=CIRCLE('',#2126,5.64);
#315=CIRCLE('',#2127,3.);
#316=CIRCLE('',#2128,5.);
#317=CIRCLE('',#2138,5.64);
#318=CIRCLE('',#2141,5.64);
#319=CIRCLE('',#2147,5.);
#320=CIRCLE('',#2151,4.);
#321=CIRCLE('',#2152,4.);
#322=CIRCLE('',#2153,4.);
#323=CIRCLE('',#2155,4.);
#324=CIRCLE('',#2156,4.);
#325=CIRCLE('',#2159,4.);
#326=CIRCLE('',#2160,4.);
#327=CIRCLE('',#2162,4.);
#328=CIRCLE('',#2163,4.);
#329=CIRCLE('',#2175,6.);
#330=CIRCLE('',#2176,6.);
#331=CIRCLE('',#2177,6.);
#332=CIRCLE('',#2178,6.);
#333=CIRCLE('',#2183,5.);
#334=CIRCLE('',#2184,5.);
#335=CIRCLE('',#2187,5.);
#336=CIRCLE('',#2188,5.);
#337=CIRCLE('',#2190,10.);
#338=CIRCLE('',#2191,10.);
#339=CIRCLE('',#2193,5.);
#340=CIRCLE('',#2194,5.);
#341=CIRCLE('',#2196,5.);
#342=CIRCLE('',#2197,7.);
#343=CIRCLE('',#2198,7.);
#344=CIRCLE('',#2199,7.);
#345=CIRCLE('',#2200,7.);
#346=CIRCLE('',#2202,6.);
#347=CIRCLE('',#2203,6.);
#348=CIRCLE('',#2204,6.);
#349=CIRCLE('',#2205,6.);
#350=CIRCLE('',#2207,5.);
#351=CIRCLE('',#2209,5.);
#352=CIRCLE('',#2210,5.);
#353=CIRCLE('',#2213,5.);
#354=CIRCLE('',#2215,5.);
#355=CIRCLE('',#2217,10.);
#356=CIRCLE('',#2218,10.);
#357=CIRCLE('',#2219,10.);
#358=CIRCLE('',#2220,10.);
#359=CIRCLE('',#2222,5.);
#360=CIRCLE('',#2223,5.);
#361=CIRCLE('',#2226,5.);
#362=CIRCLE('',#2228,5.);
#363=CIRCLE('',#2231,7.);
#364=CIRCLE('',#2234,7.);
#365=CIRCLE('',#2237,7.);
#366=CIRCLE('',#2240,7.);
#367=CIRCLE('',#2252,10.);
#368=CIRCLE('',#2254,10.);
#369=CIRCLE('',#2261,5.50000000000001);
#370=CIRCLE('',#2263,5.50000000000001);
#371=CIRCLE('',#2265,13.5);
#372=CIRCLE('',#2266,2.);
#373=CIRCLE('',#2267,11.5);
#374=CIRCLE('',#2269,13.5);
#375=CIRCLE('',#2270,13.5);
#376=CIRCLE('',#2272,5.50000000000001);
#377=CIRCLE('',#2274,2.);
#378=CIRCLE('',#2275,11.5);
#379=CIRCLE('',#2277,5.50000000000001);
#380=LINE('',#2878,#590);
#381=LINE('',#2882,#591);
#382=LINE('',#2884,#592);
#383=LINE('',#2886,#593);
#384=LINE('',#2898,#594);
#385=LINE('',#2902,#595);
#386=LINE('',#2906,#596);
#387=LINE('',#2912,#597);
#388=LINE('',#2914,#598);
#389=LINE('',#2916,#599);
#390=LINE('',#2918,#600);
#391=LINE('',#2919,#601);
#392=LINE('',#2923,#602);
#393=LINE('',#2925,#603);
#394=LINE('',#2927,#604);
#395=LINE('',#2928,#605);
#396=LINE('',#2931,#606);
#397=LINE('',#2933,#607);
#398=LINE('',#2934,#608);
#399=LINE('',#2937,#609);
#400=LINE('',#2939,#610);
#401=LINE('',#2940,#611);
#402=LINE('',#2943,#612);
#403=LINE('',#2945,#613);
#404=LINE('',#2946,#614);
#405=LINE('',#2948,#615);
#406=LINE('',#2949,#616);
#407=LINE('',#2954,#617);
#408=LINE('',#2956,#618);
#409=LINE('',#2958,#619);
#410=LINE('',#2959,#620);
#411=LINE('',#2962,#621);
#412=LINE('',#2964,#622);
#413=LINE('',#2965,#623);
#414=LINE('',#2968,#624);
#415=LINE('',#2970,#625);
#416=LINE('',#2971,#626);
#417=LINE('',#2974,#627);
#418=LINE('',#2976,#628);
#419=LINE('',#2977,#629);
#420=LINE('',#2979,#630);
#421=LINE('',#2980,#631);
#422=LINE('',#3102,#632);
#423=LINE('',#3107,#633);
#424=LINE('',#3111,#634);
#425=LINE('',#3115,#635);
#426=LINE('',#3121,#636);
#427=LINE('',#3123,#637);
#428=LINE('',#3125,#638);
#429=LINE('',#3127,#639);
#430=LINE('',#3131,#640);
#431=LINE('',#3132,#641);
#432=LINE('',#3136,#642);
#433=LINE('',#3141,#643);
#434=LINE('',#3142,#644);
#435=LINE('',#3145,#645);
#436=LINE('',#3151,#646);
#437=LINE('',#3152,#647);
#438=LINE('',#3156,#648);
#439=LINE('',#3158,#649);
#440=LINE('',#3160,#650);
#441=LINE('',#3161,#651);
#442=LINE('',#3165,#652);
#443=LINE('',#3169,#653);
#444=LINE('',#3173,#654);
#445=LINE('',#3185,#655);
#446=LINE('',#3187,#656);
#447=LINE('',#3189,#657);
#448=LINE('',#3192,#658);
#449=LINE('',#3217,#659);
#450=LINE('',#3219,#660);
#451=LINE('',#3221,#661);
#452=LINE('',#3223,#662);
#453=LINE('',#3226,#663);
#454=LINE('',#3227,#664);
#455=LINE('',#3229,#665);
#456=LINE('',#3230,#666);
#457=LINE('',#3232,#667);
#458=LINE('',#3236,#668);
#459=LINE('',#3239,#669);
#460=LINE('',#3242,#670);
#461=LINE('',#3243,#671);
#462=LINE('',#3246,#672);
#463=LINE('',#3249,#673);
#464=LINE('',#3251,#674);
#465=LINE('',#3255,#675);
#466=LINE('',#3257,#676);
#467=LINE('',#3259,#677);
#468=LINE('',#3261,#678);
#469=LINE('',#3263,#679);
#470=LINE('',#3264,#680);
#471=LINE('',#3269,#681);
#472=LINE('',#3270,#682);
#473=LINE('',#3273,#683);
#474=LINE('',#3274,#684);
#475=LINE('',#3275,#685);
#476=LINE('',#3277,#686);
#477=LINE('',#3278,#687);
#478=LINE('',#3285,#688);
#479=LINE('',#3288,#689);
#480=LINE('',#3294,#690);
#481=LINE('',#3297,#691);
#482=LINE('',#3300,#692);
#483=LINE('',#3301,#693);
#484=LINE('',#3302,#694);
#485=LINE('',#3307,#695);
#486=LINE('',#3313,#696);
#487=LINE('',#3316,#697);
#488=LINE('',#3317,#698);
#489=LINE('',#3318,#699);
#490=LINE('',#3321,#700);
#491=LINE('',#3326,#701);
#492=LINE('',#3328,#702);
#493=LINE('',#3329,#703);
#494=LINE('',#3332,#704);
#495=LINE('',#3333,#705);
#496=LINE('',#3336,#706);
#497=LINE('',#3337,#707);
#498=LINE('',#3340,#708);
#499=LINE('',#3342,#709);
#500=LINE('',#3343,#710);
#501=LINE('',#3345,#711);
#502=LINE('',#3348,#712);
#503=LINE('',#3352,#713);
#504=LINE('',#3356,#714);
#505=LINE('',#3360,#715);
#506=LINE('',#3363,#716);
#507=LINE('',#3366,#717);
#508=LINE('',#3368,#718);
#509=LINE('',#3369,#719);
#510=LINE('',#3371,#720);
#511=LINE('',#3373,#721);
#512=LINE('',#3379,#722);
#513=LINE('',#3382,#723);
#514=LINE('',#3385,#724);
#515=LINE('',#3387,#725);
#516=LINE('',#3388,#726);
#517=LINE('',#3394,#727);
#518=LINE('',#3397,#728);
#519=LINE('',#3400,#729);
#520=LINE('',#3404,#730);
#521=LINE('',#3407,#731);
#522=LINE('',#3413,#732);
#523=LINE('',#3416,#733);
#524=LINE('',#3419,#734);
#525=LINE('',#3421,#735);
#526=LINE('',#3423,#736);
#527=LINE('',#3424,#737);
#528=LINE('',#3425,#738);
#529=LINE('',#3427,#739);
#530=LINE('',#3431,#740);
#531=LINE('',#3435,#741);
#532=LINE('',#3439,#742);
#533=LINE('',#3443,#743);
#534=LINE('',#3447,#744);
#535=LINE('',#3451,#745);
#536=LINE('',#3455,#746);
#537=LINE('',#3459,#747);
#538=LINE('',#3463,#748);
#539=LINE('',#3464,#749);
#540=LINE('',#3472,#750);
#541=LINE('',#3475,#751);
#542=LINE('',#3478,#752);
#543=LINE('',#3480,#753);
#544=LINE('',#3481,#754);
#545=LINE('',#3483,#755);
#546=LINE('',#3484,#756);
#547=LINE('',#3485,#757);
#548=LINE('',#3487,#758);
#549=LINE('',#3489,#759);
#550=LINE('',#3493,#760);
#551=LINE('',#3499,#761);
#552=LINE('',#3504,#762);
#553=LINE('',#3508,#763);
#554=LINE('',#3510,#764);
#555=LINE('',#3511,#765);
#556=LINE('',#3516,#766);
#557=LINE('',#3520,#767);
#558=LINE('',#3522,#768);
#559=LINE('',#3523,#769);
#560=LINE('',#3526,#770);
#561=LINE('',#3527,#771);
#562=LINE('',#3528,#772);
#563=LINE('',#3533,#773);
#564=LINE('',#3538,#774);
#565=LINE('',#3539,#775);
#566=LINE('',#3542,#776);
#567=LINE('',#3543,#777);
#568=LINE('',#3548,#778);
#569=LINE('',#3549,#779);
#570=LINE('',#3551,#780);
#571=LINE('',#3556,#781);
#572=LINE('',#3557,#782);
#573=LINE('',#3559,#783);
#574=LINE('',#3563,#784);
#575=LINE('',#3565,#785);
#576=LINE('',#3567,#786);
#577=LINE('',#3568,#787);
#578=LINE('',#3570,#788);
#579=LINE('',#3573,#789);
#580=LINE('',#3574,#790);
#581=LINE('',#3577,#791);
#582=LINE('',#3580,#792);
#583=LINE('',#3582,#793);
#584=LINE('',#3585,#794);
#585=LINE('',#3590,#795);
#586=LINE('',#3592,#796);
#587=LINE('',#3613,#797);
#588=LINE('',#3626,#798);
#589=LINE('',#3628,#799);
#590=VECTOR('',#2284,10.);
#591=VECTOR('',#2287,10.);
#592=VECTOR('',#2288,10.);
#593=VECTOR('',#2289,10.);
#594=VECTOR('',#2292,10.);
#595=VECTOR('',#2295,10.);
#596=VECTOR('',#2298,10.);
#597=VECTOR('',#2303,10.);
#598=VECTOR('',#2304,10.);
#599=VECTOR('',#2305,10.);
#600=VECTOR('',#2306,10.);
#601=VECTOR('',#2307,10.);
#602=VECTOR('',#2310,10.);
#603=VECTOR('',#2311,10.);
#604=VECTOR('',#2312,10.);
#605=VECTOR('',#2313,10.);
#606=VECTOR('',#2316,10.);
#607=VECTOR('',#2317,10.);
#608=VECTOR('',#2318,10.);
#609=VECTOR('',#2321,10.);
#610=VECTOR('',#2322,10.);
#611=VECTOR('',#2323,10.);
#612=VECTOR('',#2326,10.);
#613=VECTOR('',#2327,10.);
#614=VECTOR('',#2328,10.);
#615=VECTOR('',#2331,10.);
#616=VECTOR('',#2332,10.);
#617=VECTOR('',#2337,10.);
#618=VECTOR('',#2338,10.);
#619=VECTOR('',#2339,10.);
#620=VECTOR('',#2340,10.);
#621=VECTOR('',#2343,10.);
#622=VECTOR('',#2344,10.);
#623=VECTOR('',#2345,10.);
#624=VECTOR('',#2348,10.);
#625=VECTOR('',#2349,10.);
#626=VECTOR('',#2350,10.);
#627=VECTOR('',#2353,10.);
#628=VECTOR('',#2354,10.);
#629=VECTOR('',#2355,10.);
#630=VECTOR('',#2358,10.);
#631=VECTOR('',#2359,10.);
#632=VECTOR('',#2362,10.);
#633=VECTOR('',#2367,10.);
#634=VECTOR('',#2370,10.);
#635=VECTOR('',#2373,10.);
#636=VECTOR('',#2378,10.);
#637=VECTOR('',#2379,10.);
#638=VECTOR('',#2380,10.);
#639=VECTOR('',#2381,10.);
#640=VECTOR('',#2384,10.);
#641=VECTOR('',#2385,10.);
#642=VECTOR('',#2390,10.);
#643=VECTOR('',#2395,3.);
#644=VECTOR('',#2396,10.);
#645=VECTOR('',#2399,10.);
#646=VECTOR('',#2406,3.);
#647=VECTOR('',#2407,10.);
#648=VECTOR('',#2410,10.);
#649=VECTOR('',#2411,10.);
#650=VECTOR('',#2412,10.);
#651=VECTOR('',#2413,10.);
#652=VECTOR('',#2416,10.);
#653=VECTOR('',#2419,10.);
#654=VECTOR('',#2422,10.);
#655=VECTOR('',#2425,10.);
#656=VECTOR('',#2426,10.);
#657=VECTOR('',#2427,10.);
#658=VECTOR('',#2432,10.);
#659=VECTOR('',#2433,10.);
#660=VECTOR('',#2436,10.);
#661=VECTOR('',#2439,10.);
#662=VECTOR('',#2442,10.);
#663=VECTOR('',#2445,10.);
#664=VECTOR('',#2446,10.);
#665=VECTOR('',#2449,10.);
#666=VECTOR('',#2450,10.);
#667=VECTOR('',#2453,10.);
#668=VECTOR('',#2458,10.);
#669=VECTOR('',#2461,10.);
#670=VECTOR('',#2464,10.);
#671=VECTOR('',#2465,10.);
#672=VECTOR('',#2468,10.);
#673=VECTOR('',#2473,10.);
#674=VECTOR('',#2476,10.);
#675=VECTOR('',#2481,10.);
#676=VECTOR('',#2482,10.);
#677=VECTOR('',#2483,10.);
#678=VECTOR('',#2484,10.);
#679=VECTOR('',#2485,10.);
#680=VECTOR('',#2486,10.);
#681=VECTOR('',#2491,10.);
#682=VECTOR('',#2492,10.);
#683=VECTOR('',#2495,10.);
#684=VECTOR('',#2496,10.);
#685=VECTOR('',#2497,10.);
#686=VECTOR('',#2500,5.);
#687=VECTOR('',#2501,10.);
#688=VECTOR('',#2508,10.);
#689=VECTOR('',#2511,10.);
#690=VECTOR('',#2516,10.);
#691=VECTOR('',#2519,10.);
#692=VECTOR('',#2522,10.);
#693=VECTOR('',#2523,10.);
#694=VECTOR('',#2524,10.);
#695=VECTOR('',#2529,10.);
#696=VECTOR('',#2536,10.);
#697=VECTOR('',#2541,10.);
#698=VECTOR('',#2542,10.);
#699=VECTOR('',#2543,10.);
#700=VECTOR('',#2548,10.);
#701=VECTOR('',#2555,10.);
#702=VECTOR('',#2556,10.);
#703=VECTOR('',#2557,10.);
#704=VECTOR('',#2560,10.);
#705=VECTOR('',#2561,10.);
#706=VECTOR('',#2564,10.);
#707=VECTOR('',#2565,10.);
#708=VECTOR('',#2568,10.);
#709=VECTOR('',#2569,10.);
#710=VECTOR('',#2570,10.);
#711=VECTOR('',#2573,10.);
#712=VECTOR('',#2576,10.);
#713=VECTOR('',#2579,10.);
#714=VECTOR('',#2582,10.);
#715=VECTOR('',#2585,10.);
#716=VECTOR('',#2588,10.);
#717=VECTOR('',#2591,10.);
#718=VECTOR('',#2592,10.);
#719=VECTOR('',#2593,10.);
#720=VECTOR('',#2596,10.);
#721=VECTOR('',#2599,10.);
#722=VECTOR('',#2604,10.);
#723=VECTOR('',#2607,10.);
#724=VECTOR('',#2610,10.);
#725=VECTOR('',#2611,10.);
#726=VECTOR('',#2612,10.);
#727=VECTOR('',#2617,10.);
#728=VECTOR('',#2620,10.);
#729=VECTOR('',#2623,10.);
#730=VECTOR('',#2626,10.);
#731=VECTOR('',#2629,10.);
#732=VECTOR('',#2634,10.);
#733=VECTOR('',#2637,10.);
#734=VECTOR('',#2640,10.);
#735=VECTOR('',#2641,10.);
#736=VECTOR('',#2642,10.);
#737=VECTOR('',#2643,10.);
#738=VECTOR('',#2644,10.);
#739=VECTOR('',#2645,10.);
#740=VECTOR('',#2648,10.);
#741=VECTOR('',#2651,10.);
#742=VECTOR('',#2654,10.);
#743=VECTOR('',#2657,10.);
#744=VECTOR('',#2662,10.);
#745=VECTOR('',#2665,10.);
#746=VECTOR('',#2668,10.);
#747=VECTOR('',#2671,10.);
#748=VECTOR('',#2674,10.);
#749=VECTOR('',#2675,10.);
#750=VECTOR('',#2684,10.);
#751=VECTOR('',#2687,10.);
#752=VECTOR('',#2690,10.);
#753=VECTOR('',#2691,10.);
#754=VECTOR('',#2692,10.);
#755=VECTOR('',#2695,10.);
#756=VECTOR('',#2696,10.);
#757=VECTOR('',#2697,10.);
#758=VECTOR('',#2698,10.);
#759=VECTOR('',#2699,10.);
#760=VECTOR('',#2704,10.);
#761=VECTOR('',#2711,10.);
#762=VECTOR('',#2716,10.);
#763=VECTOR('',#2719,10.);
#764=VECTOR('',#2720,10.);
#765=VECTOR('',#2721,10.);
#766=VECTOR('',#2726,10.);
#767=VECTOR('',#2731,10.);
#768=VECTOR('',#2732,10.);
#769=VECTOR('',#2733,10.);
#770=VECTOR('',#2736,10.);
#771=VECTOR('',#2737,10.);
#772=VECTOR('',#2738,10.);
#773=VECTOR('',#2747,10.);
#774=VECTOR('',#2752,10.);
#775=VECTOR('',#2753,10.);
#776=VECTOR('',#2756,10.);
#777=VECTOR('',#2757,10.);
#778=VECTOR('',#2762,10.);
#779=VECTOR('',#2763,10.);
#780=VECTOR('',#2766,10.);
#781=VECTOR('',#2771,10.);
#782=VECTOR('',#2772,10.);
#783=VECTOR('',#2775,10.);
#784=VECTOR('',#2780,10.);
#785=VECTOR('',#2783,10.);
#786=VECTOR('',#2786,10.);
#787=VECTOR('',#2787,10.);
#788=VECTOR('',#2790,10.);
#789=VECTOR('',#2795,10.);
#790=VECTOR('',#2796,10.);
#791=VECTOR('',#2801,10.);
#792=VECTOR('',#2806,10.);
#793=VECTOR('',#2809,10.);
#794=VECTOR('',#2812,10.);
#795=VECTOR('',#2819,10.);
#796=VECTOR('',#2822,10.);
#797=VECTOR('',#2851,13.5);
#798=VECTOR('',#2870,5.50000000000001);
#799=VECTOR('',#2873,5.50000000000001);
#800=VERTEX_POINT('',#2876);
#801=VERTEX_POINT('',#2877);
#802=VERTEX_POINT('',#2879);
#803=VERTEX_POINT('',#2881);
#804=VERTEX_POINT('',#2883);
#805=VERTEX_POINT('',#2885);
#806=VERTEX_POINT('',#2887);
#807=VERTEX_POINT('',#2889);
#808=VERTEX_POINT('',#2897);
#809=VERTEX_POINT('',#2899);
#810=VERTEX_POINT('',#2901);
#811=VERTEX_POINT('',#2903);
#812=VERTEX_POINT('',#2905);
#813=VERTEX_POINT('',#2907);
#814=VERTEX_POINT('',#2909);
#815=VERTEX_POINT('',#2911);
#816=VERTEX_POINT('',#2913);
#817=VERTEX_POINT('',#2915);
#818=VERTEX_POINT('',#2917);
#819=VERTEX_POINT('',#2921);
#820=VERTEX_POINT('',#2922);
#821=VERTEX_POINT('',#2924);
#822=VERTEX_POINT('',#2926);
#823=VERTEX_POINT('',#2930);
#824=VERTEX_POINT('',#2932);
#825=VERTEX_POINT('',#2936);
#826=VERTEX_POINT('',#2938);
#827=VERTEX_POINT('',#2942);
#828=VERTEX_POINT('',#2944);
#829=VERTEX_POINT('',#2952);
#830=VERTEX_POINT('',#2953);
#831=VERTEX_POINT('',#2955);
#832=VERTEX_POINT('',#2957);
#833=VERTEX_POINT('',#2961);
#834=VERTEX_POINT('',#2963);
#835=VERTEX_POINT('',#2967);
#836=VERTEX_POINT('',#2969);
#837=VERTEX_POINT('',#2973);
#838=VERTEX_POINT('',#2975);
#839=VERTEX_POINT('',#3002);
#840=VERTEX_POINT('',#3003);
#841=VERTEX_POINT('',#3050);
#842=VERTEX_POINT('',#3055);
#843=VERTEX_POINT('',#3104);
#844=VERTEX_POINT('',#3106);
#845=VERTEX_POINT('',#3108);
#846=VERTEX_POINT('',#3110);
#847=VERTEX_POINT('',#3112);
#848=VERTEX_POINT('',#3114);
#849=VERTEX_POINT('',#3116);
#850=VERTEX_POINT('',#3118);
#851=VERTEX_POINT('',#3120);
#852=VERTEX_POINT('',#3122);
#853=VERTEX_POINT('',#3124);
#854=VERTEX_POINT('',#3126);
#855=VERTEX_POINT('',#3128);
#856=VERTEX_POINT('',#3130);
#857=VERTEX_POINT('',#3134);
#858=VERTEX_POINT('',#3138);
#859=VERTEX_POINT('',#3139);
#860=VERTEX_POINT('',#3144);
#861=VERTEX_POINT('',#3148);
#862=VERTEX_POINT('',#3149);
#863=VERTEX_POINT('',#3154);
#864=VERTEX_POINT('',#3155);
#865=VERTEX_POINT('',#3157);
#866=VERTEX_POINT('',#3159);
#867=VERTEX_POINT('',#3162);
#868=VERTEX_POINT('',#3164);
#869=VERTEX_POINT('',#3166);
#870=VERTEX_POINT('',#3168);
#871=VERTEX_POINT('',#3170);
#872=VERTEX_POINT('',#3172);
#873=VERTEX_POINT('',#3174);
#874=VERTEX_POINT('',#3182);
#875=VERTEX_POINT('',#3184);
#876=VERTEX_POINT('',#3186);
#877=VERTEX_POINT('',#3188);
#878=VERTEX_POINT('',#3225);
#879=VERTEX_POINT('',#3235);
#880=VERTEX_POINT('',#3237);
#881=VERTEX_POINT('',#3241);
#882=VERTEX_POINT('',#3245);
#883=VERTEX_POINT('',#3254);
#884=VERTEX_POINT('',#3256);
#885=VERTEX_POINT('',#3258);
#886=VERTEX_POINT('',#3260);
#887=VERTEX_POINT('',#3262);
#888=VERTEX_POINT('',#3266);
#889=VERTEX_POINT('',#3267);
#890=VERTEX_POINT('',#3272);
#891=VERTEX_POINT('',#3280);
#892=VERTEX_POINT('',#3282);
#893=VERTEX_POINT('',#3284);
#894=VERTEX_POINT('',#3286);
#895=VERTEX_POINT('',#3290);
#896=VERTEX_POINT('',#3291);
#897=VERTEX_POINT('',#3293);
#898=VERTEX_POINT('',#3295);
#899=VERTEX_POINT('',#3299);
#900=VERTEX_POINT('',#3304);
#901=VERTEX_POINT('',#3306);
#902=VERTEX_POINT('',#3310);
#903=VERTEX_POINT('',#3312);
#904=VERTEX_POINT('',#3325);
#905=VERTEX_POINT('',#3327);
#906=VERTEX_POINT('',#3331);
#907=VERTEX_POINT('',#3335);
#908=VERTEX_POINT('',#3339);
#909=VERTEX_POINT('',#3341);
#910=VERTEX_POINT('',#3347);
#911=VERTEX_POINT('',#3349);
#912=VERTEX_POINT('',#3351);
#913=VERTEX_POINT('',#3353);
#914=VERTEX_POINT('',#3355);
#915=VERTEX_POINT('',#3357);
#916=VERTEX_POINT('',#3359);
#917=VERTEX_POINT('',#3361);
#918=VERTEX_POINT('',#3365);
#919=VERTEX_POINT('',#3367);
#920=VERTEX_POINT('',#3375);
#921=VERTEX_POINT('',#3376);
#922=VERTEX_POINT('',#3378);
#923=VERTEX_POINT('',#3380);
#924=VERTEX_POINT('',#3384);
#925=VERTEX_POINT('',#3386);
#926=VERTEX_POINT('',#3390);
#927=VERTEX_POINT('',#3391);
#928=VERTEX_POINT('',#3393);
#929=VERTEX_POINT('',#3395);
#930=VERTEX_POINT('',#3399);
#931=VERTEX_POINT('',#3401);
#932=VERTEX_POINT('',#3403);
#933=VERTEX_POINT('',#3405);
#934=VERTEX_POINT('',#3409);
#935=VERTEX_POINT('',#3410);
#936=VERTEX_POINT('',#3412);
#937=VERTEX_POINT('',#3414);
#938=VERTEX_POINT('',#3418);
#939=VERTEX_POINT('',#3420);
#940=VERTEX_POINT('',#3422);
#941=VERTEX_POINT('',#3426);
#942=VERTEX_POINT('',#3429);
#943=VERTEX_POINT('',#3430);
#944=VERTEX_POINT('',#3432);
#945=VERTEX_POINT('',#3434);
#946=VERTEX_POINT('',#3436);
#947=VERTEX_POINT('',#3438);
#948=VERTEX_POINT('',#3440);
#949=VERTEX_POINT('',#3442);
#950=VERTEX_POINT('',#3446);
#951=VERTEX_POINT('',#3448);
#952=VERTEX_POINT('',#3450);
#953=VERTEX_POINT('',#3452);
#954=VERTEX_POINT('',#3454);
#955=VERTEX_POINT('',#3456);
#956=VERTEX_POINT('',#3458);
#957=VERTEX_POINT('',#3460);
#958=VERTEX_POINT('',#3462);
#959=VERTEX_POINT('',#3468);
#960=VERTEX_POINT('',#3469);
#961=VERTEX_POINT('',#3471);
#962=VERTEX_POINT('',#3473);
#963=VERTEX_POINT('',#3477);
#964=VERTEX_POINT('',#3479);
#965=VERTEX_POINT('',#3486);
#966=VERTEX_POINT('',#3488);
#967=VERTEX_POINT('',#3492);
#968=VERTEX_POINT('',#3496);
#969=VERTEX_POINT('',#3498);
#970=VERTEX_POINT('',#3501);
#971=VERTEX_POINT('',#3503);
#972=VERTEX_POINT('',#3505);
#973=VERTEX_POINT('',#3507);
#974=VERTEX_POINT('',#3509);
#975=VERTEX_POINT('',#3513);
#976=VERTEX_POINT('',#3515);
#977=VERTEX_POINT('',#3519);
#978=VERTEX_POINT('',#3521);
#979=VERTEX_POINT('',#3525);
#980=VERTEX_POINT('',#3535);
#981=VERTEX_POINT('',#3536);
#982=VERTEX_POINT('',#3541);
#983=VERTEX_POINT('',#3545);
#984=VERTEX_POINT('',#3546);
#985=VERTEX_POINT('',#3553);
#986=VERTEX_POINT('',#3554);
#987=VERTEX_POINT('',#3561);
#988=VERTEX_POINT('',#3584);
#989=VERTEX_POINT('',#3588);
#990=VERTEX_POINT('',#3598);
#991=VERTEX_POINT('',#3601);
#992=VERTEX_POINT('',#3604);
#993=VERTEX_POINT('',#3606);
#994=VERTEX_POINT('',#3610);
#995=VERTEX_POINT('',#3611);
#996=VERTEX_POINT('',#3616);
#997=VERTEX_POINT('',#3619);
#998=VERTEX_POINT('',#3623);
#999=EDGE_CURVE('',#800,#801,#380,.T.);
#1000=EDGE_CURVE('',#800,#802,#296,.F.);
#1001=EDGE_CURVE('',#802,#803,#381,.T.);
#1002=EDGE_CURVE('',#803,#804,#382,.T.);
#1003=EDGE_CURVE('',#804,#805,#383,.T.);
#1004=EDGE_CURVE('',#806,#805,#297,.T.);
#1005=EDGE_CURVE('',#807,#806,#290,.T.);
#1006=EDGE_CURVE('',#807,#808,#384,.T.);
#1007=EDGE_CURVE('',#809,#808,#298,.T.);
#1008=EDGE_CURVE('',#809,#810,#385,.T.);
#1009=EDGE_CURVE('',#811,#810,#299,.T.);
#1010=EDGE_CURVE('',#811,#812,#386,.T.);
#1011=EDGE_CURVE('',#813,#812,#300,.T.);
#1012=EDGE_CURVE('',#814,#813,#301,.T.);
#1013=EDGE_CURVE('',#815,#814,#387,.T.);
#1014=EDGE_CURVE('',#816,#815,#388,.T.);
#1015=EDGE_CURVE('',#816,#817,#389,.T.);
#1016=EDGE_CURVE('',#818,#817,#390,.T.);
#1017=EDGE_CURVE('',#801,#818,#391,.T.);
#1018=EDGE_CURVE('',#819,#820,#392,.T.);
#1019=EDGE_CURVE('',#819,#821,#393,.T.);
#1020=EDGE_CURVE('',#821,#822,#394,.T.);
#1021=EDGE_CURVE('',#820,#822,#395,.T.);
#1022=EDGE_CURVE('',#823,#819,#396,.T.);
#1023=EDGE_CURVE('',#823,#824,#397,.T.);
#1024=EDGE_CURVE('',#824,#821,#398,.T.);
#1025=EDGE_CURVE('',#825,#823,#399,.T.);
#1026=EDGE_CURVE('',#825,#826,#400,.T.);
#1027=EDGE_CURVE('',#826,#824,#401,.T.);
#1028=EDGE_CURVE('',#827,#825,#402,.T.);
#1029=EDGE_CURVE('',#827,#828,#403,.T.);
#1030=EDGE_CURVE('',#828,#826,#404,.T.);
#1031=EDGE_CURVE('',#820,#827,#405,.T.);
#1032=EDGE_CURVE('',#822,#828,#406,.T.);
#1033=EDGE_CURVE('',#829,#830,#407,.T.);
#1034=EDGE_CURVE('',#829,#831,#408,.T.);
#1035=EDGE_CURVE('',#831,#832,#409,.T.);
#1036=EDGE_CURVE('',#830,#832,#410,.T.);
#1037=EDGE_CURVE('',#833,#829,#411,.T.);
#1038=EDGE_CURVE('',#833,#834,#412,.T.);
#1039=EDGE_CURVE('',#834,#831,#413,.T.);
#1040=EDGE_CURVE('',#835,#833,#414,.T.);
#1041=EDGE_CURVE('',#835,#836,#415,.T.);
#1042=EDGE_CURVE('',#836,#834,#416,.T.);
#1043=EDGE_CURVE('',#837,#835,#417,.T.);
#1044=EDGE_CURVE('',#837,#838,#418,.T.);
#1045=EDGE_CURVE('',#838,#836,#419,.T.);
#1046=EDGE_CURVE('',#830,#837,#420,.T.);
#1047=EDGE_CURVE('',#832,#838,#421,.T.);
#1048=EDGE_CURVE('',#839,#840,#291,.T.);
#1049=EDGE_CURVE('',#840,#841,#292,.T.);
#1050=EDGE_CURVE('',#841,#842,#293,.T.);
#1051=EDGE_CURVE('',#839,#842,#422,.T.);
#1052=EDGE_CURVE('',#843,#839,#302,.T.);
#1053=EDGE_CURVE('',#843,#844,#423,.T.);
#1054=EDGE_CURVE('',#845,#844,#303,.T.);
#1055=EDGE_CURVE('',#845,#846,#424,.T.);
#1056=EDGE_CURVE('',#847,#846,#304,.T.);
#1057=EDGE_CURVE('',#847,#848,#425,.T.);
#1058=EDGE_CURVE('',#849,#848,#305,.T.);
#1059=EDGE_CURVE('',#850,#849,#306,.T.);
#1060=EDGE_CURVE('',#851,#850,#426,.T.);
#1061=EDGE_CURVE('',#852,#851,#427,.T.);
#1062=EDGE_CURVE('',#853,#852,#428,.T.);
#1063=EDGE_CURVE('',#854,#853,#429,.T.);
#1064=EDGE_CURVE('',#855,#854,#307,.T.);
#1065=EDGE_CURVE('',#855,#856,#430,.T.);
#1066=EDGE_CURVE('',#856,#840,#431,.T.);
#1067=EDGE_CURVE('',#842,#857,#308,.T.);
#1068=EDGE_CURVE('',#857,#843,#432,.T.);
#1069=EDGE_CURVE('',#858,#859,#309,.T.);
#1070=EDGE_CURVE('',#859,#850,#433,.T.);
#1071=EDGE_CURVE('',#858,#849,#434,.T.);
#1072=EDGE_CURVE('',#848,#860,#435,.T.);
#1073=EDGE_CURVE('',#860,#858,#310,.T.);
#1074=EDGE_CURVE('',#861,#862,#311,.T.);
#1075=EDGE_CURVE('',#862,#814,#436,.T.);
#1076=EDGE_CURVE('',#861,#813,#437,.T.);
#1077=EDGE_CURVE('',#863,#864,#438,.T.);
#1078=EDGE_CURVE('',#865,#863,#439,.T.);
#1079=EDGE_CURVE('',#866,#865,#440,.T.);
#1080=EDGE_CURVE('',#866,#862,#441,.T.);
#1081=EDGE_CURVE('',#867,#861,#312,.T.);
#1082=EDGE_CURVE('',#867,#868,#442,.T.);
#1083=EDGE_CURVE('',#869,#868,#313,.T.);
#1084=EDGE_CURVE('',#869,#870,#443,.T.);
#1085=EDGE_CURVE('',#871,#870,#314,.T.);
#1086=EDGE_CURVE('',#871,#872,#444,.T.);
#1087=EDGE_CURVE('',#873,#872,#294,.T.);
#1088=EDGE_CURVE('',#874,#873,#315,.T.);
#1089=EDGE_CURVE('',#874,#875,#445,.T.);
#1090=EDGE_CURVE('',#875,#876,#446,.T.);
#1091=EDGE_CURVE('',#876,#877,#447,.T.);
#1092=EDGE_CURVE('',#864,#877,#316,.T.);
#1093=EDGE_CURVE('',#812,#867,#448,.T.);
#1094=EDGE_CURVE('',#872,#807,#295,.T.);
#1095=EDGE_CURVE('',#873,#806,#449,.T.);
#1096=EDGE_CURVE('',#808,#871,#450,.T.);
#1097=EDGE_CURVE('',#805,#874,#451,.T.);
#1098=EDGE_CURVE('',#804,#875,#452,.T.);
#1099=EDGE_CURVE('',#856,#878,#453,.T.);
#1100=EDGE_CURVE('',#878,#841,#454,.T.);
#1101=EDGE_CURVE('',#810,#869,#455,.T.);
#1102=EDGE_CURVE('',#868,#811,#456,.T.);
#1103=EDGE_CURVE('',#870,#809,#457,.T.);
#1104=EDGE_CURVE('',#846,#879,#458,.T.);
#1105=EDGE_CURVE('',#879,#880,#317,.T.);
#1106=EDGE_CURVE('',#880,#847,#459,.T.);
#1107=EDGE_CURVE('',#881,#845,#460,.T.);
#1108=EDGE_CURVE('',#879,#881,#461,.T.);
#1109=EDGE_CURVE('',#844,#882,#462,.T.);
#1110=EDGE_CURVE('',#882,#881,#318,.T.);
#1111=EDGE_CURVE('',#882,#857,#463,.T.);
#1112=EDGE_CURVE('',#860,#880,#464,.T.);
#1113=EDGE_CURVE('',#878,#883,#465,.T.);
#1114=EDGE_CURVE('',#883,#884,#466,.T.);
#1115=EDGE_CURVE('',#885,#884,#467,.T.);
#1116=EDGE_CURVE('',#886,#885,#468,.T.);
#1117=EDGE_CURVE('',#887,#886,#469,.T.);
#1118=EDGE_CURVE('',#887,#859,#470,.T.);
#1119=EDGE_CURVE('',#888,#889,#319,.T.);
#1120=EDGE_CURVE('',#889,#855,#471,.T.);
#1121=EDGE_CURVE('',#854,#888,#472,.T.);
#1122=EDGE_CURVE('',#890,#889,#473,.T.);
#1123=EDGE_CURVE('',#884,#890,#474,.T.);
#1124=EDGE_CURVE('',#856,#883,#475,.T.);
#1125=EDGE_CURVE('',#877,#802,#476,.T.);
#1126=EDGE_CURVE('',#800,#864,#477,.T.);
#1127=EDGE_CURVE('',#891,#853,#320,.T.);
#1128=EDGE_CURVE('',#852,#892,#321,.T.);
#1129=EDGE_CURVE('',#892,#893,#478,.T.);
#1130=EDGE_CURVE('',#893,#894,#322,.T.);
#1131=EDGE_CURVE('',#891,#894,#479,.F.);
#1132=EDGE_CURVE('',#895,#896,#323,.F.);
#1133=EDGE_CURVE('',#895,#897,#480,.T.);
#1134=EDGE_CURVE('',#898,#897,#324,.T.);
#1135=EDGE_CURVE('',#898,#896,#481,.T.);
#1136=EDGE_CURVE('',#899,#898,#482,.T.);
#1137=EDGE_CURVE('',#890,#899,#483,.T.);
#1138=EDGE_CURVE('',#896,#888,#484,.T.);
#1139=EDGE_CURVE('',#900,#863,#325,.F.);
#1140=EDGE_CURVE('',#900,#901,#485,.T.);
#1141=EDGE_CURVE('',#901,#865,#326,.T.);
#1142=EDGE_CURVE('',#902,#818,#327,.T.);
#1143=EDGE_CURVE('',#902,#903,#486,.T.);
#1144=EDGE_CURVE('',#903,#801,#328,.T.);
#1145=EDGE_CURVE('',#902,#897,#487,.T.);
#1146=EDGE_CURVE('',#817,#885,#488,.T.);
#1147=EDGE_CURVE('',#885,#899,#489,.T.);
#1148=EDGE_CURVE('',#803,#876,#490,.T.);
#1149=EDGE_CURVE('',#904,#903,#491,.T.);
#1150=EDGE_CURVE('',#905,#904,#492,.T.);
#1151=EDGE_CURVE('',#900,#905,#493,.T.);
#1152=EDGE_CURVE('',#906,#891,#494,.T.);
#1153=EDGE_CURVE('',#895,#906,#495,.T.);
#1154=EDGE_CURVE('',#894,#907,#496,.T.);
#1155=EDGE_CURVE('',#906,#907,#497,.T.);
#1156=EDGE_CURVE('',#908,#904,#498,.T.);
#1157=EDGE_CURVE('',#909,#908,#499,.T.);
#1158=EDGE_CURVE('',#905,#909,#500,.T.);
#1159=EDGE_CURVE('',#851,#887,#501,.T.);
#1160=EDGE_CURVE('',#910,#907,#502,.T.);
#1161=EDGE_CURVE('',#911,#910,#329,.T.);
#1162=EDGE_CURVE('',#911,#912,#503,.T.);
#1163=EDGE_CURVE('',#913,#912,#330,.T.);
#1164=EDGE_CURVE('',#913,#914,#504,.T.);
#1165=EDGE_CURVE('',#915,#914,#331,.T.);
#1166=EDGE_CURVE('',#915,#916,#505,.T.);
#1167=EDGE_CURVE('',#917,#916,#332,.T.);
#1168=EDGE_CURVE('',#908,#917,#506,.T.);
#1169=EDGE_CURVE('',#918,#892,#507,.T.);
#1170=EDGE_CURVE('',#919,#918,#508,.T.);
#1171=EDGE_CURVE('',#893,#919,#509,.T.);
#1172=EDGE_CURVE('',#815,#866,#510,.T.);
#1173=EDGE_CURVE('',#886,#816,#511,.T.);
#1174=EDGE_CURVE('',#920,#921,#333,.T.);
#1175=EDGE_CURVE('',#920,#922,#512,.T.);
#1176=EDGE_CURVE('',#922,#923,#334,.T.);
#1177=EDGE_CURVE('',#923,#921,#513,.T.);
#1178=EDGE_CURVE('',#924,#920,#514,.T.);
#1179=EDGE_CURVE('',#925,#924,#515,.T.);
#1180=EDGE_CURVE('',#922,#925,#516,.T.);
#1181=EDGE_CURVE('',#926,#927,#335,.T.);
#1182=EDGE_CURVE('',#926,#928,#517,.T.);
#1183=EDGE_CURVE('',#928,#929,#336,.T.);
#1184=EDGE_CURVE('',#929,#927,#518,.T.);
#1185=EDGE_CURVE('',#930,#926,#519,.T.);
#1186=EDGE_CURVE('',#931,#930,#337,.T.);
#1187=EDGE_CURVE('',#931,#932,#520,.T.);
#1188=EDGE_CURVE('',#933,#932,#338,.T.);
#1189=EDGE_CURVE('',#928,#933,#521,.T.);
#1190=EDGE_CURVE('',#934,#935,#339,.T.);
#1191=EDGE_CURVE('',#934,#936,#522,.T.);
#1192=EDGE_CURVE('',#936,#937,#340,.T.);
#1193=EDGE_CURVE('',#937,#935,#523,.T.);
#1194=EDGE_CURVE('',#921,#938,#524,.T.);
#1195=EDGE_CURVE('',#939,#938,#525,.T.);
#1196=EDGE_CURVE('',#940,#939,#526,.T.);
#1197=EDGE_CURVE('',#930,#940,#527,.T.);
#1198=EDGE_CURVE('',#927,#934,#528,.T.);
#1199=EDGE_CURVE('',#935,#941,#529,.T.);
#1200=EDGE_CURVE('',#941,#924,#341,.T.);
#1201=EDGE_CURVE('',#942,#943,#530,.T.);
#1202=EDGE_CURVE('',#944,#943,#342,.T.);
#1203=EDGE_CURVE('',#944,#945,#531,.T.);
#1204=EDGE_CURVE('',#946,#945,#343,.T.);
#1205=EDGE_CURVE('',#946,#947,#532,.T.);
#1206=EDGE_CURVE('',#948,#947,#344,.T.);
#1207=EDGE_CURVE('',#948,#949,#533,.T.);
#1208=EDGE_CURVE('',#942,#949,#345,.T.);
#1209=EDGE_CURVE('',#950,#937,#534,.T.);
#1210=EDGE_CURVE('',#951,#950,#346,.T.);
#1211=EDGE_CURVE('',#951,#952,#535,.T.);
#1212=EDGE_CURVE('',#953,#952,#347,.T.);
#1213=EDGE_CURVE('',#953,#954,#536,.T.);
#1214=EDGE_CURVE('',#955,#954,#348,.T.);
#1215=EDGE_CURVE('',#955,#956,#537,.T.);
#1216=EDGE_CURVE('',#957,#956,#349,.T.);
#1217=EDGE_CURVE('',#958,#957,#538,.T.);
#1218=EDGE_CURVE('',#941,#958,#539,.T.);
#1219=EDGE_CURVE('',#958,#925,#350,.T.);
#1220=EDGE_CURVE('',#959,#960,#351,.T.);
#1221=EDGE_CURVE('',#960,#961,#540,.T.);
#1222=EDGE_CURVE('',#961,#962,#352,.T.);
#1223=EDGE_CURVE('',#962,#959,#541,.T.);
#1224=EDGE_CURVE('',#963,#960,#542,.T.);
#1225=EDGE_CURVE('',#964,#963,#543,.T.);
#1226=EDGE_CURVE('',#961,#964,#544,.T.);
#1227=EDGE_CURVE('',#959,#909,#545,.T.);
#1228=EDGE_CURVE('',#950,#917,#546,.T.);
#1229=EDGE_CURVE('',#936,#929,#547,.T.);
#1230=EDGE_CURVE('',#965,#933,#548,.T.);
#1231=EDGE_CURVE('',#965,#966,#549,.T.);
#1232=EDGE_CURVE('',#963,#966,#353,.T.);
#1233=EDGE_CURVE('',#966,#967,#550,.T.);
#1234=EDGE_CURVE('',#967,#964,#354,.T.);
#1235=EDGE_CURVE('',#968,#965,#355,.T.);
#1236=EDGE_CURVE('',#968,#969,#551,.T.);
#1237=EDGE_CURVE('',#940,#969,#356,.T.);
#1238=EDGE_CURVE('',#970,#939,#357,.T.);
#1239=EDGE_CURVE('',#970,#971,#552,.T.);
#1240=EDGE_CURVE('',#972,#971,#358,.T.);
#1241=EDGE_CURVE('',#973,#972,#553,.T.);
#1242=EDGE_CURVE('',#974,#973,#554,.T.);
#1243=EDGE_CURVE('',#967,#974,#555,.T.);
#1244=EDGE_CURVE('',#973,#975,#359,.T.);
#1245=EDGE_CURVE('',#975,#976,#556,.T.);
#1246=EDGE_CURVE('',#976,#974,#360,.T.);
#1247=EDGE_CURVE('',#977,#975,#557,.T.);
#1248=EDGE_CURVE('',#978,#977,#558,.T.);
#1249=EDGE_CURVE('',#976,#978,#559,.T.);
#1250=EDGE_CURVE('',#979,#972,#560,.T.);
#1251=EDGE_CURVE('',#979,#923,#561,.T.);
#1252=EDGE_CURVE('',#910,#957,#562,.T.);
#1253=EDGE_CURVE('',#977,#919,#361,.T.);
#1254=EDGE_CURVE('',#918,#978,#362,.T.);
#1255=EDGE_CURVE('',#901,#962,#563,.T.);
#1256=EDGE_CURVE('',#980,#981,#363,.T.);
#1257=EDGE_CURVE('',#981,#944,#564,.T.);
#1258=EDGE_CURVE('',#943,#980,#565,.T.);
#1259=EDGE_CURVE('',#981,#982,#566,.T.);
#1260=EDGE_CURVE('',#945,#982,#567,.T.);
#1261=EDGE_CURVE('',#983,#984,#364,.T.);
#1262=EDGE_CURVE('',#984,#942,#568,.T.);
#1263=EDGE_CURVE('',#949,#983,#569,.T.);
#1264=EDGE_CURVE('',#984,#980,#570,.T.);
#1265=EDGE_CURVE('',#985,#986,#365,.T.);
#1266=EDGE_CURVE('',#986,#948,#571,.T.);
#1267=EDGE_CURVE('',#947,#985,#572,.T.);
#1268=EDGE_CURVE('',#986,#983,#573,.T.);
#1269=EDGE_CURVE('',#982,#987,#366,.T.);
#1270=EDGE_CURVE('',#987,#946,#574,.T.);
#1271=EDGE_CURVE('',#987,#985,#575,.T.);
#1272=EDGE_CURVE('',#912,#955,#576,.T.);
#1273=EDGE_CURVE('',#954,#913,#577,.T.);
#1274=EDGE_CURVE('',#956,#911,#578,.T.);
#1275=EDGE_CURVE('',#914,#953,#579,.T.);
#1276=EDGE_CURVE('',#952,#915,#580,.T.);
#1277=EDGE_CURVE('',#916,#951,#581,.T.);
#1278=EDGE_CURVE('',#932,#968,#582,.T.);
#1279=EDGE_CURVE('',#969,#931,#583,.T.);
#1280=EDGE_CURVE('',#971,#988,#584,.T.);
#1281=EDGE_CURVE('',#988,#979,#367,.T.);
#1282=EDGE_CURVE('',#938,#989,#368,.T.);
#1283=EDGE_CURVE('',#989,#970,#585,.T.);
#1284=EDGE_CURVE('',#988,#989,#586,.T.);
#1285=EDGE_CURVE('',#990,#990,#369,.T.);
#1286=EDGE_CURVE('',#991,#991,#370,.T.);
#1287=EDGE_CURVE('',#992,#992,#371,.T.);
#1288=EDGE_CURVE('',#992,#993,#372,.T.);
#1289=EDGE_CURVE('',#993,#993,#373,.T.);
#1290=EDGE_CURVE('',#994,#995,#374,.T.);
#1291=EDGE_CURVE('',#994,#992,#587,.T.);
#1292=EDGE_CURVE('',#995,#994,#375,.T.);
#1293=EDGE_CURVE('',#996,#996,#376,.T.);
#1294=EDGE_CURVE('',#995,#997,#377,.T.);
#1295=EDGE_CURVE('',#997,#997,#378,.T.);
#1296=EDGE_CURVE('',#998,#998,#379,.T.);
#1297=EDGE_CURVE('',#990,#996,#588,.T.);
#1298=EDGE_CURVE('',#991,#998,#589,.T.);
#1299=ORIENTED_EDGE('',*,*,#999,.F.);
#1300=ORIENTED_EDGE('',*,*,#1000,.T.);
#1301=ORIENTED_EDGE('',*,*,#1001,.T.);
#1302=ORIENTED_EDGE('',*,*,#1002,.T.);
#1303=ORIENTED_EDGE('',*,*,#1003,.T.);
#1304=ORIENTED_EDGE('',*,*,#1004,.F.);
#1305=ORIENTED_EDGE('',*,*,#1005,.F.);
#1306=ORIENTED_EDGE('',*,*,#1006,.T.);
#1307=ORIENTED_EDGE('',*,*,#1007,.F.);
#1308=ORIENTED_EDGE('',*,*,#1008,.T.);
#1309=ORIENTED_EDGE('',*,*,#1009,.F.);
#1310=ORIENTED_EDGE('',*,*,#1010,.T.);
#1311=ORIENTED_EDGE('',*,*,#1011,.F.);
#1312=ORIENTED_EDGE('',*,*,#1012,.F.);
#1313=ORIENTED_EDGE('',*,*,#1013,.F.);
#1314=ORIENTED_EDGE('',*,*,#1014,.F.);
#1315=ORIENTED_EDGE('',*,*,#1015,.T.);
#1316=ORIENTED_EDGE('',*,*,#1016,.F.);
#1317=ORIENTED_EDGE('',*,*,#1017,.F.);
#1318=ORIENTED_EDGE('',*,*,#1018,.F.);
#1319=ORIENTED_EDGE('',*,*,#1019,.T.);
#1320=ORIENTED_EDGE('',*,*,#1020,.T.);
#1321=ORIENTED_EDGE('',*,*,#1021,.F.);
#1322=ORIENTED_EDGE('',*,*,#1022,.F.);
#1323=ORIENTED_EDGE('',*,*,#1023,.T.);
#1324=ORIENTED_EDGE('',*,*,#1024,.T.);
#1325=ORIENTED_EDGE('',*,*,#1019,.F.);
#1326=ORIENTED_EDGE('',*,*,#1025,.F.);
#1327=ORIENTED_EDGE('',*,*,#1026,.T.);
#1328=ORIENTED_EDGE('',*,*,#1027,.T.);
#1329=ORIENTED_EDGE('',*,*,#1023,.F.);
#1330=ORIENTED_EDGE('',*,*,#1028,.F.);
#1331=ORIENTED_EDGE('',*,*,#1029,.T.);
#1332=ORIENTED_EDGE('',*,*,#1030,.T.);
#1333=ORIENTED_EDGE('',*,*,#1026,.F.);
#1334=ORIENTED_EDGE('',*,*,#1031,.F.);
#1335=ORIENTED_EDGE('',*,*,#1021,.T.);
#1336=ORIENTED_EDGE('',*,*,#1032,.T.);
#1337=ORIENTED_EDGE('',*,*,#1029,.F.);
#1338=ORIENTED_EDGE('',*,*,#1032,.F.);
#1339=ORIENTED_EDGE('',*,*,#1020,.F.);
#1340=ORIENTED_EDGE('',*,*,#1024,.F.);
#1341=ORIENTED_EDGE('',*,*,#1027,.F.);
#1342=ORIENTED_EDGE('',*,*,#1030,.F.);
#1343=ORIENTED_EDGE('',*,*,#1033,.F.);
#1344=ORIENTED_EDGE('',*,*,#1034,.T.);
#1345=ORIENTED_EDGE('',*,*,#1035,.T.);
#1346=ORIENTED_EDGE('',*,*,#1036,.F.);
#1347=ORIENTED_EDGE('',*,*,#1037,.F.);
#1348=ORIENTED_EDGE('',*,*,#1038,.T.);
#1349=ORIENTED_EDGE('',*,*,#1039,.T.);
#1350=ORIENTED_EDGE('',*,*,#1034,.F.);
#1351=ORIENTED_EDGE('',*,*,#1040,.F.);
#1352=ORIENTED_EDGE('',*,*,#1041,.T.);
#1353=ORIENTED_EDGE('',*,*,#1042,.T.);
#1354=ORIENTED_EDGE('',*,*,#1038,.F.);
#1355=ORIENTED_EDGE('',*,*,#1043,.F.);
#1356=ORIENTED_EDGE('',*,*,#1044,.T.);
#1357=ORIENTED_EDGE('',*,*,#1045,.T.);
#1358=ORIENTED_EDGE('',*,*,#1041,.F.);
#1359=ORIENTED_EDGE('',*,*,#1046,.F.);
#1360=ORIENTED_EDGE('',*,*,#1036,.T.);
#1361=ORIENTED_EDGE('',*,*,#1047,.T.);
#1362=ORIENTED_EDGE('',*,*,#1044,.F.);
#1363=ORIENTED_EDGE('',*,*,#1047,.F.);
#1364=ORIENTED_EDGE('',*,*,#1035,.F.);
#1365=ORIENTED_EDGE('',*,*,#1039,.F.);
#1366=ORIENTED_EDGE('',*,*,#1042,.F.);
#1367=ORIENTED_EDGE('',*,*,#1045,.F.);
#1368=ORIENTED_EDGE('',*,*,#1048,.T.);
#1369=ORIENTED_EDGE('',*,*,#1049,.T.);
#1370=ORIENTED_EDGE('',*,*,#1050,.T.);
#1371=ORIENTED_EDGE('',*,*,#1051,.F.);
#1372=ORIENTED_EDGE('',*,*,#1048,.F.);
#1373=ORIENTED_EDGE('',*,*,#1052,.F.);
#1374=ORIENTED_EDGE('',*,*,#1053,.T.);
#1375=ORIENTED_EDGE('',*,*,#1054,.F.);
#1376=ORIENTED_EDGE('',*,*,#1055,.T.);
#1377=ORIENTED_EDGE('',*,*,#1056,.F.);
#1378=ORIENTED_EDGE('',*,*,#1057,.T.);
#1379=ORIENTED_EDGE('',*,*,#1058,.F.);
#1380=ORIENTED_EDGE('',*,*,#1059,.F.);
#1381=ORIENTED_EDGE('',*,*,#1060,.F.);
#1382=ORIENTED_EDGE('',*,*,#1061,.F.);
#1383=ORIENTED_EDGE('',*,*,#1062,.F.);
#1384=ORIENTED_EDGE('',*,*,#1063,.F.);
#1385=ORIENTED_EDGE('',*,*,#1064,.F.);
#1386=ORIENTED_EDGE('',*,*,#1065,.T.);
#1387=ORIENTED_EDGE('',*,*,#1066,.T.);
#1388=ORIENTED_EDGE('',*,*,#1018,.T.);
#1389=ORIENTED_EDGE('',*,*,#1031,.T.);
#1390=ORIENTED_EDGE('',*,*,#1028,.T.);
#1391=ORIENTED_EDGE('',*,*,#1025,.T.);
#1392=ORIENTED_EDGE('',*,*,#1022,.T.);
#1393=ORIENTED_EDGE('',*,*,#1067,.T.);
#1394=ORIENTED_EDGE('',*,*,#1068,.T.);
#1395=ORIENTED_EDGE('',*,*,#1052,.T.);
#1396=ORIENTED_EDGE('',*,*,#1051,.T.);
#1397=ORIENTED_EDGE('',*,*,#1069,.T.);
#1398=ORIENTED_EDGE('',*,*,#1070,.T.);
#1399=ORIENTED_EDGE('',*,*,#1059,.T.);
#1400=ORIENTED_EDGE('',*,*,#1071,.F.);
#1401=ORIENTED_EDGE('',*,*,#1058,.T.);
#1402=ORIENTED_EDGE('',*,*,#1072,.T.);
#1403=ORIENTED_EDGE('',*,*,#1073,.T.);
#1404=ORIENTED_EDGE('',*,*,#1071,.T.);
#1405=ORIENTED_EDGE('',*,*,#1074,.T.);
#1406=ORIENTED_EDGE('',*,*,#1075,.T.);
#1407=ORIENTED_EDGE('',*,*,#1012,.T.);
#1408=ORIENTED_EDGE('',*,*,#1076,.F.);
#1409=ORIENTED_EDGE('',*,*,#1077,.F.);
#1410=ORIENTED_EDGE('',*,*,#1078,.F.);
#1411=ORIENTED_EDGE('',*,*,#1079,.F.);
#1412=ORIENTED_EDGE('',*,*,#1080,.T.);
#1413=ORIENTED_EDGE('',*,*,#1074,.F.);
#1414=ORIENTED_EDGE('',*,*,#1081,.F.);
#1415=ORIENTED_EDGE('',*,*,#1082,.T.);
#1416=ORIENTED_EDGE('',*,*,#1083,.F.);
#1417=ORIENTED_EDGE('',*,*,#1084,.T.);
#1418=ORIENTED_EDGE('',*,*,#1085,.F.);
#1419=ORIENTED_EDGE('',*,*,#1086,.T.);
#1420=ORIENTED_EDGE('',*,*,#1087,.F.);
#1421=ORIENTED_EDGE('',*,*,#1088,.F.);
#1422=ORIENTED_EDGE('',*,*,#1089,.T.);
#1423=ORIENTED_EDGE('',*,*,#1090,.T.);
#1424=ORIENTED_EDGE('',*,*,#1091,.T.);
#1425=ORIENTED_EDGE('',*,*,#1092,.F.);
#1426=ORIENTED_EDGE('',*,*,#1033,.T.);
#1427=ORIENTED_EDGE('',*,*,#1046,.T.);
#1428=ORIENTED_EDGE('',*,*,#1043,.T.);
#1429=ORIENTED_EDGE('',*,*,#1040,.T.);
#1430=ORIENTED_EDGE('',*,*,#1037,.T.);
#1431=ORIENTED_EDGE('',*,*,#1011,.T.);
#1432=ORIENTED_EDGE('',*,*,#1093,.T.);
#1433=ORIENTED_EDGE('',*,*,#1081,.T.);
#1434=ORIENTED_EDGE('',*,*,#1076,.T.);
#1435=ORIENTED_EDGE('',*,*,#1087,.T.);
#1436=ORIENTED_EDGE('',*,*,#1094,.T.);
#1437=ORIENTED_EDGE('',*,*,#1005,.T.);
#1438=ORIENTED_EDGE('',*,*,#1095,.F.);
#1439=ORIENTED_EDGE('',*,*,#1094,.F.);
#1440=ORIENTED_EDGE('',*,*,#1086,.F.);
#1441=ORIENTED_EDGE('',*,*,#1096,.F.);
#1442=ORIENTED_EDGE('',*,*,#1006,.F.);
#1443=ORIENTED_EDGE('',*,*,#1004,.T.);
#1444=ORIENTED_EDGE('',*,*,#1097,.T.);
#1445=ORIENTED_EDGE('',*,*,#1088,.T.);
#1446=ORIENTED_EDGE('',*,*,#1095,.T.);
#1447=ORIENTED_EDGE('',*,*,#1097,.F.);
#1448=ORIENTED_EDGE('',*,*,#1003,.F.);
#1449=ORIENTED_EDGE('',*,*,#1098,.T.);
#1450=ORIENTED_EDGE('',*,*,#1089,.F.);
#1451=ORIENTED_EDGE('',*,*,#1049,.F.);
#1452=ORIENTED_EDGE('',*,*,#1066,.F.);
#1453=ORIENTED_EDGE('',*,*,#1099,.T.);
#1454=ORIENTED_EDGE('',*,*,#1100,.T.);
#1455=ORIENTED_EDGE('',*,*,#1009,.T.);
#1456=ORIENTED_EDGE('',*,*,#1101,.T.);
#1457=ORIENTED_EDGE('',*,*,#1083,.T.);
#1458=ORIENTED_EDGE('',*,*,#1102,.T.);
#1459=ORIENTED_EDGE('',*,*,#1101,.F.);
#1460=ORIENTED_EDGE('',*,*,#1008,.F.);
#1461=ORIENTED_EDGE('',*,*,#1103,.F.);
#1462=ORIENTED_EDGE('',*,*,#1084,.F.);
#1463=ORIENTED_EDGE('',*,*,#1007,.T.);
#1464=ORIENTED_EDGE('',*,*,#1096,.T.);
#1465=ORIENTED_EDGE('',*,*,#1085,.T.);
#1466=ORIENTED_EDGE('',*,*,#1103,.T.);
#1467=ORIENTED_EDGE('',*,*,#1056,.T.);
#1468=ORIENTED_EDGE('',*,*,#1104,.T.);
#1469=ORIENTED_EDGE('',*,*,#1105,.T.);
#1470=ORIENTED_EDGE('',*,*,#1106,.T.);
#1471=ORIENTED_EDGE('',*,*,#1104,.F.);
#1472=ORIENTED_EDGE('',*,*,#1055,.F.);
#1473=ORIENTED_EDGE('',*,*,#1107,.F.);
#1474=ORIENTED_EDGE('',*,*,#1108,.F.);
#1475=ORIENTED_EDGE('',*,*,#1054,.T.);
#1476=ORIENTED_EDGE('',*,*,#1109,.T.);
#1477=ORIENTED_EDGE('',*,*,#1110,.T.);
#1478=ORIENTED_EDGE('',*,*,#1107,.T.);
#1479=ORIENTED_EDGE('',*,*,#1068,.F.);
#1480=ORIENTED_EDGE('',*,*,#1111,.F.);
#1481=ORIENTED_EDGE('',*,*,#1109,.F.);
#1482=ORIENTED_EDGE('',*,*,#1053,.F.);
#1483=ORIENTED_EDGE('',*,*,#1072,.F.);
#1484=ORIENTED_EDGE('',*,*,#1057,.F.);
#1485=ORIENTED_EDGE('',*,*,#1106,.F.);
#1486=ORIENTED_EDGE('',*,*,#1112,.F.);
#1487=ORIENTED_EDGE('',*,*,#1093,.F.);
#1488=ORIENTED_EDGE('',*,*,#1010,.F.);
#1489=ORIENTED_EDGE('',*,*,#1102,.F.);
#1490=ORIENTED_EDGE('',*,*,#1082,.F.);
#1491=ORIENTED_EDGE('',*,*,#1050,.F.);
#1492=ORIENTED_EDGE('',*,*,#1100,.F.);
#1493=ORIENTED_EDGE('',*,*,#1113,.T.);
#1494=ORIENTED_EDGE('',*,*,#1114,.T.);
#1495=ORIENTED_EDGE('',*,*,#1115,.F.);
#1496=ORIENTED_EDGE('',*,*,#1116,.F.);
#1497=ORIENTED_EDGE('',*,*,#1117,.F.);
#1498=ORIENTED_EDGE('',*,*,#1118,.T.);
#1499=ORIENTED_EDGE('',*,*,#1069,.F.);
#1500=ORIENTED_EDGE('',*,*,#1073,.F.);
#1501=ORIENTED_EDGE('',*,*,#1112,.T.);
#1502=ORIENTED_EDGE('',*,*,#1105,.F.);
#1503=ORIENTED_EDGE('',*,*,#1108,.T.);
#1504=ORIENTED_EDGE('',*,*,#1110,.F.);
#1505=ORIENTED_EDGE('',*,*,#1111,.T.);
#1506=ORIENTED_EDGE('',*,*,#1067,.F.);
#1507=ORIENTED_EDGE('',*,*,#1119,.T.);
#1508=ORIENTED_EDGE('',*,*,#1120,.T.);
#1509=ORIENTED_EDGE('',*,*,#1064,.T.);
#1510=ORIENTED_EDGE('',*,*,#1121,.T.);
#1511=ORIENTED_EDGE('',*,*,#1120,.F.);
#1512=ORIENTED_EDGE('',*,*,#1122,.F.);
#1513=ORIENTED_EDGE('',*,*,#1123,.F.);
#1514=ORIENTED_EDGE('',*,*,#1114,.F.);
#1515=ORIENTED_EDGE('',*,*,#1124,.F.);
#1516=ORIENTED_EDGE('',*,*,#1065,.F.);
#1517=ORIENTED_EDGE('',*,*,#1092,.T.);
#1518=ORIENTED_EDGE('',*,*,#1125,.T.);
#1519=ORIENTED_EDGE('',*,*,#1000,.F.);
#1520=ORIENTED_EDGE('',*,*,#1126,.T.);
#1521=ORIENTED_EDGE('',*,*,#1127,.T.);
#1522=ORIENTED_EDGE('',*,*,#1062,.T.);
#1523=ORIENTED_EDGE('',*,*,#1128,.T.);
#1524=ORIENTED_EDGE('',*,*,#1129,.T.);
#1525=ORIENTED_EDGE('',*,*,#1130,.T.);
#1526=ORIENTED_EDGE('',*,*,#1131,.F.);
#1527=ORIENTED_EDGE('',*,*,#1132,.F.);
#1528=ORIENTED_EDGE('',*,*,#1133,.T.);
#1529=ORIENTED_EDGE('',*,*,#1134,.F.);
#1530=ORIENTED_EDGE('',*,*,#1135,.T.);
#1531=ORIENTED_EDGE('',*,*,#1135,.F.);
#1532=ORIENTED_EDGE('',*,*,#1136,.F.);
#1533=ORIENTED_EDGE('',*,*,#1137,.F.);
#1534=ORIENTED_EDGE('',*,*,#1122,.T.);
#1535=ORIENTED_EDGE('',*,*,#1119,.F.);
#1536=ORIENTED_EDGE('',*,*,#1138,.F.);
#1537=ORIENTED_EDGE('',*,*,#1139,.F.);
#1538=ORIENTED_EDGE('',*,*,#1140,.T.);
#1539=ORIENTED_EDGE('',*,*,#1141,.T.);
#1540=ORIENTED_EDGE('',*,*,#1078,.T.);
#1541=ORIENTED_EDGE('',*,*,#1142,.F.);
#1542=ORIENTED_EDGE('',*,*,#1143,.T.);
#1543=ORIENTED_EDGE('',*,*,#1144,.T.);
#1544=ORIENTED_EDGE('',*,*,#1017,.T.);
#1545=ORIENTED_EDGE('',*,*,#1134,.T.);
#1546=ORIENTED_EDGE('',*,*,#1145,.F.);
#1547=ORIENTED_EDGE('',*,*,#1142,.T.);
#1548=ORIENTED_EDGE('',*,*,#1016,.T.);
#1549=ORIENTED_EDGE('',*,*,#1146,.T.);
#1550=ORIENTED_EDGE('',*,*,#1147,.T.);
#1551=ORIENTED_EDGE('',*,*,#1136,.T.);
#1552=ORIENTED_EDGE('',*,*,#1099,.F.);
#1553=ORIENTED_EDGE('',*,*,#1124,.T.);
#1554=ORIENTED_EDGE('',*,*,#1113,.F.);
#1555=ORIENTED_EDGE('',*,*,#1090,.F.);
#1556=ORIENTED_EDGE('',*,*,#1098,.F.);
#1557=ORIENTED_EDGE('',*,*,#1002,.F.);
#1558=ORIENTED_EDGE('',*,*,#1148,.T.);
#1559=ORIENTED_EDGE('',*,*,#1125,.F.);
#1560=ORIENTED_EDGE('',*,*,#1091,.F.);
#1561=ORIENTED_EDGE('',*,*,#1148,.F.);
#1562=ORIENTED_EDGE('',*,*,#1001,.F.);
#1563=ORIENTED_EDGE('',*,*,#1123,.T.);
#1564=ORIENTED_EDGE('',*,*,#1137,.T.);
#1565=ORIENTED_EDGE('',*,*,#1147,.F.);
#1566=ORIENTED_EDGE('',*,*,#1115,.T.);
#1567=ORIENTED_EDGE('',*,*,#999,.T.);
#1568=ORIENTED_EDGE('',*,*,#1144,.F.);
#1569=ORIENTED_EDGE('',*,*,#1149,.F.);
#1570=ORIENTED_EDGE('',*,*,#1150,.F.);
#1571=ORIENTED_EDGE('',*,*,#1151,.F.);
#1572=ORIENTED_EDGE('',*,*,#1139,.T.);
#1573=ORIENTED_EDGE('',*,*,#1077,.T.);
#1574=ORIENTED_EDGE('',*,*,#1126,.F.);
#1575=ORIENTED_EDGE('',*,*,#1121,.F.);
#1576=ORIENTED_EDGE('',*,*,#1063,.T.);
#1577=ORIENTED_EDGE('',*,*,#1127,.F.);
#1578=ORIENTED_EDGE('',*,*,#1152,.F.);
#1579=ORIENTED_EDGE('',*,*,#1153,.F.);
#1580=ORIENTED_EDGE('',*,*,#1132,.T.);
#1581=ORIENTED_EDGE('',*,*,#1138,.T.);
#1582=ORIENTED_EDGE('',*,*,#1152,.T.);
#1583=ORIENTED_EDGE('',*,*,#1131,.T.);
#1584=ORIENTED_EDGE('',*,*,#1154,.T.);
#1585=ORIENTED_EDGE('',*,*,#1155,.F.);
#1586=ORIENTED_EDGE('',*,*,#1150,.T.);
#1587=ORIENTED_EDGE('',*,*,#1156,.F.);
#1588=ORIENTED_EDGE('',*,*,#1157,.F.);
#1589=ORIENTED_EDGE('',*,*,#1158,.F.);
#1590=ORIENTED_EDGE('',*,*,#1070,.F.);
#1591=ORIENTED_EDGE('',*,*,#1118,.F.);
#1592=ORIENTED_EDGE('',*,*,#1159,.F.);
#1593=ORIENTED_EDGE('',*,*,#1060,.T.);
#1594=ORIENTED_EDGE('',*,*,#1153,.T.);
#1595=ORIENTED_EDGE('',*,*,#1155,.T.);
#1596=ORIENTED_EDGE('',*,*,#1160,.F.);
#1597=ORIENTED_EDGE('',*,*,#1161,.F.);
#1598=ORIENTED_EDGE('',*,*,#1162,.T.);
#1599=ORIENTED_EDGE('',*,*,#1163,.F.);
#1600=ORIENTED_EDGE('',*,*,#1164,.T.);
#1601=ORIENTED_EDGE('',*,*,#1165,.F.);
#1602=ORIENTED_EDGE('',*,*,#1166,.T.);
#1603=ORIENTED_EDGE('',*,*,#1167,.F.);
#1604=ORIENTED_EDGE('',*,*,#1168,.F.);
#1605=ORIENTED_EDGE('',*,*,#1156,.T.);
#1606=ORIENTED_EDGE('',*,*,#1149,.T.);
#1607=ORIENTED_EDGE('',*,*,#1143,.F.);
#1608=ORIENTED_EDGE('',*,*,#1145,.T.);
#1609=ORIENTED_EDGE('',*,*,#1133,.F.);
#1610=ORIENTED_EDGE('',*,*,#1129,.F.);
#1611=ORIENTED_EDGE('',*,*,#1169,.F.);
#1612=ORIENTED_EDGE('',*,*,#1170,.F.);
#1613=ORIENTED_EDGE('',*,*,#1171,.F.);
#1614=ORIENTED_EDGE('',*,*,#1075,.F.);
#1615=ORIENTED_EDGE('',*,*,#1080,.F.);
#1616=ORIENTED_EDGE('',*,*,#1172,.F.);
#1617=ORIENTED_EDGE('',*,*,#1013,.T.);
#1618=ORIENTED_EDGE('',*,*,#1173,.F.);
#1619=ORIENTED_EDGE('',*,*,#1116,.T.);
#1620=ORIENTED_EDGE('',*,*,#1146,.F.);
#1621=ORIENTED_EDGE('',*,*,#1015,.F.);
#1622=ORIENTED_EDGE('',*,*,#1174,.F.);
#1623=ORIENTED_EDGE('',*,*,#1175,.T.);
#1624=ORIENTED_EDGE('',*,*,#1176,.T.);
#1625=ORIENTED_EDGE('',*,*,#1177,.T.);
#1626=ORIENTED_EDGE('',*,*,#1175,.F.);
#1627=ORIENTED_EDGE('',*,*,#1178,.F.);
#1628=ORIENTED_EDGE('',*,*,#1179,.F.);
#1629=ORIENTED_EDGE('',*,*,#1180,.F.);
#1630=ORIENTED_EDGE('',*,*,#1181,.F.);
#1631=ORIENTED_EDGE('',*,*,#1182,.T.);
#1632=ORIENTED_EDGE('',*,*,#1183,.T.);
#1633=ORIENTED_EDGE('',*,*,#1184,.T.);
#1634=ORIENTED_EDGE('',*,*,#1182,.F.);
#1635=ORIENTED_EDGE('',*,*,#1185,.F.);
#1636=ORIENTED_EDGE('',*,*,#1186,.F.);
#1637=ORIENTED_EDGE('',*,*,#1187,.T.);
#1638=ORIENTED_EDGE('',*,*,#1188,.F.);
#1639=ORIENTED_EDGE('',*,*,#1189,.F.);
#1640=ORIENTED_EDGE('',*,*,#1190,.F.);
#1641=ORIENTED_EDGE('',*,*,#1191,.T.);
#1642=ORIENTED_EDGE('',*,*,#1192,.T.);
#1643=ORIENTED_EDGE('',*,*,#1193,.T.);
#1644=ORIENTED_EDGE('',*,*,#1174,.T.);
#1645=ORIENTED_EDGE('',*,*,#1194,.T.);
#1646=ORIENTED_EDGE('',*,*,#1195,.F.);
#1647=ORIENTED_EDGE('',*,*,#1196,.F.);
#1648=ORIENTED_EDGE('',*,*,#1197,.F.);
#1649=ORIENTED_EDGE('',*,*,#1185,.T.);
#1650=ORIENTED_EDGE('',*,*,#1181,.T.);
#1651=ORIENTED_EDGE('',*,*,#1198,.T.);
#1652=ORIENTED_EDGE('',*,*,#1190,.T.);
#1653=ORIENTED_EDGE('',*,*,#1199,.T.);
#1654=ORIENTED_EDGE('',*,*,#1200,.T.);
#1655=ORIENTED_EDGE('',*,*,#1178,.T.);
#1656=ORIENTED_EDGE('',*,*,#1201,.T.);
#1657=ORIENTED_EDGE('',*,*,#1202,.F.);
#1658=ORIENTED_EDGE('',*,*,#1203,.T.);
#1659=ORIENTED_EDGE('',*,*,#1204,.F.);
#1660=ORIENTED_EDGE('',*,*,#1205,.T.);
#1661=ORIENTED_EDGE('',*,*,#1206,.F.);
#1662=ORIENTED_EDGE('',*,*,#1207,.T.);
#1663=ORIENTED_EDGE('',*,*,#1208,.F.);
#1664=ORIENTED_EDGE('',*,*,#1193,.F.);
#1665=ORIENTED_EDGE('',*,*,#1209,.F.);
#1666=ORIENTED_EDGE('',*,*,#1210,.F.);
#1667=ORIENTED_EDGE('',*,*,#1211,.T.);
#1668=ORIENTED_EDGE('',*,*,#1212,.F.);
#1669=ORIENTED_EDGE('',*,*,#1213,.T.);
#1670=ORIENTED_EDGE('',*,*,#1214,.F.);
#1671=ORIENTED_EDGE('',*,*,#1215,.T.);
#1672=ORIENTED_EDGE('',*,*,#1216,.F.);
#1673=ORIENTED_EDGE('',*,*,#1217,.F.);
#1674=ORIENTED_EDGE('',*,*,#1218,.F.);
#1675=ORIENTED_EDGE('',*,*,#1199,.F.);
#1676=ORIENTED_EDGE('',*,*,#1200,.F.);
#1677=ORIENTED_EDGE('',*,*,#1218,.T.);
#1678=ORIENTED_EDGE('',*,*,#1219,.T.);
#1679=ORIENTED_EDGE('',*,*,#1179,.T.);
#1680=ORIENTED_EDGE('',*,*,#1220,.T.);
#1681=ORIENTED_EDGE('',*,*,#1221,.T.);
#1682=ORIENTED_EDGE('',*,*,#1222,.T.);
#1683=ORIENTED_EDGE('',*,*,#1223,.T.);
#1684=ORIENTED_EDGE('',*,*,#1221,.F.);
#1685=ORIENTED_EDGE('',*,*,#1224,.F.);
#1686=ORIENTED_EDGE('',*,*,#1225,.F.);
#1687=ORIENTED_EDGE('',*,*,#1226,.F.);
#1688=ORIENTED_EDGE('',*,*,#1220,.F.);
#1689=ORIENTED_EDGE('',*,*,#1227,.T.);
#1690=ORIENTED_EDGE('',*,*,#1157,.T.);
#1691=ORIENTED_EDGE('',*,*,#1168,.T.);
#1692=ORIENTED_EDGE('',*,*,#1228,.F.);
#1693=ORIENTED_EDGE('',*,*,#1209,.T.);
#1694=ORIENTED_EDGE('',*,*,#1192,.F.);
#1695=ORIENTED_EDGE('',*,*,#1229,.T.);
#1696=ORIENTED_EDGE('',*,*,#1183,.F.);
#1697=ORIENTED_EDGE('',*,*,#1189,.T.);
#1698=ORIENTED_EDGE('',*,*,#1230,.F.);
#1699=ORIENTED_EDGE('',*,*,#1231,.T.);
#1700=ORIENTED_EDGE('',*,*,#1232,.F.);
#1701=ORIENTED_EDGE('',*,*,#1224,.T.);
#1702=ORIENTED_EDGE('',*,*,#1232,.T.);
#1703=ORIENTED_EDGE('',*,*,#1233,.T.);
#1704=ORIENTED_EDGE('',*,*,#1234,.T.);
#1705=ORIENTED_EDGE('',*,*,#1225,.T.);
#1706=ORIENTED_EDGE('',*,*,#1233,.F.);
#1707=ORIENTED_EDGE('',*,*,#1231,.F.);
#1708=ORIENTED_EDGE('',*,*,#1235,.F.);
#1709=ORIENTED_EDGE('',*,*,#1236,.T.);
#1710=ORIENTED_EDGE('',*,*,#1237,.F.);
#1711=ORIENTED_EDGE('',*,*,#1196,.T.);
#1712=ORIENTED_EDGE('',*,*,#1238,.F.);
#1713=ORIENTED_EDGE('',*,*,#1239,.T.);
#1714=ORIENTED_EDGE('',*,*,#1240,.F.);
#1715=ORIENTED_EDGE('',*,*,#1241,.F.);
#1716=ORIENTED_EDGE('',*,*,#1242,.F.);
#1717=ORIENTED_EDGE('',*,*,#1243,.F.);
#1718=ORIENTED_EDGE('',*,*,#1244,.T.);
#1719=ORIENTED_EDGE('',*,*,#1245,.T.);
#1720=ORIENTED_EDGE('',*,*,#1246,.T.);
#1721=ORIENTED_EDGE('',*,*,#1242,.T.);
#1722=ORIENTED_EDGE('',*,*,#1245,.F.);
#1723=ORIENTED_EDGE('',*,*,#1247,.F.);
#1724=ORIENTED_EDGE('',*,*,#1248,.F.);
#1725=ORIENTED_EDGE('',*,*,#1249,.F.);
#1726=ORIENTED_EDGE('',*,*,#1244,.F.);
#1727=ORIENTED_EDGE('',*,*,#1241,.T.);
#1728=ORIENTED_EDGE('',*,*,#1250,.F.);
#1729=ORIENTED_EDGE('',*,*,#1251,.T.);
#1730=ORIENTED_EDGE('',*,*,#1176,.F.);
#1731=ORIENTED_EDGE('',*,*,#1180,.T.);
#1732=ORIENTED_EDGE('',*,*,#1219,.F.);
#1733=ORIENTED_EDGE('',*,*,#1217,.T.);
#1734=ORIENTED_EDGE('',*,*,#1252,.F.);
#1735=ORIENTED_EDGE('',*,*,#1160,.T.);
#1736=ORIENTED_EDGE('',*,*,#1154,.F.);
#1737=ORIENTED_EDGE('',*,*,#1130,.F.);
#1738=ORIENTED_EDGE('',*,*,#1171,.T.);
#1739=ORIENTED_EDGE('',*,*,#1253,.F.);
#1740=ORIENTED_EDGE('',*,*,#1247,.T.);
#1741=ORIENTED_EDGE('',*,*,#1253,.T.);
#1742=ORIENTED_EDGE('',*,*,#1170,.T.);
#1743=ORIENTED_EDGE('',*,*,#1254,.T.);
#1744=ORIENTED_EDGE('',*,*,#1248,.T.);
#1745=ORIENTED_EDGE('',*,*,#1151,.T.);
#1746=ORIENTED_EDGE('',*,*,#1158,.T.);
#1747=ORIENTED_EDGE('',*,*,#1227,.F.);
#1748=ORIENTED_EDGE('',*,*,#1223,.F.);
#1749=ORIENTED_EDGE('',*,*,#1255,.F.);
#1750=ORIENTED_EDGE('',*,*,#1140,.F.);
#1751=ORIENTED_EDGE('',*,*,#1256,.T.);
#1752=ORIENTED_EDGE('',*,*,#1257,.T.);
#1753=ORIENTED_EDGE('',*,*,#1202,.T.);
#1754=ORIENTED_EDGE('',*,*,#1258,.T.);
#1755=ORIENTED_EDGE('',*,*,#1257,.F.);
#1756=ORIENTED_EDGE('',*,*,#1259,.T.);
#1757=ORIENTED_EDGE('',*,*,#1260,.F.);
#1758=ORIENTED_EDGE('',*,*,#1203,.F.);
#1759=ORIENTED_EDGE('',*,*,#1261,.T.);
#1760=ORIENTED_EDGE('',*,*,#1262,.T.);
#1761=ORIENTED_EDGE('',*,*,#1208,.T.);
#1762=ORIENTED_EDGE('',*,*,#1263,.T.);
#1763=ORIENTED_EDGE('',*,*,#1258,.F.);
#1764=ORIENTED_EDGE('',*,*,#1201,.F.);
#1765=ORIENTED_EDGE('',*,*,#1262,.F.);
#1766=ORIENTED_EDGE('',*,*,#1264,.T.);
#1767=ORIENTED_EDGE('',*,*,#1265,.T.);
#1768=ORIENTED_EDGE('',*,*,#1266,.T.);
#1769=ORIENTED_EDGE('',*,*,#1206,.T.);
#1770=ORIENTED_EDGE('',*,*,#1267,.T.);
#1771=ORIENTED_EDGE('',*,*,#1263,.F.);
#1772=ORIENTED_EDGE('',*,*,#1207,.F.);
#1773=ORIENTED_EDGE('',*,*,#1266,.F.);
#1774=ORIENTED_EDGE('',*,*,#1268,.T.);
#1775=ORIENTED_EDGE('',*,*,#1269,.T.);
#1776=ORIENTED_EDGE('',*,*,#1270,.T.);
#1777=ORIENTED_EDGE('',*,*,#1204,.T.);
#1778=ORIENTED_EDGE('',*,*,#1260,.T.);
#1779=ORIENTED_EDGE('',*,*,#1267,.F.);
#1780=ORIENTED_EDGE('',*,*,#1205,.F.);
#1781=ORIENTED_EDGE('',*,*,#1270,.F.);
#1782=ORIENTED_EDGE('',*,*,#1271,.T.);
#1783=ORIENTED_EDGE('',*,*,#1163,.T.);
#1784=ORIENTED_EDGE('',*,*,#1272,.T.);
#1785=ORIENTED_EDGE('',*,*,#1214,.T.);
#1786=ORIENTED_EDGE('',*,*,#1273,.T.);
#1787=ORIENTED_EDGE('',*,*,#1272,.F.);
#1788=ORIENTED_EDGE('',*,*,#1162,.F.);
#1789=ORIENTED_EDGE('',*,*,#1274,.F.);
#1790=ORIENTED_EDGE('',*,*,#1215,.F.);
#1791=ORIENTED_EDGE('',*,*,#1161,.T.);
#1792=ORIENTED_EDGE('',*,*,#1252,.T.);
#1793=ORIENTED_EDGE('',*,*,#1216,.T.);
#1794=ORIENTED_EDGE('',*,*,#1274,.T.);
#1795=ORIENTED_EDGE('',*,*,#1165,.T.);
#1796=ORIENTED_EDGE('',*,*,#1275,.T.);
#1797=ORIENTED_EDGE('',*,*,#1212,.T.);
#1798=ORIENTED_EDGE('',*,*,#1276,.T.);
#1799=ORIENTED_EDGE('',*,*,#1273,.F.);
#1800=ORIENTED_EDGE('',*,*,#1213,.F.);
#1801=ORIENTED_EDGE('',*,*,#1275,.F.);
#1802=ORIENTED_EDGE('',*,*,#1164,.F.);
#1803=ORIENTED_EDGE('',*,*,#1210,.T.);
#1804=ORIENTED_EDGE('',*,*,#1228,.T.);
#1805=ORIENTED_EDGE('',*,*,#1167,.T.);
#1806=ORIENTED_EDGE('',*,*,#1277,.T.);
#1807=ORIENTED_EDGE('',*,*,#1276,.F.);
#1808=ORIENTED_EDGE('',*,*,#1211,.F.);
#1809=ORIENTED_EDGE('',*,*,#1277,.F.);
#1810=ORIENTED_EDGE('',*,*,#1166,.F.);
#1811=ORIENTED_EDGE('',*,*,#1235,.T.);
#1812=ORIENTED_EDGE('',*,*,#1230,.T.);
#1813=ORIENTED_EDGE('',*,*,#1188,.T.);
#1814=ORIENTED_EDGE('',*,*,#1278,.T.);
#1815=ORIENTED_EDGE('',*,*,#1186,.T.);
#1816=ORIENTED_EDGE('',*,*,#1197,.T.);
#1817=ORIENTED_EDGE('',*,*,#1237,.T.);
#1818=ORIENTED_EDGE('',*,*,#1279,.T.);
#1819=ORIENTED_EDGE('',*,*,#1240,.T.);
#1820=ORIENTED_EDGE('',*,*,#1280,.T.);
#1821=ORIENTED_EDGE('',*,*,#1281,.T.);
#1822=ORIENTED_EDGE('',*,*,#1250,.T.);
#1823=ORIENTED_EDGE('',*,*,#1282,.T.);
#1824=ORIENTED_EDGE('',*,*,#1283,.T.);
#1825=ORIENTED_EDGE('',*,*,#1238,.T.);
#1826=ORIENTED_EDGE('',*,*,#1195,.T.);
#1827=ORIENTED_EDGE('',*,*,#1280,.F.);
#1828=ORIENTED_EDGE('',*,*,#1239,.F.);
#1829=ORIENTED_EDGE('',*,*,#1283,.F.);
#1830=ORIENTED_EDGE('',*,*,#1284,.F.);
#1831=ORIENTED_EDGE('',*,*,#1278,.F.);
#1832=ORIENTED_EDGE('',*,*,#1187,.F.);
#1833=ORIENTED_EDGE('',*,*,#1279,.F.);
#1834=ORIENTED_EDGE('',*,*,#1236,.F.);
#1835=ORIENTED_EDGE('',*,*,#1177,.F.);
#1836=ORIENTED_EDGE('',*,*,#1251,.F.);
#1837=ORIENTED_EDGE('',*,*,#1281,.F.);
#1838=ORIENTED_EDGE('',*,*,#1284,.T.);
#1839=ORIENTED_EDGE('',*,*,#1282,.F.);
#1840=ORIENTED_EDGE('',*,*,#1194,.F.);
#1841=ORIENTED_EDGE('',*,*,#1184,.F.);
#1842=ORIENTED_EDGE('',*,*,#1229,.F.);
#1843=ORIENTED_EDGE('',*,*,#1191,.F.);
#1844=ORIENTED_EDGE('',*,*,#1198,.F.);
#1845=ORIENTED_EDGE('',*,*,#1222,.F.);
#1846=ORIENTED_EDGE('',*,*,#1226,.T.);
#1847=ORIENTED_EDGE('',*,*,#1234,.F.);
#1848=ORIENTED_EDGE('',*,*,#1243,.T.);
#1849=ORIENTED_EDGE('',*,*,#1246,.F.);
#1850=ORIENTED_EDGE('',*,*,#1249,.T.);
#1851=ORIENTED_EDGE('',*,*,#1254,.F.);
#1852=ORIENTED_EDGE('',*,*,#1169,.T.);
#1853=ORIENTED_EDGE('',*,*,#1128,.F.);
#1854=ORIENTED_EDGE('',*,*,#1061,.T.);
#1855=ORIENTED_EDGE('',*,*,#1159,.T.);
#1856=ORIENTED_EDGE('',*,*,#1117,.T.);
#1857=ORIENTED_EDGE('',*,*,#1173,.T.);
#1858=ORIENTED_EDGE('',*,*,#1014,.T.);
#1859=ORIENTED_EDGE('',*,*,#1172,.T.);
#1860=ORIENTED_EDGE('',*,*,#1079,.T.);
#1861=ORIENTED_EDGE('',*,*,#1141,.F.);
#1862=ORIENTED_EDGE('',*,*,#1255,.T.);
#1863=ORIENTED_EDGE('',*,*,#1261,.F.);
#1864=ORIENTED_EDGE('',*,*,#1268,.F.);
#1865=ORIENTED_EDGE('',*,*,#1265,.F.);
#1866=ORIENTED_EDGE('',*,*,#1271,.F.);
#1867=ORIENTED_EDGE('',*,*,#1269,.F.);
#1868=ORIENTED_EDGE('',*,*,#1259,.F.);
#1869=ORIENTED_EDGE('',*,*,#1256,.F.);
#1870=ORIENTED_EDGE('',*,*,#1264,.F.);
#1871=ORIENTED_EDGE('',*,*,#1285,.T.);
#1872=ORIENTED_EDGE('',*,*,#1286,.T.);
#1873=ORIENTED_EDGE('',*,*,#1287,.T.);
#1874=ORIENTED_EDGE('',*,*,#1288,.T.);
#1875=ORIENTED_EDGE('',*,*,#1289,.T.);
#1876=ORIENTED_EDGE('',*,*,#1288,.F.);
#1877=ORIENTED_EDGE('',*,*,#1290,.F.);
#1878=ORIENTED_EDGE('',*,*,#1291,.T.);
#1879=ORIENTED_EDGE('',*,*,#1287,.F.);
#1880=ORIENTED_EDGE('',*,*,#1291,.F.);
#1881=ORIENTED_EDGE('',*,*,#1292,.F.);
#1882=ORIENTED_EDGE('',*,*,#1289,.F.);
#1883=ORIENTED_EDGE('',*,*,#1293,.F.);
#1884=ORIENTED_EDGE('',*,*,#1290,.T.);
#1885=ORIENTED_EDGE('',*,*,#1294,.T.);
#1886=ORIENTED_EDGE('',*,*,#1295,.T.);
#1887=ORIENTED_EDGE('',*,*,#1294,.F.);
#1888=ORIENTED_EDGE('',*,*,#1292,.T.);
#1889=ORIENTED_EDGE('',*,*,#1295,.F.);
#1890=ORIENTED_EDGE('',*,*,#1296,.F.);
#1891=ORIENTED_EDGE('',*,*,#1285,.F.);
#1892=ORIENTED_EDGE('',*,*,#1297,.T.);
#1893=ORIENTED_EDGE('',*,*,#1293,.T.);
#1894=ORIENTED_EDGE('',*,*,#1297,.F.);
#1895=ORIENTED_EDGE('',*,*,#1286,.F.);
#1896=ORIENTED_EDGE('',*,*,#1298,.T.);
#1897=ORIENTED_EDGE('',*,*,#1296,.T.);
#1898=ORIENTED_EDGE('',*,*,#1298,.F.);
#1899=PLANE('',#2089);
#1900=PLANE('',#2096);
#1901=PLANE('',#2097);
#1902=PLANE('',#2098);
#1903=PLANE('',#2099);
#1904=PLANE('',#2100);
#1905=PLANE('',#2101);
#1906=PLANE('',#2102);
#1907=PLANE('',#2103);
#1908=PLANE('',#2104);
#1909=PLANE('',#2105);
#1910=PLANE('',#2106);
#1911=PLANE('',#2107);
#1912=PLANE('',#2108);
#1913=PLANE('',#2123);
#1914=PLANE('',#2130);
#1915=PLANE('',#2132);
#1916=PLANE('',#2133);
#1917=PLANE('',#2135);
#1918=PLANE('',#2139);
#1919=PLANE('',#2142);
#1920=PLANE('',#2143);
#1921=PLANE('',#2144);
#1922=PLANE('',#2145);
#1923=PLANE('',#2148);
#1924=PLANE('',#2157);
#1925=PLANE('',#2164);
#1926=PLANE('',#2165);
#1927=PLANE('',#2166);
#1928=PLANE('',#2167);
#1929=PLANE('',#2168);
#1930=PLANE('',#2169);
#1931=PLANE('',#2170);
#1932=PLANE('',#2171);
#1933=PLANE('',#2172);
#1934=PLANE('',#2173);
#1935=PLANE('',#2174);
#1936=PLANE('',#2179);
#1937=PLANE('',#2180);
#1938=PLANE('',#2181);
#1939=PLANE('',#2185);
#1940=PLANE('',#2189);
#1941=PLANE('',#2195);
#1942=PLANE('',#2201);
#1943=PLANE('',#2211);
#1944=PLANE('',#2212);
#1945=PLANE('',#2216);
#1946=PLANE('',#2224);
#1947=PLANE('',#2225);
#1948=PLANE('',#2229);
#1949=PLANE('',#2232);
#1950=PLANE('',#2235);
#1951=PLANE('',#2238);
#1952=PLANE('',#2241);
#1953=PLANE('',#2243);
#1954=PLANE('',#2246);
#1955=PLANE('',#2248);
#1956=PLANE('',#2255);
#1957=PLANE('',#2256);
#1958=PLANE('',#2257);
#1959=PLANE('',#2258);
#1960=PLANE('',#2259);
#1961=PLANE('',#2260);
#1962=PLANE('',#2262);
#1963=PLANE('',#2271);
#1964=PLANE('',#2276);
#1965=ADVANCED_FACE('',(#66),#1899,.T.);
#1966=ADVANCED_FACE('',(#67),#1900,.F.);
#1967=ADVANCED_FACE('',(#68),#1901,.F.);
#1968=ADVANCED_FACE('',(#69),#1902,.F.);
#1969=ADVANCED_FACE('',(#70),#1903,.F.);
#1970=ADVANCED_FACE('',(#71),#1904,.F.);
#1971=ADVANCED_FACE('',(#72),#1905,.F.);
#1972=ADVANCED_FACE('',(#73),#1906,.F.);
#1973=ADVANCED_FACE('',(#74),#1907,.F.);
#1974=ADVANCED_FACE('',(#75),#1908,.F.);
#1975=ADVANCED_FACE('',(#76),#1909,.F.);
#1976=ADVANCED_FACE('',(#77),#1910,.F.);
#1977=ADVANCED_FACE('',(#78),#1911,.F.);
#1978=ADVANCED_FACE('',(#79),#64,.F.);
#1979=ADVANCED_FACE('',(#80,#58),#1912,.T.);
#1980=ADVANCED_FACE('',(#81),#19,.T.);
#1981=ADVANCED_FACE('',(#82),#20,.T.);
#1982=ADVANCED_FACE('',(#83),#21,.T.);
#1983=ADVANCED_FACE('',(#84),#22,.T.);
#1984=ADVANCED_FACE('',(#85,#59),#1913,.T.);
#1985=ADVANCED_FACE('',(#86),#23,.T.);
#1986=ADVANCED_FACE('',(#87),#65,.F.);
#1987=ADVANCED_FACE('',(#88),#1914,.F.);
#1988=ADVANCED_FACE('',(#89),#24,.T.);
#1989=ADVANCED_FACE('',(#90),#1915,.F.);
#1990=ADVANCED_FACE('',(#91),#1916,.F.);
#1991=ADVANCED_FACE('',(#92),#25,.F.);
#1992=ADVANCED_FACE('',(#93),#1917,.F.);
#1993=ADVANCED_FACE('',(#94),#26,.F.);
#1994=ADVANCED_FACE('',(#95),#27,.F.);
#1995=ADVANCED_FACE('',(#96),#1918,.F.);
#1996=ADVANCED_FACE('',(#97),#28,.F.);
#1997=ADVANCED_FACE('',(#98),#1919,.F.);
#1998=ADVANCED_FACE('',(#99),#1920,.F.);
#1999=ADVANCED_FACE('',(#100),#1921,.F.);
#2000=ADVANCED_FACE('',(#101),#1922,.T.);
#2001=ADVANCED_FACE('',(#102),#29,.F.);
#2002=ADVANCED_FACE('',(#103),#1923,.F.);
#2003=ADVANCED_FACE('',(#104),#30,.F.);
#2004=ADVANCED_FACE('',(#105),#31,.F.);
#2005=ADVANCED_FACE('',(#106),#32,.F.);
#2006=ADVANCED_FACE('',(#107),#1924,.T.);
#2007=ADVANCED_FACE('',(#108),#33,.F.);
#2008=ADVANCED_FACE('',(#109),#34,.F.);
#2009=ADVANCED_FACE('',(#110),#1925,.T.);
#2010=ADVANCED_FACE('',(#111),#1926,.F.);
#2011=ADVANCED_FACE('',(#112),#1927,.F.);
#2012=ADVANCED_FACE('',(#113),#1928,.F.);
#2013=ADVANCED_FACE('',(#114),#1929,.F.);
#2014=ADVANCED_FACE('',(#115),#1930,.T.);
#2015=ADVANCED_FACE('',(#116),#1931,.T.);
#2016=ADVANCED_FACE('',(#117),#1932,.F.);
#2017=ADVANCED_FACE('',(#118),#1933,.F.);
#2018=ADVANCED_FACE('',(#119),#1934,.T.);
#2019=ADVANCED_FACE('',(#120),#1935,.T.);
#2020=ADVANCED_FACE('',(#121),#1936,.T.);
#2021=ADVANCED_FACE('',(#122),#1937,.T.);
#2022=ADVANCED_FACE('',(#123),#1938,.T.);
#2023=ADVANCED_FACE('',(#124),#35,.F.);
#2024=ADVANCED_FACE('',(#125),#1939,.T.);
#2025=ADVANCED_FACE('',(#126),#36,.F.);
#2026=ADVANCED_FACE('',(#127),#1940,.T.);
#2027=ADVANCED_FACE('',(#128),#37,.F.);
#2028=ADVANCED_FACE('',(#129,#60),#1941,.T.);
#2029=ADVANCED_FACE('',(#130),#1942,.T.);
#2030=ADVANCED_FACE('',(#131),#38,.F.);
#2031=ADVANCED_FACE('',(#132),#39,.T.);
#2032=ADVANCED_FACE('',(#133),#1943,.T.);
#2033=ADVANCED_FACE('',(#134),#1944,.T.);
#2034=ADVANCED_FACE('',(#135),#40,.T.);
#2035=ADVANCED_FACE('',(#136),#1945,.T.);
#2036=ADVANCED_FACE('',(#137),#41,.T.);
#2037=ADVANCED_FACE('',(#138),#1946,.T.);
#2038=ADVANCED_FACE('',(#139),#1947,.T.);
#2039=ADVANCED_FACE('',(#140),#42,.T.);
#2040=ADVANCED_FACE('',(#141),#1948,.T.);
#2041=ADVANCED_FACE('',(#142),#43,.F.);
#2042=ADVANCED_FACE('',(#143),#1949,.T.);
#2043=ADVANCED_FACE('',(#144),#44,.F.);
#2044=ADVANCED_FACE('',(#145),#1950,.T.);
#2045=ADVANCED_FACE('',(#146),#45,.F.);
#2046=ADVANCED_FACE('',(#147),#1951,.T.);
#2047=ADVANCED_FACE('',(#148),#46,.F.);
#2048=ADVANCED_FACE('',(#149),#1952,.T.);
#2049=ADVANCED_FACE('',(#150),#47,.F.);
#2050=ADVANCED_FACE('',(#151),#1953,.F.);
#2051=ADVANCED_FACE('',(#152),#48,.T.);
#2052=ADVANCED_FACE('',(#153),#49,.F.);
#2053=ADVANCED_FACE('',(#154),#1954,.F.);
#2054=ADVANCED_FACE('',(#155),#50,.T.);
#2055=ADVANCED_FACE('',(#156),#1955,.F.);
#2056=ADVANCED_FACE('',(#157),#51,.T.);
#2057=ADVANCED_FACE('',(#158),#52,.F.);
#2058=ADVANCED_FACE('',(#159),#53,.T.);
#2059=ADVANCED_FACE('',(#160),#54,.F.);
#2060=ADVANCED_FACE('',(#161),#1956,.F.);
#2061=ADVANCED_FACE('',(#162),#1957,.F.);
#2062=ADVANCED_FACE('',(#163),#1958,.T.);
#2063=ADVANCED_FACE('',(#164),#1959,.T.);
#2064=ADVANCED_FACE('',(#165,#61),#1960,.F.);
#2065=ADVANCED_FACE('',(#166),#1961,.F.);
#2066=ADVANCED_FACE('',(#167),#1962,.T.);
#2067=ADVANCED_FACE('',(#168),#13,.T.);
#2068=ADVANCED_FACE('',(#169),#55,.T.);
#2069=ADVANCED_FACE('',(#170,#62),#1963,.F.);
#2070=ADVANCED_FACE('',(#171),#14,.T.);
#2071=ADVANCED_FACE('',(#172,#63),#1964,.T.);
#2072=ADVANCED_FACE('',(#173),#56,.T.);
#2073=ADVANCED_FACE('',(#174),#57,.T.);
#2074=CLOSED_SHELL('',(#1965,#1966,#1967,#1968,#1969,#1970,#1971,#1972,
#1973,#1974,#1975,#1976,#1977,#1978,#1979,#1980,#1981,#1982,#1983,#1984,
#1985,#1986,#1987,#1988,#1989,#1990,#1991,#1992,#1993,#1994,#1995,#1996,
#1997,#1998,#1999,#2000,#2001,#2002,#2003,#2004,#2005,#2006,#2007,#2008,
#2009,#2010,#2011,#2012,#2013,#2014,#2015,#2016,#2017,#2018,#2019,#2020,
#2021,#2022,#2023,#2024,#2025,#2026,#2027,#2028,#2029,#2030,#2031,#2032,
#2033,#2034,#2035,#2036,#2037,#2038,#2039,#2040,#2041,#2042,#2043,#2044,
#2045,#2046,#2047,#2048,#2049,#2050,#2051,#2052,#2053,#2054,#2055,#2056,
#2057,#2058,#2059,#2060,#2061,#2062,#2063,#2064));
#2075=CLOSED_SHELL('',(#2065,#2066,#2067,#2068,#2069,#2070,#2071,#2072,
#2073));
#2076=DERIVED_UNIT_ELEMENT(#2078,1.);
#2077=DERIVED_UNIT_ELEMENT(#3634,-3.);
#2078=(
MASS_UNIT()
NAMED_UNIT(*)
SI_UNIT(.KILO.,.GRAM.)
);
#2079=DERIVED_UNIT((#2076,#2077));
#2080=MEASURE_REPRESENTATION_ITEM('density measure',
POSITIVE_RATIO_MEASURE(7850.),#2079);
#2081=PROPERTY_DEFINITION_REPRESENTATION(#2086,#2083);
#2082=PROPERTY_DEFINITION_REPRESENTATION(#2087,#2084);
#2083=REPRESENTATION('material name',(#2085),#3631);
#2084=REPRESENTATION('density',(#2080),#3631);
#2085=DESCRIPTIVE_REPRESENTATION_ITEM('Steel','Steel');
#2086=PROPERTY_DEFINITION('material property','material name',#3641);
#2087=PROPERTY_DEFINITION('material property','density of part',#3641);
#2088=AXIS2_PLACEMENT_3D('',#2874,#2280,#2281);
#2089=AXIS2_PLACEMENT_3D('',#2875,#2282,#2283);
#2090=AXIS2_PLACEMENT_3D('',#2880,#2285,#2286);
#2091=AXIS2_PLACEMENT_3D('',#2888,#2290,#2291);
#2092=AXIS2_PLACEMENT_3D('',#2900,#2293,#2294);
#2093=AXIS2_PLACEMENT_3D('',#2904,#2296,#2297);
#2094=AXIS2_PLACEMENT_3D('',#2908,#2299,#2300);
#2095=AXIS2_PLACEMENT_3D('',#2910,#2301,#2302);
#2096=AXIS2_PLACEMENT_3D('',#2920,#2308,#2309);
#2097=AXIS2_PLACEMENT_3D('',#2929,#2314,#2315);
#2098=AXIS2_PLACEMENT_3D('',#2935,#2319,#2320);
#2099=AXIS2_PLACEMENT_3D('',#2941,#2324,#2325);
#2100=AXIS2_PLACEMENT_3D('',#2947,#2329,#2330);
#2101=AXIS2_PLACEMENT_3D('',#2950,#2333,#2334);
#2102=AXIS2_PLACEMENT_3D('',#2951,#2335,#2336);
#2103=AXIS2_PLACEMENT_3D('',#2960,#2341,#2342);
#2104=AXIS2_PLACEMENT_3D('',#2966,#2346,#2347);
#2105=AXIS2_PLACEMENT_3D('',#2972,#2351,#2352);
#2106=AXIS2_PLACEMENT_3D('',#2978,#2356,#2357);
#2107=AXIS2_PLACEMENT_3D('',#2981,#2360,#2361);
#2108=AXIS2_PLACEMENT_3D('',#3103,#2363,#2364);
#2109=AXIS2_PLACEMENT_3D('',#3105,#2365,#2366);
#2110=AXIS2_PLACEMENT_3D('',#3109,#2368,#2369);
#2111=AXIS2_PLACEMENT_3D('',#3113,#2371,#2372);
#2112=AXIS2_PLACEMENT_3D('',#3117,#2374,#2375);
#2113=AXIS2_PLACEMENT_3D('',#3119,#2376,#2377);
#2114=AXIS2_PLACEMENT_3D('',#3129,#2382,#2383);
#2115=AXIS2_PLACEMENT_3D('',#3133,#2386,#2387);
#2116=AXIS2_PLACEMENT_3D('',#3135,#2388,#2389);
#2117=AXIS2_PLACEMENT_3D('',#3137,#2391,#2392);
#2118=AXIS2_PLACEMENT_3D('',#3140,#2393,#2394);
#2119=AXIS2_PLACEMENT_3D('',#3143,#2397,#2398);
#2120=AXIS2_PLACEMENT_3D('',#3146,#2400,#2401);
#2121=AXIS2_PLACEMENT_3D('',#3147,#2402,#2403);
#2122=AXIS2_PLACEMENT_3D('',#3150,#2404,#2405);
#2123=AXIS2_PLACEMENT_3D('',#3153,#2408,#2409);
#2124=AXIS2_PLACEMENT_3D('',#3163,#2414,#2415);
#2125=AXIS2_PLACEMENT_3D('',#3167,#2417,#2418);
#2126=AXIS2_PLACEMENT_3D('',#3171,#2420,#2421);
#2127=AXIS2_PLACEMENT_3D('',#3183,#2423,#2424);
#2128=AXIS2_PLACEMENT_3D('',#3190,#2428,#2429);
#2129=AXIS2_PLACEMENT_3D('',#3191,#2430,#2431);
#2130=AXIS2_PLACEMENT_3D('',#3218,#2434,#2435);
#2131=AXIS2_PLACEMENT_3D('',#3220,#2437,#2438);
#2132=AXIS2_PLACEMENT_3D('',#3222,#2440,#2441);
#2133=AXIS2_PLACEMENT_3D('',#3224,#2443,#2444);
#2134=AXIS2_PLACEMENT_3D('',#3228,#2447,#2448);
#2135=AXIS2_PLACEMENT_3D('',#3231,#2451,#2452);
#2136=AXIS2_PLACEMENT_3D('',#3233,#2454,#2455);
#2137=AXIS2_PLACEMENT_3D('',#3234,#2456,#2457);
#2138=AXIS2_PLACEMENT_3D('',#3238,#2459,#2460);
#2139=AXIS2_PLACEMENT_3D('',#3240,#2462,#2463);
#2140=AXIS2_PLACEMENT_3D('',#3244,#2466,#2467);
#2141=AXIS2_PLACEMENT_3D('',#3247,#2469,#2470);
#2142=AXIS2_PLACEMENT_3D('',#3248,#2471,#2472);
#2143=AXIS2_PLACEMENT_3D('',#3250,#2474,#2475);
#2144=AXIS2_PLACEMENT_3D('',#3252,#2477,#2478);
#2145=AXIS2_PLACEMENT_3D('',#3253,#2479,#2480);
#2146=AXIS2_PLACEMENT_3D('',#3265,#2487,#2488);
#2147=AXIS2_PLACEMENT_3D('',#3268,#2489,#2490);
#2148=AXIS2_PLACEMENT_3D('',#3271,#2493,#2494);
#2149=AXIS2_PLACEMENT_3D('',#3276,#2498,#2499);
#2150=AXIS2_PLACEMENT_3D('',#3279,#2502,#2503);
#2151=AXIS2_PLACEMENT_3D('',#3281,#2504,#2505);
#2152=AXIS2_PLACEMENT_3D('',#3283,#2506,#2507);
#2153=AXIS2_PLACEMENT_3D('',#3287,#2509,#2510);
#2154=AXIS2_PLACEMENT_3D('',#3289,#2512,#2513);
#2155=AXIS2_PLACEMENT_3D('',#3292,#2514,#2515);
#2156=AXIS2_PLACEMENT_3D('',#3296,#2517,#2518);
#2157=AXIS2_PLACEMENT_3D('',#3298,#2520,#2521);
#2158=AXIS2_PLACEMENT_3D('',#3303,#2525,#2526);
#2159=AXIS2_PLACEMENT_3D('',#3305,#2527,#2528);
#2160=AXIS2_PLACEMENT_3D('',#3308,#2530,#2531);
#2161=AXIS2_PLACEMENT_3D('',#3309,#2532,#2533);
#2162=AXIS2_PLACEMENT_3D('',#3311,#2534,#2535);
#2163=AXIS2_PLACEMENT_3D('',#3314,#2537,#2538);
#2164=AXIS2_PLACEMENT_3D('',#3315,#2539,#2540);
#2165=AXIS2_PLACEMENT_3D('',#3319,#2544,#2545);
#2166=AXIS2_PLACEMENT_3D('',#3320,#2546,#2547);
#2167=AXIS2_PLACEMENT_3D('',#3322,#2549,#2550);
#2168=AXIS2_PLACEMENT_3D('',#3323,#2551,#2552);
#2169=AXIS2_PLACEMENT_3D('',#3324,#2553,#2554);
#2170=AXIS2_PLACEMENT_3D('',#3330,#2558,#2559);
#2171=AXIS2_PLACEMENT_3D('',#3334,#2562,#2563);
#2172=AXIS2_PLACEMENT_3D('',#3338,#2566,#2567);
#2173=AXIS2_PLACEMENT_3D('',#3344,#2571,#2572);
#2174=AXIS2_PLACEMENT_3D('',#3346,#2574,#2575);
#2175=AXIS2_PLACEMENT_3D('',#3350,#2577,#2578);
#2176=AXIS2_PLACEMENT_3D('',#3354,#2580,#2581);
#2177=AXIS2_PLACEMENT_3D('',#3358,#2583,#2584);
#2178=AXIS2_PLACEMENT_3D('',#3362,#2586,#2587);
#2179=AXIS2_PLACEMENT_3D('',#3364,#2589,#2590);
#2180=AXIS2_PLACEMENT_3D('',#3370,#2594,#2595);
#2181=AXIS2_PLACEMENT_3D('',#3372,#2597,#2598);
#2182=AXIS2_PLACEMENT_3D('',#3374,#2600,#2601);
#2183=AXIS2_PLACEMENT_3D('',#3377,#2602,#2603);
#2184=AXIS2_PLACEMENT_3D('',#3381,#2605,#2606);
#2185=AXIS2_PLACEMENT_3D('',#3383,#2608,#2609);
#2186=AXIS2_PLACEMENT_3D('',#3389,#2613,#2614);
#2187=AXIS2_PLACEMENT_3D('',#3392,#2615,#2616);
#2188=AXIS2_PLACEMENT_3D('',#3396,#2618,#2619);
#2189=AXIS2_PLACEMENT_3D('',#3398,#2621,#2622);
#2190=AXIS2_PLACEMENT_3D('',#3402,#2624,#2625);
#2191=AXIS2_PLACEMENT_3D('',#3406,#2627,#2628);
#2192=AXIS2_PLACEMENT_3D('',#3408,#2630,#2631);
#2193=AXIS2_PLACEMENT_3D('',#3411,#2632,#2633);
#2194=AXIS2_PLACEMENT_3D('',#3415,#2635,#2636);
#2195=AXIS2_PLACEMENT_3D('',#3417,#2638,#2639);
#2196=AXIS2_PLACEMENT_3D('',#3428,#2646,#2647);
#2197=AXIS2_PLACEMENT_3D('',#3433,#2649,#2650);
#2198=AXIS2_PLACEMENT_3D('',#3437,#2652,#2653);
#2199=AXIS2_PLACEMENT_3D('',#3441,#2655,#2656);
#2200=AXIS2_PLACEMENT_3D('',#3444,#2658,#2659);
#2201=AXIS2_PLACEMENT_3D('',#3445,#2660,#2661);
#2202=AXIS2_PLACEMENT_3D('',#3449,#2663,#2664);
#2203=AXIS2_PLACEMENT_3D('',#3453,#2666,#2667);
#2204=AXIS2_PLACEMENT_3D('',#3457,#2669,#2670);
#2205=AXIS2_PLACEMENT_3D('',#3461,#2672,#2673);
#2206=AXIS2_PLACEMENT_3D('',#3465,#2676,#2677);
#2207=AXIS2_PLACEMENT_3D('',#3466,#2678,#2679);
#2208=AXIS2_PLACEMENT_3D('',#3467,#2680,#2681);
#2209=AXIS2_PLACEMENT_3D('',#3470,#2682,#2683);
#2210=AXIS2_PLACEMENT_3D('',#3474,#2685,#2686);
#2211=AXIS2_PLACEMENT_3D('',#3476,#2688,#2689);
#2212=AXIS2_PLACEMENT_3D('',#3482,#2693,#2694);
#2213=AXIS2_PLACEMENT_3D('',#3490,#2700,#2701);
#2214=AXIS2_PLACEMENT_3D('',#3491,#2702,#2703);
#2215=AXIS2_PLACEMENT_3D('',#3494,#2705,#2706);
#2216=AXIS2_PLACEMENT_3D('',#3495,#2707,#2708);
#2217=AXIS2_PLACEMENT_3D('',#3497,#2709,#2710);
#2218=AXIS2_PLACEMENT_3D('',#3500,#2712,#2713);
#2219=AXIS2_PLACEMENT_3D('',#3502,#2714,#2715);
#2220=AXIS2_PLACEMENT_3D('',#3506,#2717,#2718);
#2221=AXIS2_PLACEMENT_3D('',#3512,#2722,#2723);
#2222=AXIS2_PLACEMENT_3D('',#3514,#2724,#2725);
#2223=AXIS2_PLACEMENT_3D('',#3517,#2727,#2728);
#2224=AXIS2_PLACEMENT_3D('',#3518,#2729,#2730);
#2225=AXIS2_PLACEMENT_3D('',#3524,#2734,#2735);
#2226=AXIS2_PLACEMENT_3D('',#3529,#2739,#2740);
#2227=AXIS2_PLACEMENT_3D('',#3530,#2741,#2742);
#2228=AXIS2_PLACEMENT_3D('',#3531,#2743,#2744);
#2229=AXIS2_PLACEMENT_3D('',#3532,#2745,#2746);
#2230=AXIS2_PLACEMENT_3D('',#3534,#2748,#2749);
#2231=AXIS2_PLACEMENT_3D('',#3537,#2750,#2751);
#2232=AXIS2_PLACEMENT_3D('',#3540,#2754,#2755);
#2233=AXIS2_PLACEMENT_3D('',#3544,#2758,#2759);
#2234=AXIS2_PLACEMENT_3D('',#3547,#2760,#2761);
#2235=AXIS2_PLACEMENT_3D('',#3550,#2764,#2765);
#2236=AXIS2_PLACEMENT_3D('',#3552,#2767,#2768);
#2237=AXIS2_PLACEMENT_3D('',#3555,#2769,#2770);
#2238=AXIS2_PLACEMENT_3D('',#3558,#2773,#2774);
#2239=AXIS2_PLACEMENT_3D('',#3560,#2776,#2777);
#2240=AXIS2_PLACEMENT_3D('',#3562,#2778,#2779);
#2241=AXIS2_PLACEMENT_3D('',#3564,#2781,#2782);
#2242=AXIS2_PLACEMENT_3D('',#3566,#2784,#2785);
#2243=AXIS2_PLACEMENT_3D('',#3569,#2788,#2789);
#2244=AXIS2_PLACEMENT_3D('',#3571,#2791,#2792);
#2245=AXIS2_PLACEMENT_3D('',#3572,#2793,#2794);
#2246=AXIS2_PLACEMENT_3D('',#3575,#2797,#2798);
#2247=AXIS2_PLACEMENT_3D('',#3576,#2799,#2800);
#2248=AXIS2_PLACEMENT_3D('',#3578,#2802,#2803);
#2249=AXIS2_PLACEMENT_3D('',#3579,#2804,#2805);
#2250=AXIS2_PLACEMENT_3D('',#3581,#2807,#2808);
#2251=AXIS2_PLACEMENT_3D('',#3583,#2810,#2811);
#2252=AXIS2_PLACEMENT_3D('',#3586,#2813,#2814);
#2253=AXIS2_PLACEMENT_3D('',#3587,#2815,#2816);
#2254=AXIS2_PLACEMENT_3D('',#3589,#2817,#2818);
#2255=AXIS2_PLACEMENT_3D('',#3591,#2820,#2821);
#2256=AXIS2_PLACEMENT_3D('',#3593,#2823,#2824);
#2257=AXIS2_PLACEMENT_3D('',#3594,#2825,#2826);
#2258=AXIS2_PLACEMENT_3D('',#3595,#2827,#2828);
#2259=AXIS2_PLACEMENT_3D('',#3596,#2829,#2830);
#2260=AXIS2_PLACEMENT_3D('',#3597,#2831,#2832);
#2261=AXIS2_PLACEMENT_3D('',#3599,#2833,#2834);
#2262=AXIS2_PLACEMENT_3D('',#3600,#2835,#2836);
#2263=AXIS2_PLACEMENT_3D('',#3602,#2837,#2838);
#2264=AXIS2_PLACEMENT_3D('',#3603,#2839,#2840);
#2265=AXIS2_PLACEMENT_3D('',#3605,#2841,#2842);
#2266=AXIS2_PLACEMENT_3D('',#3607,#2843,#2844);
#2267=AXIS2_PLACEMENT_3D('',#3608,#2845,#2846);
#2268=AXIS2_PLACEMENT_3D('',#3609,#2847,#2848);
#2269=AXIS2_PLACEMENT_3D('',#3612,#2849,#2850);
#2270=AXIS2_PLACEMENT_3D('',#3614,#2852,#2853);
#2271=AXIS2_PLACEMENT_3D('',#3615,#2854,#2855);
#2272=AXIS2_PLACEMENT_3D('',#3617,#2856,#2857);
#2273=AXIS2_PLACEMENT_3D('',#3618,#2858,#2859);
#2274=AXIS2_PLACEMENT_3D('',#3620,#2860,#2861);
#2275=AXIS2_PLACEMENT_3D('',#3621,#2862,#2863);
#2276=AXIS2_PLACEMENT_3D('',#3622,#2864,#2865);
#2277=AXIS2_PLACEMENT_3D('',#3624,#2866,#2867);
#2278=AXIS2_PLACEMENT_3D('',#3625,#2868,#2869);
#2279=AXIS2_PLACEMENT_3D('',#3627,#2871,#2872);
#2280=DIRECTION('axis',(0.,0.,1.));
#2281=DIRECTION('refdir',(1.,0.,0.));
#2282=DIRECTION('center_axis',(-1.,0.,0.));
#2283=DIRECTION('ref_axis',(0.,-1.,0.));
#2284=DIRECTION('',(-4.69824687632143E-16,-1.,0.));
#2285=DIRECTION('center_axis',(-1.,0.,0.));
#2286=DIRECTION('ref_axis',(0.,0.771606180708547,-0.636100543854797));
#2287=DIRECTION('',(0.,0.406138466053448,0.913811548620257));
#2288=DIRECTION('',(0.,-1.,0.));
#2289=DIRECTION('',(0.,0.,1.));
#2290=DIRECTION('center_axis',(1.,0.,0.));
#2291=DIRECTION('ref_axis',(0.,-0.707106781186548,0.707106781186548));
#2292=DIRECTION('',(0.,0.,-1.));
#2293=DIRECTION('center_axis',(-1.,0.,0.));
#2294=DIRECTION('ref_axis',(0.,-0.707106781186548,-0.707106781186548));
#2295=DIRECTION('',(0.,1.,0.));
#2296=DIRECTION('center_axis',(-1.,0.,0.));
#2297=DIRECTION('ref_axis',(0.,0.707106781186548,-0.707106781186548));
#2298=DIRECTION('',(0.,0.,1.));
#2299=DIRECTION('center_axis',(1.,0.,0.));
#2300=DIRECTION('ref_axis',(0.,-0.707106781186548,0.707106781186548));
#2301=DIRECTION('center_axis',(1.,0.,0.));
#2302=DIRECTION('ref_axis',(0.,0.333333333333338,0.942809041582062));
#2303=DIRECTION('',(0.,0.,1.));
#2304=DIRECTION('',(0.,1.,0.));
#2305=DIRECTION('',(0.,0.,1.));
#2306=DIRECTION('',(4.69824687632143E-16,1.,0.));
#2307=DIRECTION('',(0.,0.,-1.));
#2308=DIRECTION('center_axis',(0.,1.,0.));
#2309=DIRECTION('ref_axis',(0.,0.,1.));
#2310=DIRECTION('',(0.,0.,1.));
#2311=DIRECTION('',(1.,0.,0.));
#2312=DIRECTION('',(0.,0.,1.));
#2313=DIRECTION('',(1.,0.,0.));
#2314=DIRECTION('center_axis',(0.,5.60388967970528E-17,-1.));
#2315=DIRECTION('ref_axis',(0.,1.,5.60388967970528E-17));
#2316=DIRECTION('',(0.,1.,5.60388967970528E-17));
#2317=DIRECTION('',(1.,0.,0.));
#2318=DIRECTION('',(0.,1.,5.60388967970528E-17));
#2319=DIRECTION('center_axis',(0.,-0.92244098830131,0.38613808812613));
#2320=DIRECTION('ref_axis',(0.,-0.38613808812613,-0.92244098830131));
#2321=DIRECTION('',(0.,-0.38613808812613,-0.92244098830131));
#2322=DIRECTION('',(1.,0.,0.));
#2323=DIRECTION('',(0.,-0.38613808812613,-0.92244098830131));
#2324=DIRECTION('center_axis',(0.,-1.,0.));
#2325=DIRECTION('ref_axis',(0.,0.,-1.));
#2326=DIRECTION('',(0.,0.,-1.));
#2327=DIRECTION('',(1.,0.,0.));
#2328=DIRECTION('',(0.,0.,-1.));
#2329=DIRECTION('center_axis',(0.,0.,1.));
#2330=DIRECTION('ref_axis',(0.,-1.,0.));
#2331=DIRECTION('',(0.,-1.,0.));
#2332=DIRECTION('',(0.,-1.,0.));
#2333=DIRECTION('center_axis',(1.,0.,0.));
#2334=DIRECTION('ref_axis',(0.,0.,-1.));
#2335=DIRECTION('center_axis',(0.,-0.913021081279292,0.407912374339874));
#2336=DIRECTION('ref_axis',(6.12917059586304E-17,0.407912374339874,0.913021081279292));
#2337=DIRECTION('',(6.12908517125025E-17,0.407912374339874,0.913021081279292));
#2338=DIRECTION('',(-1.,0.,0.));
#2339=DIRECTION('',(6.12917059586304E-17,0.407912374339874,0.913021081279292));
#2340=DIRECTION('',(-1.,0.,0.));
#2341=DIRECTION('center_axis',(0.,0.,-1.));
#2342=DIRECTION('ref_axis',(-1.50257040026842E-16,-1.,0.));
#2343=DIRECTION('',(-1.50254945836565E-16,-1.,0.));
#2344=DIRECTION('',(-1.,0.,0.));
#2345=DIRECTION('',(-1.50257040026842E-16,-1.,0.));
#2346=DIRECTION('center_axis',(0.,1.,-8.23855401692657E-51));
#2347=DIRECTION('ref_axis',(5.48297371987019E-35,-8.23855401692657E-51,
-1.));
#2348=DIRECTION('',(-1.23788348758492E-66,-8.23855401692657E-51,-1.));
#2349=DIRECTION('',(-1.,0.,0.));
#2350=DIRECTION('',(5.48297371987019E-35,-8.23855401692657E-51,-1.));
#2351=DIRECTION('center_axis',(0.,0.,1.));
#2352=DIRECTION('ref_axis',(1.50257040026842E-16,1.,0.));
#2353=DIRECTION('',(1.50254945836565E-16,1.,0.));
#2354=DIRECTION('',(-1.,0.,0.));
#2355=DIRECTION('',(1.50257040026842E-16,1.,0.));
#2356=DIRECTION('center_axis',(0.,-1.,0.));
#2357=DIRECTION('ref_axis',(0.,0.,1.));
#2358=DIRECTION('',(0.,0.,1.));
#2359=DIRECTION('',(0.,0.,1.));
#2360=DIRECTION('center_axis',(-1.,0.,0.));
#2361=DIRECTION('ref_axis',(0.,0.,1.));
#2362=DIRECTION('',(1.,0.,0.));
#2363=DIRECTION('center_axis',(-1.,0.,0.));
#2364=DIRECTION('ref_axis',(0.,-1.,0.));
#2365=DIRECTION('center_axis',(1.,0.,0.));
#2366=DIRECTION('ref_axis',(0.,0.707106781186548,0.707106781186548));
#2367=DIRECTION('',(0.,0.,-1.));
#2368=DIRECTION('center_axis',(-1.,0.,0.));
#2369=DIRECTION('ref_axis',(0.,-0.707106781186548,-0.707106781186548));
#2370=DIRECTION('',(0.,1.,0.));
#2371=DIRECTION('center_axis',(-1.,0.,0.));
#2372=DIRECTION('ref_axis',(0.,0.707106781186548,-0.707106781186548));
#2373=DIRECTION('',(0.,0.,1.));
#2374=DIRECTION('center_axis',(1.,0.,0.));
#2375=DIRECTION('ref_axis',(0.,-0.707106781186548,0.707106781186548));
#2376=DIRECTION('center_axis',(1.,0.,0.));
#2377=DIRECTION('ref_axis',(0.,0.333333333333338,0.942809041582062));
#2378=DIRECTION('',(0.,0.,1.));
#2379=DIRECTION('',(0.,1.,0.));
#2380=DIRECTION('',(0.,0.,-1.));
#2381=DIRECTION('',(-4.69779609830159E-16,-1.,0.));
#2382=DIRECTION('center_axis',(-1.,0.,0.));
#2383=DIRECTION('ref_axis',(0.,0.544913540823933,-0.838492237904874));
#2384=DIRECTION('',(0.,0.406138466053448,0.913811548620257));
#2385=DIRECTION('',(0.,0.,1.));
#2386=DIRECTION('center_axis',(1.,0.,0.));
#2387=DIRECTION('ref_axis',(0.,0.707106781186548,0.707106781186548));
#2388=DIRECTION('center_axis',(-1.,0.,0.));
#2389=DIRECTION('ref_axis',(0.,0.707106781186548,0.707106781186548));
#2390=DIRECTION('',(-1.,0.,0.));
#2391=DIRECTION('center_axis',(-1.,0.,0.));
#2392=DIRECTION('ref_axis',(0.,0.333333333333338,0.942809041582062));
#2393=DIRECTION('center_axis',(-1.,0.,0.));
#2394=DIRECTION('ref_axis',(0.,0.333333333333338,0.942809041582062));
#2395=DIRECTION('',(-1.,0.,0.));
#2396=DIRECTION('',(-1.,0.,0.));
#2397=DIRECTION('center_axis',(-1.,0.,0.));
#2398=DIRECTION('ref_axis',(0.,-0.707106781186548,0.707106781186548));
#2399=DIRECTION('',(1.,0.,0.));
#2400=DIRECTION('center_axis',(-1.,0.,0.));
#2401=DIRECTION('ref_axis',(0.,-0.707106781186548,0.707106781186548));
#2402=DIRECTION('center_axis',(-1.,0.,0.));
#2403=DIRECTION('ref_axis',(0.,0.333333333333338,0.942809041582062));
#2404=DIRECTION('center_axis',(-1.,1.50254945836565E-16,0.));
#2405=DIRECTION('ref_axis',(0.,0.333333333333338,0.942809041582062));
#2406=DIRECTION('',(-1.,0.,0.));
#2407=DIRECTION('',(-1.,0.,0.));
#2408=DIRECTION('center_axis',(1.,-1.50254945836565E-16,0.));
#2409=DIRECTION('ref_axis',(1.50254945836565E-16,1.,0.));
#2410=DIRECTION('',(0.,1.,0.));
#2411=DIRECTION('',(0.,0.,1.));
#2412=DIRECTION('',(-1.50254945836565E-16,-1.,0.));
#2413=DIRECTION('',(0.,0.,1.));
#2414=DIRECTION('center_axis',(-1.,1.50254945836565E-16,0.));
#2415=DIRECTION('ref_axis',(0.,-0.707106781186548,0.707106781186548));
#2416=DIRECTION('',(0.,0.,-1.));
#2417=DIRECTION('center_axis',(1.,-1.50254945836565E-16,0.));
#2418=DIRECTION('ref_axis',(0.,0.707106781186548,-0.707106781186548));
#2419=DIRECTION('',(-1.50254945836565E-16,-1.,0.));
#2420=DIRECTION('center_axis',(1.,-1.50254945836565E-16,0.));
#2421=DIRECTION('ref_axis',(0.,-0.707106781186548,-0.707106781186548));
#2422=DIRECTION('',(0.,0.,1.));
#2423=DIRECTION('center_axis',(-1.,1.50254945836565E-16,0.));
#2424=DIRECTION('ref_axis',(-1.06246290783673E-16,-0.707106781186548,0.707106781186548));
#2425=DIRECTION('',(0.,0.,-1.));
#2426=DIRECTION('',(1.50254945836565E-16,1.,0.));
#2427=DIRECTION('',(-6.10243132190065E-17,-0.406138466053448,-0.913811548620257));
#2428=DIRECTION('center_axis',(1.,-1.50254945836565E-16,0.));
#2429=DIRECTION('ref_axis',(0.,0.771606180708547,-0.636100543854797));
#2430=DIRECTION('center_axis',(-1.,0.,0.));
#2431=DIRECTION('ref_axis',(0.,-0.707106781186548,0.707106781186548));
#2432=DIRECTION('',(1.,0.,0.));
#2433=DIRECTION('',(-1.,6.4104748176419E-9,0.));
#2434=DIRECTION('center_axis',(0.,-1.,0.));
#2435=DIRECTION('ref_axis',(0.,0.,-1.));
#2436=DIRECTION('',(1.,0.,0.));
#2437=DIRECTION('center_axis',(-1.,6.4104748176419E-9,0.));
#2438=DIRECTION('ref_axis',(-4.53289042352583E-9,-0.707106781186548,0.707106781186548));
#2439=DIRECTION('',(1.,-6.4104748176419E-9,0.));
#2440=DIRECTION('center_axis',(6.4104748176419E-9,1.,0.));
#2441=DIRECTION('ref_axis',(0.,0.,1.));
#2442=DIRECTION('',(1.,-6.4104748176419E-9,0.));
#2443=DIRECTION('center_axis',(0.000725526711853774,0.999999736805461,0.));
#2444=DIRECTION('ref_axis',(0.,0.,-1.));
#2445=DIRECTION('',(0.999999736805461,-0.000725526711853774,0.));
#2446=DIRECTION('',(0.,0.,1.));
#2447=DIRECTION('center_axis',(1.,0.,0.));
#2448=DIRECTION('ref_axis',(0.,0.707106781186548,-0.707106781186548));
#2449=DIRECTION('',(1.,0.,0.));
#2450=DIRECTION('',(-1.,0.,0.));
#2451=DIRECTION('center_axis',(0.,0.,-1.));
#2452=DIRECTION('ref_axis',(0.,1.,0.));
#2453=DIRECTION('',(-1.,0.,0.));
#2454=DIRECTION('center_axis',(1.,0.,0.));
#2455=DIRECTION('ref_axis',(0.,-0.707106781186548,-0.707106781186548));
#2456=DIRECTION('center_axis',(1.,0.,0.));
#2457=DIRECTION('ref_axis',(0.,0.707106781186548,-0.707106781186548));
#2458=DIRECTION('',(1.,0.,0.));
#2459=DIRECTION('center_axis',(1.,0.,0.));
#2460=DIRECTION('ref_axis',(0.,0.707106781186548,-0.707106781186548));
#2461=DIRECTION('',(-1.,0.,0.));
#2462=DIRECTION('center_axis',(0.,0.,-1.));
#2463=DIRECTION('ref_axis',(0.,1.,0.));
#2464=DIRECTION('',(-1.,0.,0.));
#2465=DIRECTION('',(0.,-1.,0.));
#2466=DIRECTION('center_axis',(1.,0.,0.));
#2467=DIRECTION('ref_axis',(0.,-0.707106781186548,-0.707106781186548));
#2468=DIRECTION('',(1.,0.,0.));
#2469=DIRECTION('center_axis',(1.,0.,0.));
#2470=DIRECTION('ref_axis',(0.,-0.707106781186548,-0.707106781186548));
#2471=DIRECTION('center_axis',(0.,-1.,0.));
#2472=DIRECTION('ref_axis',(0.,0.,-1.));
#2473=DIRECTION('',(0.,0.,1.));
#2474=DIRECTION('center_axis',(0.,1.,0.));
#2475=DIRECTION('ref_axis',(0.,0.,1.));
#2476=DIRECTION('',(0.,0.,-1.));
#2477=DIRECTION('center_axis',(0.,1.,0.));
#2478=DIRECTION('ref_axis',(0.,0.,1.));
#2479=DIRECTION('center_axis',(1.,0.,0.));
#2480=DIRECTION('ref_axis',(0.,1.,0.));
#2481=DIRECTION('',(0.,1.,0.));
#2482=DIRECTION('',(0.,-0.406138466053448,-0.913811548620257));
#2483=DIRECTION('',(0.,0.,1.));
#2484=DIRECTION('',(0.,0.,1.));
#2485=DIRECTION('',(0.,-1.,0.));
#2486=DIRECTION('',(0.,0.,1.));
#2487=DIRECTION('center_axis',(-1.,0.,0.));
#2488=DIRECTION('ref_axis',(0.,0.544913540823933,-0.838492237904874));
#2489=DIRECTION('center_axis',(1.,0.,0.));
#2490=DIRECTION('ref_axis',(0.,0.544913540823933,-0.838492237904874));
#2491=DIRECTION('',(-1.,0.,0.));
#2492=DIRECTION('',(1.,0.,0.));
#2493=DIRECTION('center_axis',(0.,0.913811548620257,-0.406138466053448));
#2494=DIRECTION('ref_axis',(0.,0.406138466053448,0.913811548620257));
#2495=DIRECTION('',(0.,-0.406138466053448,-0.913811548620257));
#2496=DIRECTION('',(-0.999998404386294,0.000725525745147823,0.0016324329265826));
#2497=DIRECTION('',(1.,0.,0.));
#2498=DIRECTION('center_axis',(1.,0.,0.));
#2499=DIRECTION('ref_axis',(0.,0.771606180708547,-0.636100543854797));
#2500=DIRECTION('',(-1.,0.,0.));
#2501=DIRECTION('',(1.,0.,0.));
#2502=DIRECTION('center_axis',(0.,0.,-1.));
#2503=DIRECTION('ref_axis',(0.707106781186548,-0.707106781186548,0.));
#2504=DIRECTION('center_axis',(0.,0.,1.));
#2505=DIRECTION('ref_axis',(0.707106781186548,-0.707106781186548,0.));
#2506=DIRECTION('center_axis',(0.,0.,-1.));
#2507=DIRECTION('ref_axis',(0.707106781186548,-0.707106781186548,0.));
#2508=DIRECTION('',(0.,0.,1.));
#2509=DIRECTION('center_axis',(0.,0.,1.));
#2510=DIRECTION('ref_axis',(0.707106781186548,-0.707106781186548,0.));
#2511=DIRECTION('',(0.,0.,-1.));
#2512=DIRECTION('center_axis',(0.,0.,1.));
#2513=DIRECTION('ref_axis',(-0.707106781186548,-0.707106781186548,0.));
#2514=DIRECTION('center_axis',(0.,0.,1.));
#2515=DIRECTION('ref_axis',(-0.707106781186548,-0.707106781186548,0.));
#2516=DIRECTION('',(0.,0.,-1.));
#2517=DIRECTION('center_axis',(0.,0.,1.));
#2518=DIRECTION('ref_axis',(-0.707106781186548,-0.707106781186548,0.));
#2519=DIRECTION('',(0.,0.,1.));
#2520=DIRECTION('center_axis',(1.,0.,0.));
#2521=DIRECTION('ref_axis',(0.,1.,0.));
#2522=DIRECTION('',(0.,-1.,0.));
#2523=DIRECTION('',(0.,0.,-1.));
#2524=DIRECTION('',(0.,1.,0.));
#2525=DIRECTION('center_axis',(0.,0.,1.));
#2526=DIRECTION('ref_axis',(-0.707106781186548,-0.707106781186548,0.));
#2527=DIRECTION('center_axis',(0.,0.,1.));
#2528=DIRECTION('ref_axis',(-0.707106781186548,-0.707106781186548,0.));
#2529=DIRECTION('',(0.,0.,-1.));
#2530=DIRECTION('center_axis',(0.,0.,-1.));
#2531=DIRECTION('ref_axis',(-0.707106781186548,-0.707106781186548,0.));
#2532=DIRECTION('center_axis',(0.,0.,-1.));
#2533=DIRECTION('ref_axis',(0.707106781186548,-0.707106781186547,0.));
#2534=DIRECTION('center_axis',(0.,0.,1.));
#2535=DIRECTION('ref_axis',(0.707106781186548,-0.707106781186547,0.));
#2536=DIRECTION('',(0.,0.,1.));
#2537=DIRECTION('center_axis',(0.,0.,1.));
#2538=DIRECTION('ref_axis',(0.707106781186548,-0.707106781186547,0.));
#2539=DIRECTION('center_axis',(0.,0.,1.));
#2540=DIRECTION('ref_axis',(1.,0.,0.));
#2541=DIRECTION('',(-1.,0.,0.));
#2542=DIRECTION('',(-1.,0.,0.));
#2543=DIRECTION('',(-0.999999736805461,0.000725526711853774,0.));
#2544=DIRECTION('center_axis',(0.,0.,1.));
#2545=DIRECTION('ref_axis',(0.,-1.,0.));
#2546=DIRECTION('center_axis',(0.,0.,1.));
#2547=DIRECTION('ref_axis',(0.,-1.,0.));
#2548=DIRECTION('',(1.,0.,0.));
#2549=DIRECTION('center_axis',(0.,0.913811548620257,-0.406138466053448));
#2550=DIRECTION('ref_axis',(0.,0.406138466053448,0.913811548620257));
#2551=DIRECTION('center_axis',(0.000725526711853774,0.999999736805461,0.));
#2552=DIRECTION('ref_axis',(0.,0.,-1.));
#2553=DIRECTION('center_axis',(0.,0.,1.));
#2554=DIRECTION('ref_axis',(1.,0.,0.));
#2555=DIRECTION('',(-1.,0.,0.));
#2556=DIRECTION('',(-1.,6.4104748176419E-9,0.));
#2557=DIRECTION('',(-1.,0.,0.));
#2558=DIRECTION('center_axis',(0.,0.,1.));
#2559=DIRECTION('ref_axis',(1.,0.,0.));
#2560=DIRECTION('',(-0.999999736805461,0.000725526711853774,0.));
#2561=DIRECTION('',(-1.,0.,0.));
#2562=DIRECTION('center_axis',(-0.000725526711853774,-0.999999736805461,
0.));
#2563=DIRECTION('ref_axis',(0.,0.,1.));
#2564=DIRECTION('',(0.999999736805461,-0.000725526711853774,0.));
#2565=DIRECTION('',(0.,0.,1.));
#2566=DIRECTION('center_axis',(-6.4104748176419E-9,-1.,0.));
#2567=DIRECTION('ref_axis',(0.,0.,-1.));
#2568=DIRECTION('',(0.,0.,-1.));
#2569=DIRECTION('',(-1.,0.,0.));
#2570=DIRECTION('',(0.,0.,1.));
#2571=DIRECTION('center_axis',(0.,1.,0.));
#2572=DIRECTION('ref_axis',(-1.,0.,0.));
#2573=DIRECTION('',(1.,0.,0.));
#2574=DIRECTION('center_axis',(0.,1.,0.));
#2575=DIRECTION('ref_axis',(-1.,0.,0.));
#2576=DIRECTION('',(-1.,0.,0.));
#2577=DIRECTION('center_axis',(0.,-1.,0.));
#2578=DIRECTION('ref_axis',(0.42074799638537,0.,0.907177558991456));
#2579=DIRECTION('',(0.645942247075394,0.,-0.763386280622851));
#2580=DIRECTION('center_axis',(0.,1.,0.));
#2581=DIRECTION('ref_axis',(-0.42074799638537,0.,-0.907177558991456));
#2582=DIRECTION('',(1.,0.,-6.02412567369559E-18));
#2583=DIRECTION('center_axis',(0.,1.,0.));
#2584=DIRECTION('ref_axis',(0.420748006990006,0.,-0.907177554073037));
#2585=DIRECTION('',(0.645942229227875,0.,0.763386295724598));
#2586=DIRECTION('center_axis',(0.,-1.,0.));
#2587=DIRECTION('ref_axis',(-0.420748006990007,0.,0.907177554073036));
#2588=DIRECTION('',(-1.,0.,0.));
#2589=DIRECTION('center_axis',(0.,1.,0.));
#2590=DIRECTION('ref_axis',(-1.,0.,0.));
#2591=DIRECTION('',(1.,0.,0.));
#2592=DIRECTION('',(0.,0.,-1.));
#2593=DIRECTION('',(-1.,0.,0.));
#2594=DIRECTION('center_axis',(0.,1.,0.));
#2595=DIRECTION('ref_axis',(-1.,0.,0.));
#2596=DIRECTION('',(1.,0.,0.));
#2597=DIRECTION('center_axis',(0.,1.,0.));
#2598=DIRECTION('ref_axis',(-1.,0.,0.));
#2599=DIRECTION('',(1.,0.,0.));
#2600=DIRECTION('center_axis',(0.,0.,1.));
#2601=DIRECTION('ref_axis',(-0.707106781186547,-0.707106781186547,0.));
#2602=DIRECTION('center_axis',(0.,0.,1.));
#2603=DIRECTION('ref_axis',(-0.707106781186547,-0.707106781186547,0.));
#2604=DIRECTION('',(0.,0.,1.));
#2605=DIRECTION('center_axis',(0.,0.,1.));
#2606=DIRECTION('ref_axis',(-0.707106781186547,-0.707106781186547,0.));
#2607=DIRECTION('',(0.,0.,-1.));
#2608=DIRECTION('center_axis',(1.,0.,0.));
#2609=DIRECTION('ref_axis',(0.,1.,0.));
#2610=DIRECTION('',(0.,-1.,0.));
#2611=DIRECTION('',(0.,0.,-1.));
#2612=DIRECTION('',(0.,1.,0.));
#2613=DIRECTION('center_axis',(0.,0.,1.));
#2614=DIRECTION('ref_axis',(0.707106781186547,-0.707106781186547,0.));
#2615=DIRECTION('center_axis',(0.,0.,1.));
#2616=DIRECTION('ref_axis',(0.707106781186547,-0.707106781186547,0.));
#2617=DIRECTION('',(0.,0.,1.));
#2618=DIRECTION('center_axis',(0.,0.,1.));
#2619=DIRECTION('ref_axis',(0.707106781186547,-0.707106781186547,0.));
#2620=DIRECTION('',(0.,0.,-1.));
#2621=DIRECTION('center_axis',(0.,1.,0.));
#2622=DIRECTION('ref_axis',(-1.,0.,0.));
#2623=DIRECTION('',(1.,0.,0.));
#2624=DIRECTION('center_axis',(0.,1.,0.));
#2625=DIRECTION('ref_axis',(0.420748019109593,0.,-0.907177548451985));
#2626=DIRECTION('',(0.645942208830708,0.,0.763386312983739));
#2627=DIRECTION('center_axis',(0.,-1.,0.));
#2628=DIRECTION('ref_axis',(-0.420748019109593,0.,0.907177548451985));
#2629=DIRECTION('',(-1.,0.,0.));
#2630=DIRECTION('center_axis',(0.,0.,1.));
#2631=DIRECTION('ref_axis',(0.707106781186547,0.707106781186547,0.));
#2632=DIRECTION('center_axis',(0.,0.,1.));
#2633=DIRECTION('ref_axis',(0.707106781186547,0.707106781186547,0.));
#2634=DIRECTION('',(0.,0.,1.));
#2635=DIRECTION('center_axis',(0.,0.,1.));
#2636=DIRECTION('ref_axis',(0.707106781186547,0.707106781186547,0.));
#2637=DIRECTION('',(0.,0.,-1.));
#2638=DIRECTION('center_axis',(0.,0.,1.));
#2639=DIRECTION('ref_axis',(1.,0.,0.));
#2640=DIRECTION('',(1.,0.,0.));
#2641=DIRECTION('',(0.,1.,0.));
#2642=DIRECTION('',(-1.,0.,-5.45986215387545E-18));
#2643=DIRECTION('',(0.,-1.,0.));
#2644=DIRECTION('',(0.,1.,0.));
#2645=DIRECTION('',(-1.,0.,0.));
#2646=DIRECTION('center_axis',(0.,0.,1.));
#2647=DIRECTION('ref_axis',(-0.707106781186547,0.707106781186547,0.));
#2648=DIRECTION('',(-1.,0.,0.));
#2649=DIRECTION('center_axis',(0.,0.,1.));
#2650=DIRECTION('ref_axis',(-0.707106781186547,-0.707106781186548,0.));
#2651=DIRECTION('',(0.,1.,0.));
#2652=DIRECTION('center_axis',(0.,0.,1.));
#2653=DIRECTION('ref_axis',(-0.707106781186547,0.707106781186548,0.));
#2654=DIRECTION('',(1.,0.,0.));
#2655=DIRECTION('center_axis',(0.,0.,1.));
#2656=DIRECTION('ref_axis',(0.707106781186547,0.707106781186548,0.));
#2657=DIRECTION('',(0.,-1.,0.));
#2658=DIRECTION('center_axis',(0.,0.,1.));
#2659=DIRECTION('ref_axis',(0.707106781186548,-0.707106781186548,0.));
#2660=DIRECTION('center_axis',(0.,-1.,0.));
#2661=DIRECTION('ref_axis',(1.,0.,0.));
#2662=DIRECTION('',(1.,0.,0.));
#2663=DIRECTION('center_axis',(0.,1.,0.));
#2664=DIRECTION('ref_axis',(-0.420748006990007,0.,0.907177554073036));
#2665=DIRECTION('',(-0.645942229227875,0.,-0.763386295724598));
#2666=DIRECTION('center_axis',(0.,-1.,0.));
#2667=DIRECTION('ref_axis',(0.420748006990006,0.,-0.907177554073037));
#2668=DIRECTION('',(-1.,0.,6.02412567369559E-18));
#2669=DIRECTION('center_axis',(0.,-1.,0.));
#2670=DIRECTION('ref_axis',(-0.42074799638537,0.,-0.907177558991456));
#2671=DIRECTION('',(-0.645942247075394,0.,0.763386280622851));
#2672=DIRECTION('center_axis',(0.,1.,0.));
#2673=DIRECTION('ref_axis',(0.42074799638537,0.,0.907177558991456));
#2674=DIRECTION('',(1.,0.,0.));
#2675=DIRECTION('',(0.,0.,1.));
#2676=DIRECTION('center_axis',(0.,0.,1.));
#2677=DIRECTION('ref_axis',(-0.707106781186547,0.707106781186547,0.));
#2678=DIRECTION('center_axis',(0.,0.,1.));
#2679=DIRECTION('ref_axis',(-0.707106781186547,0.707106781186547,0.));
#2680=DIRECTION('center_axis',(0.,0.,1.));
#2681=DIRECTION('ref_axis',(0.707106781186547,0.707106781186547,0.));
#2682=DIRECTION('center_axis',(0.,0.,-1.));
#2683=DIRECTION('ref_axis',(0.707106781186547,0.707106781186547,0.));
#2684=DIRECTION('',(0.,0.,-1.));
#2685=DIRECTION('center_axis',(0.,0.,1.));
#2686=DIRECTION('ref_axis',(0.707106781186547,0.707106781186547,0.));
#2687=DIRECTION('',(0.,0.,1.));
#2688=DIRECTION('center_axis',(1.,0.,0.));
#2689=DIRECTION('ref_axis',(0.,1.,0.));
#2690=DIRECTION('',(0.,1.,0.));
#2691=DIRECTION('',(0.,0.,1.));
#2692=DIRECTION('',(0.,-1.,0.));
#2693=DIRECTION('center_axis',(0.,0.,1.));
#2694=DIRECTION('ref_axis',(1.,0.,0.));
#2695=DIRECTION('',(-1.,0.,0.));
#2696=DIRECTION('',(0.,1.,0.));
#2697=DIRECTION('',(0.,-1.,0.));
#2698=DIRECTION('',(0.,1.,0.));
#2699=DIRECTION('',(1.,0.,0.));
#2700=DIRECTION('center_axis',(0.,0.,-1.));
#2701=DIRECTION('ref_axis',(0.707106781186547,-0.707106781186547,0.));
#2702=DIRECTION('center_axis',(0.,0.,1.));
#2703=DIRECTION('ref_axis',(0.707106781186547,-0.707106781186547,0.));
#2704=DIRECTION('',(0.,0.,-1.));
#2705=DIRECTION('center_axis',(0.,0.,1.));
#2706=DIRECTION('ref_axis',(0.707106781186547,-0.707106781186547,0.));
#2707=DIRECTION('center_axis',(0.,-1.,0.));
#2708=DIRECTION('ref_axis',(1.,0.,0.));
#2709=DIRECTION('center_axis',(0.,1.,0.));
#2710=DIRECTION('ref_axis',(-0.420748019109593,0.,0.907177548451985));
#2711=DIRECTION('',(-0.645942208830708,0.,-0.763386312983739));
#2712=DIRECTION('center_axis',(0.,-1.,0.));
#2713=DIRECTION('ref_axis',(0.420748019109593,0.,-0.907177548451985));
#2714=DIRECTION('center_axis',(0.,-1.,0.));
#2715=DIRECTION('ref_axis',(-0.420747996385369,0.,-0.907177558991457));
#2716=DIRECTION('',(-0.645942247075394,0.,0.763386280622851));
#2717=DIRECTION('center_axis',(0.,1.,0.));
#2718=DIRECTION('ref_axis',(0.420747996385369,0.,0.907177558991457));
#2719=DIRECTION('',(1.,0.,0.));
#2720=DIRECTION('',(0.,0.,1.));
#2721=DIRECTION('',(-1.,0.,0.));
#2722=DIRECTION('center_axis',(0.,0.,1.));
#2723=DIRECTION('ref_axis',(-0.707106781186547,-0.707106781186547,0.));
#2724=DIRECTION('center_axis',(0.,0.,-1.));
#2725=DIRECTION('ref_axis',(-0.707106781186547,-0.707106781186547,0.));
#2726=DIRECTION('',(0.,0.,-1.));
#2727=DIRECTION('center_axis',(0.,0.,1.));
#2728=DIRECTION('ref_axis',(-0.707106781186547,-0.707106781186547,0.));
#2729=DIRECTION('center_axis',(-1.,0.,0.));
#2730=DIRECTION('ref_axis',(0.,-1.,0.));
#2731=DIRECTION('',(0.,-1.,0.));
#2732=DIRECTION('',(0.,0.,1.));
#2733=DIRECTION('',(0.,1.,0.));
#2734=DIRECTION('center_axis',(0.,0.,1.));
#2735=DIRECTION('ref_axis',(1.,0.,0.));
#2736=DIRECTION('',(0.,-1.,0.));
#2737=DIRECTION('',(-1.,0.,0.));
#2738=DIRECTION('',(0.,-1.,0.));
#2739=DIRECTION('center_axis',(0.,0.,-1.));
#2740=DIRECTION('ref_axis',(-0.707106781186547,0.707106781186547,0.));
#2741=DIRECTION('center_axis',(0.,0.,1.));
#2742=DIRECTION('ref_axis',(-0.707106781186547,0.707106781186547,0.));
#2743=DIRECTION('center_axis',(0.,0.,1.));
#2744=DIRECTION('ref_axis',(-0.707106781186547,0.707106781186547,0.));
#2745=DIRECTION('center_axis',(0.,1.,0.));
#2746=DIRECTION('ref_axis',(-1.,0.,0.));
#2747=DIRECTION('',(1.,0.,0.));
#2748=DIRECTION('center_axis',(0.,0.,1.));
#2749=DIRECTION('ref_axis',(-0.707106781186547,-0.707106781186548,0.));
#2750=DIRECTION('center_axis',(0.,0.,-1.));
#2751=DIRECTION('ref_axis',(-0.707106781186547,-0.707106781186548,0.));
#2752=DIRECTION('',(0.,0.,1.));
#2753=DIRECTION('',(0.,0.,-1.));
#2754=DIRECTION('center_axis',(1.,0.,0.));
#2755=DIRECTION('ref_axis',(0.,1.,0.));
#2756=DIRECTION('',(0.,1.,0.));
#2757=DIRECTION('',(0.,0.,-1.));
#2758=DIRECTION('center_axis',(0.,0.,1.));
#2759=DIRECTION('ref_axis',(0.707106781186548,-0.707106781186548,0.));
#2760=DIRECTION('center_axis',(0.,0.,-1.));
#2761=DIRECTION('ref_axis',(0.707106781186548,-0.707106781186548,0.));
#2762=DIRECTION('',(0.,0.,1.));
#2763=DIRECTION('',(0.,0.,-1.));
#2764=DIRECTION('center_axis',(0.,1.,0.));
#2765=DIRECTION('ref_axis',(-1.,0.,0.));
#2766=DIRECTION('',(-1.,0.,0.));
#2767=DIRECTION('center_axis',(0.,0.,1.));
#2768=DIRECTION('ref_axis',(0.707106781186547,0.707106781186548,0.));
#2769=DIRECTION('center_axis',(0.,0.,-1.));
#2770=DIRECTION('ref_axis',(0.707106781186547,0.707106781186548,0.));
#2771=DIRECTION('',(0.,0.,1.));
#2772=DIRECTION('',(0.,0.,-1.));
#2773=DIRECTION('center_axis',(-1.,0.,0.));
#2774=DIRECTION('ref_axis',(0.,-1.,0.));
#2775=DIRECTION('',(0.,-1.,0.));
#2776=DIRECTION('center_axis',(0.,0.,1.));
#2777=DIRECTION('ref_axis',(-0.707106781186547,0.707106781186548,0.));
#2778=DIRECTION('center_axis',(0.,0.,-1.));
#2779=DIRECTION('ref_axis',(-0.707106781186547,0.707106781186548,0.));
#2780=DIRECTION('',(0.,0.,1.));
#2781=DIRECTION('center_axis',(0.,-1.,0.));
#2782=DIRECTION('ref_axis',(1.,0.,0.));
#2783=DIRECTION('',(1.,0.,0.));
#2784=DIRECTION('center_axis',(0.,-1.,0.));
#2785=DIRECTION('ref_axis',(-0.42074799638537,0.,-0.907177558991456));
#2786=DIRECTION('',(0.,-1.,0.));
#2787=DIRECTION('',(0.,1.,0.));
#2788=DIRECTION('center_axis',(-0.763386280622851,0.,-0.645942247075394));
#2789=DIRECTION('ref_axis',(0.645942247075394,0.,-0.763386280622851));
#2790=DIRECTION('',(0.,1.,0.));
#2791=DIRECTION('center_axis',(0.,1.,0.));
#2792=DIRECTION('ref_axis',(0.42074799638537,0.,0.907177558991456));
#2793=DIRECTION('center_axis',(0.,-1.,0.));
#2794=DIRECTION('ref_axis',(0.420748006990006,0.,-0.907177554073037));
#2795=DIRECTION('',(0.,-1.,0.));
#2796=DIRECTION('',(0.,1.,0.));
#2797=DIRECTION('center_axis',(-6.02412567369559E-18,0.,-1.));
#2798=DIRECTION('ref_axis',(1.,0.,-6.02412567369559E-18));
#2799=DIRECTION('center_axis',(0.,-1.,0.));
#2800=DIRECTION('ref_axis',(-0.420748006990007,0.,0.907177554073036));
#2801=DIRECTION('',(0.,-1.,0.));
#2802=DIRECTION('center_axis',(0.763386295724598,0.,-0.645942229227875));
#2803=DIRECTION('ref_axis',(0.645942229227875,0.,0.763386295724598));
#2804=DIRECTION('center_axis',(0.,-1.,0.));
#2805=DIRECTION('ref_axis',(-0.420748019109593,0.,0.907177548451985));
#2806=DIRECTION('',(0.,-1.,0.));
#2807=DIRECTION('center_axis',(0.,1.,0.));
#2808=DIRECTION('ref_axis',(0.420748019109593,0.,-0.907177548451985));
#2809=DIRECTION('',(0.,1.,0.));
#2810=DIRECTION('center_axis',(0.,1.,0.));
#2811=DIRECTION('ref_axis',(0.420747996385369,0.,0.907177558991457));
#2812=DIRECTION('',(0.,1.,0.));
#2813=DIRECTION('center_axis',(0.,-1.,0.));
#2814=DIRECTION('ref_axis',(0.420747996385369,0.,0.907177558991457));
#2815=DIRECTION('center_axis',(0.,1.,0.));
#2816=DIRECTION('ref_axis',(-0.420747996385369,0.,-0.907177558991457));
#2817=DIRECTION('center_axis',(0.,1.,0.));
#2818=DIRECTION('ref_axis',(-0.420747996385369,0.,-0.907177558991457));
#2819=DIRECTION('',(0.,-1.,0.));
#2820=DIRECTION('center_axis',(-0.763386280622851,0.,-0.645942247075394));
#2821=DIRECTION('ref_axis',(-0.645942247075394,0.,0.763386280622851));
#2822=DIRECTION('',(0.645942247075394,0.,-0.763386280622851));
#2823=DIRECTION('center_axis',(0.763386312983739,0.,-0.645942208830708));
#2824=DIRECTION('ref_axis',(-0.645942208830708,0.,-0.763386312983739));
#2825=DIRECTION('center_axis',(0.,1.,0.));
#2826=DIRECTION('ref_axis',(-1.,0.,0.));
#2827=DIRECTION('center_axis',(-1.,0.,0.));
#2828=DIRECTION('ref_axis',(0.,-1.,0.));
#2829=DIRECTION('center_axis',(0.,0.,1.));
#2830=DIRECTION('ref_axis',(1.,0.,0.));
#2831=DIRECTION('center_axis',(0.,0.,1.));
#2832=DIRECTION('ref_axis',(1.,0.,0.));
#2833=DIRECTION('center_axis',(0.,0.,-1.));
#2834=DIRECTION('ref_axis',(1.,0.,0.));
#2835=DIRECTION('center_axis',(0.,0.,1.));
#2836=DIRECTION('ref_axis',(1.,0.,0.));
#2837=DIRECTION('center_axis',(0.,0.,1.));
#2838=DIRECTION('ref_axis',(1.,0.,0.));
#2839=DIRECTION('center_axis',(0.,0.,1.));
#2840=DIRECTION('ref_axis',(1.,0.,0.));
#2841=DIRECTION('center_axis',(0.,0.,-1.));
#2842=DIRECTION('ref_axis',(1.,0.,0.));
#2843=DIRECTION('center_axis',(0.,-1.,0.));
#2844=DIRECTION('ref_axis',(-1.,0.,0.));
#2845=DIRECTION('center_axis',(0.,0.,1.));
#2846=DIRECTION('ref_axis',(1.,0.,0.));
#2847=DIRECTION('center_axis',(0.,0.,1.));
#2848=DIRECTION('ref_axis',(1.,0.,0.));
#2849=DIRECTION('center_axis',(0.,0.,1.));
#2850=DIRECTION('ref_axis',(1.,0.,0.));
#2851=DIRECTION('',(0.,0.,-1.));
#2852=DIRECTION('center_axis',(0.,0.,1.));
#2853=DIRECTION('ref_axis',(1.,0.,0.));
#2854=DIRECTION('center_axis',(0.,0.,1.));
#2855=DIRECTION('ref_axis',(1.,0.,0.));
#2856=DIRECTION('center_axis',(0.,0.,-1.));
#2857=DIRECTION('ref_axis',(1.,0.,0.));
#2858=DIRECTION('center_axis',(0.,0.,-1.));
#2859=DIRECTION('ref_axis',(-1.,0.,0.));
#2860=DIRECTION('center_axis',(0.,-1.,0.));
#2861=DIRECTION('ref_axis',(1.,0.,0.));
#2862=DIRECTION('center_axis',(0.,0.,-1.));
#2863=DIRECTION('ref_axis',(1.,0.,0.));
#2864=DIRECTION('center_axis',(0.,0.,1.));
#2865=DIRECTION('ref_axis',(1.,0.,0.));
#2866=DIRECTION('center_axis',(0.,0.,1.));
#2867=DIRECTION('ref_axis',(1.,0.,0.));
#2868=DIRECTION('center_axis',(0.,0.,1.));
#2869=DIRECTION('ref_axis',(1.,0.,0.));
#2870=DIRECTION('',(0.,0.,1.));
#2871=DIRECTION('center_axis',(0.,0.,1.));
#2872=DIRECTION('ref_axis',(1.,0.,0.));
#2873=DIRECTION('',(0.,0.,-1.));
#2874=CARTESIAN_POINT('',(0.,0.,0.));
#2875=CARTESIAN_POINT('Origin',(38.8459537649196,109.112502824491,0.));
#2876=CARTESIAN_POINT('',(38.8459537649196,67.6136326383277,4.));
#2877=CARTESIAN_POINT('',(38.8459537649196,54.0010762584586,4.));
#2878=CARTESIAN_POINT('',(38.8459537649196,50.0010762264063,4.));
#2879=CARTESIAN_POINT('',(38.8459537649196,68.3246594778863,5.14981038900675));
#2880=CARTESIAN_POINT('Origin',(38.8459537649196,63.755601734785,7.18050271927399));
#2881=CARTESIAN_POINT('',(38.8459537649196,87.8136326383277,49.));
#2882=CARTESIAN_POINT('',(38.8459537649196,70.4774569835783,9.99360477681376));
#2883=CARTESIAN_POINT('',(38.8459537649196,87.8100057502877,49.));
#2884=CARTESIAN_POINT('',(38.8459537649196,98.4630677314092,49.));
#2885=CARTESIAN_POINT('',(38.8459537649196,87.8100056965692,111.180227384096));
#2886=CARTESIAN_POINT('',(38.8459537649196,87.8100056965692,0.));
#2887=CARTESIAN_POINT('',(38.8459537649196,90.8100056965692,114.180227384096));
#2888=CARTESIAN_POINT('Origin',(38.8459537649196,90.8100056965692,111.180227384096));
#2889=CARTESIAN_POINT('',(38.8459537649196,92.8136326383277,111.350520556736));
#2890=CARTESIAN_POINT('Ctrl Pts',(38.8459537649196,92.8136326383277,111.350520556736));
#2891=CARTESIAN_POINT('Ctrl Pts',(38.8459537661116,92.8136326383277,111.878624033035));
#2892=CARTESIAN_POINT('Ctrl Pts',(38.8459537673045,92.6711414858235,112.407086038465));
#2893=CARTESIAN_POINT('Ctrl Pts',(38.8459537683322,92.4047625369744,112.862369954681));
#2894=CARTESIAN_POINT('Ctrl Pts',(38.8459537697024,92.0495906051757,113.469415176301));
#2895=CARTESIAN_POINT('Ctrl Pts',(38.845953770779,91.4741737020971,113.946366017097));
#2896=CARTESIAN_POINT('Ctrl Pts',(38.8459537713068,90.8100056965693,114.180227384096));
#2897=CARTESIAN_POINT('',(38.8459537649196,92.8136326383277,105.64));
#2898=CARTESIAN_POINT('',(38.8459537649196,92.8136326383277,60.));
#2899=CARTESIAN_POINT('',(38.8459537649196,98.4536326383277,100.));
#2900=CARTESIAN_POINT('Origin',(38.8459537649196,98.4536326383277,105.64));
#2901=CARTESIAN_POINT('',(38.8459537649196,98.4725028244907,100.));
#2902=CARTESIAN_POINT('',(38.8459537649196,100.963067731409,100.));
#2903=CARTESIAN_POINT('',(38.8459537649196,104.112502824491,105.64));
#2904=CARTESIAN_POINT('Origin',(38.8459537649196,98.4725028244907,105.64));
#2905=CARTESIAN_POINT('',(38.8459537649196,104.112502824491,111.180227384096));
#2906=CARTESIAN_POINT('',(38.8459537649196,104.112502824491,50.));
#2907=CARTESIAN_POINT('',(38.8459537649196,107.112502824491,114.180227384096));
#2908=CARTESIAN_POINT('Origin',(38.8459537649196,107.112502824491,111.180227384096));
#2909=CARTESIAN_POINT('',(38.8459537649196,109.112502824491,111.35180025935));
#2910=CARTESIAN_POINT('Origin',(38.8459537649196,106.112502824491,111.35180025935));
#2911=CARTESIAN_POINT('',(38.8459537649196,109.112502824491,0.));
#2912=CARTESIAN_POINT('',(38.8459537649196,109.112502824491,0.));
#2913=CARTESIAN_POINT('',(38.8459537649196,87.8100056965692,0.));
#2914=CARTESIAN_POINT('',(38.8459537649196,87.8100056965692,0.));
#2915=CARTESIAN_POINT('',(38.8459537649196,87.8100056965692,2.));
#2916=CARTESIAN_POINT('',(38.8459537649196,87.8100056965692,0.));
#2917=CARTESIAN_POINT('',(38.8459537649196,54.0010762584586,2.));
#2918=CARTESIAN_POINT('',(38.8459537649196,78.3577732476226,2.));
#2919=CARTESIAN_POINT('',(38.8459537649196,54.0010762584586,0.));
#2920=CARTESIAN_POINT('Origin',(-83.1540462350804,104.112502824491,4.99999865889549));
#2921=CARTESIAN_POINT('',(-83.1540462350804,104.112502824491,4.99999865889549));
#2922=CARTESIAN_POINT('',(-83.1540462350804,104.112502824491,95.));
#2923=CARTESIAN_POINT('',(-83.1540462350804,104.112502824491,2.49999932944775));
#2924=CARTESIAN_POINT('',(-81.1540462350804,104.112502824491,4.99999865889549));
#2925=CARTESIAN_POINT('',(-83.1540462350804,104.112502824491,4.99999865889549));
#2926=CARTESIAN_POINT('',(-81.1540462350804,104.112502824491,95.));
#2927=CARTESIAN_POINT('',(-81.1540462350804,104.112502824491,95.));
#2928=CARTESIAN_POINT('',(-83.1540462350804,104.112502824491,95.));
#2929=CARTESIAN_POINT('Origin',(-83.1540462350804,74.3950274257723,4.99999865889549));
#2930=CARTESIAN_POINT('',(-83.1540462350804,74.3950274257723,4.99999865889549));
#2931=CARTESIAN_POINT('',(-83.1540462350804,91.7537651251315,4.99999865889549));
#2932=CARTESIAN_POINT('',(-81.1540462350804,74.3950274257723,4.99999865889549));
#2933=CARTESIAN_POINT('',(-83.1540462350804,74.3950274257723,4.99999865889549));
#2934=CARTESIAN_POINT('',(-81.1540462350804,104.112502824491,4.99999865889549));
#2935=CARTESIAN_POINT('Origin',(-83.1540462350804,92.8136326383277,49.));
#2936=CARTESIAN_POINT('',(-83.1540462350804,92.8136326383277,49.));
#2937=CARTESIAN_POINT('',(-83.1540462350804,85.302089596523,31.0557582890221));
#2938=CARTESIAN_POINT('',(-81.1540462350804,92.8136326383277,49.));
#2939=CARTESIAN_POINT('',(-83.1540462350804,92.8136326383277,49.));
#2940=CARTESIAN_POINT('',(-81.1540462350804,74.3950274257723,4.99999865889549));
#2941=CARTESIAN_POINT('Origin',(-83.1540462350804,92.8136326383277,95.));
#2942=CARTESIAN_POINT('',(-83.1540462350804,92.8136326383277,95.));
#2943=CARTESIAN_POINT('',(-83.1540462350804,92.8136326383277,47.5));
#2944=CARTESIAN_POINT('',(-81.1540462350804,92.8136326383277,95.));
#2945=CARTESIAN_POINT('',(-83.1540462350804,92.8136326383277,95.));
#2946=CARTESIAN_POINT('',(-81.1540462350804,92.8136326383277,49.));
#2947=CARTESIAN_POINT('Origin',(-83.1540462350804,104.112502824491,95.));
#2948=CARTESIAN_POINT('',(-83.1540462350804,106.612502824491,95.));
#2949=CARTESIAN_POINT('',(-81.1540462350804,92.8136326383277,95.));
#2950=CARTESIAN_POINT('Origin',(-81.1540462350804,89.2537651251315,49.9999993294477));
#2951=CARTESIAN_POINT('Origin',(43.8459537649196,74.1125028244907,5.));
#2952=CARTESIAN_POINT('',(43.8459537649196,74.1125028244907,5.));
#2953=CARTESIAN_POINT('',(43.8459537649196,92.8100047560975,46.8501975049021));
#2954=CARTESIAN_POINT('',(43.8459537649196,71.1754409973675,-1.57395934488085));
#2955=CARTESIAN_POINT('',(41.8459537649196,74.1125028244907,5.));
#2956=CARTESIAN_POINT('',(43.8459537649196,74.1125028244907,5.));
#2957=CARTESIAN_POINT('',(41.8459537649196,92.8100047560975,46.8501975049021));
#2958=CARTESIAN_POINT('',(41.8459537649196,74.1125028244907,5.));
#2959=CARTESIAN_POINT('',(43.8459537649196,92.8100047560975,46.8501975049021));
#2960=CARTESIAN_POINT('Origin',(43.8459537649196,104.112502824491,5.));
#2961=CARTESIAN_POINT('',(43.8459537649196,104.112502824491,5.));
#2962=CARTESIAN_POINT('',(43.8459537649196,77.0567895414747,5.));
#2963=CARTESIAN_POINT('',(41.8459537649196,104.112502824491,5.));
#2964=CARTESIAN_POINT('',(43.8459537649196,104.112502824491,5.));
#2965=CARTESIAN_POINT('',(41.8459537649196,104.112502824491,5.));
#2966=CARTESIAN_POINT('Origin',(43.8459537649196,104.112502824491,95.));
#2967=CARTESIAN_POINT('',(43.8459537649196,104.112502824491,95.));
#2968=CARTESIAN_POINT('',(43.8459537649196,104.112502824491,47.5));
#2969=CARTESIAN_POINT('',(41.8459537649196,104.112502824491,95.));
#2970=CARTESIAN_POINT('',(43.8459537649196,104.112502824491,95.));
#2971=CARTESIAN_POINT('',(41.8459537649196,104.112502824491,95.));
#2972=CARTESIAN_POINT('Origin',(43.8459537649196,92.8100047560975,95.));
#2973=CARTESIAN_POINT('',(43.8459537649196,92.8100047560975,95.));
#2974=CARTESIAN_POINT('',(43.8459537649196,71.4055405072781,95.));
#2975=CARTESIAN_POINT('',(41.8459537649196,92.8100047560975,95.));
#2976=CARTESIAN_POINT('',(43.8459537649196,92.8100047560975,95.));
#2977=CARTESIAN_POINT('',(41.8459537649196,92.8100047560975,95.));
#2978=CARTESIAN_POINT('Origin',(43.8459537649196,92.8100047560975,46.8501975049021));
#2979=CARTESIAN_POINT('',(43.8459537649196,92.8100047560975,23.425098752451));
#2980=CARTESIAN_POINT('',(41.8459537649196,92.8100047560975,46.8501975049021));
#2981=CARTESIAN_POINT('Origin',(41.8459537649196,89.1125028244907,50.));
#2982=CARTESIAN_POINT('Ctrl Pts',(-78.1518696549448,89.8136326383277,114.180227384096));
#2983=CARTESIAN_POINT('Ctrl Pts',(-79.8192618485466,89.8136326383277,114.180227384096));
#2984=CARTESIAN_POINT('Ctrl Pts',(-81.4866540419254,89.8136326383277,114.180227384096));
#2985=CARTESIAN_POINT('Ctrl Pts',(-83.1540462350804,89.8136326383277,114.180227384096));
#2986=CARTESIAN_POINT('Ctrl Pts',(-78.1524112704089,89.1494645636756,113.94636620106));
#2987=CARTESIAN_POINT('Ctrl Pts',(-79.8198033562255,89.1497972029592,113.946158286408));
#2988=CARTESIAN_POINT('Ctrl Pts',(-81.4871954461145,89.1501232920825,113.94596599763));
#2989=CARTESIAN_POINT('Ctrl Pts',(-83.1545875316421,89.1504562363674,113.945758727615));
#2990=CARTESIAN_POINT('Ctrl Pts',(-78.1533550852172,88.1424929243445,113.111697325079));
#2991=CARTESIAN_POINT('Ctrl Pts',(-79.820746992961,88.1434657840151,113.111512549185));
#2992=CARTESIAN_POINT('Ctrl Pts',(-81.4881388996545,88.1444403427358,113.11132496252));
#2993=CARTESIAN_POINT('Ctrl Pts',(-83.1555308073479,88.1454133676907,113.111141653997));
#2994=CARTESIAN_POINT('Ctrl Pts',(-78.1539113224588,87.8100055986865,111.878623897084));
#2995=CARTESIAN_POINT('Ctrl Pts',(-79.8213033778288,87.8112165765857,111.878867386074));
#2996=CARTESIAN_POINT('Ctrl Pts',(-81.4886954358299,87.8124238387403,111.879109468499));
#2997=CARTESIAN_POINT('Ctrl Pts',(-83.1560874909106,87.8136348120693,111.879354617355));
#2998=CARTESIAN_POINT('Ctrl Pts',(-78.1540462350804,87.8100056965692,111.350520278714));
#2999=CARTESIAN_POINT('Ctrl Pts',(-79.8214384286821,87.8112154344632,111.350946241277));
#3000=CARTESIAN_POINT('Ctrl Pts',(-81.488830622061,87.8124251723571,111.351373075789));
#3001=CARTESIAN_POINT('Ctrl Pts',(-83.156222815216,87.8136349102507,111.351800783436));
#3002=CARTESIAN_POINT('',(-83.1540462350804,89.8136326383277,114.180227384096));
#3003=CARTESIAN_POINT('',(-83.1540462350804,87.8136333310833,111.351800225116));
#3004=CARTESIAN_POINT('Ctrl Pts',(-83.1540462350804,89.8136326383277,114.180227384096));
#3005=CARTESIAN_POINT('Ctrl Pts',(-83.1540462350804,89.719450869791,114.146929044968));
#3006=CARTESIAN_POINT('Ctrl Pts',(-83.1540461913722,89.6272873020196,114.108825443547));
#3007=CARTESIAN_POINT('Ctrl Pts',(-83.1540461280767,89.5373800453354,114.066241571753));
#3008=CARTESIAN_POINT('Ctrl Pts',(-83.1540460638384,89.4461334489102,114.023023332124));
#3009=CARTESIAN_POINT('Ctrl Pts',(-83.1540459800326,89.3572102089169,113.975189895549));
#3010=CARTESIAN_POINT('Ctrl Pts',(-83.1540459029354,89.2708761797069,113.923028937361));
#3011=CARTESIAN_POINT('Ctrl Pts',(-83.1540458254355,89.1840911734233,113.870595509598));
#3012=CARTESIAN_POINT('Ctrl Pts',(-83.1540457553556,89.0999218046445,113.813788694596));
#3013=CARTESIAN_POINT('Ctrl Pts',(-83.1540457109895,89.0186654688743,113.752856064659));
#3014=CARTESIAN_POINT('Ctrl Pts',(-83.1540456729176,88.9489368984165,113.700567893657));
#3015=CARTESIAN_POINT('Ctrl Pts',(-83.1540456538785,88.8813536453129,113.645240593834));
#3016=CARTESIAN_POINT('Ctrl Pts',(-83.1540456550797,88.8161254921936,113.587009159689));
#3017=CARTESIAN_POINT('Ctrl Pts',(-83.1540456564793,88.7401308823049,113.519166136247));
#3018=CARTESIAN_POINT('Ctrl Pts',(-83.1540456900642,88.6677066509502,113.44771622549));
#3019=CARTESIAN_POINT('Ctrl Pts',(-83.1540457432406,88.5991167068937,113.372947749119));
#3020=CARTESIAN_POINT('Ctrl Pts',(-83.1540457988764,88.5273545468369,113.294721305835));
#3021=CARTESIAN_POINT('Ctrl Pts',(-83.1540458768212,88.459788475143,113.212861881906));
#3022=CARTESIAN_POINT('Ctrl Pts',(-83.1540459463397,88.3967597226178,113.127653005562));
#3023=CARTESIAN_POINT('Ctrl Pts',(-83.154046011739,88.3374655590361,113.04749293813));
#3024=CARTESIAN_POINT('Ctrl Pts',(-83.1540460700891,88.2821867084055,112.964367682418));
#3025=CARTESIAN_POINT('Ctrl Pts',(-83.1540460729641,88.231249321094,112.878483379796));
#3026=CARTESIAN_POINT('Ctrl Pts',(-83.1540460731452,88.2280410761003,112.873074035138));
#3027=CARTESIAN_POINT('Ctrl Pts',(-83.1540460730971,88.2248500690141,112.867653737428));
#3028=CARTESIAN_POINT('Ctrl Pts',(-83.1540460728039,88.2216763876675,112.862222535101));
#3029=CARTESIAN_POINT('Ctrl Pts',(-83.1540460692973,88.1837151216046,112.797258446381));
#3030=CARTESIAN_POINT('Ctrl Pts',(-83.1540460315559,88.1482314139348,112.73073457196));
#3031=CARTESIAN_POINT('Ctrl Pts',(-83.1540459853385,88.1152769732454,112.662806106465));
#3032=CARTESIAN_POINT('Ctrl Pts',(-83.1540459237443,88.0713583289848,112.572277302187));
#3033=CARTESIAN_POINT('Ctrl Pts',(-83.1540458504484,88.0320993123805,112.479603524865));
#3034=CARTESIAN_POINT('Ctrl Pts',(-83.15404580588,87.9975568224926,112.385185656349));
#3035=CARTESIAN_POINT('Ctrl Pts',(-83.1540457609921,87.9627666443953,112.290090760991));
#3036=CARTESIAN_POINT('Ctrl Pts',(-83.1540457456656,87.9327605986024,112.193225817281));
#3037=CARTESIAN_POINT('Ctrl Pts',(-83.1540457708296,87.9076454771015,112.094981180983));
#3038=CARTESIAN_POINT('Ctrl Pts',(-83.154045776835,87.9016516435515,112.071534669003));
#3039=CARTESIAN_POINT('Ctrl Pts',(-83.1540457849953,87.8959366042243,112.048009522865));
#3040=CARTESIAN_POINT('Ctrl Pts',(-83.1540457951642,87.8905022440542,112.024410972332));
#3041=CARTESIAN_POINT('Ctrl Pts',(-83.1540458377771,87.8677293740807,111.925520448698));
#3042=CARTESIAN_POINT('Ctrl Pts',(-83.1540459186656,87.8499465344634,111.825624649326));
#3043=CARTESIAN_POINT('Ctrl Pts',(-83.1540460062114,87.8372385120392,111.725119299716));
#3044=CARTESIAN_POINT('Ctrl Pts',(-83.1540460929972,87.8246408314803,111.625486623081));
#3045=CARTESIAN_POINT('Ctrl Pts',(-83.1540461866512,87.8170300814539,111.525254064369));
#3046=CARTESIAN_POINT('Ctrl Pts',(-83.1540462217113,87.8145391624701,111.424799973942));
#3047=CARTESIAN_POINT('Ctrl Pts',(-83.1540462302001,87.8139360582564,111.40047791224));
#3048=CARTESIAN_POINT('Ctrl Pts',(-83.1540462350805,87.813633331009,111.376142864472));
#3049=CARTESIAN_POINT('Ctrl Pts',(-83.1540462350804,87.8136333310833,111.351800225116));
#3050=CARTESIAN_POINT('',(-78.1540462350804,87.8100056965692,111.350520278714));
#3051=CARTESIAN_POINT('Ctrl Pts',(-83.1540462350804,87.8136333310833,111.351800225116));
#3052=CARTESIAN_POINT('Ctrl Pts',(-81.4873795686371,87.8124241195788,111.351372704335));
#3053=CARTESIAN_POINT('Ctrl Pts',(-79.8207129019701,87.811214908074,111.350946055929));
#3054=CARTESIAN_POINT('Ctrl Pts',(-78.1540462350804,87.8100056965692,111.350520278714));
#3055=CARTESIAN_POINT('',(-78.1540462350804,89.8136326383277,114.180227384096));
#3056=CARTESIAN_POINT('Ctrl Pts',(-78.1540462350804,87.8100056965692,111.350520278714));
#3057=CARTESIAN_POINT('Ctrl Pts',(-78.1540462350804,87.8100056965692,111.451044703992));
#3058=CARTESIAN_POINT('Ctrl Pts',(-78.154046154181,87.8151642070896,111.551337650619));
#3059=CARTESIAN_POINT('Ctrl Pts',(-78.1540460684766,87.8253050497141,111.651022663089));
#3060=CARTESIAN_POINT('Ctrl Pts',(-78.1540459818725,87.8355523384301,111.751754046195));
#3061=CARTESIAN_POINT('Ctrl Pts',(-78.1540458900336,87.8508872527544,111.851865531585));
#3062=CARTESIAN_POINT('Ctrl Pts',(-78.1540458318112,87.8711818871421,111.950970929714));
#3063=CARTESIAN_POINT('Ctrl Pts',(-78.1540457738565,87.8913832450793,112.04962082815));
#3064=CARTESIAN_POINT('Ctrl Pts',(-78.1540457488047,87.9164990933338,112.147274725085));
#3065=CARTESIAN_POINT('Ctrl Pts',(-78.1540457615318,87.9464531539005,112.243541001048));
#3066=CARTESIAN_POINT('Ctrl Pts',(-78.1540457725364,87.9723530746955,112.326778093966));
#3067=CARTESIAN_POINT('Ctrl Pts',(-78.154045811123,88.0018710332206,112.408977927144));
#3068=CARTESIAN_POINT('Ctrl Pts',(-78.1540458635626,88.0349859082114,112.489873367513));
#3069=CARTESIAN_POINT('Ctrl Pts',(-78.1540459245067,88.0734712273632,112.583888121952));
#3070=CARTESIAN_POINT('Ctrl Pts',(-78.1540460012679,88.1166247899601,112.675679523209));
#3071=CARTESIAN_POINT('Ctrl Pts',(-78.1540460438641,88.164318862438,112.764868425512));
#3072=CARTESIAN_POINT('Ctrl Pts',(-78.1540460595576,88.1818906489695,112.797728029879));
#3073=CARTESIAN_POINT('Ctrl Pts',(-78.1540460702829,88.2000792541741,112.830234258884));
#3074=CARTESIAN_POINT('Ctrl Pts',(-78.1540460724443,88.2188799909295,112.862367611796));
#3075=CARTESIAN_POINT('Ctrl Pts',(-78.154046078288,88.2697100983638,112.949244089138));
#3076=CARTESIAN_POINT('Ctrl Pts',(-78.1540460233436,88.325011407108,113.033397063098));
#3077=CARTESIAN_POINT('Ctrl Pts',(-78.1540459578,88.384467007628,113.114603500197));
#3078=CARTESIAN_POINT('Ctrl Pts',(-78.1540458917735,88.4443605929406,113.196408151495));
#3079=CARTESIAN_POINT('Ctrl Pts',(-78.1540458143873,88.5084705143828,113.275223317059));
#3080=CARTESIAN_POINT('Ctrl Pts',(-78.1540457562669,88.5765131277215,113.350787439503));
#3081=CARTESIAN_POINT('Ctrl Pts',(-78.1540457286527,88.6088415183156,113.38668944775));
#3082=CARTESIAN_POINT('Ctrl Pts',(-78.1540457051444,88.642058197246,113.4218570243));
#3083=CARTESIAN_POINT('Ctrl Pts',(-78.1540456880179,88.6761352806006,113.456258857405));
#3084=CARTESIAN_POINT('Ctrl Pts',(-78.1540456520986,88.7476051796821,113.528409854443));
#3085=CARTESIAN_POINT('Ctrl Pts',(-78.1540456427574,88.8225793486788,113.596914385358));
#3086=CARTESIAN_POINT('Ctrl Pts',(-78.1540456626466,88.9007440372259,113.661539634208));
#3087=CARTESIAN_POINT('Ctrl Pts',(-78.1540456825059,88.9787912308437,113.726067740228));
#3088=CARTESIAN_POINT('Ctrl Pts',(-78.1540457308692,89.0600200408339,113.786728783043));
#3089=CARTESIAN_POINT('Ctrl Pts',(-78.1540457960155,89.1441516764793,113.843251937575));
#3090=CARTESIAN_POINT('Ctrl Pts',(-78.1540458113699,89.163980769761,113.856573952477));
#3091=CARTESIAN_POINT('Ctrl Pts',(-78.1540458276176,89.1839712376146,113.869665913855));
#3092=CARTESIAN_POINT('Ctrl Pts',(-78.1540458445482,89.2041196386316,113.882523905901));
#3093=CARTESIAN_POINT('Ctrl Pts',(-78.1540459164826,89.289725958995,113.937154811123));
#3094=CARTESIAN_POINT('Ctrl Pts',(-78.1540460003645,89.3779352341718,113.987408562328));
#3095=CARTESIAN_POINT('Ctrl Pts',(-78.1540460731887,89.4684550284762,114.033032550045));
#3096=CARTESIAN_POINT('Ctrl Pts',(-78.1540461448601,89.5575420362385,114.077934381508));
#3097=CARTESIAN_POINT('Ctrl Pts',(-78.1540462052029,89.6488677000005,114.118352280179));
#3098=CARTESIAN_POINT('Ctrl Pts',(-78.1540462266814,89.7421766226848,114.154001012778));
#3099=CARTESIAN_POINT('Ctrl Pts',(-78.154046232135,89.7658686827738,114.163052579236));
#3100=CARTESIAN_POINT('Ctrl Pts',(-78.1540462350803,89.7896886938249,114.17179643181));
#3101=CARTESIAN_POINT('Ctrl Pts',(-78.1540462350804,89.8136326383277,114.180227384096));
#3102=CARTESIAN_POINT('',(-19.6540462350804,89.8136326383277,114.180227384096));
#3103=CARTESIAN_POINT('Origin',(-83.1540462350804,109.112502824491,0.));
#3104=CARTESIAN_POINT('',(-83.1540462350804,92.8136326383277,111.180227384096));
#3105=CARTESIAN_POINT('Origin',(-83.1540462350804,89.8136326383277,111.180227384096));
#3106=CARTESIAN_POINT('',(-83.1540462350804,92.8136326383277,105.64));
#3107=CARTESIAN_POINT('',(-83.1540462350804,92.8136326383277,60.));
#3108=CARTESIAN_POINT('',(-83.1540462350804,98.4536326383277,100.));
#3109=CARTESIAN_POINT('Origin',(-83.1540462350804,98.4536326383277,105.64));
#3110=CARTESIAN_POINT('',(-83.1540462350804,98.4725028244907,100.));
#3111=CARTESIAN_POINT('',(-83.1540462350804,100.963067731409,100.));
#3112=CARTESIAN_POINT('',(-83.1540462350804,104.112502824491,105.64));
#3113=CARTESIAN_POINT('Origin',(-83.1540462350804,98.4725028244907,105.64));
#3114=CARTESIAN_POINT('',(-83.1540462350804,104.112502824491,111.180227384096));
#3115=CARTESIAN_POINT('',(-83.1540462350804,104.112502824491,50.));
#3116=CARTESIAN_POINT('',(-83.1540462350804,107.112502824491,114.180227384096));
#3117=CARTESIAN_POINT('Origin',(-83.1540462350804,107.112502824491,111.180227384096));
#3118=CARTESIAN_POINT('',(-83.1540462350804,109.112502824491,111.35180025935));
#3119=CARTESIAN_POINT('Origin',(-83.1540462350804,106.112502824491,111.35180025935));
#3120=CARTESIAN_POINT('',(-83.1540462350804,109.112502824491,0.));
#3121=CARTESIAN_POINT('',(-83.1540462350804,109.112502824491,0.));
#3122=CARTESIAN_POINT('',(-83.1540462350804,54.0010762584586,0.));
#3123=CARTESIAN_POINT('',(-83.1540462350804,50.0010762584586,0.));
#3124=CARTESIAN_POINT('',(-83.1540462350804,54.0010762584586,4.));
#3125=CARTESIAN_POINT('',(-83.1540462350804,54.0010762584586,0.));
#3126=CARTESIAN_POINT('',(-83.1540462350804,64.5642671928854,4.));
#3127=CARTESIAN_POINT('',(-83.1540462350804,50.0010762584586,4.));
#3128=CARTESIAN_POINT('',(-83.1540462350804,69.1333249359867,6.96930766973276));
#3129=CARTESIAN_POINT('Origin',(-83.1540462350804,64.5642671928854,9.));
#3130=CARTESIAN_POINT('',(-83.1540462350804,87.8136337442124,49.));
#3131=CARTESIAN_POINT('',(-83.1540462350804,70.4774569835783,9.99360477681376));
#3132=CARTESIAN_POINT('',(-83.1540462350804,87.8136333310833,60.));
#3133=CARTESIAN_POINT('Origin',(-19.6540462350804,89.8136326383277,111.180227384096));
#3134=CARTESIAN_POINT('',(-78.1540462350804,92.8136326383277,111.180227384096));
#3135=CARTESIAN_POINT('Origin',(-78.1540462350804,89.8136326383277,111.180227384096));
#3136=CARTESIAN_POINT('',(-19.6540462350804,92.8136326383277,111.180227384096));
#3137=CARTESIAN_POINT('Origin',(-19.6540462350804,106.112502824491,111.35180025935));
#3138=CARTESIAN_POINT('',(-78.1540462350804,107.112502824491,114.180227384096));
#3139=CARTESIAN_POINT('',(-78.1540462350804,109.112502824491,111.35180025935));
#3140=CARTESIAN_POINT('Origin',(-78.1540462350804,106.112502824491,111.35180025935));
#3141=CARTESIAN_POINT('',(-19.6540462350804,109.112502824491,111.35180025935));
#3142=CARTESIAN_POINT('',(-19.6540462350804,107.112502824491,114.180227384096));
#3143=CARTESIAN_POINT('Origin',(-19.6540462350804,107.112502824491,111.180227384096));
#3144=CARTESIAN_POINT('',(-78.1540462350804,104.112502824491,111.180227384096));
#3145=CARTESIAN_POINT('',(-19.6540462350804,104.112502824491,111.180227384096));
#3146=CARTESIAN_POINT('Origin',(-78.1540462350804,107.112502824491,111.180227384096));
#3147=CARTESIAN_POINT('Origin',(-19.6540462350804,106.112502824491,111.35180025935));
#3148=CARTESIAN_POINT('',(43.8459537649196,107.112502824491,114.180227384096));
#3149=CARTESIAN_POINT('',(43.8459537649196,109.112502824491,111.35180025935));
#3150=CARTESIAN_POINT('Origin',(43.8459537649196,106.112502824491,111.35180025935));
#3151=CARTESIAN_POINT('',(-19.6540462350804,109.112502824491,111.35180025935));
#3152=CARTESIAN_POINT('',(-19.6540462350804,107.112502824491,114.180227384096));
#3153=CARTESIAN_POINT('Origin',(43.8459537649196,50.0010762584586,0.));
#3154=CARTESIAN_POINT('',(43.8459537649196,54.0010762584587,4.));
#3155=CARTESIAN_POINT('',(43.8459537649196,67.6136326383277,4.));
#3156=CARTESIAN_POINT('',(43.8459537649196,87.8100056965692,4.));
#3157=CARTESIAN_POINT('',(43.8459537649196,54.0010762584587,0.));
#3158=CARTESIAN_POINT('',(43.8459537649196,54.0010762584587,0.));
#3159=CARTESIAN_POINT('',(43.8459537649196,109.112502824491,0.));
#3160=CARTESIAN_POINT('',(43.8459537649196,109.112502824491,0.));
#3161=CARTESIAN_POINT('',(43.8459537649196,109.112502824491,0.));
#3162=CARTESIAN_POINT('',(43.8459537649196,104.112502824491,111.180227384096));
#3163=CARTESIAN_POINT('Origin',(43.8459537649196,107.112502824491,111.180227384096));
#3164=CARTESIAN_POINT('',(43.8459537649196,104.112502824491,105.64));
#3165=CARTESIAN_POINT('',(43.8459537649196,104.112502824491,50.));
#3166=CARTESIAN_POINT('',(43.8459537649196,98.4725028244907,100.));
#3167=CARTESIAN_POINT('Origin',(43.8459537649196,98.4725028244907,105.64));
#3168=CARTESIAN_POINT('',(43.8459537649196,98.4536326383277,100.));
#3169=CARTESIAN_POINT('',(43.8459537649196,71.4073544483932,100.));
#3170=CARTESIAN_POINT('',(43.8459537649196,92.8136326383277,105.64));
#3171=CARTESIAN_POINT('Origin',(43.8459537649196,98.4536326383277,105.64));
#3172=CARTESIAN_POINT('',(43.8459537649196,92.8136326383277,111.350520545449));
#3173=CARTESIAN_POINT('',(43.8459537649196,92.8136326383277,60.));
#3174=CARTESIAN_POINT('',(43.8459537649196,90.8100056645169,114.180227384096));
#3175=CARTESIAN_POINT('Ctrl Pts',(43.8459537649196,90.8100056645169,114.180227384096));
#3176=CARTESIAN_POINT('Ctrl Pts',(43.8459537643917,91.4741736787989,113.94636602247));
#3177=CARTESIAN_POINT('Ctrl Pts',(43.8459537633152,92.0495905916127,113.46941518142));
#3178=CARTESIAN_POINT('Ctrl Pts',(43.8459537619449,92.4047625296282,112.862369955981));
#3179=CARTESIAN_POINT('Ctrl Pts',(43.8459537609173,92.6711414831399,112.407086036902));
#3180=CARTESIAN_POINT('Ctrl Pts',(43.8459537597244,92.8136326383277,111.878624026604));
#3181=CARTESIAN_POINT('Ctrl Pts',(43.8459537585324,92.8136326383277,111.350520545449));
#3182=CARTESIAN_POINT('',(43.8459537649196,87.8100056645169,111.180227384096));
#3183=CARTESIAN_POINT('Origin',(43.8459537649196,90.8100056645169,111.180227384096));
#3184=CARTESIAN_POINT('',(43.8459537649196,87.8100055177312,49.));
#3185=CARTESIAN_POINT('',(43.8459537649196,87.8100056645169,1.));
#3186=CARTESIAN_POINT('',(43.8459537649196,87.8136326383277,49.));
#3187=CARTESIAN_POINT('',(43.8459537649196,68.9073544483932,49.));
#3188=CARTESIAN_POINT('',(43.8459537649196,68.3246594778863,5.14981038900675));
#3189=CARTESIAN_POINT('',(43.8459537649196,65.602287782256,-0.975525926161269));
#3190=CARTESIAN_POINT('Origin',(43.8459537649196,63.755601734785,7.18050271927399));
#3191=CARTESIAN_POINT('Origin',(-19.6540462350804,107.112502824491,111.180227384096));
#3192=CARTESIAN_POINT('',(-19.6540462350804,104.112502824491,111.180227384096));
#3193=CARTESIAN_POINT('Ctrl Pts',(38.8459537649196,90.8100056965693,114.180227384096));
#3194=CARTESIAN_POINT('Ctrl Pts',(40.5126204337153,90.8100056858851,114.180227384096));
#3195=CARTESIAN_POINT('Ctrl Pts',(42.1792871025111,90.810005675201,114.180227384096));
#3196=CARTESIAN_POINT('Ctrl Pts',(43.8459537713068,90.8100056645169,114.180227384096));
#3197=CARTESIAN_POINT('Ctrl Pts',(38.8459537643917,91.4741737020971,113.946366017097));
#3198=CARTESIAN_POINT('Ctrl Pts',(40.5126204331875,91.4741736943508,113.946366018933));
#3199=CARTESIAN_POINT('Ctrl Pts',(42.1792871019832,91.4741736865453,113.946366020634));
#3200=CARTESIAN_POINT('Ctrl Pts',(43.845953770779,91.4741736787989,113.94636602247));
#3201=CARTESIAN_POINT('Ctrl Pts',(38.8459537625077,92.4811532824845,113.111702045705));
#3202=CARTESIAN_POINT('Ctrl Pts',(40.5126204313035,92.4811532803925,113.111702047337));
#3203=CARTESIAN_POINT('Ctrl Pts',(42.1792871000992,92.481153278315,113.111702049));
#3204=CARTESIAN_POINT('Ctrl Pts',(43.845953768895,92.4811532762229,113.111702050632));
#3205=CARTESIAN_POINT('Ctrl Pts',(38.8459537597244,92.8136326383277,111.878624033035));
#3206=CARTESIAN_POINT('Ctrl Pts',(40.5126204285202,92.8136326383387,111.878624030885));
#3207=CARTESIAN_POINT('Ctrl Pts',(42.1792870973159,92.8136326383167,111.878624028754));
#3208=CARTESIAN_POINT('Ctrl Pts',(43.8459537661117,92.8136326383277,111.878624026604));
#3209=CARTESIAN_POINT('Ctrl Pts',(38.8459537585324,92.8136326383277,111.350520556736));
#3210=CARTESIAN_POINT('Ctrl Pts',(40.5126204273281,92.8136326383277,111.350520552974));
#3211=CARTESIAN_POINT('Ctrl Pts',(42.1792870961239,92.8136326383277,111.350520549211));
#3212=CARTESIAN_POINT('Ctrl Pts',(43.8459537649196,92.8136326383277,111.350520545449));
#3213=CARTESIAN_POINT('Ctrl Pts',(43.8459537649196,92.8136326383277,111.350520545449));
#3214=CARTESIAN_POINT('Ctrl Pts',(42.1792870982529,92.8136326383277,111.350520549211));
#3215=CARTESIAN_POINT('Ctrl Pts',(40.5126204315863,92.8136326383277,111.350520552974));
#3216=CARTESIAN_POINT('Ctrl Pts',(38.8459537649196,92.8136326383277,111.350520556736));
#3217=CARTESIAN_POINT('',(41.3459537681132,90.8100056805431,114.180227384096));
#3218=CARTESIAN_POINT('Origin',(-83.1540462350804,92.8136326383277,120.));
#3219=CARTESIAN_POINT('',(-83.1540462350804,92.8136326383277,105.64));
#3220=CARTESIAN_POINT('Origin',(41.3459537681132,90.8100056805431,111.180227384096));
#3221=CARTESIAN_POINT('',(41.3459537488818,87.8100056805431,111.180227384096));
#3222=CARTESIAN_POINT('Origin',(38.8459537649196,87.8100056965692,2.));
#3223=CARTESIAN_POINT('',(40.0959538029139,87.8100056885562,49.));
#3224=CARTESIAN_POINT('Origin',(-78.1540462350804,87.8100056965692,120.));
#3225=CARTESIAN_POINT('',(-78.1540462350804,87.8100056965692,49.));
#3226=CARTESIAN_POINT('',(-80.6540462348291,87.8118195138261,49.));
#3227=CARTESIAN_POINT('',(-78.1540462350804,87.8100056965692,0.));
#3228=CARTESIAN_POINT('Origin',(-83.1540462350804,98.4725028244907,105.64));
#3229=CARTESIAN_POINT('',(-83.1540462350804,98.4725028244907,100.));
#3230=CARTESIAN_POINT('',(-83.1540462350804,104.112502824491,105.64));
#3231=CARTESIAN_POINT('Origin',(-83.1540462350804,92.8136326383277,100.));
#3232=CARTESIAN_POINT('',(-83.1540462350804,98.4536326383277,100.));
#3233=CARTESIAN_POINT('Origin',(-83.1540462350804,98.4536326383277,105.64));
#3234=CARTESIAN_POINT('Origin',(-83.1540462350804,98.4725028244907,105.64));
#3235=CARTESIAN_POINT('',(-78.1540462350804,98.4725028244907,100.));
#3236=CARTESIAN_POINT('',(-83.1540462350804,98.4725028244907,100.));
#3237=CARTESIAN_POINT('',(-78.1540462350804,104.112502824491,105.64));
#3238=CARTESIAN_POINT('Origin',(-78.1540462350804,98.4725028244907,105.64));
#3239=CARTESIAN_POINT('',(-83.1540462350804,104.112502824491,105.64));
#3240=CARTESIAN_POINT('Origin',(-83.1540462350804,92.8136326383277,100.));
#3241=CARTESIAN_POINT('',(-78.1540462350804,98.4536326383277,100.));
#3242=CARTESIAN_POINT('',(-83.1540462350804,98.4536326383277,100.));
#3243=CARTESIAN_POINT('',(-78.1540462350804,90.3118191674485,100.));
#3244=CARTESIAN_POINT('Origin',(-83.1540462350804,98.4536326383277,105.64));
#3245=CARTESIAN_POINT('',(-78.1540462350804,92.8136326383277,105.64));
#3246=CARTESIAN_POINT('',(-83.1540462350804,92.8136326383277,105.64));
#3247=CARTESIAN_POINT('Origin',(-78.1540462350804,98.4536326383277,105.64));
#3248=CARTESIAN_POINT('Origin',(-83.1540462350804,92.8136326383277,120.));
#3249=CARTESIAN_POINT('',(-78.1540462350804,92.8136326383277,60.));
#3250=CARTESIAN_POINT('Origin',(-83.1540462350804,104.112502824491,100.));
#3251=CARTESIAN_POINT('',(-78.1540462350804,104.112502824491,50.));
#3252=CARTESIAN_POINT('Origin',(-83.1540462350804,104.112502824491,100.));
#3253=CARTESIAN_POINT('Origin',(-78.1540462350804,87.8100056965692,0.));
#3254=CARTESIAN_POINT('',(-78.1540462350804,87.8136326383277,49.));
#3255=CARTESIAN_POINT('',(-78.1540462350804,87.8118191674485,49.));
#3256=CARTESIAN_POINT('',(-78.1540462350804,87.8100056965692,48.9918393810435));
#3257=CARTESIAN_POINT('',(-78.1540462350804,68.7205500039559,6.04056407266338));
#3258=CARTESIAN_POINT('',(-78.1540462350804,87.8100056965692,2.));
#3259=CARTESIAN_POINT('',(-78.1540462350804,87.8100056965692,0.));
#3260=CARTESIAN_POINT('',(-78.1540462350804,87.8100056965692,0.));
#3261=CARTESIAN_POINT('',(-78.1540462350804,87.8100056965692,0.));
#3262=CARTESIAN_POINT('',(-78.1540462350804,109.112502824491,0.));
#3263=CARTESIAN_POINT('',(-78.1540462350804,109.112502824491,0.));
#3264=CARTESIAN_POINT('',(-78.1540462350804,109.112502824491,0.));
#3265=CARTESIAN_POINT('Origin',(-81.9109040839489,64.5642671928854,9.));
#3266=CARTESIAN_POINT('',(-78.1814776305541,64.5642671928854,4.));
#3267=CARTESIAN_POINT('',(-78.1814776305541,69.1333249359867,6.96930766973276));
#3268=CARTESIAN_POINT('Origin',(-78.1814776305541,64.5642671928854,9.));
#3269=CARTESIAN_POINT('',(-81.9109040839489,69.1333249359867,6.96930766973276));
#3270=CARTESIAN_POINT('',(-81.9109040839489,64.5642671928854,4.));
#3271=CARTESIAN_POINT('Origin',(-83.1540462350804,67.8136326383277,4.));
#3272=CARTESIAN_POINT('',(-78.1814776305541,87.8100255987846,48.9918841610281));
#3273=CARTESIAN_POINT('',(-78.1814776305541,65.9734218028746,-0.140474379769513));
#3274=CARTESIAN_POINT('',(-80.668019242687,87.8118296516192,48.9959432799059));
#3275=CARTESIAN_POINT('',(-83.1540462350804,87.8136326383277,49.));
#3276=CARTESIAN_POINT('Origin',(-83.1540462350804,63.755601734785,7.18050271927399));
#3277=CARTESIAN_POINT('',(-83.1540462350804,68.3246594778863,5.14981038900675));
#3278=CARTESIAN_POINT('',(-83.1540462350804,67.6136326383277,4.));
#3279=CARTESIAN_POINT('Origin',(-87.1540462350804,54.0010762584586,0.));
#3280=CARTESIAN_POINT('',(-86.9288105238341,50.0074226838005,4.));
#3281=CARTESIAN_POINT('Origin',(-87.1540462350804,54.0010762584586,4.));
#3282=CARTESIAN_POINT('',(-87.1540462350804,50.0010762584586,0.));
#3283=CARTESIAN_POINT('Origin',(-87.1540462350804,54.0010762584586,0.));
#3284=CARTESIAN_POINT('',(-87.1540462350804,50.0010762584586,13.));
#3285=CARTESIAN_POINT('',(-87.1540462350804,50.0010762584586,0.));
#3286=CARTESIAN_POINT('',(-86.9288105238341,50.0074226838005,13.));
#3287=CARTESIAN_POINT('Origin',(-87.1540462350804,54.0010762584586,13.));
#3288=CARTESIAN_POINT('',(-86.9288105238341,50.0074226838005,0.));
#3289=CARTESIAN_POINT('Origin',(-74.1814776305541,54.0010762584587,1.));
#3290=CARTESIAN_POINT('',(-74.1814776305541,50.0010762584586,4.));
#3291=CARTESIAN_POINT('',(-78.1814776305541,54.0010762584587,4.));
#3292=CARTESIAN_POINT('Origin',(-74.1814776305541,54.0010762584587,4.));
#3293=CARTESIAN_POINT('',(-74.1814776305541,50.0010762584586,2.));
#3294=CARTESIAN_POINT('',(-74.1814776305541,50.0010762584586,1.));
#3295=CARTESIAN_POINT('',(-78.1814776305541,54.0010762584587,2.));
#3296=CARTESIAN_POINT('Origin',(-74.1814776305541,54.0010762584587,2.));
#3297=CARTESIAN_POINT('',(-78.1814776305541,54.0010762584587,1.));
#3298=CARTESIAN_POINT('Origin',(-78.1814776305541,50.0010762584586,2.));
#3299=CARTESIAN_POINT('',(-78.1814776305541,87.8100255987846,2.));
#3300=CARTESIAN_POINT('',(-78.1814776305541,59.4533086179863,2.));
#3301=CARTESIAN_POINT('',(-78.1814776305541,87.8100255987846,61.));
#3302=CARTESIAN_POINT('',(-78.1814776305541,87.8136333310833,4.));
#3303=CARTESIAN_POINT('Origin',(47.8459537649196,54.0010762584587,0.));
#3304=CARTESIAN_POINT('',(47.8459537649196,50.0010762584586,4.));
#3305=CARTESIAN_POINT('Origin',(47.8459537649196,54.0010762584587,4.));
#3306=CARTESIAN_POINT('',(47.8459537649196,50.0010762584586,0.));
#3307=CARTESIAN_POINT('',(47.8459537649196,50.0010762584586,0.));
#3308=CARTESIAN_POINT('Origin',(47.8459537649196,54.0010762584587,0.));
#3309=CARTESIAN_POINT('Origin',(34.8459537649196,54.0010762584586,0.));
#3310=CARTESIAN_POINT('',(34.8459537649196,50.0010762584586,2.));
#3311=CARTESIAN_POINT('Origin',(34.8459537649196,54.0010762584586,2.));
#3312=CARTESIAN_POINT('',(34.8459537649196,50.0010762584586,4.));
#3313=CARTESIAN_POINT('',(34.8459537649196,50.0010762584586,0.));
#3314=CARTESIAN_POINT('Origin',(34.8459537649196,54.0010762584586,4.));
#3315=CARTESIAN_POINT('Origin',(-19.6677619328173,68.9055409775139,2.));
#3316=CARTESIAN_POINT('',(33.0890959160512,50.0010762584586,2.));
#3317=CARTESIAN_POINT('',(-78.1540462350804,87.8100056965692,2.));
#3318=CARTESIAN_POINT('',(-78.1540462350804,87.8100056965692,2.));
#3319=CARTESIAN_POINT('Origin',(-83.1540462350804,87.8136326383277,49.));
#3320=CARTESIAN_POINT('Origin',(-83.1540462350804,87.8136326383277,49.));
#3321=CARTESIAN_POINT('',(-83.1540462350804,87.8136326383277,49.));
#3322=CARTESIAN_POINT('Origin',(-83.1540462350804,67.8136326383277,4.));
#3323=CARTESIAN_POINT('Origin',(-78.1540462350804,87.8100056965692,120.));
#3324=CARTESIAN_POINT('Origin',(41.3459537649196,68.9055409614878,4.));
#3325=CARTESIAN_POINT('',(38.8459537649196,50.0010762264063,4.));
#3326=CARTESIAN_POINT('',(63.5959537649196,50.0010762584586,4.));
#3327=CARTESIAN_POINT('',(43.8459537649196,50.0010762264063,4.));
#3328=CARTESIAN_POINT('',(40.0959535831397,50.0010762504456,4.));
#3329=CARTESIAN_POINT('',(63.5959537649196,50.0010762584586,4.));
#3330=CARTESIAN_POINT('Origin',(-80.6677619328173,68.9073548860311,4.));
#3331=CARTESIAN_POINT('',(-78.1814776305541,50.0010762584586,4.));
#3332=CARTESIAN_POINT('',(-79.4314776305872,50.0019831670872,4.));
#3333=CARTESIAN_POINT('',(2.58909591605115,50.0010762584586,4.));
#3334=CARTESIAN_POINT('Origin',(-78.1814776305541,50.0010762584586,2.));
#3335=CARTESIAN_POINT('',(-78.1814776305541,50.0010762584586,13.));
#3336=CARTESIAN_POINT('',(-78.1814776305541,50.0010762584586,13.));
#3337=CARTESIAN_POINT('',(-78.1814776305541,50.0010762584586,0.));
#3338=CARTESIAN_POINT('Origin',(38.8459535225464,50.0010762584586,120.));
#3339=CARTESIAN_POINT('',(38.8459535225464,50.0010762584586,13.));
#3340=CARTESIAN_POINT('',(38.8459535225464,50.0010762584586,0.));
#3341=CARTESIAN_POINT('',(43.8459537649196,50.0010762584586,13.));
#3342=CARTESIAN_POINT('',(-121.15404623508,50.0010762584586,13.));
#3343=CARTESIAN_POINT('',(43.8459537649196,50.0010762584586,0.));
#3344=CARTESIAN_POINT('Origin',(-78.1540462350804,109.112502824491,0.));
#3345=CARTESIAN_POINT('',(-83.1540462350804,109.112502824491,0.));
#3346=CARTESIAN_POINT('Origin',(85.8459537649196,50.0010762584586,0.));
#3347=CARTESIAN_POINT('',(-75.1757766880008,50.0010762584586,13.));
#3348=CARTESIAN_POINT('',(-121.15404623508,50.0010762584586,13.));
#3349=CARTESIAN_POINT('',(-70.5954590042637,50.0010762584586,10.8756534824524));
#3350=CARTESIAN_POINT('Origin',(-75.1757766880008,50.0010762584586,7.));
#3351=CARTESIAN_POINT('',(-66.5680468438639,50.0010762584586,6.11598463654081));
#3352=CARTESIAN_POINT('',(-36.1758938926506,50.0010762584586,-29.8020137705822));
#3353=CARTESIAN_POINT('',(-61.9877291601268,50.0010762584586,3.99163811899317));
#3354=CARTESIAN_POINT('Origin',(-61.9877291601268,50.0010762584586,9.99163811899317));
#3355=CARTESIAN_POINT('',(24.5947464288679,50.0010762584586,3.99163811899317));
#3356=CARTESIAN_POINT('',(10.5377154621137,50.0010762584586,3.99163811899317));
#3357=CARTESIAN_POINT('',(29.1750642032154,50.0010762584586,6.11598474362594));
#3358=CARTESIAN_POINT('Origin',(24.5947464288679,50.0010762584586,9.99163811899317));
#3359=CARTESIAN_POINT('',(33.2024759914435,50.0010762584586,10.8756533753673));
#3360=CARTESIAN_POINT('',(38.5911152394475,50.0010762584586,17.2440454209642));
#3361=CARTESIAN_POINT('',(37.7827937657911,50.0010762584586,13.));
#3362=CARTESIAN_POINT('Origin',(37.7827937657911,50.0010762584586,7.));
#3363=CARTESIAN_POINT('',(-121.15404623508,50.0010762584586,13.));
#3364=CARTESIAN_POINT('Origin',(85.8459537649196,50.0010762584586,0.));
#3365=CARTESIAN_POINT('',(-116.15404623508,50.0010762584586,0.));
#3366=CARTESIAN_POINT('',(-121.15404623508,50.0010762584586,0.));
#3367=CARTESIAN_POINT('',(-116.15404623508,50.0010762584586,13.));
#3368=CARTESIAN_POINT('',(-116.15404623508,50.0010762584586,0.));
#3369=CARTESIAN_POINT('',(-121.15404623508,50.0010762584586,13.));
#3370=CARTESIAN_POINT('Origin',(43.8459537649196,109.112502824491,0.));
#3371=CARTESIAN_POINT('',(-83.1540462350804,109.112502824491,0.));
#3372=CARTESIAN_POINT('Origin',(38.8459537649196,87.8100056965692,0.));
#3373=CARTESIAN_POINT('',(-78.1540462350804,87.8100056965692,0.));
#3374=CARTESIAN_POINT('Origin',(-114.15404623508,-49.9989237415413,0.));
#3375=CARTESIAN_POINT('',(-119.15404623508,-49.9989237415413,2.));
#3376=CARTESIAN_POINT('',(-114.15404623508,-54.9989237415413,2.));
#3377=CARTESIAN_POINT('Origin',(-114.15404623508,-49.9989237415413,2.));
#3378=CARTESIAN_POINT('',(-119.15404623508,-49.9989237415413,13.));
#3379=CARTESIAN_POINT('',(-119.15404623508,-49.9989237415413,0.));
#3380=CARTESIAN_POINT('',(-114.15404623508,-54.9989237415413,13.));
#3381=CARTESIAN_POINT('Origin',(-114.15404623508,-49.9989237415413,13.));
#3382=CARTESIAN_POINT('',(-114.15404623508,-54.9989237415413,0.));
#3383=CARTESIAN_POINT('Origin',(-119.15404623508,-54.9989237415413,0.));
#3384=CARTESIAN_POINT('',(-119.15404623508,43.0010762584586,2.));
#3385=CARTESIAN_POINT('',(-119.15404623508,-54.9989237415413,2.));
#3386=CARTESIAN_POINT('',(-119.15404623508,43.0010762584586,13.));
#3387=CARTESIAN_POINT('',(-119.15404623508,43.0010762584586,0.));
#3388=CARTESIAN_POINT('',(-119.15404623508,-54.9989237415413,13.));
#3389=CARTESIAN_POINT('Origin',(78.8459537649196,-49.9989237415413,0.));
#3390=CARTESIAN_POINT('',(78.8459537649196,-54.9989237415413,2.));
#3391=CARTESIAN_POINT('',(83.8459537649196,-49.9989237415413,2.));
#3392=CARTESIAN_POINT('Origin',(78.8459537649196,-49.9989237415413,2.));
#3393=CARTESIAN_POINT('',(78.8459537649196,-54.9989237415413,13.));
#3394=CARTESIAN_POINT('',(78.8459537649196,-54.9989237415413,0.));
#3395=CARTESIAN_POINT('',(83.8459537649196,-49.9989237415413,13.));
#3396=CARTESIAN_POINT('Origin',(78.8459537649196,-49.9989237415413,13.));
#3397=CARTESIAN_POINT('',(83.8459537649196,-49.9989237415413,0.));
#3398=CARTESIAN_POINT('Origin',(83.8459537649196,-54.9989237415413,0.));
#3399=CARTESIAN_POINT('',(53.2945831643308,-54.9989237415413,2.));
#3400=CARTESIAN_POINT('',(83.8459537649196,-54.9989237415413,2.));
#3401=CARTESIAN_POINT('',(60.9284462941682,-54.9989237415413,5.54057791169292));
#3402=CARTESIAN_POINT('Origin',(53.2945831643308,-54.9989237415413,12.));
#3403=CARTESIAN_POINT('',(64.2443910792032,-54.9989237415413,9.45942208830708));
#3404=CARTESIAN_POINT('',(67.4993820789757,-54.9989237415413,13.3062299670021));
#3405=CARTESIAN_POINT('',(71.8782542090406,-54.9989237415413,13.));
#3406=CARTESIAN_POINT('Origin',(71.8782542090406,-54.9989237415413,3.));
#3407=CARTESIAN_POINT('',(83.8459537649196,-54.9989237415413,13.));
#3408=CARTESIAN_POINT('Origin',(78.8459537649196,43.0010762584586,0.));
#3409=CARTESIAN_POINT('',(83.8459537649196,43.0010762584586,2.));
#3410=CARTESIAN_POINT('',(78.8459537649196,48.0010762584586,2.));
#3411=CARTESIAN_POINT('Origin',(78.8459537649196,43.0010762584586,2.));
#3412=CARTESIAN_POINT('',(83.8459537649196,43.0010762584586,13.));
#3413=CARTESIAN_POINT('',(83.8459537649196,43.0010762584586,0.));
#3414=CARTESIAN_POINT('',(78.8459537649196,48.0010762584586,13.));
#3415=CARTESIAN_POINT('Origin',(78.8459537649196,43.0010762584586,13.));
#3416=CARTESIAN_POINT('',(78.8459537649196,48.0010762584586,0.));
#3417=CARTESIAN_POINT('Origin',(-17.6540462350804,-3.49892374154135,2.));
#3418=CARTESIAN_POINT('',(-89.9364505941646,-54.9989237415413,2.));
#3419=CARTESIAN_POINT('',(83.8459537649196,-54.9989237415413,2.));
#3420=CARTESIAN_POINT('',(-89.9364505941646,-56.9989237415413,2.));
#3421=CARTESIAN_POINT('',(-89.9364505941646,-30.2489237415413,2.));
#3422=CARTESIAN_POINT('',(53.2945831643308,-56.9989237415413,2.));
#3423=CARTESIAN_POINT('',(-31.6107366493816,-56.9989237415413,2.));
#3424=CARTESIAN_POINT('',(53.2945831643308,-30.2489237415413,2.));
#3425=CARTESIAN_POINT('',(83.8459537649196,48.0010762584586,2.));
#3426=CARTESIAN_POINT('',(-114.15404623508,48.0010762584586,2.));
#3427=CARTESIAN_POINT('',(-119.15404623508,48.0010762584586,2.));
#3428=CARTESIAN_POINT('Origin',(-114.15404623508,43.0010762584586,2.));
#3429=CARTESIAN_POINT('',(58.8459537649196,-46.9989237415413,2.));
#3430=CARTESIAN_POINT('',(-94.1540462350804,-46.9989237415413,2.));
#3431=CARTESIAN_POINT('',(65.8459537649196,-46.9989237415413,2.));
#3432=CARTESIAN_POINT('',(-101.15404623508,-39.9989237415413,2.));
#3433=CARTESIAN_POINT('Origin',(-94.1540462350804,-39.9989237415413,2.));
#3434=CARTESIAN_POINT('',(-101.15404623508,33.0010762584586,2.));
#3435=CARTESIAN_POINT('',(-101.15404623508,-46.9989237415413,2.));
#3436=CARTESIAN_POINT('',(-94.1540462350804,40.0010762584586,2.));
#3437=CARTESIAN_POINT('Origin',(-94.1540462350804,33.0010762584586,2.));
#3438=CARTESIAN_POINT('',(58.8459537649196,40.0010762584586,2.));
#3439=CARTESIAN_POINT('',(-101.15404623508,40.0010762584586,2.));
#3440=CARTESIAN_POINT('',(65.8459537649196,33.0010762584586,2.));
#3441=CARTESIAN_POINT('Origin',(58.8459537649196,33.0010762584586,2.));
#3442=CARTESIAN_POINT('',(65.8459537649196,-39.9989237415413,2.));
#3443=CARTESIAN_POINT('',(65.8459537649196,40.0010762584586,2.));
#3444=CARTESIAN_POINT('Origin',(58.8459537649196,-39.9989237415413,2.));
#3445=CARTESIAN_POINT('Origin',(-119.15404623508,48.0010762584586,0.));
#3446=CARTESIAN_POINT('',(37.7827937657911,48.0010762584586,13.));
#3447=CARTESIAN_POINT('',(-119.15404623508,48.0010762584586,13.));
#3448=CARTESIAN_POINT('',(33.2024759914435,48.0010762584586,10.8756533753672));
#3449=CARTESIAN_POINT('Origin',(37.7827937657911,48.0010762584586,7.));
#3450=CARTESIAN_POINT('',(29.1750642032155,48.0010762584586,6.11598474362593));
#3451=CARTESIAN_POINT('',(-4.17612451928979,48.0010762584586,-33.2990577553273));
#3452=CARTESIAN_POINT('',(24.5947464288679,48.0010762584586,3.99163811899317));
#3453=CARTESIAN_POINT('Origin',(24.5947464288679,48.0010762584586,9.99163811899317));
#3454=CARTESIAN_POINT('',(-61.9877291601268,48.0010762584586,3.99163811899317));
#3455=CARTESIAN_POINT('',(-91.9622845378863,48.0010762584586,3.99163811899317));
#3456=CARTESIAN_POINT('',(-66.5680468438639,48.0010762584586,6.1159846365408));
#3457=CARTESIAN_POINT('Origin',(-61.9877291601268,48.0010762584586,9.99163811899317));
#3458=CARTESIAN_POINT('',(-70.5954590042637,48.0010762584586,10.8756534824524));
#3459=CARTESIAN_POINT('',(-78.9431360147236,48.0010762584586,20.7410898023531));
#3460=CARTESIAN_POINT('',(-75.1757766880008,48.0010762584586,13.));
#3461=CARTESIAN_POINT('Origin',(-75.1757766880008,48.0010762584586,7.));
#3462=CARTESIAN_POINT('',(-114.15404623508,48.0010762584586,13.));
#3463=CARTESIAN_POINT('',(-119.15404623508,48.0010762584586,13.));
#3464=CARTESIAN_POINT('',(-114.15404623508,48.0010762584586,0.));
#3465=CARTESIAN_POINT('Origin',(-114.15404623508,43.0010762584586,0.));
#3466=CARTESIAN_POINT('Origin',(-114.15404623508,43.0010762584586,13.));
#3467=CARTESIAN_POINT('Origin',(80.8459537649196,45.0010762584586,0.));
#3468=CARTESIAN_POINT('',(80.8459537649196,50.0010762584586,13.));
#3469=CARTESIAN_POINT('',(85.8459537649196,45.0010762584586,13.));
#3470=CARTESIAN_POINT('Origin',(80.8459537649196,45.0010762584586,13.));
#3471=CARTESIAN_POINT('',(85.8459537649196,45.0010762584586,0.));
#3472=CARTESIAN_POINT('',(85.8459537649196,45.0010762584586,0.));
#3473=CARTESIAN_POINT('',(80.8459537649196,50.0010762584586,0.));
#3474=CARTESIAN_POINT('Origin',(80.8459537649196,45.0010762584586,0.));
#3475=CARTESIAN_POINT('',(80.8459537649196,50.0010762584586,0.));
#3476=CARTESIAN_POINT('Origin',(85.8459537649196,-56.9989237415413,0.));
#3477=CARTESIAN_POINT('',(85.8459537649196,-51.9989237415413,13.));
#3478=CARTESIAN_POINT('',(85.8459537649196,50.0010762584586,13.));
#3479=CARTESIAN_POINT('',(85.8459537649196,-51.9989237415413,0.));
#3480=CARTESIAN_POINT('',(85.8459537649196,-51.9989237415413,0.));
#3481=CARTESIAN_POINT('',(85.8459537649196,50.0010762584586,0.));
#3482=CARTESIAN_POINT('Origin',(-17.6540462350804,-3.49892374154135,13.));
#3483=CARTESIAN_POINT('',(-121.15404623508,50.0010762584586,13.));
#3484=CARTESIAN_POINT('',(37.7827937657911,23.2510762584586,13.));
#3485=CARTESIAN_POINT('',(83.8459537649196,48.0010762584586,13.));
#3486=CARTESIAN_POINT('',(71.8782542090406,-56.9989237415413,13.));
#3487=CARTESIAN_POINT('',(71.8782542090406,-30.2489237415413,13.));
#3488=CARTESIAN_POINT('',(80.8459537649196,-56.9989237415413,13.));
#3489=CARTESIAN_POINT('',(85.8459537649196,-56.9989237415413,13.));
#3490=CARTESIAN_POINT('Origin',(80.8459537649196,-51.9989237415413,13.));
#3491=CARTESIAN_POINT('Origin',(80.8459537649196,-51.9989237415413,0.));
#3492=CARTESIAN_POINT('',(80.8459537649196,-56.9989237415413,0.));
#3493=CARTESIAN_POINT('',(80.8459537649196,-56.9989237415413,0.));
#3494=CARTESIAN_POINT('Origin',(80.8459537649196,-51.9989237415413,0.));
#3495=CARTESIAN_POINT('Origin',(-121.15404623508,-56.9989237415413,0.));
#3496=CARTESIAN_POINT('',(64.2443910792032,-56.9989237415413,9.45942208830706));
#3497=CARTESIAN_POINT('Origin',(71.8782542090406,-56.9989237415413,3.));
#3498=CARTESIAN_POINT('',(60.9284462941682,-56.9989237415413,5.54057791169291));
#3499=CARTESIAN_POINT('',(24.7321450211937,-56.9989237415413,-37.2368727559821));
#3500=CARTESIAN_POINT('Origin',(53.2945831643308,-56.9989237415413,12.));
#3501=CARTESIAN_POINT('',(-97.5703134003932,-56.9989237415413,5.54057752924606));
#3502=CARTESIAN_POINT('Origin',(-89.9364505941646,-56.9989237415413,12.));
#3503=CARTESIAN_POINT('',(-100.886259169542,-56.9989237415413,9.45942247075395));
#3504=CARTESIAN_POINT('',(-99.6263924792239,-56.9989237415413,7.97048913165569));
#3505=CARTESIAN_POINT('',(-108.520121975771,-56.9989237415413,13.));
#3506=CARTESIAN_POINT('Origin',(-108.520121975771,-56.9989237415413,3.));
#3507=CARTESIAN_POINT('',(-116.15404623508,-56.9989237415413,13.));
#3508=CARTESIAN_POINT('',(85.8459537649196,-56.9989237415413,13.));
#3509=CARTESIAN_POINT('',(-116.15404623508,-56.9989237415413,0.));
#3510=CARTESIAN_POINT('',(-116.15404623508,-56.9989237415413,0.));
#3511=CARTESIAN_POINT('',(85.8459537649196,-56.9989237415413,0.));
#3512=CARTESIAN_POINT('Origin',(-116.15404623508,-51.9989237415413,0.));
#3513=CARTESIAN_POINT('',(-121.15404623508,-51.9989237415413,13.));
#3514=CARTESIAN_POINT('Origin',(-116.15404623508,-51.9989237415413,13.));
#3515=CARTESIAN_POINT('',(-121.15404623508,-51.9989237415413,0.));
#3516=CARTESIAN_POINT('',(-121.15404623508,-51.9989237415413,0.));
#3517=CARTESIAN_POINT('Origin',(-116.15404623508,-51.9989237415413,0.));
#3518=CARTESIAN_POINT('Origin',(-121.15404623508,50.0010762584586,0.));
#3519=CARTESIAN_POINT('',(-121.15404623508,45.0010762584586,13.));
#3520=CARTESIAN_POINT('',(-121.15404623508,-56.9989237415413,13.));
#3521=CARTESIAN_POINT('',(-121.15404623508,45.0010762584586,0.));
#3522=CARTESIAN_POINT('',(-121.15404623508,45.0010762584586,0.));
#3523=CARTESIAN_POINT('',(-121.15404623508,-56.9989237415413,0.));
#3524=CARTESIAN_POINT('Origin',(-17.6540462350804,-3.49892374154135,13.));
#3525=CARTESIAN_POINT('',(-108.520121975771,-54.9989237415413,13.));
#3526=CARTESIAN_POINT('',(-108.520121975771,-30.2489237415413,13.));
#3527=CARTESIAN_POINT('',(83.8459537649196,-54.9989237415413,13.));
#3528=CARTESIAN_POINT('',(-75.1757766880008,23.2510762584586,13.));
#3529=CARTESIAN_POINT('Origin',(-116.15404623508,45.0010762584586,13.));
#3530=CARTESIAN_POINT('Origin',(-116.15404623508,45.0010762584586,0.));
#3531=CARTESIAN_POINT('Origin',(-116.15404623508,45.0010762584586,0.));
#3532=CARTESIAN_POINT('Origin',(85.8459537649196,50.0010762584586,0.));
#3533=CARTESIAN_POINT('',(-121.15404623508,50.0010762584586,0.));
#3534=CARTESIAN_POINT('Origin',(-94.1540462350804,-39.9989237415413,0.));
#3535=CARTESIAN_POINT('',(-94.1540462350804,-46.9989237415413,0.));
#3536=CARTESIAN_POINT('',(-101.15404623508,-39.9989237415413,0.));
#3537=CARTESIAN_POINT('Origin',(-94.1540462350804,-39.9989237415413,0.));
#3538=CARTESIAN_POINT('',(-101.15404623508,-39.9989237415413,0.));
#3539=CARTESIAN_POINT('',(-94.1540462350804,-46.9989237415413,0.));
#3540=CARTESIAN_POINT('Origin',(-101.15404623508,-46.9989237415413,0.));
#3541=CARTESIAN_POINT('',(-101.15404623508,33.0010762584586,0.));
#3542=CARTESIAN_POINT('',(-101.15404623508,-46.9989237415413,0.));
#3543=CARTESIAN_POINT('',(-101.15404623508,33.0010762584586,0.));
#3544=CARTESIAN_POINT('Origin',(58.8459537649196,-39.9989237415413,0.));
#3545=CARTESIAN_POINT('',(65.8459537649196,-39.9989237415413,0.));
#3546=CARTESIAN_POINT('',(58.8459537649196,-46.9989237415413,0.));
#3547=CARTESIAN_POINT('Origin',(58.8459537649196,-39.9989237415413,0.));
#3548=CARTESIAN_POINT('',(58.8459537649196,-46.9989237415413,0.));
#3549=CARTESIAN_POINT('',(65.8459537649196,-39.9989237415413,0.));
#3550=CARTESIAN_POINT('Origin',(65.8459537649196,-46.9989237415413,0.));
#3551=CARTESIAN_POINT('',(65.8459537649196,-46.9989237415413,0.));
#3552=CARTESIAN_POINT('Origin',(58.8459537649196,33.0010762584586,0.));
#3553=CARTESIAN_POINT('',(58.8459537649196,40.0010762584586,0.));
#3554=CARTESIAN_POINT('',(65.8459537649196,33.0010762584586,0.));
#3555=CARTESIAN_POINT('Origin',(58.8459537649196,33.0010762584586,0.));
#3556=CARTESIAN_POINT('',(65.8459537649196,33.0010762584586,0.));
#3557=CARTESIAN_POINT('',(58.8459537649196,40.0010762584586,0.));
#3558=CARTESIAN_POINT('Origin',(65.8459537649196,40.0010762584586,0.));
#3559=CARTESIAN_POINT('',(65.8459537649196,40.0010762584586,0.));
#3560=CARTESIAN_POINT('Origin',(-94.1540462350804,33.0010762584586,0.));
#3561=CARTESIAN_POINT('',(-94.1540462350804,40.0010762584586,0.));
#3562=CARTESIAN_POINT('Origin',(-94.1540462350804,33.0010762584586,0.));
#3563=CARTESIAN_POINT('',(-94.1540462350804,40.0010762584586,0.));
#3564=CARTESIAN_POINT('Origin',(-101.15404623508,40.0010762584586,0.));
#3565=CARTESIAN_POINT('',(-101.15404623508,40.0010762584586,0.));
#3566=CARTESIAN_POINT('Origin',(-61.9877291601268,50.0010762584586,9.99163811899317));
#3567=CARTESIAN_POINT('',(-66.5680468438639,50.0010762584586,6.11598463654081));
#3568=CARTESIAN_POINT('',(-61.9877291601268,50.0010762584586,3.99163811899317));
#3569=CARTESIAN_POINT('Origin',(-72.3929830074353,50.0010762584586,13.));
#3570=CARTESIAN_POINT('',(-70.5954590042637,23.2510762584586,10.8756534824524));
#3571=CARTESIAN_POINT('Origin',(-75.1757766880008,23.2510762584586,7.));
#3572=CARTESIAN_POINT('Origin',(24.5947464288679,50.0010762584586,9.99163811899317));
#3573=CARTESIAN_POINT('',(24.5947464288679,50.0010762584586,3.99163811899317));
#3574=CARTESIAN_POINT('',(29.1750642032155,50.0010762584586,6.11598474362593));
#3575=CARTESIAN_POINT('Origin',(-64.7705228406922,50.0010762584586,3.99163811899317));
#3576=CARTESIAN_POINT('Origin',(37.7827937657911,23.2510762584586,7.));
#3577=CARTESIAN_POINT('',(33.2024759914435,23.2510762584586,10.8756533753673));
#3578=CARTESIAN_POINT('Origin',(27.3775401946589,50.0010762584586,3.99163811899317));
#3579=CARTESIAN_POINT('Origin',(71.8782542090406,-30.2489237415413,3.));
#3580=CARTESIAN_POINT('',(64.2443910792032,-30.2489237415413,9.45942208830708));
#3581=CARTESIAN_POINT('Origin',(53.2945831643308,-30.2489237415413,12.));
#3582=CARTESIAN_POINT('',(60.9284462941682,-30.2489237415413,5.54057791169292));
#3583=CARTESIAN_POINT('Origin',(-108.520121975771,-30.2489237415413,3.));
#3584=CARTESIAN_POINT('',(-100.886259169542,-54.9989237415413,9.45942247075394));
#3585=CARTESIAN_POINT('',(-100.886259169542,-30.2489237415413,9.45942247075395));
#3586=CARTESIAN_POINT('Origin',(-108.520121975771,-54.9989237415413,3.));
#3587=CARTESIAN_POINT('Origin',(-89.9364505941646,-30.2489237415413,12.));
#3588=CARTESIAN_POINT('',(-97.5703134003932,-54.9989237415413,5.54057752924605));
#3589=CARTESIAN_POINT('Origin',(-89.9364505941646,-54.9989237415413,12.));
#3590=CARTESIAN_POINT('',(-97.5703134003932,-30.2489237415413,5.54057752924605));
#3591=CARTESIAN_POINT('Origin',(-94.5744400617737,-56.9989237415413,1.99999999999999));
#3592=CARTESIAN_POINT('',(-56.8591503571509,-54.9989237415413,-42.5726144412796));
#3593=CARTESIAN_POINT('Origin',(67.2402644370543,-56.9989237415413,13.));
#3594=CARTESIAN_POINT('Origin',(83.8459537649196,-54.9989237415413,0.));
#3595=CARTESIAN_POINT('Origin',(83.8459537649196,48.0010762584586,0.));
#3596=CARTESIAN_POINT('Origin',(-17.6540462350804,-3.49892374154135,0.));
#3597=CARTESIAN_POINT('Origin',(190.417704348845,-28.4920857719457,12.8704625364076));
#3598=CARTESIAN_POINT('',(184.917704348845,-28.4920857719457,12.8704625364076));
#3599=CARTESIAN_POINT('Origin',(190.417704348845,-28.4920857719457,12.8704625364076));
#3600=CARTESIAN_POINT('Origin',(190.417704348845,-28.4920857719457,149.870462536408));
#3601=CARTESIAN_POINT('',(184.917704348845,-28.4920857719457,149.870462536408));
#3602=CARTESIAN_POINT('Origin',(190.417704348845,-28.4920857719457,149.870462536408));
#3603=CARTESIAN_POINT('Origin',(190.417704348845,-28.4920857719457,25.8704625364076));
#3604=CARTESIAN_POINT('',(176.917704348845,-28.4920857719457,25.8704625364076));
#3605=CARTESIAN_POINT('Origin',(190.417704348845,-28.4920857719457,25.8704625364076));
#3606=CARTESIAN_POINT('',(178.917704348845,-28.4920857719457,23.8704625364076));
#3607=CARTESIAN_POINT('Origin',(178.917704348845,-28.4920857719457,25.8704625364076));
#3608=CARTESIAN_POINT('Origin',(190.417704348845,-28.4920857719457,23.8704625364076));
#3609=CARTESIAN_POINT('Origin',(190.417704348845,-28.4920857719457,17.8704625364076));
#3610=CARTESIAN_POINT('',(176.917704348845,-28.4920857719457,136.870462536408));
#3611=CARTESIAN_POINT('',(203.917704348845,-28.4920857719457,136.870462536408));
#3612=CARTESIAN_POINT('Origin',(190.417704348845,-28.4920857719457,136.870462536408));
#3613=CARTESIAN_POINT('',(176.917704348845,-28.4920857719457,17.8704625364076));
#3614=CARTESIAN_POINT('Origin',(190.417704348845,-28.4920857719457,136.870462536408));
#3615=CARTESIAN_POINT('Origin',(190.417704348845,-28.4920857719457,23.8704625364076));
#3616=CARTESIAN_POINT('',(184.917704348845,-28.4920857719457,23.8704625364076));
#3617=CARTESIAN_POINT('Origin',(190.417704348845,-28.4920857719457,23.8704625364076));
#3618=CARTESIAN_POINT('Origin',(190.417704348845,-28.4920857719457,136.870462536408));
#3619=CARTESIAN_POINT('',(201.917704348845,-28.4920857719457,138.870462536408));
#3620=CARTESIAN_POINT('Origin',(201.917704348845,-28.4920857719457,136.870462536408));
#3621=CARTESIAN_POINT('Origin',(190.417704348845,-28.4920857719457,138.870462536408));
#3622=CARTESIAN_POINT('Origin',(190.417704348845,-28.4920857719457,138.870462536408));
#3623=CARTESIAN_POINT('',(184.917704348845,-28.4920857719457,138.870462536408));
#3624=CARTESIAN_POINT('Origin',(190.417704348845,-28.4920857719457,138.870462536408));
#3625=CARTESIAN_POINT('Origin',(190.417704348845,-28.4920857719457,17.8704625364076));
#3626=CARTESIAN_POINT('',(184.917704348845,-28.4920857719457,17.8704625364076));
#3627=CARTESIAN_POINT('Origin',(190.417704348845,-28.4920857719457,17.8704625364076));
#3628=CARTESIAN_POINT('',(184.917704348845,-28.4920857719457,17.8704625364076));
#3629=UNCERTAINTY_MEASURE_WITH_UNIT(LENGTH_MEASURE(0.01),#3633,
'DISTANCE_ACCURACY_VALUE',
'Maximum model space distance between geometric entities at asserted c
onnectivities');
#3630=UNCERTAINTY_MEASURE_WITH_UNIT(LENGTH_MEASURE(0.01),#3633,
'DISTANCE_ACCURACY_VALUE',
'Maximum model space distance between geometric entities at asserted c
onnectivities');
#3631=(
GEOMETRIC_REPRESENTATION_CONTEXT(3)
GLOBAL_UNCERTAINTY_ASSIGNED_CONTEXT((#3629))
GLOBAL_UNIT_ASSIGNED_CONTEXT((#3633,#3635,#3636))
REPRESENTATION_CONTEXT('','3D')
);
#3632=(
GEOMETRIC_REPRESENTATION_CONTEXT(3)
GLOBAL_UNCERTAINTY_ASSIGNED_CONTEXT((#3630))
GLOBAL_UNIT_ASSIGNED_CONTEXT((#3633,#3635,#3636))
REPRESENTATION_CONTEXT('','3D')
);
#3633=(
LENGTH_UNIT()
NAMED_UNIT(*)
SI_UNIT(.MILLI.,.METRE.)
);
#3634=(
LENGTH_UNIT()
NAMED_UNIT(*)
SI_UNIT($,.METRE.)
);
#3635=(
NAMED_UNIT(*)
PLANE_ANGLE_UNIT()
SI_UNIT($,.RADIAN.)
);
#3636=(
NAMED_UNIT(*)
SI_UNIT($,.STERADIAN.)
SOLID_ANGLE_UNIT()
);
#3637=SHAPE_DEFINITION_REPRESENTATION(#3638,#3639);
#3638=PRODUCT_DEFINITION_SHAPE('',$,#3641);
#3639=SHAPE_REPRESENTATION('',(#2088),#3631);
#3640=PRODUCT_DEFINITION_CONTEXT('part definition',#3645,'design');
#3641=PRODUCT_DEFINITION('2026-07-24-17-18-32-774','Untitled',#3642,#3640);
#3642=PRODUCT_DEFINITION_FORMATION('',$,#3647);
#3643=PRODUCT_RELATED_PRODUCT_CATEGORY('Untitled','Untitled',(#3647));
#3644=APPLICATION_PROTOCOL_DEFINITION('international standard',
'automotive_design',2009,#3645);
#3645=APPLICATION_CONTEXT(
'Core Data for Automotive Mechanical Design Process');
#3646=PRODUCT_CONTEXT('part definition',#3645,'mechanical');
#3647=PRODUCT('2026-07-24-17-18-32-774','Untitled',$,(#3646));
#3648=PRESENTATION_STYLE_ASSIGNMENT((#3649));
#3649=SURFACE_STYLE_USAGE(.BOTH.,#3650);
#3650=SURFACE_SIDE_STYLE('',(#3651));
#3651=SURFACE_STYLE_FILL_AREA(#3652);
#3652=FILL_AREA_STYLE('Steel - Satin',(#3653));
#3653=FILL_AREA_STYLE_COLOUR('Steel - Satin',#3654);
#3654=COLOUR_RGB('Steel - Satin',0.627450980392157,0.627450980392157,0.627450980392157);
ENDSEC;
END-ISO-10303-21;
