ISO-10303-21;
HEADER;
/* Generated by software containing ST-Developer
 * from STEP Tools, Inc. (www.steptools.com) 
 */

FILE_DESCRIPTION(
/* description */ (''),
/* implementation_level */ '2;1');

FILE_NAME(
/* name */ '3rd.step',
/* time_stamp */ '2026-07-29T17:51:29+05:30',
/* author */ (''),
/* organization */ (''),
/* preprocessor_version */ 'ST-DEVELOPER v20.1',
/* originating_system */ 'Autodesk Translation Framework v15.8.0.0',
/* authorisation */ '');

FILE_SCHEMA (('AUTOMOTIVE_DESIGN { 1 0 10303 214 3 1 1 }'));
ENDSEC;

DATA;
#10=MECHANICAL_DESIGN_GEOMETRIC_PRESENTATION_REPRESENTATION('',(#13),#6562);
#11=SHAPE_REPRESENTATION_RELATIONSHIP('SRR','None',#6569,#12);
#12=ADVANCED_BREP_SHAPE_REPRESENTATION('',(#14),#6561);
#13=STYLED_ITEM('',(#6578),#14);
#14=MANIFOLD_SOLID_BREP('Body1',#3879);
#15=FACE_BOUND('',#350,.T.);
#16=FACE_BOUND('',#351,.T.);
#17=FACE_BOUND('',#352,.T.);
#18=FACE_BOUND('',#353,.T.);
#19=FACE_BOUND('',#354,.T.);
#20=FACE_BOUND('',#355,.T.);
#21=FACE_BOUND('',#356,.T.);
#22=FACE_BOUND('',#357,.T.);
#23=FACE_BOUND('',#358,.T.);
#24=FACE_BOUND('',#359,.T.);
#25=FACE_BOUND('',#360,.T.);
#26=FACE_BOUND('',#361,.T.);
#27=FACE_BOUND('',#362,.T.);
#28=FACE_BOUND('',#363,.T.);
#29=FACE_BOUND('',#513,.T.);
#30=FACE_BOUND('',#514,.T.);
#31=FACE_BOUND('',#515,.T.);
#32=FACE_BOUND('',#516,.T.);
#33=FACE_BOUND('',#517,.T.);
#34=FACE_BOUND('',#518,.T.);
#35=FACE_BOUND('',#519,.T.);
#36=FACE_BOUND('',#520,.T.);
#37=ELLIPSE('',#3945,0.113445598252994,0.1);
#38=ELLIPSE('',#4015,0.113445598252994,0.1);
#39=PLANE('',#3900);
#40=PLANE('',#3905);
#41=PLANE('',#3909);
#42=PLANE('',#3917);
#43=PLANE('',#3925);
#44=PLANE('',#3926);
#45=PLANE('',#3934);
#46=PLANE('',#3938);
#47=PLANE('',#3941);
#48=PLANE('',#3951);
#49=PLANE('',#4012);
#50=PLANE('',#4021);
#51=PLANE('',#4022);
#52=PLANE('',#4024);
#53=PLANE('',#4028);
#54=PLANE('',#4031);
#55=PLANE('',#4034);
#56=PLANE('',#4037);
#57=PLANE('',#4040);
#58=PLANE('',#4043);
#59=PLANE('',#4046);
#60=PLANE('',#4049);
#61=PLANE('',#4052);
#62=PLANE('',#4055);
#63=PLANE('',#4058);
#64=PLANE('',#4061);
#65=PLANE('',#4064);
#66=PLANE('',#4067);
#67=PLANE('',#4070);
#68=PLANE('',#4073);
#69=PLANE('',#4076);
#70=PLANE('',#4079);
#71=PLANE('',#4082);
#72=PLANE('',#4085);
#73=PLANE('',#4088);
#74=PLANE('',#4103);
#75=PLANE('',#4106);
#76=PLANE('',#4109);
#77=PLANE('',#4122);
#78=PLANE('',#4125);
#79=PLANE('',#4128);
#80=PLANE('',#4131);
#81=PLANE('',#4134);
#82=PLANE('',#4137);
#83=PLANE('',#4140);
#84=PLANE('',#4143);
#85=PLANE('',#4146);
#86=PLANE('',#4149);
#87=PLANE('',#4152);
#88=PLANE('',#4155);
#89=PLANE('',#4158);
#90=PLANE('',#4161);
#91=PLANE('',#4164);
#92=PLANE('',#4167);
#93=PLANE('',#4170);
#94=PLANE('',#4173);
#95=PLANE('',#4176);
#96=PLANE('',#4179);
#97=PLANE('',#4182);
#98=PLANE('',#4185);
#99=PLANE('',#4188);
#100=PLANE('',#4189);
#101=PLANE('',#4196);
#102=PLANE('',#4205);
#103=PLANE('',#4209);
#104=PLANE('',#4225);
#105=PLANE('',#4227);
#106=PLANE('',#4233);
#107=PLANE('',#4234);
#108=PLANE('',#4235);
#109=PLANE('',#4236);
#110=PLANE('',#4237);
#111=PLANE('',#4238);
#112=PLANE('',#4239);
#113=PLANE('',#4240);
#114=PLANE('',#4241);
#115=PLANE('',#4242);
#116=PLANE('',#4243);
#117=PLANE('',#4244);
#118=PLANE('',#4245);
#119=PLANE('',#4246);
#120=PLANE('',#4247);
#121=PLANE('',#4248);
#122=PLANE('',#4249);
#123=PLANE('',#4250);
#124=PLANE('',#4251);
#125=PLANE('',#4252);
#126=PLANE('',#4253);
#127=PLANE('',#4254);
#128=PLANE('',#4255);
#129=PLANE('',#4256);
#130=PLANE('',#4257);
#131=PLANE('',#4258);
#132=PLANE('',#4259);
#133=PLANE('',#4260);
#134=PLANE('',#4261);
#135=PLANE('',#4262);
#136=B_SPLINE_CURVE_WITH_KNOTS('',3,(#5414,#5415,#5416,#5417,#5418,#5419,
#5420,#5421,#5422,#5423,#5424,#5425,#5426,#5427,#5428,#5429,#5430,#5431),
 .UNSPECIFIED.,.F.,.F.,(4,2,2,2,2,2,2,2,4),(0.0913607876266817,0.0916936673753324,
0.0933418742524545,0.0958138525791852,0.102189934175287,0.114219682755945,
0.126751045675787,0.140830793773967,0.149973106437927),.UNSPECIFIED.);
#137=B_SPLINE_CURVE_WITH_KNOTS('',3,(#5450,#5451,#5452,#5453,#5454,#5455),
 .UNSPECIFIED.,.F.,.F.,(4,2,4),(0.104962733211616,0.113981279424954,0.151693821822366),
 .UNSPECIFIED.);
#138=FACE_OUTER_BOUND('',#327,.T.);
#139=FACE_OUTER_BOUND('',#328,.T.);
#140=FACE_OUTER_BOUND('',#329,.T.);
#141=FACE_OUTER_BOUND('',#330,.T.);
#142=FACE_OUTER_BOUND('',#331,.T.);
#143=FACE_OUTER_BOUND('',#332,.T.);
#144=FACE_OUTER_BOUND('',#333,.T.);
#145=FACE_OUTER_BOUND('',#334,.T.);
#146=FACE_OUTER_BOUND('',#335,.T.);
#147=FACE_OUTER_BOUND('',#336,.T.);
#148=FACE_OUTER_BOUND('',#337,.T.);
#149=FACE_OUTER_BOUND('',#338,.T.);
#150=FACE_OUTER_BOUND('',#339,.T.);
#151=FACE_OUTER_BOUND('',#340,.T.);
#152=FACE_OUTER_BOUND('',#341,.T.);
#153=FACE_OUTER_BOUND('',#342,.T.);
#154=FACE_OUTER_BOUND('',#343,.T.);
#155=FACE_OUTER_BOUND('',#344,.T.);
#156=FACE_OUTER_BOUND('',#345,.T.);
#157=FACE_OUTER_BOUND('',#346,.T.);
#158=FACE_OUTER_BOUND('',#347,.T.);
#159=FACE_OUTER_BOUND('',#348,.T.);
#160=FACE_OUTER_BOUND('',#349,.T.);
#161=FACE_OUTER_BOUND('',#364,.T.);
#162=FACE_OUTER_BOUND('',#365,.T.);
#163=FACE_OUTER_BOUND('',#366,.T.);
#164=FACE_OUTER_BOUND('',#367,.T.);
#165=FACE_OUTER_BOUND('',#368,.T.);
#166=FACE_OUTER_BOUND('',#369,.T.);
#167=FACE_OUTER_BOUND('',#370,.T.);
#168=FACE_OUTER_BOUND('',#371,.T.);
#169=FACE_OUTER_BOUND('',#372,.T.);
#170=FACE_OUTER_BOUND('',#373,.T.);
#171=FACE_OUTER_BOUND('',#374,.T.);
#172=FACE_OUTER_BOUND('',#375,.T.);
#173=FACE_OUTER_BOUND('',#376,.T.);
#174=FACE_OUTER_BOUND('',#377,.T.);
#175=FACE_OUTER_BOUND('',#378,.T.);
#176=FACE_OUTER_BOUND('',#379,.T.);
#177=FACE_OUTER_BOUND('',#380,.T.);
#178=FACE_OUTER_BOUND('',#381,.T.);
#179=FACE_OUTER_BOUND('',#382,.T.);
#180=FACE_OUTER_BOUND('',#383,.T.);
#181=FACE_OUTER_BOUND('',#384,.T.);
#182=FACE_OUTER_BOUND('',#385,.T.);
#183=FACE_OUTER_BOUND('',#386,.T.);
#184=FACE_OUTER_BOUND('',#387,.T.);
#185=FACE_OUTER_BOUND('',#388,.T.);
#186=FACE_OUTER_BOUND('',#389,.T.);
#187=FACE_OUTER_BOUND('',#390,.T.);
#188=FACE_OUTER_BOUND('',#391,.T.);
#189=FACE_OUTER_BOUND('',#392,.T.);
#190=FACE_OUTER_BOUND('',#393,.T.);
#191=FACE_OUTER_BOUND('',#394,.T.);
#192=FACE_OUTER_BOUND('',#395,.T.);
#193=FACE_OUTER_BOUND('',#396,.T.);
#194=FACE_OUTER_BOUND('',#397,.T.);
#195=FACE_OUTER_BOUND('',#398,.T.);
#196=FACE_OUTER_BOUND('',#399,.T.);
#197=FACE_OUTER_BOUND('',#400,.T.);
#198=FACE_OUTER_BOUND('',#401,.T.);
#199=FACE_OUTER_BOUND('',#402,.T.);
#200=FACE_OUTER_BOUND('',#403,.T.);
#201=FACE_OUTER_BOUND('',#404,.T.);
#202=FACE_OUTER_BOUND('',#405,.T.);
#203=FACE_OUTER_BOUND('',#406,.T.);
#204=FACE_OUTER_BOUND('',#407,.T.);
#205=FACE_OUTER_BOUND('',#408,.T.);
#206=FACE_OUTER_BOUND('',#409,.T.);
#207=FACE_OUTER_BOUND('',#410,.T.);
#208=FACE_OUTER_BOUND('',#411,.T.);
#209=FACE_OUTER_BOUND('',#412,.T.);
#210=FACE_OUTER_BOUND('',#413,.T.);
#211=FACE_OUTER_BOUND('',#414,.T.);
#212=FACE_OUTER_BOUND('',#415,.T.);
#213=FACE_OUTER_BOUND('',#416,.T.);
#214=FACE_OUTER_BOUND('',#417,.T.);
#215=FACE_OUTER_BOUND('',#418,.T.);
#216=FACE_OUTER_BOUND('',#419,.T.);
#217=FACE_OUTER_BOUND('',#420,.T.);
#218=FACE_OUTER_BOUND('',#421,.T.);
#219=FACE_OUTER_BOUND('',#422,.T.);
#220=FACE_OUTER_BOUND('',#423,.T.);
#221=FACE_OUTER_BOUND('',#424,.T.);
#222=FACE_OUTER_BOUND('',#425,.T.);
#223=FACE_OUTER_BOUND('',#426,.T.);
#224=FACE_OUTER_BOUND('',#427,.T.);
#225=FACE_OUTER_BOUND('',#428,.T.);
#226=FACE_OUTER_BOUND('',#429,.T.);
#227=FACE_OUTER_BOUND('',#430,.T.);
#228=FACE_OUTER_BOUND('',#431,.T.);
#229=FACE_OUTER_BOUND('',#432,.T.);
#230=FACE_OUTER_BOUND('',#433,.T.);
#231=FACE_OUTER_BOUND('',#434,.T.);
#232=FACE_OUTER_BOUND('',#435,.T.);
#233=FACE_OUTER_BOUND('',#436,.T.);
#234=FACE_OUTER_BOUND('',#437,.T.);
#235=FACE_OUTER_BOUND('',#438,.T.);
#236=FACE_OUTER_BOUND('',#439,.T.);
#237=FACE_OUTER_BOUND('',#440,.T.);
#238=FACE_OUTER_BOUND('',#441,.T.);
#239=FACE_OUTER_BOUND('',#442,.T.);
#240=FACE_OUTER_BOUND('',#443,.T.);
#241=FACE_OUTER_BOUND('',#444,.T.);
#242=FACE_OUTER_BOUND('',#445,.T.);
#243=FACE_OUTER_BOUND('',#446,.T.);
#244=FACE_OUTER_BOUND('',#447,.T.);
#245=FACE_OUTER_BOUND('',#448,.T.);
#246=FACE_OUTER_BOUND('',#449,.T.);
#247=FACE_OUTER_BOUND('',#450,.T.);
#248=FACE_OUTER_BOUND('',#451,.T.);
#249=FACE_OUTER_BOUND('',#452,.T.);
#250=FACE_OUTER_BOUND('',#453,.T.);
#251=FACE_OUTER_BOUND('',#454,.T.);
#252=FACE_OUTER_BOUND('',#455,.T.);
#253=FACE_OUTER_BOUND('',#456,.T.);
#254=FACE_OUTER_BOUND('',#457,.T.);
#255=FACE_OUTER_BOUND('',#458,.T.);
#256=FACE_OUTER_BOUND('',#459,.T.);
#257=FACE_OUTER_BOUND('',#460,.T.);
#258=FACE_OUTER_BOUND('',#461,.T.);
#259=FACE_OUTER_BOUND('',#462,.T.);
#260=FACE_OUTER_BOUND('',#463,.T.);
#261=FACE_OUTER_BOUND('',#464,.T.);
#262=FACE_OUTER_BOUND('',#465,.T.);
#263=FACE_OUTER_BOUND('',#466,.T.);
#264=FACE_OUTER_BOUND('',#467,.T.);
#265=FACE_OUTER_BOUND('',#468,.T.);
#266=FACE_OUTER_BOUND('',#469,.T.);
#267=FACE_OUTER_BOUND('',#470,.T.);
#268=FACE_OUTER_BOUND('',#471,.T.);
#269=FACE_OUTER_BOUND('',#472,.T.);
#270=FACE_OUTER_BOUND('',#473,.T.);
#271=FACE_OUTER_BOUND('',#474,.T.);
#272=FACE_OUTER_BOUND('',#475,.T.);
#273=FACE_OUTER_BOUND('',#476,.T.);
#274=FACE_OUTER_BOUND('',#477,.T.);
#275=FACE_OUTER_BOUND('',#478,.T.);
#276=FACE_OUTER_BOUND('',#479,.T.);
#277=FACE_OUTER_BOUND('',#480,.T.);
#278=FACE_OUTER_BOUND('',#481,.T.);
#279=FACE_OUTER_BOUND('',#482,.T.);
#280=FACE_OUTER_BOUND('',#483,.T.);
#281=FACE_OUTER_BOUND('',#484,.T.);
#282=FACE_OUTER_BOUND('',#485,.T.);
#283=FACE_OUTER_BOUND('',#486,.T.);
#284=FACE_OUTER_BOUND('',#487,.T.);
#285=FACE_OUTER_BOUND('',#488,.T.);
#286=FACE_OUTER_BOUND('',#489,.T.);
#287=FACE_OUTER_BOUND('',#490,.T.);
#288=FACE_OUTER_BOUND('',#491,.T.);
#289=FACE_OUTER_BOUND('',#492,.T.);
#290=FACE_OUTER_BOUND('',#493,.T.);
#291=FACE_OUTER_BOUND('',#494,.T.);
#292=FACE_OUTER_BOUND('',#495,.T.);
#293=FACE_OUTER_BOUND('',#496,.T.);
#294=FACE_OUTER_BOUND('',#497,.T.);
#295=FACE_OUTER_BOUND('',#498,.T.);
#296=FACE_OUTER_BOUND('',#499,.T.);
#297=FACE_OUTER_BOUND('',#500,.T.);
#298=FACE_OUTER_BOUND('',#501,.T.);
#299=FACE_OUTER_BOUND('',#502,.T.);
#300=FACE_OUTER_BOUND('',#503,.T.);
#301=FACE_OUTER_BOUND('',#504,.T.);
#302=FACE_OUTER_BOUND('',#505,.T.);
#303=FACE_OUTER_BOUND('',#506,.T.);
#304=FACE_OUTER_BOUND('',#507,.T.);
#305=FACE_OUTER_BOUND('',#508,.T.);
#306=FACE_OUTER_BOUND('',#509,.T.);
#307=FACE_OUTER_BOUND('',#510,.T.);
#308=FACE_OUTER_BOUND('',#511,.T.);
#309=FACE_OUTER_BOUND('',#512,.T.);
#310=FACE_OUTER_BOUND('',#521,.T.);
#311=FACE_OUTER_BOUND('',#522,.T.);
#312=FACE_OUTER_BOUND('',#523,.T.);
#313=FACE_OUTER_BOUND('',#524,.T.);
#314=FACE_OUTER_BOUND('',#525,.T.);
#315=FACE_OUTER_BOUND('',#526,.T.);
#316=FACE_OUTER_BOUND('',#527,.T.);
#317=FACE_OUTER_BOUND('',#528,.T.);
#318=FACE_OUTER_BOUND('',#529,.T.);
#319=FACE_OUTER_BOUND('',#530,.T.);
#320=FACE_OUTER_BOUND('',#531,.T.);
#321=FACE_OUTER_BOUND('',#532,.T.);
#322=FACE_OUTER_BOUND('',#533,.T.);
#323=FACE_OUTER_BOUND('',#534,.T.);
#324=FACE_OUTER_BOUND('',#535,.T.);
#325=FACE_OUTER_BOUND('',#536,.T.);
#326=FACE_OUTER_BOUND('',#537,.T.);
#327=EDGE_LOOP('',(#2450,#2451,#2452,#2453,#2454,#2455));
#328=EDGE_LOOP('',(#2456,#2457,#2458,#2459,#2460));
#329=EDGE_LOOP('',(#2461,#2462,#2463,#2464));
#330=EDGE_LOOP('',(#2465,#2466,#2467,#2468,#2469,#2470,#2471));
#331=EDGE_LOOP('',(#2472,#2473,#2474,#2475,#2476,#2477,#2478));
#332=EDGE_LOOP('',(#2479,#2480,#2481,#2482));
#333=EDGE_LOOP('',(#2483,#2484,#2485,#2486,#2487,#2488,#2489,#2490,#2491,
#2492,#2493,#2494,#2495,#2496));
#334=EDGE_LOOP('',(#2497,#2498,#2499,#2500,#2501));
#335=EDGE_LOOP('',(#2502,#2503,#2504,#2505,#2506,#2507,#2508,#2509,#2510,
#2511,#2512,#2513,#2514,#2515,#2516,#2517,#2518));
#336=EDGE_LOOP('',(#2519,#2520,#2521,#2522));
#337=EDGE_LOOP('',(#2523,#2524,#2525,#2526));
#338=EDGE_LOOP('',(#2527,#2528,#2529,#2530));
#339=EDGE_LOOP('',(#2531,#2532,#2533,#2534,#2535,#2536,#2537,#2538,#2539,
#2540,#2541,#2542,#2543,#2544,#2545,#2546,#2547,#2548,#2549,#2550,#2551,
#2552,#2553,#2554));
#340=EDGE_LOOP('',(#2555,#2556,#2557,#2558));
#341=EDGE_LOOP('',(#2559,#2560,#2561,#2562));
#342=EDGE_LOOP('',(#2563,#2564,#2565,#2566));
#343=EDGE_LOOP('',(#2567,#2568,#2569,#2570,#2571,#2572,#2573,#2574,#2575,
#2576,#2577,#2578,#2579,#2580,#2581,#2582,#2583,#2584));
#344=EDGE_LOOP('',(#2585,#2586,#2587,#2588));
#345=EDGE_LOOP('',(#2589,#2590,#2591,#2592));
#346=EDGE_LOOP('',(#2593,#2594,#2595,#2596));
#347=EDGE_LOOP('',(#2597,#2598,#2599,#2600));
#348=EDGE_LOOP('',(#2601,#2602,#2603,#2604));
#349=EDGE_LOOP('',(#2605,#2606,#2607,#2608,#2609,#2610,#2611,#2612,#2613,
#2614,#2615,#2616));
#350=EDGE_LOOP('',(#2617,#2618,#2619,#2620,#2621,#2622,#2623,#2624));
#351=EDGE_LOOP('',(#2625,#2626,#2627,#2628,#2629,#2630,#2631,#2632));
#352=EDGE_LOOP('',(#2633,#2634,#2635,#2636,#2637,#2638,#2639,#2640));
#353=EDGE_LOOP('',(#2641,#2642,#2643,#2644,#2645,#2646,#2647,#2648));
#354=EDGE_LOOP('',(#2649,#2650,#2651,#2652,#2653,#2654,#2655,#2656));
#355=EDGE_LOOP('',(#2657,#2658,#2659,#2660,#2661,#2662,#2663,#2664));
#356=EDGE_LOOP('',(#2665,#2666,#2667,#2668,#2669,#2670,#2671,#2672));
#357=EDGE_LOOP('',(#2673,#2674,#2675,#2676,#2677,#2678,#2679,#2680));
#358=EDGE_LOOP('',(#2681,#2682,#2683,#2684,#2685,#2686,#2687,#2688));
#359=EDGE_LOOP('',(#2689,#2690,#2691,#2692,#2693,#2694,#2695,#2696));
#360=EDGE_LOOP('',(#2697,#2698,#2699,#2700,#2701,#2702,#2703,#2704));
#361=EDGE_LOOP('',(#2705,#2706,#2707,#2708,#2709,#2710,#2711,#2712));
#362=EDGE_LOOP('',(#2713,#2714,#2715,#2716,#2717,#2718,#2719,#2720));
#363=EDGE_LOOP('',(#2721,#2722,#2723,#2724,#2725,#2726,#2727,#2728));
#364=EDGE_LOOP('',(#2729,#2730,#2731,#2732,#2733,#2734,#2735));
#365=EDGE_LOOP('',(#2736,#2737,#2738,#2739));
#366=EDGE_LOOP('',(#2740,#2741,#2742,#2743));
#367=EDGE_LOOP('',(#2744,#2745,#2746,#2747));
#368=EDGE_LOOP('',(#2748,#2749,#2750,#2751));
#369=EDGE_LOOP('',(#2752,#2753,#2754,#2755,#2756,#2757,#2758,#2759));
#370=EDGE_LOOP('',(#2760,#2761,#2762,#2763,#2764,#2765,#2766,#2767,#2768,
#2769,#2770,#2771,#2772,#2773,#2774,#2775,#2776,#2777,#2778,#2779,#2780,
#2781,#2782));
#371=EDGE_LOOP('',(#2783,#2784,#2785,#2786));
#372=EDGE_LOOP('',(#2787,#2788,#2789,#2790));
#373=EDGE_LOOP('',(#2791,#2792,#2793,#2794));
#374=EDGE_LOOP('',(#2795,#2796,#2797,#2798));
#375=EDGE_LOOP('',(#2799,#2800,#2801,#2802));
#376=EDGE_LOOP('',(#2803,#2804,#2805,#2806));
#377=EDGE_LOOP('',(#2807,#2808,#2809,#2810));
#378=EDGE_LOOP('',(#2811,#2812,#2813,#2814));
#379=EDGE_LOOP('',(#2815,#2816,#2817,#2818));
#380=EDGE_LOOP('',(#2819,#2820,#2821,#2822));
#381=EDGE_LOOP('',(#2823,#2824,#2825,#2826));
#382=EDGE_LOOP('',(#2827,#2828,#2829,#2830));
#383=EDGE_LOOP('',(#2831,#2832,#2833,#2834));
#384=EDGE_LOOP('',(#2835,#2836,#2837,#2838));
#385=EDGE_LOOP('',(#2839,#2840,#2841,#2842));
#386=EDGE_LOOP('',(#2843,#2844,#2845,#2846));
#387=EDGE_LOOP('',(#2847,#2848,#2849,#2850));
#388=EDGE_LOOP('',(#2851,#2852,#2853,#2854));
#389=EDGE_LOOP('',(#2855,#2856,#2857,#2858));
#390=EDGE_LOOP('',(#2859,#2860,#2861,#2862));
#391=EDGE_LOOP('',(#2863,#2864,#2865,#2866));
#392=EDGE_LOOP('',(#2867,#2868,#2869,#2870));
#393=EDGE_LOOP('',(#2871,#2872,#2873,#2874));
#394=EDGE_LOOP('',(#2875,#2876,#2877,#2878));
#395=EDGE_LOOP('',(#2879,#2880,#2881,#2882));
#396=EDGE_LOOP('',(#2883,#2884,#2885,#2886));
#397=EDGE_LOOP('',(#2887,#2888,#2889,#2890));
#398=EDGE_LOOP('',(#2891,#2892,#2893,#2894));
#399=EDGE_LOOP('',(#2895,#2896,#2897,#2898));
#400=EDGE_LOOP('',(#2899,#2900,#2901,#2902));
#401=EDGE_LOOP('',(#2903,#2904,#2905,#2906));
#402=EDGE_LOOP('',(#2907,#2908,#2909,#2910));
#403=EDGE_LOOP('',(#2911,#2912,#2913,#2914));
#404=EDGE_LOOP('',(#2915,#2916,#2917,#2918));
#405=EDGE_LOOP('',(#2919,#2920,#2921,#2922));
#406=EDGE_LOOP('',(#2923,#2924,#2925,#2926));
#407=EDGE_LOOP('',(#2927,#2928,#2929,#2930));
#408=EDGE_LOOP('',(#2931,#2932,#2933,#2934));
#409=EDGE_LOOP('',(#2935,#2936,#2937,#2938));
#410=EDGE_LOOP('',(#2939,#2940,#2941,#2942));
#411=EDGE_LOOP('',(#2943,#2944,#2945,#2946));
#412=EDGE_LOOP('',(#2947,#2948,#2949,#2950));
#413=EDGE_LOOP('',(#2951,#2952,#2953,#2954));
#414=EDGE_LOOP('',(#2955,#2956,#2957,#2958));
#415=EDGE_LOOP('',(#2959,#2960,#2961,#2962));
#416=EDGE_LOOP('',(#2963,#2964,#2965,#2966));
#417=EDGE_LOOP('',(#2967,#2968,#2969,#2970));
#418=EDGE_LOOP('',(#2971,#2972,#2973,#2974));
#419=EDGE_LOOP('',(#2975,#2976,#2977,#2978));
#420=EDGE_LOOP('',(#2979,#2980,#2981,#2982));
#421=EDGE_LOOP('',(#2983,#2984,#2985,#2986));
#422=EDGE_LOOP('',(#2987,#2988,#2989,#2990));
#423=EDGE_LOOP('',(#2991,#2992,#2993,#2994,#2995,#2996,#2997,#2998,#2999,
#3000,#3001,#3002,#3003,#3004,#3005,#3006,#3007,#3008,#3009,#3010,#3011,
#3012,#3013,#3014,#3015,#3016,#3017,#3018));
#424=EDGE_LOOP('',(#3019,#3020,#3021,#3022));
#425=EDGE_LOOP('',(#3023,#3024,#3025,#3026));
#426=EDGE_LOOP('',(#3027,#3028,#3029,#3030));
#427=EDGE_LOOP('',(#3031,#3032,#3033,#3034));
#428=EDGE_LOOP('',(#3035,#3036,#3037,#3038));
#429=EDGE_LOOP('',(#3039,#3040,#3041,#3042));
#430=EDGE_LOOP('',(#3043,#3044,#3045,#3046));
#431=EDGE_LOOP('',(#3047,#3048,#3049,#3050));
#432=EDGE_LOOP('',(#3051,#3052,#3053,#3054));
#433=EDGE_LOOP('',(#3055,#3056,#3057,#3058));
#434=EDGE_LOOP('',(#3059,#3060,#3061,#3062));
#435=EDGE_LOOP('',(#3063,#3064,#3065,#3066));
#436=EDGE_LOOP('',(#3067,#3068,#3069,#3070));
#437=EDGE_LOOP('',(#3071,#3072,#3073,#3074));
#438=EDGE_LOOP('',(#3075,#3076,#3077,#3078));
#439=EDGE_LOOP('',(#3079,#3080,#3081,#3082));
#440=EDGE_LOOP('',(#3083,#3084,#3085,#3086));
#441=EDGE_LOOP('',(#3087,#3088,#3089,#3090));
#442=EDGE_LOOP('',(#3091,#3092,#3093,#3094));
#443=EDGE_LOOP('',(#3095,#3096,#3097,#3098));
#444=EDGE_LOOP('',(#3099,#3100,#3101,#3102));
#445=EDGE_LOOP('',(#3103,#3104,#3105,#3106));
#446=EDGE_LOOP('',(#3107,#3108,#3109,#3110));
#447=EDGE_LOOP('',(#3111,#3112,#3113,#3114));
#448=EDGE_LOOP('',(#3115,#3116,#3117,#3118));
#449=EDGE_LOOP('',(#3119,#3120,#3121,#3122));
#450=EDGE_LOOP('',(#3123,#3124,#3125,#3126));
#451=EDGE_LOOP('',(#3127,#3128,#3129,#3130));
#452=EDGE_LOOP('',(#3131,#3132,#3133,#3134));
#453=EDGE_LOOP('',(#3135,#3136,#3137,#3138));
#454=EDGE_LOOP('',(#3139,#3140,#3141,#3142));
#455=EDGE_LOOP('',(#3143,#3144,#3145,#3146));
#456=EDGE_LOOP('',(#3147,#3148,#3149,#3150));
#457=EDGE_LOOP('',(#3151,#3152,#3153,#3154));
#458=EDGE_LOOP('',(#3155,#3156,#3157,#3158));
#459=EDGE_LOOP('',(#3159,#3160,#3161,#3162));
#460=EDGE_LOOP('',(#3163,#3164,#3165,#3166));
#461=EDGE_LOOP('',(#3167,#3168,#3169,#3170));
#462=EDGE_LOOP('',(#3171,#3172,#3173,#3174));
#463=EDGE_LOOP('',(#3175,#3176,#3177,#3178));
#464=EDGE_LOOP('',(#3179,#3180,#3181,#3182));
#465=EDGE_LOOP('',(#3183,#3184,#3185,#3186));
#466=EDGE_LOOP('',(#3187,#3188,#3189,#3190));
#467=EDGE_LOOP('',(#3191,#3192,#3193,#3194));
#468=EDGE_LOOP('',(#3195,#3196,#3197,#3198));
#469=EDGE_LOOP('',(#3199,#3200,#3201,#3202));
#470=EDGE_LOOP('',(#3203,#3204,#3205,#3206));
#471=EDGE_LOOP('',(#3207,#3208,#3209,#3210));
#472=EDGE_LOOP('',(#3211,#3212,#3213,#3214));
#473=EDGE_LOOP('',(#3215,#3216,#3217,#3218));
#474=EDGE_LOOP('',(#3219,#3220,#3221,#3222));
#475=EDGE_LOOP('',(#3223,#3224,#3225,#3226));
#476=EDGE_LOOP('',(#3227,#3228,#3229,#3230,#3231,#3232,#3233,#3234,#3235,
#3236));
#477=EDGE_LOOP('',(#3237,#3238,#3239,#3240));
#478=EDGE_LOOP('',(#3241,#3242,#3243,#3244));
#479=EDGE_LOOP('',(#3245,#3246,#3247,#3248));
#480=EDGE_LOOP('',(#3249,#3250,#3251,#3252,#3253));
#481=EDGE_LOOP('',(#3254,#3255,#3256,#3257));
#482=EDGE_LOOP('',(#3258,#3259,#3260,#3261));
#483=EDGE_LOOP('',(#3262,#3263,#3264,#3265));
#484=EDGE_LOOP('',(#3266,#3267,#3268,#3269));
#485=EDGE_LOOP('',(#3270,#3271,#3272,#3273,#3274));
#486=EDGE_LOOP('',(#3275,#3276,#3277,#3278));
#487=EDGE_LOOP('',(#3279,#3280,#3281,#3282,#3283));
#488=EDGE_LOOP('',(#3284,#3285,#3286,#3287));
#489=EDGE_LOOP('',(#3288,#3289,#3290,#3291));
#490=EDGE_LOOP('',(#3292,#3293,#3294,#3295));
#491=EDGE_LOOP('',(#3296,#3297,#3298,#3299));
#492=EDGE_LOOP('',(#3300,#3301,#3302,#3303));
#493=EDGE_LOOP('',(#3304,#3305,#3306,#3307));
#494=EDGE_LOOP('',(#3308,#3309,#3310,#3311));
#495=EDGE_LOOP('',(#3312,#3313,#3314,#3315,#3316,#3317,#3318,#3319,#3320,
#3321,#3322,#3323,#3324,#3325,#3326,#3327,#3328,#3329,#3330,#3331,#3332,
#3333,#3334));
#496=EDGE_LOOP('',(#3335,#3336,#3337,#3338,#3339));
#497=EDGE_LOOP('',(#3340,#3341,#3342,#3343));
#498=EDGE_LOOP('',(#3344,#3345,#3346,#3347));
#499=EDGE_LOOP('',(#3348,#3349,#3350,#3351));
#500=EDGE_LOOP('',(#3352,#3353,#3354,#3355,#3356));
#501=EDGE_LOOP('',(#3357,#3358,#3359,#3360,#3361));
#502=EDGE_LOOP('',(#3362,#3363,#3364,#3365,#3366));
#503=EDGE_LOOP('',(#3367,#3368,#3369,#3370));
#504=EDGE_LOOP('',(#3371,#3372,#3373,#3374,#3375,#3376,#3377,#3378));
#505=EDGE_LOOP('',(#3379,#3380,#3381,#3382,#3383,#3384,#3385,#3386));
#506=EDGE_LOOP('',(#3387,#3388,#3389,#3390));
#507=EDGE_LOOP('',(#3391,#3392,#3393,#3394));
#508=EDGE_LOOP('',(#3395,#3396,#3397,#3398));
#509=EDGE_LOOP('',(#3399,#3400,#3401,#3402));
#510=EDGE_LOOP('',(#3403,#3404,#3405,#3406));
#511=EDGE_LOOP('',(#3407,#3408,#3409,#3410));
#512=EDGE_LOOP('',(#3411,#3412,#3413,#3414,#3415,#3416,#3417,#3418,#3419,
#3420,#3421,#3422,#3423,#3424,#3425,#3426,#3427,#3428,#3429,#3430,#3431,
#3432,#3433,#3434,#3435,#3436,#3437,#3438,#3439,#3440,#3441,#3442,#3443,
#3444,#3445,#3446,#3447,#3448,#3449,#3450,#3451,#3452,#3453,#3454,#3455,
#3456,#3457,#3458,#3459,#3460,#3461,#3462,#3463));
#513=EDGE_LOOP('',(#3464,#3465,#3466,#3467,#3468,#3469,#3470,#3471));
#514=EDGE_LOOP('',(#3472,#3473,#3474,#3475,#3476,#3477,#3478,#3479));
#515=EDGE_LOOP('',(#3480,#3481,#3482,#3483,#3484,#3485,#3486,#3487));
#516=EDGE_LOOP('',(#3488,#3489,#3490,#3491,#3492,#3493,#3494,#3495));
#517=EDGE_LOOP('',(#3496,#3497,#3498,#3499,#3500,#3501,#3502,#3503));
#518=EDGE_LOOP('',(#3504,#3505,#3506,#3507,#3508,#3509,#3510,#3511));
#519=EDGE_LOOP('',(#3512,#3513,#3514,#3515,#3516,#3517,#3518,#3519));
#520=EDGE_LOOP('',(#3520,#3521,#3522,#3523,#3524,#3525,#3526,#3527));
#521=EDGE_LOOP('',(#3528,#3529,#3530,#3531));
#522=EDGE_LOOP('',(#3532,#3533,#3534,#3535,#3536));
#523=EDGE_LOOP('',(#3537,#3538,#3539,#3540,#3541));
#524=EDGE_LOOP('',(#3542,#3543,#3544,#3545));
#525=EDGE_LOOP('',(#3546,#3547,#3548,#3549));
#526=EDGE_LOOP('',(#3550,#3551,#3552,#3553));
#527=EDGE_LOOP('',(#3554,#3555,#3556,#3557));
#528=EDGE_LOOP('',(#3558,#3559,#3560,#3561));
#529=EDGE_LOOP('',(#3562,#3563,#3564,#3565));
#530=EDGE_LOOP('',(#3566,#3567,#3568,#3569));
#531=EDGE_LOOP('',(#3570,#3571,#3572,#3573));
#532=EDGE_LOOP('',(#3574,#3575,#3576,#3577));
#533=EDGE_LOOP('',(#3578,#3579,#3580,#3581));
#534=EDGE_LOOP('',(#3582,#3583,#3584,#3585));
#535=EDGE_LOOP('',(#3586,#3587,#3588,#3589));
#536=EDGE_LOOP('',(#3590,#3591,#3592,#3593));
#537=EDGE_LOOP('',(#3594,#3595,#3596,#3597));
#538=LINE('',#5402,#929);
#539=LINE('',#5406,#930);
#540=LINE('',#5409,#931);
#541=LINE('',#5433,#932);
#542=LINE('',#5437,#933);
#543=LINE('',#5439,#934);
#544=LINE('',#5440,#935);
#545=LINE('',#5444,#936);
#546=LINE('',#5448,#937);
#547=LINE('',#5459,#938);
#548=LINE('',#5464,#939);
#549=LINE('',#5466,#940);
#550=LINE('',#5467,#941);
#551=LINE('',#5472,#942);
#552=LINE('',#5474,#943);
#553=LINE('',#5480,#944);
#554=LINE('',#5486,#945);
#555=LINE('',#5487,#946);
#556=LINE('',#5492,#947);
#557=LINE('',#5496,#948);
#558=LINE('',#5498,#949);
#559=LINE('',#5500,#950);
#560=LINE('',#5502,#951);
#561=LINE('',#5504,#952);
#562=LINE('',#5506,#953);
#563=LINE('',#5508,#954);
#564=LINE('',#5510,#955);
#565=LINE('',#5514,#956);
#566=LINE('',#5518,#957);
#567=LINE('',#5522,#958);
#568=LINE('',#5523,#959);
#569=LINE('',#5527,#960);
#570=LINE('',#5532,#961);
#571=LINE('',#5533,#962);
#572=LINE('',#5536,#963);
#573=LINE('',#5537,#964);
#574=LINE('',#5540,#965);
#575=LINE('',#5544,#966);
#576=LINE('',#5548,#967);
#577=LINE('',#5550,#968);
#578=LINE('',#5552,#969);
#579=LINE('',#5554,#970);
#580=LINE('',#5556,#971);
#581=LINE('',#5558,#972);
#582=LINE('',#5560,#973);
#583=LINE('',#5562,#974);
#584=LINE('',#5564,#975);
#585=LINE('',#5570,#976);
#586=LINE('',#5575,#977);
#587=LINE('',#5577,#978);
#588=LINE('',#5578,#979);
#589=LINE('',#5580,#980);
#590=LINE('',#5581,#981);
#591=LINE('',#5583,#982);
#592=LINE('',#5589,#983);
#593=LINE('',#5592,#984);
#594=LINE('',#5595,#985);
#595=LINE('',#5596,#986);
#596=LINE('',#5598,#987);
#597=LINE('',#5602,#988);
#598=LINE('',#5606,#989);
#599=LINE('',#5608,#990);
#600=LINE('',#5610,#991);
#601=LINE('',#5612,#992);
#602=LINE('',#5614,#993);
#603=LINE('',#5615,#994);
#604=LINE('',#5617,#995);
#605=LINE('',#5619,#996);
#606=LINE('',#5620,#997);
#607=LINE('',#5623,#998);
#608=LINE('',#5624,#999);
#609=LINE('',#5628,#1000);
#610=LINE('',#5634,#1001);
#611=LINE('',#5637,#1002);
#612=LINE('',#5643,#1003);
#613=LINE('',#5646,#1004);
#614=LINE('',#5648,#1005);
#615=LINE('',#5649,#1006);
#616=LINE('',#5652,#1007);
#617=LINE('',#5658,#1008);
#618=LINE('',#5664,#1009);
#619=LINE('',#5666,#1010);
#620=LINE('',#5668,#1011);
#621=LINE('',#5669,#1012);
#622=LINE('',#5672,#1013);
#623=LINE('',#5676,#1014);
#624=LINE('',#5680,#1015);
#625=LINE('',#5684,#1016);
#626=LINE('',#5688,#1017);
#627=LINE('',#5692,#1018);
#628=LINE('',#5696,#1019);
#629=LINE('',#5700,#1020);
#630=LINE('',#5704,#1021);
#631=LINE('',#5708,#1022);
#632=LINE('',#5712,#1023);
#633=LINE('',#5716,#1024);
#634=LINE('',#5720,#1025);
#635=LINE('',#5724,#1026);
#636=LINE('',#5728,#1027);
#637=LINE('',#5732,#1028);
#638=LINE('',#5736,#1029);
#639=LINE('',#5740,#1030);
#640=LINE('',#5744,#1031);
#641=LINE('',#5748,#1032);
#642=LINE('',#5752,#1033);
#643=LINE('',#5756,#1034);
#644=LINE('',#5760,#1035);
#645=LINE('',#5764,#1036);
#646=LINE('',#5768,#1037);
#647=LINE('',#5772,#1038);
#648=LINE('',#5776,#1039);
#649=LINE('',#5780,#1040);
#650=LINE('',#5784,#1041);
#651=LINE('',#5788,#1042);
#652=LINE('',#5792,#1043);
#653=LINE('',#5796,#1044);
#654=LINE('',#5800,#1045);
#655=LINE('',#5804,#1046);
#656=LINE('',#5808,#1047);
#657=LINE('',#5812,#1048);
#658=LINE('',#5816,#1049);
#659=LINE('',#5820,#1050);
#660=LINE('',#5824,#1051);
#661=LINE('',#5828,#1052);
#662=LINE('',#5832,#1053);
#663=LINE('',#5836,#1054);
#664=LINE('',#5840,#1055);
#665=LINE('',#5844,#1056);
#666=LINE('',#5848,#1057);
#667=LINE('',#5852,#1058);
#668=LINE('',#5856,#1059);
#669=LINE('',#5860,#1060);
#670=LINE('',#5864,#1061);
#671=LINE('',#5868,#1062);
#672=LINE('',#5872,#1063);
#673=LINE('',#5876,#1064);
#674=LINE('',#5880,#1065);
#675=LINE('',#5884,#1066);
#676=LINE('',#5888,#1067);
#677=LINE('',#5892,#1068);
#678=LINE('',#5896,#1069);
#679=LINE('',#5900,#1070);
#680=LINE('',#5902,#1071);
#681=LINE('',#5903,#1072);
#682=LINE('',#5907,#1073);
#683=LINE('',#5913,#1074);
#684=LINE('',#5915,#1075);
#685=LINE('',#5918,#1076);
#686=LINE('',#5920,#1077);
#687=LINE('',#5924,#1078);
#688=LINE('',#5925,#1079);
#689=LINE('',#5928,#1080);
#690=LINE('',#5929,#1081);
#691=LINE('',#5931,#1082);
#692=LINE('',#5937,#1083);
#693=LINE('',#5938,#1084);
#694=LINE('',#5940,#1085);
#695=LINE('',#5942,#1086);
#696=LINE('',#5944,#1087);
#697=LINE('',#5946,#1088);
#698=LINE('',#5947,#1089);
#699=LINE('',#5949,#1090);
#700=LINE('',#5952,#1091);
#701=LINE('',#5954,#1092);
#702=LINE('',#5957,#1093);
#703=LINE('',#5960,#1094);
#704=LINE('',#5963,#1095);
#705=LINE('',#5964,#1096);
#706=LINE('',#5967,#1097);
#707=LINE('',#5970,#1098);
#708=LINE('',#5973,#1099);
#709=LINE('',#5974,#1100);
#710=LINE('',#5977,#1101);
#711=LINE('',#5980,#1102);
#712=LINE('',#5983,#1103);
#713=LINE('',#5984,#1104);
#714=LINE('',#5987,#1105);
#715=LINE('',#5990,#1106);
#716=LINE('',#5993,#1107);
#717=LINE('',#5994,#1108);
#718=LINE('',#5997,#1109);
#719=LINE('',#6000,#1110);
#720=LINE('',#6003,#1111);
#721=LINE('',#6004,#1112);
#722=LINE('',#6007,#1113);
#723=LINE('',#6010,#1114);
#724=LINE('',#6013,#1115);
#725=LINE('',#6014,#1116);
#726=LINE('',#6017,#1117);
#727=LINE('',#6020,#1118);
#728=LINE('',#6023,#1119);
#729=LINE('',#6024,#1120);
#730=LINE('',#6027,#1121);
#731=LINE('',#6030,#1122);
#732=LINE('',#6033,#1123);
#733=LINE('',#6034,#1124);
#734=LINE('',#6037,#1125);
#735=LINE('',#6040,#1126);
#736=LINE('',#6043,#1127);
#737=LINE('',#6044,#1128);
#738=LINE('',#6047,#1129);
#739=LINE('',#6050,#1130);
#740=LINE('',#6053,#1131);
#741=LINE('',#6054,#1132);
#742=LINE('',#6057,#1133);
#743=LINE('',#6060,#1134);
#744=LINE('',#6063,#1135);
#745=LINE('',#6064,#1136);
#746=LINE('',#6067,#1137);
#747=LINE('',#6070,#1138);
#748=LINE('',#6073,#1139);
#749=LINE('',#6074,#1140);
#750=LINE('',#6077,#1141);
#751=LINE('',#6080,#1142);
#752=LINE('',#6083,#1143);
#753=LINE('',#6084,#1144);
#754=LINE('',#6087,#1145);
#755=LINE('',#6091,#1146);
#756=LINE('',#6092,#1147);
#757=LINE('',#6095,#1148);
#758=LINE('',#6099,#1149);
#759=LINE('',#6100,#1150);
#760=LINE('',#6103,#1151);
#761=LINE('',#6107,#1152);
#762=LINE('',#6108,#1153);
#763=LINE('',#6111,#1154);
#764=LINE('',#6115,#1155);
#765=LINE('',#6116,#1156);
#766=LINE('',#6119,#1157);
#767=LINE('',#6123,#1158);
#768=LINE('',#6124,#1159);
#769=LINE('',#6127,#1160);
#770=LINE('',#6131,#1161);
#771=LINE('',#6132,#1162);
#772=LINE('',#6135,#1163);
#773=LINE('',#6139,#1164);
#774=LINE('',#6140,#1165);
#775=LINE('',#6144,#1166);
#776=LINE('',#6148,#1167);
#777=LINE('',#6152,#1168);
#778=LINE('',#6156,#1169);
#779=LINE('',#6160,#1170);
#780=LINE('',#6164,#1171);
#781=LINE('',#6167,#1172);
#782=LINE('',#6171,#1173);
#783=LINE('',#6172,#1174);
#784=LINE('',#6175,#1175);
#785=LINE('',#6178,#1176);
#786=LINE('',#6183,#1177);
#787=LINE('',#6184,#1178);
#788=LINE('',#6187,#1179);
#789=LINE('',#6188,#1180);
#790=LINE('',#6189,#1181);
#791=LINE('',#6190,#1182);
#792=LINE('',#6192,#1183);
#793=LINE('',#6193,#1184);
#794=LINE('',#6195,#1185);
#795=LINE('',#6196,#1186);
#796=LINE('',#6198,#1187);
#797=LINE('',#6199,#1188);
#798=LINE('',#6201,#1189);
#799=LINE('',#6202,#1190);
#800=LINE('',#6206,#1191);
#801=LINE('',#6210,#1192);
#802=LINE('',#6214,#1193);
#803=LINE('',#6218,#1194);
#804=LINE('',#6222,#1195);
#805=LINE('',#6225,#1196);
#806=LINE('',#6229,#1197);
#807=LINE('',#6230,#1198);
#808=LINE('',#6233,#1199);
#809=LINE('',#6237,#1200);
#810=LINE('',#6238,#1201);
#811=LINE('',#6241,#1202);
#812=LINE('',#6245,#1203);
#813=LINE('',#6246,#1204);
#814=LINE('',#6249,#1205);
#815=LINE('',#6253,#1206);
#816=LINE('',#6254,#1207);
#817=LINE('',#6257,#1208);
#818=LINE('',#6261,#1209);
#819=LINE('',#6262,#1210);
#820=LINE('',#6265,#1211);
#821=LINE('',#6269,#1212);
#822=LINE('',#6270,#1213);
#823=LINE('',#6273,#1214);
#824=LINE('',#6276,#1215);
#825=LINE('',#6279,#1216);
#826=LINE('',#6280,#1217);
#827=LINE('',#6283,#1218);
#828=LINE('',#6286,#1219);
#829=LINE('',#6288,#1220);
#830=LINE('',#6291,#1221);
#831=LINE('',#6295,#1222);
#832=LINE('',#6296,#1223);
#833=LINE('',#6299,#1224);
#834=LINE('',#6303,#1225);
#835=LINE('',#6304,#1226);
#836=LINE('',#6307,#1227);
#837=LINE('',#6311,#1228);
#838=LINE('',#6312,#1229);
#839=LINE('',#6315,#1230);
#840=LINE('',#6319,#1231);
#841=LINE('',#6320,#1232);
#842=LINE('',#6323,#1233);
#843=LINE('',#6327,#1234);
#844=LINE('',#6328,#1235);
#845=LINE('',#6331,#1236);
#846=LINE('',#6335,#1237);
#847=LINE('',#6336,#1238);
#848=LINE('',#6339,#1239);
#849=LINE('',#6343,#1240);
#850=LINE('',#6344,#1241);
#851=LINE('',#6347,#1242);
#852=LINE('',#6350,#1243);
#853=LINE('',#6353,#1244);
#854=LINE('',#6356,#1245);
#855=LINE('',#6359,#1246);
#856=LINE('',#6362,#1247);
#857=LINE('',#6365,#1248);
#858=LINE('',#6368,#1249);
#859=LINE('',#6371,#1250);
#860=LINE('',#6374,#1251);
#861=LINE('',#6377,#1252);
#862=LINE('',#6380,#1253);
#863=LINE('',#6383,#1254);
#864=LINE('',#6386,#1255);
#865=LINE('',#6388,#1256);
#866=LINE('',#6389,#1257);
#867=LINE('',#6391,#1258);
#868=LINE('',#6394,#1259);
#869=LINE('',#6395,#1260);
#870=LINE('',#6399,#1261);
#871=LINE('',#6402,#1262);
#872=LINE('',#6405,#1263);
#873=LINE('',#6409,#1264);
#874=LINE('',#6412,#1265);
#875=LINE('',#6414,#1266);
#876=LINE('',#6415,#1267);
#877=LINE('',#6420,#1268);
#878=LINE('',#6421,#1269);
#879=LINE('',#6424,#1270);
#880=LINE('',#6429,#1271);
#881=LINE('',#6433,#1272);
#882=LINE('',#6436,#1273);
#883=LINE('',#6438,#1274);
#884=LINE('',#6444,#1275);
#885=LINE('',#6445,#1276);
#886=LINE('',#6450,#1277);
#887=LINE('',#6452,#1278);
#888=LINE('',#6453,#1279);
#889=LINE('',#6455,#1280);
#890=LINE('',#6458,#1281);
#891=LINE('',#6461,#1282);
#892=LINE('',#6465,#1283);
#893=LINE('',#6471,#1284);
#894=LINE('',#6475,#1285);
#895=LINE('',#6479,#1286);
#896=LINE('',#6483,#1287);
#897=LINE('',#6486,#1288);
#898=LINE('',#6488,#1289);
#899=LINE('',#6490,#1290);
#900=LINE('',#6491,#1291);
#901=LINE('',#6493,#1292);
#902=LINE('',#6494,#1293);
#903=LINE('',#6495,#1294);
#904=LINE('',#6502,#1295);
#905=LINE('',#6505,#1296);
#906=LINE('',#6507,#1297);
#907=LINE('',#6509,#1298);
#908=LINE('',#6514,#1299);
#909=LINE('',#6516,#1300);
#910=LINE('',#6518,#1301);
#911=LINE('',#6520,#1302);
#912=LINE('',#6522,#1303);
#913=LINE('',#6524,#1304);
#914=LINE('',#6527,#1305);
#915=LINE('',#6528,#1306);
#916=LINE('',#6530,#1307);
#917=LINE('',#6531,#1308);
#918=LINE('',#6534,#1309);
#919=LINE('',#6536,#1310);
#920=LINE('',#6537,#1311);
#921=LINE('',#6540,#1312);
#922=LINE('',#6542,#1313);
#923=LINE('',#6544,#1314);
#924=LINE('',#6546,#1315);
#925=LINE('',#6548,#1316);
#926=LINE('',#6551,#1317);
#927=LINE('',#6554,#1318);
#928=LINE('',#6557,#1319);
#929=VECTOR('',#4269,1.);
#930=VECTOR('',#4272,1.);
#931=VECTOR('',#4275,1.);
#932=VECTOR('',#4280,1.);
#933=VECTOR('',#4285,1.);
#934=VECTOR('',#4286,1.);
#935=VECTOR('',#4287,1.);
#936=VECTOR('',#4290,1.);
#937=VECTOR('',#4293,1.);
#938=VECTOR('',#4296,1.);
#939=VECTOR('',#4303,1.);
#940=VECTOR('',#4304,1.);
#941=VECTOR('',#4305,1.);
#942=VECTOR('',#4312,1.);
#943=VECTOR('',#4313,1.);
#944=VECTOR('',#4318,1.);
#945=VECTOR('',#4323,1.);
#946=VECTOR('',#4324,1.);
#947=VECTOR('',#4329,1.);
#948=VECTOR('',#4334,1.);
#949=VECTOR('',#4335,1.);
#950=VECTOR('',#4336,1.);
#951=VECTOR('',#4337,1.);
#952=VECTOR('',#4338,1.);
#953=VECTOR('',#4339,1.);
#954=VECTOR('',#4340,1.);
#955=VECTOR('',#4341,1.);
#956=VECTOR('',#4344,1.);
#957=VECTOR('',#4347,1.);
#958=VECTOR('',#4350,1.);
#959=VECTOR('',#4351,1.);
#960=VECTOR('',#4356,1.);
#961=VECTOR('',#4361,1.);
#962=VECTOR('',#4362,1.);
#963=VECTOR('',#4365,1.);
#964=VECTOR('',#4366,1.);
#965=VECTOR('',#4369,1.);
#966=VECTOR('',#4372,1.);
#967=VECTOR('',#4375,1.);
#968=VECTOR('',#4376,1.);
#969=VECTOR('',#4377,1.);
#970=VECTOR('',#4378,1.);
#971=VECTOR('',#4379,1.);
#972=VECTOR('',#4380,1.);
#973=VECTOR('',#4381,1.);
#974=VECTOR('',#4382,1.);
#975=VECTOR('',#4383,1.);
#976=VECTOR('',#4388,1.);
#977=VECTOR('',#4393,1.);
#978=VECTOR('',#4394,1.);
#979=VECTOR('',#4395,1.);
#980=VECTOR('',#4398,1.);
#981=VECTOR('',#4399,1.);
#982=VECTOR('',#4402,1.);
#983=VECTOR('',#4407,1.);
#984=VECTOR('',#4410,1.);
#985=VECTOR('',#4413,1.);
#986=VECTOR('',#4414,1.);
#987=VECTOR('',#4415,1.);
#988=VECTOR('',#4418,1.);
#989=VECTOR('',#4421,1.);
#990=VECTOR('',#4422,1.);
#991=VECTOR('',#4423,1.);
#992=VECTOR('',#4424,1.);
#993=VECTOR('',#4425,1.);
#994=VECTOR('',#4426,1.);
#995=VECTOR('',#4427,1.);
#996=VECTOR('',#4428,1.);
#997=VECTOR('',#4429,1.);
#998=VECTOR('',#4432,1.);
#999=VECTOR('',#4433,1.);
#1000=VECTOR('',#4438,1.);
#1001=VECTOR('',#4443,1.);
#1002=VECTOR('',#4446,1.);
#1003=VECTOR('',#4451,1.);
#1004=VECTOR('',#4454,1.);
#1005=VECTOR('',#4457,1.);
#1006=VECTOR('',#4458,1.);
#1007=VECTOR('',#4461,1.);
#1008=VECTOR('',#4466,1.);
#1009=VECTOR('',#4471,1.);
#1010=VECTOR('',#4472,1.);
#1011=VECTOR('',#4473,1.);
#1012=VECTOR('',#4474,1.);
#1013=VECTOR('',#4475,1.);
#1014=VECTOR('',#4478,1.);
#1015=VECTOR('',#4481,1.);
#1016=VECTOR('',#4484,1.);
#1017=VECTOR('',#4487,1.);
#1018=VECTOR('',#4490,1.);
#1019=VECTOR('',#4493,1.);
#1020=VECTOR('',#4496,1.);
#1021=VECTOR('',#4499,1.);
#1022=VECTOR('',#4502,1.);
#1023=VECTOR('',#4505,1.);
#1024=VECTOR('',#4508,1.);
#1025=VECTOR('',#4511,1.);
#1026=VECTOR('',#4514,1.);
#1027=VECTOR('',#4517,1.);
#1028=VECTOR('',#4520,1.);
#1029=VECTOR('',#4523,1.);
#1030=VECTOR('',#4526,1.);
#1031=VECTOR('',#4529,1.);
#1032=VECTOR('',#4532,1.);
#1033=VECTOR('',#4535,1.);
#1034=VECTOR('',#4538,1.);
#1035=VECTOR('',#4541,1.);
#1036=VECTOR('',#4544,1.);
#1037=VECTOR('',#4547,1.);
#1038=VECTOR('',#4550,1.);
#1039=VECTOR('',#4553,1.);
#1040=VECTOR('',#4556,1.);
#1041=VECTOR('',#4559,1.);
#1042=VECTOR('',#4562,1.);
#1043=VECTOR('',#4565,1.);
#1044=VECTOR('',#4568,1.);
#1045=VECTOR('',#4571,1.);
#1046=VECTOR('',#4574,1.);
#1047=VECTOR('',#4577,1.);
#1048=VECTOR('',#4580,1.);
#1049=VECTOR('',#4583,1.);
#1050=VECTOR('',#4586,1.);
#1051=VECTOR('',#4589,1.);
#1052=VECTOR('',#4592,1.);
#1053=VECTOR('',#4595,1.);
#1054=VECTOR('',#4598,1.);
#1055=VECTOR('',#4601,1.);
#1056=VECTOR('',#4604,1.);
#1057=VECTOR('',#4607,1.);
#1058=VECTOR('',#4610,1.);
#1059=VECTOR('',#4613,1.);
#1060=VECTOR('',#4616,1.);
#1061=VECTOR('',#4619,1.);
#1062=VECTOR('',#4622,1.);
#1063=VECTOR('',#4625,1.);
#1064=VECTOR('',#4628,1.);
#1065=VECTOR('',#4631,1.);
#1066=VECTOR('',#4634,1.);
#1067=VECTOR('',#4637,1.);
#1068=VECTOR('',#4640,1.);
#1069=VECTOR('',#4645,1.);
#1070=VECTOR('',#4648,1.);
#1071=VECTOR('',#4649,1.);
#1072=VECTOR('',#4650,1.);
#1073=VECTOR('',#4655,1.);
#1074=VECTOR('',#4666,1.);
#1075=VECTOR('',#4669,1.);
#1076=VECTOR('',#4672,1.);
#1077=VECTOR('',#4673,1.);
#1078=VECTOR('',#4676,1.);
#1079=VECTOR('',#4677,1.);
#1080=VECTOR('',#4680,1.);
#1081=VECTOR('',#4681,1.);
#1082=VECTOR('',#4682,1.);
#1083=VECTOR('',#4687,1.);
#1084=VECTOR('',#4688,0.5);
#1085=VECTOR('',#4689,1.);
#1086=VECTOR('',#4690,1.);
#1087=VECTOR('',#4691,1.);
#1088=VECTOR('',#4692,1.);
#1089=VECTOR('',#4693,1.);
#1090=VECTOR('',#4694,1.);
#1091=VECTOR('',#4697,1.);
#1092=VECTOR('',#4700,1.);
#1093=VECTOR('',#4703,1.);
#1094=VECTOR('',#4706,1.);
#1095=VECTOR('',#4709,1.);
#1096=VECTOR('',#4710,1.);
#1097=VECTOR('',#4713,1.);
#1098=VECTOR('',#4716,1.);
#1099=VECTOR('',#4719,1.);
#1100=VECTOR('',#4720,1.);
#1101=VECTOR('',#4723,1.);
#1102=VECTOR('',#4726,1.);
#1103=VECTOR('',#4729,1.);
#1104=VECTOR('',#4730,1.);
#1105=VECTOR('',#4733,1.);
#1106=VECTOR('',#4736,1.);
#1107=VECTOR('',#4739,1.);
#1108=VECTOR('',#4740,1.);
#1109=VECTOR('',#4743,1.);
#1110=VECTOR('',#4746,1.);
#1111=VECTOR('',#4749,1.);
#1112=VECTOR('',#4750,1.);
#1113=VECTOR('',#4753,1.);
#1114=VECTOR('',#4756,1.);
#1115=VECTOR('',#4759,1.);
#1116=VECTOR('',#4760,1.);
#1117=VECTOR('',#4763,1.);
#1118=VECTOR('',#4766,1.);
#1119=VECTOR('',#4769,1.);
#1120=VECTOR('',#4770,1.);
#1121=VECTOR('',#4773,1.);
#1122=VECTOR('',#4776,1.);
#1123=VECTOR('',#4779,1.);
#1124=VECTOR('',#4780,1.);
#1125=VECTOR('',#4783,1.);
#1126=VECTOR('',#4786,1.);
#1127=VECTOR('',#4789,1.);
#1128=VECTOR('',#4790,1.);
#1129=VECTOR('',#4793,1.);
#1130=VECTOR('',#4796,1.);
#1131=VECTOR('',#4799,1.);
#1132=VECTOR('',#4800,1.);
#1133=VECTOR('',#4803,1.);
#1134=VECTOR('',#4806,1.);
#1135=VECTOR('',#4809,1.);
#1136=VECTOR('',#4810,1.);
#1137=VECTOR('',#4813,1.);
#1138=VECTOR('',#4816,1.);
#1139=VECTOR('',#4819,1.);
#1140=VECTOR('',#4820,1.);
#1141=VECTOR('',#4823,1.);
#1142=VECTOR('',#4826,1.);
#1143=VECTOR('',#4829,1.);
#1144=VECTOR('',#4830,1.);
#1145=VECTOR('',#4833,1.);
#1146=VECTOR('',#4838,1.);
#1147=VECTOR('',#4839,1.);
#1148=VECTOR('',#4842,1.);
#1149=VECTOR('',#4847,1.);
#1150=VECTOR('',#4848,1.);
#1151=VECTOR('',#4851,1.);
#1152=VECTOR('',#4856,1.);
#1153=VECTOR('',#4857,1.);
#1154=VECTOR('',#4860,1.);
#1155=VECTOR('',#4865,1.);
#1156=VECTOR('',#4866,1.);
#1157=VECTOR('',#4869,1.);
#1158=VECTOR('',#4874,1.);
#1159=VECTOR('',#4875,1.);
#1160=VECTOR('',#4878,1.);
#1161=VECTOR('',#4883,1.);
#1162=VECTOR('',#4884,1.);
#1163=VECTOR('',#4887,1.);
#1164=VECTOR('',#4892,1.);
#1165=VECTOR('',#4893,1.);
#1166=VECTOR('',#4898,1.);
#1167=VECTOR('',#4903,1.);
#1168=VECTOR('',#4908,1.);
#1169=VECTOR('',#4913,1.);
#1170=VECTOR('',#4918,1.);
#1171=VECTOR('',#4923,1.);
#1172=VECTOR('',#4926,1.);
#1173=VECTOR('',#4931,1.);
#1174=VECTOR('',#4932,1.);
#1175=VECTOR('',#4935,1.);
#1176=VECTOR('',#4940,1.);
#1177=VECTOR('',#4945,1.);
#1178=VECTOR('',#4946,1.);
#1179=VECTOR('',#4949,1.);
#1180=VECTOR('',#4950,1.);
#1181=VECTOR('',#4951,1.);
#1182=VECTOR('',#4952,1.);
#1183=VECTOR('',#4953,1.);
#1184=VECTOR('',#4954,1.);
#1185=VECTOR('',#4955,1.);
#1186=VECTOR('',#4956,1.);
#1187=VECTOR('',#4957,1.);
#1188=VECTOR('',#4958,1.);
#1189=VECTOR('',#4959,1.);
#1190=VECTOR('',#4960,1.);
#1191=VECTOR('',#4965,1.);
#1192=VECTOR('',#4970,1.);
#1193=VECTOR('',#4975,1.);
#1194=VECTOR('',#4980,1.);
#1195=VECTOR('',#4985,1.);
#1196=VECTOR('',#4988,1.);
#1197=VECTOR('',#4993,1.);
#1198=VECTOR('',#4994,1.);
#1199=VECTOR('',#4997,1.);
#1200=VECTOR('',#5002,1.);
#1201=VECTOR('',#5003,1.);
#1202=VECTOR('',#5006,1.);
#1203=VECTOR('',#5011,1.);
#1204=VECTOR('',#5012,1.);
#1205=VECTOR('',#5015,1.);
#1206=VECTOR('',#5020,1.);
#1207=VECTOR('',#5021,1.);
#1208=VECTOR('',#5024,1.);
#1209=VECTOR('',#5029,1.);
#1210=VECTOR('',#5030,1.);
#1211=VECTOR('',#5033,1.);
#1212=VECTOR('',#5038,1.);
#1213=VECTOR('',#5039,1.);
#1214=VECTOR('',#5042,1.);
#1215=VECTOR('',#5045,1.);
#1216=VECTOR('',#5048,1.);
#1217=VECTOR('',#5049,1.);
#1218=VECTOR('',#5052,1.);
#1219=VECTOR('',#5055,1.);
#1220=VECTOR('',#5058,1.);
#1221=VECTOR('',#5061,1.);
#1222=VECTOR('',#5066,1.);
#1223=VECTOR('',#5067,1.);
#1224=VECTOR('',#5070,1.);
#1225=VECTOR('',#5075,1.);
#1226=VECTOR('',#5076,1.);
#1227=VECTOR('',#5079,1.);
#1228=VECTOR('',#5084,1.);
#1229=VECTOR('',#5085,1.);
#1230=VECTOR('',#5088,1.);
#1231=VECTOR('',#5093,1.);
#1232=VECTOR('',#5094,1.);
#1233=VECTOR('',#5097,1.);
#1234=VECTOR('',#5102,1.);
#1235=VECTOR('',#5103,1.);
#1236=VECTOR('',#5106,1.);
#1237=VECTOR('',#5111,1.);
#1238=VECTOR('',#5112,1.);
#1239=VECTOR('',#5115,1.);
#1240=VECTOR('',#5120,1.);
#1241=VECTOR('',#5121,1.);
#1242=VECTOR('',#5124,1.);
#1243=VECTOR('',#5129,1.);
#1244=VECTOR('',#5132,1.);
#1245=VECTOR('',#5137,1.);
#1246=VECTOR('',#5140,1.);
#1247=VECTOR('',#5145,1.);
#1248=VECTOR('',#5148,1.);
#1249=VECTOR('',#5153,1.);
#1250=VECTOR('',#5156,1.);
#1251=VECTOR('',#5161,1.);
#1252=VECTOR('',#5164,1.);
#1253=VECTOR('',#5169,1.);
#1254=VECTOR('',#5172,1.);
#1255=VECTOR('',#5177,1.);
#1256=VECTOR('',#5180,1.);
#1257=VECTOR('',#5181,1.);
#1258=VECTOR('',#5184,1.);
#1259=VECTOR('',#5189,1.);
#1260=VECTOR('',#5190,1.);
#1261=VECTOR('',#5195,1.);
#1262=VECTOR('',#5198,1.);
#1263=VECTOR('',#5201,1.);
#1264=VECTOR('',#5206,0.5);
#1265=VECTOR('',#5209,1.);
#1266=VECTOR('',#5210,1.);
#1267=VECTOR('',#5211,1.);
#1268=VECTOR('',#5216,1.);
#1269=VECTOR('',#5217,1.);
#1270=VECTOR('',#5220,0.5);
#1271=VECTOR('',#5227,1.);
#1272=VECTOR('',#5232,1.);
#1273=VECTOR('',#5235,1.);
#1274=VECTOR('',#5236,1.);
#1275=VECTOR('',#5243,1.);
#1276=VECTOR('',#5244,1.);
#1277=VECTOR('',#5249,1.);
#1278=VECTOR('',#5250,1.);
#1279=VECTOR('',#5251,1.);
#1280=VECTOR('',#5254,0.5);
#1281=VECTOR('',#5257,1.);
#1282=VECTOR('',#5260,1.);
#1283=VECTOR('',#5265,0.5);
#1284=VECTOR('',#5272,1.);
#1285=VECTOR('',#5277,0.5);
#1286=VECTOR('',#5282,1.);
#1287=VECTOR('',#5287,1.);
#1288=VECTOR('',#5290,1.);
#1289=VECTOR('',#5293,0.5);
#1290=VECTOR('',#5294,1.);
#1291=VECTOR('',#5295,0.5);
#1292=VECTOR('',#5296,1.);
#1293=VECTOR('',#5297,1.);
#1294=VECTOR('',#5298,1.);
#1295=VECTOR('',#5309,1.);
#1296=VECTOR('',#5314,1.);
#1297=VECTOR('',#5317,1.);
#1298=VECTOR('',#5320,1.);
#1299=VECTOR('',#5329,1.);
#1300=VECTOR('',#5332,1.);
#1301=VECTOR('',#5335,1.);
#1302=VECTOR('',#5338,1.);
#1303=VECTOR('',#5341,1.);
#1304=VECTOR('',#5344,1.);
#1305=VECTOR('',#5347,1.);
#1306=VECTOR('',#5348,1.);
#1307=VECTOR('',#5351,1.);
#1308=VECTOR('',#5352,1.);
#1309=VECTOR('',#5357,1.);
#1310=VECTOR('',#5360,1.);
#1311=VECTOR('',#5361,1.);
#1312=VECTOR('',#5366,1.);
#1313=VECTOR('',#5369,1.);
#1314=VECTOR('',#5372,1.);
#1315=VECTOR('',#5375,1.);
#1316=VECTOR('',#5378,1.);
#1317=VECTOR('',#5383,1.);
#1318=VECTOR('',#5388,1.);
#1319=VECTOR('',#5393,1.);
#1320=CIRCLE('',#3894,0.2);
#1321=CIRCLE('',#3895,0.2);
#1322=CIRCLE('',#3896,0.2);
#1323=CIRCLE('',#3898,0.2);
#1324=CIRCLE('',#3899,0.2);
#1325=CIRCLE('',#3902,0.2);
#1326=CIRCLE('',#3903,0.2);
#1327=CIRCLE('',#3904,0.2);
#1328=CIRCLE('',#3906,0.2);
#1329=CIRCLE('',#3908,0.2);
#1330=CIRCLE('',#3910,0.5);
#1331=CIRCLE('',#3911,0.5);
#1332=CIRCLE('',#3912,0.5);
#1333=CIRCLE('',#3913,0.5);
#1334=CIRCLE('',#3915,0.1);
#1335=CIRCLE('',#3916,0.1);
#1336=CIRCLE('',#3918,0.55);
#1337=CIRCLE('',#3919,0.1);
#1338=CIRCLE('',#3920,0.1);
#1339=CIRCLE('',#3922,0.1);
#1340=CIRCLE('',#3924,0.1);
#1341=CIRCLE('',#3927,0.1);
#1342=CIRCLE('',#3928,0.55);
#1343=CIRCLE('',#3929,0.5);
#1344=CIRCLE('',#3930,0.5);
#1345=CIRCLE('',#3931,0.5);
#1346=CIRCLE('',#3932,0.5);
#1347=CIRCLE('',#3936,0.1);
#1348=CIRCLE('',#3937,0.1);
#1349=CIRCLE('',#3939,0.1);
#1350=CIRCLE('',#3940,0.55);
#1351=CIRCLE('',#3943,0.1);
#1352=CIRCLE('',#3946,0.0999992698430034);
#1353=CIRCLE('',#3948,0.1);
#1354=CIRCLE('',#3949,0.0999999999999996);
#1355=CIRCLE('',#3952,0.5);
#1356=CIRCLE('',#3953,0.5);
#1357=CIRCLE('',#3954,0.5);
#1358=CIRCLE('',#3955,0.5);
#1359=CIRCLE('',#3956,0.1);
#1360=CIRCLE('',#3957,0.1);
#1361=CIRCLE('',#3958,0.1);
#1362=CIRCLE('',#3959,0.1);
#1363=CIRCLE('',#3960,0.1);
#1364=CIRCLE('',#3961,0.1);
#1365=CIRCLE('',#3962,0.1);
#1366=CIRCLE('',#3963,0.1);
#1367=CIRCLE('',#3964,0.1);
#1368=CIRCLE('',#3965,0.1);
#1369=CIRCLE('',#3966,0.1);
#1370=CIRCLE('',#3967,0.1);
#1371=CIRCLE('',#3968,0.1);
#1372=CIRCLE('',#3969,0.1);
#1373=CIRCLE('',#3970,0.1);
#1374=CIRCLE('',#3971,0.1);
#1375=CIRCLE('',#3972,0.1);
#1376=CIRCLE('',#3973,0.1);
#1377=CIRCLE('',#3974,0.1);
#1378=CIRCLE('',#3975,0.1);
#1379=CIRCLE('',#3976,0.1);
#1380=CIRCLE('',#3977,0.1);
#1381=CIRCLE('',#3978,0.1);
#1382=CIRCLE('',#3979,0.1);
#1383=CIRCLE('',#3980,0.1);
#1384=CIRCLE('',#3981,0.1);
#1385=CIRCLE('',#3982,0.1);
#1386=CIRCLE('',#3983,0.1);
#1387=CIRCLE('',#3984,0.1);
#1388=CIRCLE('',#3985,0.1);
#1389=CIRCLE('',#3986,0.1);
#1390=CIRCLE('',#3987,0.1);
#1391=CIRCLE('',#3988,0.1);
#1392=CIRCLE('',#3989,0.1);
#1393=CIRCLE('',#3990,0.1);
#1394=CIRCLE('',#3991,0.1);
#1395=CIRCLE('',#3992,0.1);
#1396=CIRCLE('',#3993,0.1);
#1397=CIRCLE('',#3994,0.1);
#1398=CIRCLE('',#3995,0.1);
#1399=CIRCLE('',#3996,0.1);
#1400=CIRCLE('',#3997,0.1);
#1401=CIRCLE('',#3998,0.1);
#1402=CIRCLE('',#3999,0.1);
#1403=CIRCLE('',#4000,0.1);
#1404=CIRCLE('',#4001,0.1);
#1405=CIRCLE('',#4002,0.1);
#1406=CIRCLE('',#4003,0.1);
#1407=CIRCLE('',#4004,0.1);
#1408=CIRCLE('',#4005,0.1);
#1409=CIRCLE('',#4006,0.1);
#1410=CIRCLE('',#4007,0.1);
#1411=CIRCLE('',#4008,0.1);
#1412=CIRCLE('',#4009,0.1);
#1413=CIRCLE('',#4010,0.1);
#1414=CIRCLE('',#4011,0.1);
#1415=CIRCLE('',#4013,0.5);
#1416=CIRCLE('',#4016,0.1);
#1417=CIRCLE('',#4018,0.1);
#1418=CIRCLE('',#4019,0.100000745058159);
#1419=CIRCLE('',#4023,0.5);
#1420=CIRCLE('',#4025,0.5);
#1421=CIRCLE('',#4026,0.5);
#1422=CIRCLE('',#4027,0.55);
#1423=CIRCLE('',#4030,0.1);
#1424=CIRCLE('',#4033,0.1);
#1425=CIRCLE('',#4036,0.1);
#1426=CIRCLE('',#4039,0.1);
#1427=CIRCLE('',#4042,0.1);
#1428=CIRCLE('',#4045,0.1);
#1429=CIRCLE('',#4048,0.1);
#1430=CIRCLE('',#4051,0.1);
#1431=CIRCLE('',#4054,0.1);
#1432=CIRCLE('',#4057,0.1);
#1433=CIRCLE('',#4060,0.1);
#1434=CIRCLE('',#4063,0.1);
#1435=CIRCLE('',#4066,0.1);
#1436=CIRCLE('',#4069,0.1);
#1437=CIRCLE('',#4072,0.1);
#1438=CIRCLE('',#4075,0.1);
#1439=CIRCLE('',#4078,0.1);
#1440=CIRCLE('',#4081,0.1);
#1441=CIRCLE('',#4084,0.1);
#1442=CIRCLE('',#4087,0.1);
#1443=CIRCLE('',#4090,0.1);
#1444=CIRCLE('',#4092,0.1);
#1445=CIRCLE('',#4094,0.1);
#1446=CIRCLE('',#4096,0.1);
#1447=CIRCLE('',#4098,0.1);
#1448=CIRCLE('',#4100,0.1);
#1449=CIRCLE('',#4102,0.1);
#1450=CIRCLE('',#4105,0.1);
#1451=CIRCLE('',#4108,0.1);
#1452=CIRCLE('',#4111,0.1);
#1453=CIRCLE('',#4113,0.1);
#1454=CIRCLE('',#4115,0.1);
#1455=CIRCLE('',#4117,0.1);
#1456=CIRCLE('',#4119,0.1);
#1457=CIRCLE('',#4121,0.1);
#1458=CIRCLE('',#4124,0.1);
#1459=CIRCLE('',#4127,0.1);
#1460=CIRCLE('',#4130,0.1);
#1461=CIRCLE('',#4133,0.1);
#1462=CIRCLE('',#4136,0.1);
#1463=CIRCLE('',#4139,0.1);
#1464=CIRCLE('',#4142,0.1);
#1465=CIRCLE('',#4145,0.1);
#1466=CIRCLE('',#4148,0.1);
#1467=CIRCLE('',#4151,0.1);
#1468=CIRCLE('',#4154,0.1);
#1469=CIRCLE('',#4157,0.1);
#1470=CIRCLE('',#4160,0.1);
#1471=CIRCLE('',#4163,0.1);
#1472=CIRCLE('',#4166,0.1);
#1473=CIRCLE('',#4169,0.1);
#1474=CIRCLE('',#4172,0.1);
#1475=CIRCLE('',#4175,0.1);
#1476=CIRCLE('',#4178,0.1);
#1477=CIRCLE('',#4181,0.1);
#1478=CIRCLE('',#4184,0.1);
#1479=CIRCLE('',#4191,0.5);
#1480=CIRCLE('',#4193,0.5);
#1481=CIRCLE('',#4195,0.5);
#1482=CIRCLE('',#4198,0.5);
#1483=CIRCLE('',#4200,0.5);
#1484=CIRCLE('',#4202,0.5);
#1485=CIRCLE('',#4204,0.5);
#1486=CIRCLE('',#4206,0.5);
#1487=CIRCLE('',#4208,0.5);
#1488=CIRCLE('',#4210,0.5);
#1489=CIRCLE('',#4213,0.5);
#1490=CIRCLE('',#4215,0.5);
#1491=CIRCLE('',#4217,0.5);
#1492=CIRCLE('',#4218,0.5);
#1493=CIRCLE('',#4220,0.5);
#1494=CIRCLE('',#4222,0.5);
#1495=CIRCLE('',#4224,0.5);
#1496=CIRCLE('',#4226,0.5);
#1497=CIRCLE('',#4228,0.5);
#1498=CIRCLE('',#4232,0.5);
#1499=VERTEX_POINT('',#5398);
#1500=VERTEX_POINT('',#5399);
#1501=VERTEX_POINT('',#5401);
#1502=VERTEX_POINT('',#5403);
#1503=VERTEX_POINT('',#5405);
#1504=VERTEX_POINT('',#5407);
#1505=VERTEX_POINT('',#5411);
#1506=VERTEX_POINT('',#5413);
#1507=VERTEX_POINT('',#5432);
#1508=VERTEX_POINT('',#5436);
#1509=VERTEX_POINT('',#5438);
#1510=VERTEX_POINT('',#5442);
#1511=VERTEX_POINT('',#5443);
#1512=VERTEX_POINT('',#5445);
#1513=VERTEX_POINT('',#5447);
#1514=VERTEX_POINT('',#5449);
#1515=VERTEX_POINT('',#5456);
#1516=VERTEX_POINT('',#5458);
#1517=VERTEX_POINT('',#5463);
#1518=VERTEX_POINT('',#5465);
#1519=VERTEX_POINT('',#5471);
#1520=VERTEX_POINT('',#5473);
#1521=VERTEX_POINT('',#5475);
#1522=VERTEX_POINT('',#5477);
#1523=VERTEX_POINT('',#5479);
#1524=VERTEX_POINT('',#5481);
#1525=VERTEX_POINT('',#5483);
#1526=VERTEX_POINT('',#5485);
#1527=VERTEX_POINT('',#5489);
#1528=VERTEX_POINT('',#5491);
#1529=VERTEX_POINT('',#5495);
#1530=VERTEX_POINT('',#5497);
#1531=VERTEX_POINT('',#5499);
#1532=VERTEX_POINT('',#5501);
#1533=VERTEX_POINT('',#5503);
#1534=VERTEX_POINT('',#5505);
#1535=VERTEX_POINT('',#5507);
#1536=VERTEX_POINT('',#5509);
#1537=VERTEX_POINT('',#5511);
#1538=VERTEX_POINT('',#5513);
#1539=VERTEX_POINT('',#5515);
#1540=VERTEX_POINT('',#5517);
#1541=VERTEX_POINT('',#5519);
#1542=VERTEX_POINT('',#5521);
#1543=VERTEX_POINT('',#5525);
#1544=VERTEX_POINT('',#5529);
#1545=VERTEX_POINT('',#5530);
#1546=VERTEX_POINT('',#5535);
#1547=VERTEX_POINT('',#5539);
#1548=VERTEX_POINT('',#5541);
#1549=VERTEX_POINT('',#5543);
#1550=VERTEX_POINT('',#5545);
#1551=VERTEX_POINT('',#5547);
#1552=VERTEX_POINT('',#5549);
#1553=VERTEX_POINT('',#5551);
#1554=VERTEX_POINT('',#5553);
#1555=VERTEX_POINT('',#5555);
#1556=VERTEX_POINT('',#5557);
#1557=VERTEX_POINT('',#5559);
#1558=VERTEX_POINT('',#5561);
#1559=VERTEX_POINT('',#5563);
#1560=VERTEX_POINT('',#5565);
#1561=VERTEX_POINT('',#5567);
#1562=VERTEX_POINT('',#5569);
#1563=VERTEX_POINT('',#5571);
#1564=VERTEX_POINT('',#5573);
#1565=VERTEX_POINT('',#5576);
#1566=VERTEX_POINT('',#5585);
#1567=VERTEX_POINT('',#5586);
#1568=VERTEX_POINT('',#5588);
#1569=VERTEX_POINT('',#5590);
#1570=VERTEX_POINT('',#5594);
#1571=VERTEX_POINT('',#5597);
#1572=VERTEX_POINT('',#5599);
#1573=VERTEX_POINT('',#5601);
#1574=VERTEX_POINT('',#5603);
#1575=VERTEX_POINT('',#5605);
#1576=VERTEX_POINT('',#5607);
#1577=VERTEX_POINT('',#5609);
#1578=VERTEX_POINT('',#5611);
#1579=VERTEX_POINT('',#5613);
#1580=VERTEX_POINT('',#5616);
#1581=VERTEX_POINT('',#5618);
#1582=VERTEX_POINT('',#5622);
#1583=VERTEX_POINT('',#5626);
#1584=VERTEX_POINT('',#5630);
#1585=VERTEX_POINT('',#5631);
#1586=VERTEX_POINT('',#5633);
#1587=VERTEX_POINT('',#5635);
#1588=VERTEX_POINT('',#5639);
#1589=VERTEX_POINT('',#5640);
#1590=VERTEX_POINT('',#5642);
#1591=VERTEX_POINT('',#5644);
#1592=VERTEX_POINT('',#5651);
#1593=VERTEX_POINT('',#5653);
#1594=VERTEX_POINT('',#5655);
#1595=VERTEX_POINT('',#5657);
#1596=VERTEX_POINT('',#5659);
#1597=VERTEX_POINT('',#5661);
#1598=VERTEX_POINT('',#5663);
#1599=VERTEX_POINT('',#5665);
#1600=VERTEX_POINT('',#5667);
#1601=VERTEX_POINT('',#5670);
#1602=VERTEX_POINT('',#5671);
#1603=VERTEX_POINT('',#5673);
#1604=VERTEX_POINT('',#5675);
#1605=VERTEX_POINT('',#5677);
#1606=VERTEX_POINT('',#5679);
#1607=VERTEX_POINT('',#5681);
#1608=VERTEX_POINT('',#5683);
#1609=VERTEX_POINT('',#5686);
#1610=VERTEX_POINT('',#5687);
#1611=VERTEX_POINT('',#5689);
#1612=VERTEX_POINT('',#5691);
#1613=VERTEX_POINT('',#5693);
#1614=VERTEX_POINT('',#5695);
#1615=VERTEX_POINT('',#5697);
#1616=VERTEX_POINT('',#5699);
#1617=VERTEX_POINT('',#5702);
#1618=VERTEX_POINT('',#5703);
#1619=VERTEX_POINT('',#5705);
#1620=VERTEX_POINT('',#5707);
#1621=VERTEX_POINT('',#5709);
#1622=VERTEX_POINT('',#5711);
#1623=VERTEX_POINT('',#5713);
#1624=VERTEX_POINT('',#5715);
#1625=VERTEX_POINT('',#5718);
#1626=VERTEX_POINT('',#5719);
#1627=VERTEX_POINT('',#5721);
#1628=VERTEX_POINT('',#5723);
#1629=VERTEX_POINT('',#5725);
#1630=VERTEX_POINT('',#5727);
#1631=VERTEX_POINT('',#5729);
#1632=VERTEX_POINT('',#5731);
#1633=VERTEX_POINT('',#5734);
#1634=VERTEX_POINT('',#5735);
#1635=VERTEX_POINT('',#5737);
#1636=VERTEX_POINT('',#5739);
#1637=VERTEX_POINT('',#5741);
#1638=VERTEX_POINT('',#5743);
#1639=VERTEX_POINT('',#5745);
#1640=VERTEX_POINT('',#5747);
#1641=VERTEX_POINT('',#5750);
#1642=VERTEX_POINT('',#5751);
#1643=VERTEX_POINT('',#5753);
#1644=VERTEX_POINT('',#5755);
#1645=VERTEX_POINT('',#5757);
#1646=VERTEX_POINT('',#5759);
#1647=VERTEX_POINT('',#5761);
#1648=VERTEX_POINT('',#5763);
#1649=VERTEX_POINT('',#5766);
#1650=VERTEX_POINT('',#5767);
#1651=VERTEX_POINT('',#5769);
#1652=VERTEX_POINT('',#5771);
#1653=VERTEX_POINT('',#5773);
#1654=VERTEX_POINT('',#5775);
#1655=VERTEX_POINT('',#5777);
#1656=VERTEX_POINT('',#5779);
#1657=VERTEX_POINT('',#5782);
#1658=VERTEX_POINT('',#5783);
#1659=VERTEX_POINT('',#5785);
#1660=VERTEX_POINT('',#5787);
#1661=VERTEX_POINT('',#5789);
#1662=VERTEX_POINT('',#5791);
#1663=VERTEX_POINT('',#5793);
#1664=VERTEX_POINT('',#5795);
#1665=VERTEX_POINT('',#5798);
#1666=VERTEX_POINT('',#5799);
#1667=VERTEX_POINT('',#5801);
#1668=VERTEX_POINT('',#5803);
#1669=VERTEX_POINT('',#5805);
#1670=VERTEX_POINT('',#5807);
#1671=VERTEX_POINT('',#5809);
#1672=VERTEX_POINT('',#5811);
#1673=VERTEX_POINT('',#5814);
#1674=VERTEX_POINT('',#5815);
#1675=VERTEX_POINT('',#5817);
#1676=VERTEX_POINT('',#5819);
#1677=VERTEX_POINT('',#5821);
#1678=VERTEX_POINT('',#5823);
#1679=VERTEX_POINT('',#5825);
#1680=VERTEX_POINT('',#5827);
#1681=VERTEX_POINT('',#5830);
#1682=VERTEX_POINT('',#5831);
#1683=VERTEX_POINT('',#5833);
#1684=VERTEX_POINT('',#5835);
#1685=VERTEX_POINT('',#5837);
#1686=VERTEX_POINT('',#5839);
#1687=VERTEX_POINT('',#5841);
#1688=VERTEX_POINT('',#5843);
#1689=VERTEX_POINT('',#5846);
#1690=VERTEX_POINT('',#5847);
#1691=VERTEX_POINT('',#5849);
#1692=VERTEX_POINT('',#5851);
#1693=VERTEX_POINT('',#5853);
#1694=VERTEX_POINT('',#5855);
#1695=VERTEX_POINT('',#5857);
#1696=VERTEX_POINT('',#5859);
#1697=VERTEX_POINT('',#5862);
#1698=VERTEX_POINT('',#5863);
#1699=VERTEX_POINT('',#5865);
#1700=VERTEX_POINT('',#5867);
#1701=VERTEX_POINT('',#5869);
#1702=VERTEX_POINT('',#5871);
#1703=VERTEX_POINT('',#5873);
#1704=VERTEX_POINT('',#5875);
#1705=VERTEX_POINT('',#5878);
#1706=VERTEX_POINT('',#5879);
#1707=VERTEX_POINT('',#5881);
#1708=VERTEX_POINT('',#5883);
#1709=VERTEX_POINT('',#5885);
#1710=VERTEX_POINT('',#5887);
#1711=VERTEX_POINT('',#5889);
#1712=VERTEX_POINT('',#5891);
#1713=VERTEX_POINT('',#5895);
#1714=VERTEX_POINT('',#5897);
#1715=VERTEX_POINT('',#5899);
#1716=VERTEX_POINT('',#5901);
#1717=VERTEX_POINT('',#5905);
#1718=VERTEX_POINT('',#5917);
#1719=VERTEX_POINT('',#5919);
#1720=VERTEX_POINT('',#5921);
#1721=VERTEX_POINT('',#5923);
#1722=VERTEX_POINT('',#5927);
#1723=VERTEX_POINT('',#5930);
#1724=VERTEX_POINT('',#5932);
#1725=VERTEX_POINT('',#5934);
#1726=VERTEX_POINT('',#5936);
#1727=VERTEX_POINT('',#5939);
#1728=VERTEX_POINT('',#5941);
#1729=VERTEX_POINT('',#5943);
#1730=VERTEX_POINT('',#5945);
#1731=VERTEX_POINT('',#5948);
#1732=VERTEX_POINT('',#5950);
#1733=VERTEX_POINT('',#5956);
#1734=VERTEX_POINT('',#5958);
#1735=VERTEX_POINT('',#5962);
#1736=VERTEX_POINT('',#5966);
#1737=VERTEX_POINT('',#5968);
#1738=VERTEX_POINT('',#5972);
#1739=VERTEX_POINT('',#5976);
#1740=VERTEX_POINT('',#5978);
#1741=VERTEX_POINT('',#5982);
#1742=VERTEX_POINT('',#5986);
#1743=VERTEX_POINT('',#5988);
#1744=VERTEX_POINT('',#5992);
#1745=VERTEX_POINT('',#5996);
#1746=VERTEX_POINT('',#5998);
#1747=VERTEX_POINT('',#6002);
#1748=VERTEX_POINT('',#6006);
#1749=VERTEX_POINT('',#6008);
#1750=VERTEX_POINT('',#6012);
#1751=VERTEX_POINT('',#6016);
#1752=VERTEX_POINT('',#6018);
#1753=VERTEX_POINT('',#6022);
#1754=VERTEX_POINT('',#6026);
#1755=VERTEX_POINT('',#6028);
#1756=VERTEX_POINT('',#6032);
#1757=VERTEX_POINT('',#6036);
#1758=VERTEX_POINT('',#6038);
#1759=VERTEX_POINT('',#6042);
#1760=VERTEX_POINT('',#6046);
#1761=VERTEX_POINT('',#6048);
#1762=VERTEX_POINT('',#6052);
#1763=VERTEX_POINT('',#6056);
#1764=VERTEX_POINT('',#6058);
#1765=VERTEX_POINT('',#6062);
#1766=VERTEX_POINT('',#6066);
#1767=VERTEX_POINT('',#6068);
#1768=VERTEX_POINT('',#6072);
#1769=VERTEX_POINT('',#6076);
#1770=VERTEX_POINT('',#6078);
#1771=VERTEX_POINT('',#6082);
#1772=VERTEX_POINT('',#6086);
#1773=VERTEX_POINT('',#6090);
#1774=VERTEX_POINT('',#6094);
#1775=VERTEX_POINT('',#6098);
#1776=VERTEX_POINT('',#6102);
#1777=VERTEX_POINT('',#6106);
#1778=VERTEX_POINT('',#6110);
#1779=VERTEX_POINT('',#6114);
#1780=VERTEX_POINT('',#6118);
#1781=VERTEX_POINT('',#6122);
#1782=VERTEX_POINT('',#6126);
#1783=VERTEX_POINT('',#6130);
#1784=VERTEX_POINT('',#6134);
#1785=VERTEX_POINT('',#6138);
#1786=VERTEX_POINT('',#6142);
#1787=VERTEX_POINT('',#6146);
#1788=VERTEX_POINT('',#6150);
#1789=VERTEX_POINT('',#6154);
#1790=VERTEX_POINT('',#6158);
#1791=VERTEX_POINT('',#6162);
#1792=VERTEX_POINT('',#6166);
#1793=VERTEX_POINT('',#6170);
#1794=VERTEX_POINT('',#6174);
#1795=VERTEX_POINT('',#6180);
#1796=VERTEX_POINT('',#6181);
#1797=VERTEX_POINT('',#6186);
#1798=VERTEX_POINT('',#6191);
#1799=VERTEX_POINT('',#6194);
#1800=VERTEX_POINT('',#6197);
#1801=VERTEX_POINT('',#6200);
#1802=VERTEX_POINT('',#6204);
#1803=VERTEX_POINT('',#6208);
#1804=VERTEX_POINT('',#6212);
#1805=VERTEX_POINT('',#6216);
#1806=VERTEX_POINT('',#6220);
#1807=VERTEX_POINT('',#6224);
#1808=VERTEX_POINT('',#6228);
#1809=VERTEX_POINT('',#6232);
#1810=VERTEX_POINT('',#6236);
#1811=VERTEX_POINT('',#6240);
#1812=VERTEX_POINT('',#6244);
#1813=VERTEX_POINT('',#6248);
#1814=VERTEX_POINT('',#6252);
#1815=VERTEX_POINT('',#6256);
#1816=VERTEX_POINT('',#6260);
#1817=VERTEX_POINT('',#6264);
#1818=VERTEX_POINT('',#6268);
#1819=VERTEX_POINT('',#6272);
#1820=VERTEX_POINT('',#6274);
#1821=VERTEX_POINT('',#6278);
#1822=VERTEX_POINT('',#6282);
#1823=VERTEX_POINT('',#6284);
#1824=VERTEX_POINT('',#6290);
#1825=VERTEX_POINT('',#6294);
#1826=VERTEX_POINT('',#6298);
#1827=VERTEX_POINT('',#6302);
#1828=VERTEX_POINT('',#6306);
#1829=VERTEX_POINT('',#6310);
#1830=VERTEX_POINT('',#6314);
#1831=VERTEX_POINT('',#6318);
#1832=VERTEX_POINT('',#6322);
#1833=VERTEX_POINT('',#6326);
#1834=VERTEX_POINT('',#6330);
#1835=VERTEX_POINT('',#6334);
#1836=VERTEX_POINT('',#6338);
#1837=VERTEX_POINT('',#6342);
#1838=VERTEX_POINT('',#6346);
#1839=VERTEX_POINT('',#6352);
#1840=VERTEX_POINT('',#6358);
#1841=VERTEX_POINT('',#6364);
#1842=VERTEX_POINT('',#6370);
#1843=VERTEX_POINT('',#6376);
#1844=VERTEX_POINT('',#6382);
#1845=VERTEX_POINT('',#6397);
#1846=VERTEX_POINT('',#6401);
#1847=VERTEX_POINT('',#6403);
#1848=VERTEX_POINT('',#6407);
#1849=VERTEX_POINT('',#6411);
#1850=VERTEX_POINT('',#6413);
#1851=VERTEX_POINT('',#6417);
#1852=VERTEX_POINT('',#6418);
#1853=VERTEX_POINT('',#6423);
#1854=VERTEX_POINT('',#6427);
#1855=VERTEX_POINT('',#6431);
#1856=VERTEX_POINT('',#6435);
#1857=VERTEX_POINT('',#6437);
#1858=VERTEX_POINT('',#6441);
#1859=VERTEX_POINT('',#6442);
#1860=VERTEX_POINT('',#6447);
#1861=VERTEX_POINT('',#6449);
#1862=VERTEX_POINT('',#6451);
#1863=VERTEX_POINT('',#6457);
#1864=VERTEX_POINT('',#6459);
#1865=VERTEX_POINT('',#6463);
#1866=VERTEX_POINT('',#6467);
#1867=VERTEX_POINT('',#6469);
#1868=VERTEX_POINT('',#6473);
#1869=VERTEX_POINT('',#6477);
#1870=VERTEX_POINT('',#6481);
#1871=VERTEX_POINT('',#6485);
#1872=VERTEX_POINT('',#6489);
#1873=VERTEX_POINT('',#6492);
#1874=VERTEX_POINT('',#6501);
#1875=VERTEX_POINT('',#6526);
#1876=EDGE_CURVE('',#1499,#1500,#1320,.T.);
#1877=EDGE_CURVE('',#1500,#1501,#538,.T.);
#1878=EDGE_CURVE('',#1501,#1502,#1321,.T.);
#1879=EDGE_CURVE('',#1502,#1503,#539,.T.);
#1880=EDGE_CURVE('',#1504,#1503,#1322,.T.);
#1881=EDGE_CURVE('',#1499,#1504,#540,.F.);
#1882=EDGE_CURVE('',#1502,#1505,#1323,.T.);
#1883=EDGE_CURVE('',#1505,#1506,#136,.T.);
#1884=EDGE_CURVE('',#1506,#1507,#541,.T.);
#1885=EDGE_CURVE('',#1507,#1503,#1324,.F.);
#1886=EDGE_CURVE('',#1508,#1500,#542,.T.);
#1887=EDGE_CURVE('',#1509,#1508,#543,.T.);
#1888=EDGE_CURVE('',#1501,#1509,#544,.T.);
#1889=EDGE_CURVE('',#1510,#1511,#545,.T.);
#1890=EDGE_CURVE('',#1512,#1511,#1325,.T.);
#1891=EDGE_CURVE('',#1512,#1513,#546,.T.);
#1892=EDGE_CURVE('',#1513,#1514,#137,.T.);
#1893=EDGE_CURVE('',#1514,#1515,#1326,.T.);
#1894=EDGE_CURVE('',#1515,#1516,#547,.T.);
#1895=EDGE_CURVE('',#1516,#1510,#1327,.T.);
#1896=EDGE_CURVE('',#1508,#1516,#1328,.T.);
#1897=EDGE_CURVE('',#1517,#1499,#548,.T.);
#1898=EDGE_CURVE('',#1518,#1517,#549,.T.);
#1899=EDGE_CURVE('',#1518,#1510,#550,.T.);
#1900=EDGE_CURVE('',#1515,#1509,#1329,.T.);
#1901=EDGE_CURVE('',#1519,#1514,#551,.T.);
#1902=EDGE_CURVE('',#1520,#1519,#552,.T.);
#1903=EDGE_CURVE('',#1521,#1520,#1330,.T.);
#1904=EDGE_CURVE('',#1522,#1521,#1331,.T.);
#1905=EDGE_CURVE('',#1522,#1523,#553,.T.);
#1906=EDGE_CURVE('',#1523,#1524,#1332,.F.);
#1907=EDGE_CURVE('',#1525,#1524,#1333,.T.);
#1908=EDGE_CURVE('',#1526,#1525,#554,.T.);
#1909=EDGE_CURVE('',#1505,#1526,#555,.T.);
#1910=EDGE_CURVE('',#1513,#1527,#1334,.T.);
#1911=EDGE_CURVE('',#1527,#1528,#556,.T.);
#1912=EDGE_CURVE('',#1528,#1519,#1335,.T.);
#1913=EDGE_CURVE('',#1529,#1518,#557,.T.);
#1914=EDGE_CURVE('',#1529,#1530,#558,.T.);
#1915=EDGE_CURVE('',#1531,#1530,#559,.T.);
#1916=EDGE_CURVE('',#1532,#1531,#560,.T.);
#1917=EDGE_CURVE('',#1533,#1532,#561,.T.);
#1918=EDGE_CURVE('',#1534,#1533,#562,.T.);
#1919=EDGE_CURVE('',#1534,#1535,#563,.T.);
#1920=EDGE_CURVE('',#1536,#1535,#564,.T.);
#1921=EDGE_CURVE('',#1536,#1537,#1336,.T.);
#1922=EDGE_CURVE('',#1538,#1537,#565,.T.);
#1923=EDGE_CURVE('',#1539,#1538,#1337,.T.);
#1924=EDGE_CURVE('',#1540,#1539,#566,.T.);
#1925=EDGE_CURVE('',#1541,#1540,#1338,.T.);
#1926=EDGE_CURVE('',#1542,#1541,#567,.T.);
#1927=EDGE_CURVE('',#1511,#1542,#568,.T.);
#1928=EDGE_CURVE('',#1526,#1543,#1339,.T.);
#1929=EDGE_CURVE('',#1543,#1506,#569,.T.);
#1930=EDGE_CURVE('',#1544,#1545,#1340,.T.);
#1931=EDGE_CURVE('',#1545,#1541,#570,.T.);
#1932=EDGE_CURVE('',#1540,#1544,#571,.T.);
#1933=EDGE_CURVE('',#1546,#1545,#572,.T.);
#1934=EDGE_CURVE('',#1546,#1542,#573,.T.);
#1935=EDGE_CURVE('',#1544,#1547,#574,.T.);
#1936=EDGE_CURVE('',#1548,#1547,#1341,.T.);
#1937=EDGE_CURVE('',#1548,#1549,#575,.T.);
#1938=EDGE_CURVE('',#1549,#1550,#1342,.T.);
#1939=EDGE_CURVE('',#1550,#1551,#576,.T.);
#1940=EDGE_CURVE('',#1552,#1551,#577,.T.);
#1941=EDGE_CURVE('',#1552,#1553,#578,.T.);
#1942=EDGE_CURVE('',#1553,#1554,#579,.T.);
#1943=EDGE_CURVE('',#1555,#1554,#580,.T.);
#1944=EDGE_CURVE('',#1556,#1555,#581,.T.);
#1945=EDGE_CURVE('',#1557,#1556,#582,.T.);
#1946=EDGE_CURVE('',#1558,#1557,#583,.T.);
#1947=EDGE_CURVE('',#1559,#1558,#584,.T.);
#1948=EDGE_CURVE('',#1560,#1559,#1343,.T.);
#1949=EDGE_CURVE('',#1561,#1560,#1344,.T.);
#1950=EDGE_CURVE('',#1561,#1562,#585,.T.);
#1951=EDGE_CURVE('',#1562,#1563,#1345,.F.);
#1952=EDGE_CURVE('',#1564,#1563,#1346,.T.);
#1953=EDGE_CURVE('',#1528,#1564,#586,.T.);
#1954=EDGE_CURVE('',#1565,#1527,#587,.T.);
#1955=EDGE_CURVE('',#1546,#1565,#588,.T.);
#1956=EDGE_CURVE('',#1547,#1539,#589,.T.);
#1957=EDGE_CURVE('',#1538,#1548,#590,.T.);
#1958=EDGE_CURVE('',#1537,#1549,#591,.T.);
#1959=EDGE_CURVE('',#1566,#1567,#1347,.T.);
#1960=EDGE_CURVE('',#1567,#1568,#592,.T.);
#1961=EDGE_CURVE('',#1568,#1569,#1348,.T.);
#1962=EDGE_CURVE('',#1569,#1566,#593,.T.);
#1963=EDGE_CURVE('',#1570,#1504,#594,.T.);
#1964=EDGE_CURVE('',#1567,#1570,#595,.T.);
#1965=EDGE_CURVE('',#1571,#1566,#596,.T.);
#1966=EDGE_CURVE('',#1572,#1571,#1349,.T.);
#1967=EDGE_CURVE('',#1573,#1572,#597,.T.);
#1968=EDGE_CURVE('',#1573,#1574,#1350,.T.);
#1969=EDGE_CURVE('',#1575,#1574,#598,.T.);
#1970=EDGE_CURVE('',#1576,#1575,#599,.T.);
#1971=EDGE_CURVE('',#1577,#1576,#600,.T.);
#1972=EDGE_CURVE('',#1578,#1577,#601,.T.);
#1973=EDGE_CURVE('',#1579,#1578,#602,.T.);
#1974=EDGE_CURVE('',#1579,#1576,#603,.T.);
#1975=EDGE_CURVE('',#1580,#1576,#604,.T.);
#1976=EDGE_CURVE('',#1581,#1580,#605,.T.);
#1977=EDGE_CURVE('',#1517,#1581,#606,.T.);
#1978=EDGE_CURVE('',#1569,#1582,#607,.T.);
#1979=EDGE_CURVE('',#1571,#1582,#608,.T.);
#1980=EDGE_CURVE('',#1582,#1583,#1351,.T.);
#1981=EDGE_CURVE('',#1583,#1572,#609,.T.);
#1982=EDGE_CURVE('',#1584,#1585,#37,.T.);
#1983=EDGE_CURVE('',#1585,#1586,#610,.T.);
#1984=EDGE_CURVE('',#1586,#1587,#1352,.T.);
#1985=EDGE_CURVE('',#1587,#1584,#611,.T.);
#1986=EDGE_CURVE('',#1588,#1589,#1353,.T.);
#1987=EDGE_CURVE('',#1589,#1590,#612,.T.);
#1988=EDGE_CURVE('',#1590,#1591,#1354,.T.);
#1989=EDGE_CURVE('',#1591,#1588,#613,.T.);
#1990=EDGE_CURVE('',#1586,#1591,#614,.T.);
#1991=EDGE_CURVE('',#1590,#1587,#615,.T.);
#1992=EDGE_CURVE('',#1592,#1589,#616,.T.);
#1993=EDGE_CURVE('',#1593,#1592,#1355,.T.);
#1994=EDGE_CURVE('',#1594,#1593,#1356,.T.);
#1995=EDGE_CURVE('',#1594,#1595,#617,.T.);
#1996=EDGE_CURVE('',#1595,#1596,#1357,.F.);
#1997=EDGE_CURVE('',#1597,#1596,#1358,.T.);
#1998=EDGE_CURVE('',#1598,#1597,#618,.T.);
#1999=EDGE_CURVE('',#1599,#1598,#619,.T.);
#2000=EDGE_CURVE('',#1600,#1599,#620,.T.);
#2001=EDGE_CURVE('',#1587,#1600,#621,.T.);
#2002=EDGE_CURVE('',#1601,#1602,#622,.T.);
#2003=EDGE_CURVE('',#1603,#1602,#1359,.T.);
#2004=EDGE_CURVE('',#1603,#1604,#623,.T.);
#2005=EDGE_CURVE('',#1605,#1604,#1360,.T.);
#2006=EDGE_CURVE('',#1605,#1606,#624,.T.);
#2007=EDGE_CURVE('',#1607,#1606,#1361,.T.);
#2008=EDGE_CURVE('',#1607,#1608,#625,.T.);
#2009=EDGE_CURVE('',#1601,#1608,#1362,.T.);
#2010=EDGE_CURVE('',#1609,#1610,#626,.T.);
#2011=EDGE_CURVE('',#1611,#1610,#1363,.T.);
#2012=EDGE_CURVE('',#1611,#1612,#627,.T.);
#2013=EDGE_CURVE('',#1613,#1612,#1364,.T.);
#2014=EDGE_CURVE('',#1613,#1614,#628,.T.);
#2015=EDGE_CURVE('',#1615,#1614,#1365,.T.);
#2016=EDGE_CURVE('',#1615,#1616,#629,.T.);
#2017=EDGE_CURVE('',#1609,#1616,#1366,.T.);
#2018=EDGE_CURVE('',#1617,#1618,#630,.T.);
#2019=EDGE_CURVE('',#1619,#1618,#1367,.T.);
#2020=EDGE_CURVE('',#1619,#1620,#631,.T.);
#2021=EDGE_CURVE('',#1621,#1620,#1368,.T.);
#2022=EDGE_CURVE('',#1621,#1622,#632,.T.);
#2023=EDGE_CURVE('',#1623,#1622,#1369,.T.);
#2024=EDGE_CURVE('',#1623,#1624,#633,.T.);
#2025=EDGE_CURVE('',#1617,#1624,#1370,.T.);
#2026=EDGE_CURVE('',#1625,#1626,#634,.T.);
#2027=EDGE_CURVE('',#1627,#1626,#1371,.T.);
#2028=EDGE_CURVE('',#1627,#1628,#635,.T.);
#2029=EDGE_CURVE('',#1629,#1628,#1372,.T.);
#2030=EDGE_CURVE('',#1629,#1630,#636,.T.);
#2031=EDGE_CURVE('',#1631,#1630,#1373,.T.);
#2032=EDGE_CURVE('',#1631,#1632,#637,.T.);
#2033=EDGE_CURVE('',#1625,#1632,#1374,.T.);
#2034=EDGE_CURVE('',#1633,#1634,#638,.T.);
#2035=EDGE_CURVE('',#1635,#1634,#1375,.T.);
#2036=EDGE_CURVE('',#1635,#1636,#639,.T.);
#2037=EDGE_CURVE('',#1637,#1636,#1376,.T.);
#2038=EDGE_CURVE('',#1637,#1638,#640,.T.);
#2039=EDGE_CURVE('',#1639,#1638,#1377,.T.);
#2040=EDGE_CURVE('',#1639,#1640,#641,.T.);
#2041=EDGE_CURVE('',#1633,#1640,#1378,.T.);
#2042=EDGE_CURVE('',#1641,#1642,#642,.T.);
#2043=EDGE_CURVE('',#1643,#1642,#1379,.T.);
#2044=EDGE_CURVE('',#1643,#1644,#643,.T.);
#2045=EDGE_CURVE('',#1645,#1644,#1380,.T.);
#2046=EDGE_CURVE('',#1645,#1646,#644,.T.);
#2047=EDGE_CURVE('',#1647,#1646,#1381,.T.);
#2048=EDGE_CURVE('',#1647,#1648,#645,.T.);
#2049=EDGE_CURVE('',#1641,#1648,#1382,.T.);
#2050=EDGE_CURVE('',#1649,#1650,#646,.T.);
#2051=EDGE_CURVE('',#1651,#1650,#1383,.T.);
#2052=EDGE_CURVE('',#1651,#1652,#647,.T.);
#2053=EDGE_CURVE('',#1653,#1652,#1384,.T.);
#2054=EDGE_CURVE('',#1653,#1654,#648,.T.);
#2055=EDGE_CURVE('',#1655,#1654,#1385,.T.);
#2056=EDGE_CURVE('',#1655,#1656,#649,.T.);
#2057=EDGE_CURVE('',#1649,#1656,#1386,.T.);
#2058=EDGE_CURVE('',#1657,#1658,#650,.T.);
#2059=EDGE_CURVE('',#1659,#1658,#1387,.T.);
#2060=EDGE_CURVE('',#1659,#1660,#651,.T.);
#2061=EDGE_CURVE('',#1661,#1660,#1388,.T.);
#2062=EDGE_CURVE('',#1661,#1662,#652,.T.);
#2063=EDGE_CURVE('',#1663,#1662,#1389,.T.);
#2064=EDGE_CURVE('',#1663,#1664,#653,.T.);
#2065=EDGE_CURVE('',#1657,#1664,#1390,.T.);
#2066=EDGE_CURVE('',#1665,#1666,#654,.T.);
#2067=EDGE_CURVE('',#1667,#1666,#1391,.T.);
#2068=EDGE_CURVE('',#1667,#1668,#655,.T.);
#2069=EDGE_CURVE('',#1669,#1668,#1392,.T.);
#2070=EDGE_CURVE('',#1669,#1670,#656,.T.);
#2071=EDGE_CURVE('',#1671,#1670,#1393,.T.);
#2072=EDGE_CURVE('',#1671,#1672,#657,.T.);
#2073=EDGE_CURVE('',#1665,#1672,#1394,.T.);
#2074=EDGE_CURVE('',#1673,#1674,#658,.T.);
#2075=EDGE_CURVE('',#1675,#1674,#1395,.T.);
#2076=EDGE_CURVE('',#1675,#1676,#659,.T.);
#2077=EDGE_CURVE('',#1677,#1676,#1396,.T.);
#2078=EDGE_CURVE('',#1677,#1678,#660,.T.);
#2079=EDGE_CURVE('',#1679,#1678,#1397,.T.);
#2080=EDGE_CURVE('',#1679,#1680,#661,.T.);
#2081=EDGE_CURVE('',#1673,#1680,#1398,.T.);
#2082=EDGE_CURVE('',#1681,#1682,#662,.T.);
#2083=EDGE_CURVE('',#1683,#1682,#1399,.T.);
#2084=EDGE_CURVE('',#1683,#1684,#663,.T.);
#2085=EDGE_CURVE('',#1685,#1684,#1400,.T.);
#2086=EDGE_CURVE('',#1685,#1686,#664,.T.);
#2087=EDGE_CURVE('',#1687,#1686,#1401,.T.);
#2088=EDGE_CURVE('',#1687,#1688,#665,.T.);
#2089=EDGE_CURVE('',#1681,#1688,#1402,.T.);
#2090=EDGE_CURVE('',#1689,#1690,#666,.T.);
#2091=EDGE_CURVE('',#1691,#1690,#1403,.T.);
#2092=EDGE_CURVE('',#1691,#1692,#667,.T.);
#2093=EDGE_CURVE('',#1693,#1692,#1404,.T.);
#2094=EDGE_CURVE('',#1693,#1694,#668,.T.);
#2095=EDGE_CURVE('',#1695,#1694,#1405,.T.);
#2096=EDGE_CURVE('',#1695,#1696,#669,.T.);
#2097=EDGE_CURVE('',#1689,#1696,#1406,.T.);
#2098=EDGE_CURVE('',#1697,#1698,#670,.T.);
#2099=EDGE_CURVE('',#1699,#1698,#1407,.T.);
#2100=EDGE_CURVE('',#1699,#1700,#671,.T.);
#2101=EDGE_CURVE('',#1701,#1700,#1408,.T.);
#2102=EDGE_CURVE('',#1701,#1702,#672,.T.);
#2103=EDGE_CURVE('',#1703,#1702,#1409,.T.);
#2104=EDGE_CURVE('',#1703,#1704,#673,.T.);
#2105=EDGE_CURVE('',#1697,#1704,#1410,.T.);
#2106=EDGE_CURVE('',#1705,#1706,#674,.T.);
#2107=EDGE_CURVE('',#1707,#1706,#1411,.T.);
#2108=EDGE_CURVE('',#1707,#1708,#675,.T.);
#2109=EDGE_CURVE('',#1709,#1708,#1412,.T.);
#2110=EDGE_CURVE('',#1709,#1710,#676,.T.);
#2111=EDGE_CURVE('',#1711,#1710,#1413,.T.);
#2112=EDGE_CURVE('',#1711,#1712,#677,.T.);
#2113=EDGE_CURVE('',#1705,#1712,#1414,.T.);
#2114=EDGE_CURVE('',#1588,#1713,#678,.T.);
#2115=EDGE_CURVE('',#1714,#1713,#1415,.T.);
#2116=EDGE_CURVE('',#1714,#1715,#679,.T.);
#2117=EDGE_CURVE('',#1715,#1716,#680,.T.);
#2118=EDGE_CURVE('',#1592,#1716,#681,.T.);
#2119=EDGE_CURVE('',#1551,#1717,#38,.T.);
#2120=EDGE_CURVE('',#1717,#1600,#682,.T.);
#2121=EDGE_CURVE('',#1600,#1552,#1416,.T.);
#2122=EDGE_CURVE('',#1598,#1558,#1417,.T.);
#2123=EDGE_CURVE('',#1557,#1599,#1418,.T.);
#2124=EDGE_CURVE('',#1557,#1552,#683,.T.);
#2125=EDGE_CURVE('',#1556,#1553,#684,.T.);
#2126=EDGE_CURVE('',#1718,#1597,#685,.T.);
#2127=EDGE_CURVE('',#1718,#1719,#686,.T.);
#2128=EDGE_CURVE('',#1720,#1719,#1419,.T.);
#2129=EDGE_CURVE('',#1720,#1721,#687,.T.);
#2130=EDGE_CURVE('',#1559,#1721,#688,.T.);
#2131=EDGE_CURVE('',#1722,#1568,#689,.T.);
#2132=EDGE_CURVE('',#1722,#1507,#690,.T.);
#2133=EDGE_CURVE('',#1723,#1543,#691,.T.);
#2134=EDGE_CURVE('',#1724,#1723,#1420,.T.);
#2135=EDGE_CURVE('',#1725,#1724,#1421,.T.);
#2136=EDGE_CURVE('',#1726,#1725,#692,.T.);
#2137=EDGE_CURVE('',#1713,#1726,#693,.T.);
#2138=EDGE_CURVE('',#1727,#1591,#694,.T.);
#2139=EDGE_CURVE('',#1728,#1727,#695,.T.);
#2140=EDGE_CURVE('',#1728,#1729,#696,.T.);
#2141=EDGE_CURVE('',#1730,#1729,#697,.T.);
#2142=EDGE_CURVE('',#1730,#1586,#698,.T.);
#2143=EDGE_CURVE('',#1731,#1585,#699,.T.);
#2144=EDGE_CURVE('',#1731,#1732,#1422,.T.);
#2145=EDGE_CURVE('',#1583,#1732,#700,.T.);
#2146=EDGE_CURVE('',#1512,#1565,#701,.T.);
#2147=EDGE_CURVE('',#1692,#1733,#702,.T.);
#2148=EDGE_CURVE('',#1733,#1734,#1423,.T.);
#2149=EDGE_CURVE('',#1734,#1693,#703,.T.);
#2150=EDGE_CURVE('',#1735,#1691,#704,.T.);
#2151=EDGE_CURVE('',#1733,#1735,#705,.T.);
#2152=EDGE_CURVE('',#1676,#1736,#706,.T.);
#2153=EDGE_CURVE('',#1736,#1737,#1424,.T.);
#2154=EDGE_CURVE('',#1737,#1677,#707,.T.);
#2155=EDGE_CURVE('',#1738,#1675,#708,.T.);
#2156=EDGE_CURVE('',#1736,#1738,#709,.T.);
#2157=EDGE_CURVE('',#1700,#1739,#710,.T.);
#2158=EDGE_CURVE('',#1739,#1740,#1425,.T.);
#2159=EDGE_CURVE('',#1740,#1701,#711,.T.);
#2160=EDGE_CURVE('',#1741,#1699,#712,.T.);
#2161=EDGE_CURVE('',#1739,#1741,#713,.T.);
#2162=EDGE_CURVE('',#1668,#1742,#714,.T.);
#2163=EDGE_CURVE('',#1742,#1743,#1426,.T.);
#2164=EDGE_CURVE('',#1743,#1669,#715,.T.);
#2165=EDGE_CURVE('',#1744,#1667,#716,.T.);
#2166=EDGE_CURVE('',#1742,#1744,#717,.T.);
#2167=EDGE_CURVE('',#1706,#1745,#718,.T.);
#2168=EDGE_CURVE('',#1745,#1746,#1427,.T.);
#2169=EDGE_CURVE('',#1746,#1707,#719,.T.);
#2170=EDGE_CURVE('',#1747,#1705,#720,.T.);
#2171=EDGE_CURVE('',#1745,#1747,#721,.T.);
#2172=EDGE_CURVE('',#1660,#1748,#722,.T.);
#2173=EDGE_CURVE('',#1748,#1749,#1428,.T.);
#2174=EDGE_CURVE('',#1749,#1661,#723,.T.);
#2175=EDGE_CURVE('',#1750,#1659,#724,.T.);
#2176=EDGE_CURVE('',#1748,#1750,#725,.T.);
#2177=EDGE_CURVE('',#1608,#1751,#726,.T.);
#2178=EDGE_CURVE('',#1751,#1752,#1429,.T.);
#2179=EDGE_CURVE('',#1752,#1601,#727,.T.);
#2180=EDGE_CURVE('',#1753,#1607,#728,.T.);
#2181=EDGE_CURVE('',#1751,#1753,#729,.T.);
#2182=EDGE_CURVE('',#1656,#1754,#730,.T.);
#2183=EDGE_CURVE('',#1754,#1755,#1430,.T.);
#2184=EDGE_CURVE('',#1755,#1649,#731,.T.);
#2185=EDGE_CURVE('',#1756,#1655,#732,.T.);
#2186=EDGE_CURVE('',#1754,#1756,#733,.T.);
#2187=EDGE_CURVE('',#1616,#1757,#734,.T.);
#2188=EDGE_CURVE('',#1757,#1758,#1431,.T.);
#2189=EDGE_CURVE('',#1758,#1609,#735,.T.);
#2190=EDGE_CURVE('',#1759,#1615,#736,.T.);
#2191=EDGE_CURVE('',#1757,#1759,#737,.T.);
#2192=EDGE_CURVE('',#1648,#1760,#738,.T.);
#2193=EDGE_CURVE('',#1760,#1761,#1432,.T.);
#2194=EDGE_CURVE('',#1761,#1641,#739,.T.);
#2195=EDGE_CURVE('',#1762,#1647,#740,.T.);
#2196=EDGE_CURVE('',#1760,#1762,#741,.T.);
#2197=EDGE_CURVE('',#1622,#1763,#742,.T.);
#2198=EDGE_CURVE('',#1763,#1764,#1433,.T.);
#2199=EDGE_CURVE('',#1764,#1623,#743,.T.);
#2200=EDGE_CURVE('',#1765,#1621,#744,.T.);
#2201=EDGE_CURVE('',#1763,#1765,#745,.T.);
#2202=EDGE_CURVE('',#1640,#1766,#746,.T.);
#2203=EDGE_CURVE('',#1766,#1767,#1434,.T.);
#2204=EDGE_CURVE('',#1767,#1633,#747,.T.);
#2205=EDGE_CURVE('',#1768,#1639,#748,.T.);
#2206=EDGE_CURVE('',#1766,#1768,#749,.T.);
#2207=EDGE_CURVE('',#1632,#1769,#750,.T.);
#2208=EDGE_CURVE('',#1769,#1770,#1435,.T.);
#2209=EDGE_CURVE('',#1770,#1625,#751,.T.);
#2210=EDGE_CURVE('',#1771,#1631,#752,.T.);
#2211=EDGE_CURVE('',#1769,#1771,#753,.T.);
#2212=EDGE_CURVE('',#1630,#1772,#754,.T.);
#2213=EDGE_CURVE('',#1772,#1771,#1436,.T.);
#2214=EDGE_CURVE('',#1773,#1629,#755,.T.);
#2215=EDGE_CURVE('',#1772,#1773,#756,.T.);
#2216=EDGE_CURVE('',#1638,#1774,#757,.T.);
#2217=EDGE_CURVE('',#1774,#1768,#1437,.T.);
#2218=EDGE_CURVE('',#1775,#1637,#758,.T.);
#2219=EDGE_CURVE('',#1774,#1775,#759,.T.);
#2220=EDGE_CURVE('',#1620,#1776,#760,.T.);
#2221=EDGE_CURVE('',#1776,#1765,#1438,.T.);
#2222=EDGE_CURVE('',#1777,#1619,#761,.T.);
#2223=EDGE_CURVE('',#1776,#1777,#762,.T.);
#2224=EDGE_CURVE('',#1646,#1778,#763,.T.);
#2225=EDGE_CURVE('',#1778,#1762,#1439,.T.);
#2226=EDGE_CURVE('',#1779,#1645,#764,.T.);
#2227=EDGE_CURVE('',#1778,#1779,#765,.T.);
#2228=EDGE_CURVE('',#1614,#1780,#766,.T.);
#2229=EDGE_CURVE('',#1780,#1759,#1440,.T.);
#2230=EDGE_CURVE('',#1781,#1613,#767,.T.);
#2231=EDGE_CURVE('',#1780,#1781,#768,.T.);
#2232=EDGE_CURVE('',#1654,#1782,#769,.T.);
#2233=EDGE_CURVE('',#1782,#1756,#1441,.T.);
#2234=EDGE_CURVE('',#1783,#1653,#770,.T.);
#2235=EDGE_CURVE('',#1782,#1783,#771,.T.);
#2236=EDGE_CURVE('',#1606,#1784,#772,.T.);
#2237=EDGE_CURVE('',#1784,#1753,#1442,.T.);
#2238=EDGE_CURVE('',#1785,#1605,#773,.T.);
#2239=EDGE_CURVE('',#1784,#1785,#774,.T.);
#2240=EDGE_CURVE('',#1786,#1785,#1443,.T.);
#2241=EDGE_CURVE('',#1604,#1786,#775,.T.);
#2242=EDGE_CURVE('',#1787,#1783,#1444,.T.);
#2243=EDGE_CURVE('',#1652,#1787,#776,.T.);
#2244=EDGE_CURVE('',#1788,#1781,#1445,.T.);
#2245=EDGE_CURVE('',#1612,#1788,#777,.T.);
#2246=EDGE_CURVE('',#1789,#1779,#1446,.T.);
#2247=EDGE_CURVE('',#1644,#1789,#778,.T.);
#2248=EDGE_CURVE('',#1790,#1777,#1447,.T.);
#2249=EDGE_CURVE('',#1618,#1790,#779,.T.);
#2250=EDGE_CURVE('',#1791,#1775,#1448,.T.);
#2251=EDGE_CURVE('',#1636,#1791,#780,.T.);
#2252=EDGE_CURVE('',#1628,#1792,#781,.T.);
#2253=EDGE_CURVE('',#1792,#1773,#1449,.T.);
#2254=EDGE_CURVE('',#1793,#1627,#782,.T.);
#2255=EDGE_CURVE('',#1792,#1793,#783,.T.);
#2256=EDGE_CURVE('',#1626,#1794,#784,.T.);
#2257=EDGE_CURVE('',#1794,#1793,#1450,.T.);
#2258=EDGE_CURVE('',#1794,#1770,#785,.T.);
#2259=EDGE_CURVE('',#1795,#1796,#1451,.T.);
#2260=EDGE_CURVE('',#1796,#1635,#786,.T.);
#2261=EDGE_CURVE('',#1634,#1795,#787,.T.);
#2262=EDGE_CURVE('',#1797,#1603,#788,.T.);
#2263=EDGE_CURVE('',#1797,#1529,#789,.T.);
#2264=EDGE_CURVE('',#1581,#1791,#790,.T.);
#2265=EDGE_CURVE('',#1796,#1790,#791,.T.);
#2266=EDGE_CURVE('',#1798,#1617,#792,.T.);
#2267=EDGE_CURVE('',#1798,#1789,#793,.T.);
#2268=EDGE_CURVE('',#1799,#1643,#794,.T.);
#2269=EDGE_CURVE('',#1799,#1788,#795,.T.);
#2270=EDGE_CURVE('',#1800,#1611,#796,.T.);
#2271=EDGE_CURVE('',#1800,#1787,#797,.T.);
#2272=EDGE_CURVE('',#1801,#1651,#798,.T.);
#2273=EDGE_CURVE('',#1801,#1786,#799,.T.);
#2274=EDGE_CURVE('',#1802,#1798,#1452,.T.);
#2275=EDGE_CURVE('',#1624,#1802,#800,.T.);
#2276=EDGE_CURVE('',#1803,#1799,#1453,.T.);
#2277=EDGE_CURVE('',#1642,#1803,#801,.T.);
#2278=EDGE_CURVE('',#1804,#1800,#1454,.T.);
#2279=EDGE_CURVE('',#1610,#1804,#802,.T.);
#2280=EDGE_CURVE('',#1805,#1801,#1455,.T.);
#2281=EDGE_CURVE('',#1650,#1805,#803,.T.);
#2282=EDGE_CURVE('',#1806,#1797,#1456,.T.);
#2283=EDGE_CURVE('',#1602,#1806,#804,.T.);
#2284=EDGE_CURVE('',#1658,#1807,#805,.T.);
#2285=EDGE_CURVE('',#1807,#1750,#1457,.T.);
#2286=EDGE_CURVE('',#1808,#1657,#806,.T.);
#2287=EDGE_CURVE('',#1807,#1808,#807,.T.);
#2288=EDGE_CURVE('',#1712,#1809,#808,.T.);
#2289=EDGE_CURVE('',#1809,#1747,#1458,.T.);
#2290=EDGE_CURVE('',#1810,#1711,#809,.T.);
#2291=EDGE_CURVE('',#1809,#1810,#810,.T.);
#2292=EDGE_CURVE('',#1666,#1811,#811,.T.);
#2293=EDGE_CURVE('',#1811,#1744,#1459,.T.);
#2294=EDGE_CURVE('',#1812,#1665,#812,.T.);
#2295=EDGE_CURVE('',#1811,#1812,#813,.T.);
#2296=EDGE_CURVE('',#1698,#1813,#814,.T.);
#2297=EDGE_CURVE('',#1813,#1741,#1460,.T.);
#2298=EDGE_CURVE('',#1814,#1697,#815,.T.);
#2299=EDGE_CURVE('',#1813,#1814,#816,.T.);
#2300=EDGE_CURVE('',#1674,#1815,#817,.T.);
#2301=EDGE_CURVE('',#1815,#1738,#1461,.T.);
#2302=EDGE_CURVE('',#1816,#1673,#818,.T.);
#2303=EDGE_CURVE('',#1815,#1816,#819,.T.);
#2304=EDGE_CURVE('',#1690,#1817,#820,.T.);
#2305=EDGE_CURVE('',#1817,#1735,#1462,.T.);
#2306=EDGE_CURVE('',#1818,#1689,#821,.T.);
#2307=EDGE_CURVE('',#1817,#1818,#822,.T.);
#2308=EDGE_CURVE('',#1682,#1819,#823,.T.);
#2309=EDGE_CURVE('',#1819,#1820,#1463,.T.);
#2310=EDGE_CURVE('',#1820,#1683,#824,.T.);
#2311=EDGE_CURVE('',#1821,#1681,#825,.T.);
#2312=EDGE_CURVE('',#1819,#1821,#826,.T.);
#2313=EDGE_CURVE('',#1684,#1822,#827,.T.);
#2314=EDGE_CURVE('',#1822,#1823,#1464,.T.);
#2315=EDGE_CURVE('',#1823,#1685,#828,.T.);
#2316=EDGE_CURVE('',#1822,#1820,#829,.T.);
#2317=EDGE_CURVE('',#1688,#1824,#830,.T.);
#2318=EDGE_CURVE('',#1824,#1821,#1465,.T.);
#2319=EDGE_CURVE('',#1825,#1687,#831,.T.);
#2320=EDGE_CURVE('',#1824,#1825,#832,.T.);
#2321=EDGE_CURVE('',#1696,#1826,#833,.T.);
#2322=EDGE_CURVE('',#1826,#1818,#1466,.T.);
#2323=EDGE_CURVE('',#1827,#1695,#834,.T.);
#2324=EDGE_CURVE('',#1826,#1827,#835,.T.);
#2325=EDGE_CURVE('',#1680,#1828,#836,.T.);
#2326=EDGE_CURVE('',#1828,#1816,#1467,.T.);
#2327=EDGE_CURVE('',#1829,#1679,#837,.T.);
#2328=EDGE_CURVE('',#1828,#1829,#838,.T.);
#2329=EDGE_CURVE('',#1704,#1830,#839,.T.);
#2330=EDGE_CURVE('',#1830,#1814,#1468,.T.);
#2331=EDGE_CURVE('',#1831,#1703,#840,.T.);
#2332=EDGE_CURVE('',#1830,#1831,#841,.T.);
#2333=EDGE_CURVE('',#1672,#1832,#842,.T.);
#2334=EDGE_CURVE('',#1832,#1812,#1469,.T.);
#2335=EDGE_CURVE('',#1833,#1671,#843,.T.);
#2336=EDGE_CURVE('',#1832,#1833,#844,.T.);
#2337=EDGE_CURVE('',#1710,#1834,#845,.T.);
#2338=EDGE_CURVE('',#1834,#1810,#1470,.T.);
#2339=EDGE_CURVE('',#1835,#1709,#846,.T.);
#2340=EDGE_CURVE('',#1834,#1835,#847,.T.);
#2341=EDGE_CURVE('',#1664,#1836,#848,.T.);
#2342=EDGE_CURVE('',#1836,#1808,#1471,.T.);
#2343=EDGE_CURVE('',#1837,#1663,#849,.T.);
#2344=EDGE_CURVE('',#1836,#1837,#850,.T.);
#2345=EDGE_CURVE('',#1662,#1838,#851,.T.);
#2346=EDGE_CURVE('',#1838,#1837,#1472,.T.);
#2347=EDGE_CURVE('',#1838,#1749,#852,.T.);
#2348=EDGE_CURVE('',#1708,#1839,#853,.T.);
#2349=EDGE_CURVE('',#1839,#1835,#1473,.T.);
#2350=EDGE_CURVE('',#1839,#1746,#854,.T.);
#2351=EDGE_CURVE('',#1670,#1840,#855,.T.);
#2352=EDGE_CURVE('',#1840,#1833,#1474,.T.);
#2353=EDGE_CURVE('',#1840,#1743,#856,.T.);
#2354=EDGE_CURVE('',#1702,#1841,#857,.T.);
#2355=EDGE_CURVE('',#1841,#1831,#1475,.T.);
#2356=EDGE_CURVE('',#1841,#1740,#858,.T.);
#2357=EDGE_CURVE('',#1678,#1842,#859,.T.);
#2358=EDGE_CURVE('',#1842,#1829,#1476,.T.);
#2359=EDGE_CURVE('',#1842,#1737,#860,.T.);
#2360=EDGE_CURVE('',#1694,#1843,#861,.T.);
#2361=EDGE_CURVE('',#1843,#1827,#1477,.T.);
#2362=EDGE_CURVE('',#1843,#1734,#862,.T.);
#2363=EDGE_CURVE('',#1686,#1844,#863,.T.);
#2364=EDGE_CURVE('',#1844,#1825,#1478,.T.);
#2365=EDGE_CURVE('',#1844,#1823,#864,.T.);
#2366=EDGE_CURVE('',#1732,#1573,#865,.T.);
#2367=EDGE_CURVE('',#1574,#1731,#866,.T.);
#2368=EDGE_CURVE('',#1550,#1536,#867,.T.);
#2369=EDGE_CURVE('',#1584,#1717,#868,.T.);
#2370=EDGE_CURVE('',#1535,#1575,#869,.T.);
#2371=EDGE_CURVE('',#1716,#1845,#1479,.T.);
#2372=EDGE_CURVE('',#1845,#1593,#870,.T.);
#2373=EDGE_CURVE('',#1723,#1846,#871,.T.);
#2374=EDGE_CURVE('',#1846,#1847,#1480,.T.);
#2375=EDGE_CURVE('',#1847,#1724,#872,.T.);
#2376=EDGE_CURVE('',#1848,#1847,#1481,.F.);
#2377=EDGE_CURVE('',#1848,#1725,#873,.T.);
#2378=EDGE_CURVE('',#1849,#1846,#874,.T.);
#2379=EDGE_CURVE('',#1850,#1849,#875,.T.);
#2380=EDGE_CURVE('',#1848,#1850,#876,.T.);
#2381=EDGE_CURVE('',#1851,#1852,#1482,.T.);
#2382=EDGE_CURVE('',#1852,#1525,#877,.T.);
#2383=EDGE_CURVE('',#1524,#1851,#878,.T.);
#2384=EDGE_CURVE('',#1523,#1853,#879,.T.);
#2385=EDGE_CURVE('',#1853,#1851,#1483,.T.);
#2386=EDGE_CURVE('',#1854,#1718,#1484,.T.);
#2387=EDGE_CURVE('',#1596,#1854,#880,.T.);
#2388=EDGE_CURVE('',#1721,#1855,#1485,.T.);
#2389=EDGE_CURVE('',#1855,#1560,#881,.T.);
#2390=EDGE_CURVE('',#1856,#1720,#882,.T.);
#2391=EDGE_CURVE('',#1857,#1856,#883,.T.);
#2392=EDGE_CURVE('',#1857,#1855,#1486,.F.);
#2393=EDGE_CURVE('',#1858,#1859,#1487,.T.);
#2394=EDGE_CURVE('',#1859,#1564,#884,.T.);
#2395=EDGE_CURVE('',#1563,#1858,#885,.T.);
#2396=EDGE_CURVE('',#1860,#1858,#1488,.T.);
#2397=EDGE_CURVE('',#1861,#1860,#886,.T.);
#2398=EDGE_CURVE('',#1862,#1861,#887,.T.);
#2399=EDGE_CURVE('',#1859,#1862,#888,.T.);
#2400=EDGE_CURVE('',#1562,#1860,#889,.T.);
#2401=EDGE_CURVE('',#1520,#1863,#890,.T.);
#2402=EDGE_CURVE('',#1863,#1864,#1489,.T.);
#2403=EDGE_CURVE('',#1864,#1521,#891,.T.);
#2404=EDGE_CURVE('',#1865,#1864,#1490,.F.);
#2405=EDGE_CURVE('',#1865,#1522,#892,.T.);
#2406=EDGE_CURVE('',#1850,#1866,#1491,.T.);
#2407=EDGE_CURVE('',#1849,#1867,#1492,.T.);
#2408=EDGE_CURVE('',#1867,#1866,#893,.T.);
#2409=EDGE_CURVE('',#1868,#1845,#1493,.F.);
#2410=EDGE_CURVE('',#1868,#1594,#894,.T.);
#2411=EDGE_CURVE('',#1726,#1869,#1494,.F.);
#2412=EDGE_CURVE('',#1714,#1869,#895,.T.);
#2413=EDGE_CURVE('',#1856,#1870,#1495,.T.);
#2414=EDGE_CURVE('',#1719,#1870,#896,.T.);
#2415=EDGE_CURVE('',#1865,#1871,#897,.T.);
#2416=EDGE_CURVE('',#1871,#1861,#1496,.T.);
#2417=EDGE_CURVE('',#1857,#1561,#898,.T.);
#2418=EDGE_CURVE('',#1870,#1872,#899,.T.);
#2419=EDGE_CURVE('',#1595,#1872,#900,.T.);
#2420=EDGE_CURVE('',#1868,#1873,#901,.T.);
#2421=EDGE_CURVE('',#1873,#1869,#902,.T.);
#2422=EDGE_CURVE('',#1866,#1853,#903,.T.);
#2423=EDGE_CURVE('',#1872,#1854,#1497,.T.);
#2424=EDGE_CURVE('',#1871,#1874,#904,.T.);
#2425=EDGE_CURVE('',#1874,#1862,#1498,.T.);
#2426=EDGE_CURVE('',#1874,#1863,#905,.T.);
#2427=EDGE_CURVE('',#1852,#1867,#906,.T.);
#2428=EDGE_CURVE('',#1873,#1715,#907,.T.);
#2429=EDGE_CURVE('',#1805,#1755,#908,.T.);
#2430=EDGE_CURVE('',#1803,#1761,#909,.T.);
#2431=EDGE_CURVE('',#1795,#1767,#910,.T.);
#2432=EDGE_CURVE('',#1802,#1764,#911,.T.);
#2433=EDGE_CURVE('',#1804,#1758,#912,.T.);
#2434=EDGE_CURVE('',#1806,#1752,#913,.T.);
#2435=EDGE_CURVE('',#1875,#1580,#914,.T.);
#2436=EDGE_CURVE('',#1530,#1875,#915,.T.);
#2437=EDGE_CURVE('',#1555,#1532,#916,.T.);
#2438=EDGE_CURVE('',#1533,#1554,#917,.T.);
#2439=EDGE_CURVE('',#1570,#1722,#918,.T.);
#2440=EDGE_CURVE('',#1729,#1577,#919,.T.);
#2441=EDGE_CURVE('',#1578,#1728,#920,.T.);
#2442=EDGE_CURVE('',#1576,#1730,#921,.T.);
#2443=EDGE_CURVE('',#1553,#1534,#922,.T.);
#2444=EDGE_CURVE('',#1727,#1579,#923,.T.);
#2445=EDGE_CURVE('',#1531,#1556,#924,.T.);
#2446=EDGE_CURVE('',#1576,#1534,#925,.T.);
#2447=EDGE_CURVE('',#1534,#1875,#926,.T.);
#2448=EDGE_CURVE('',#1531,#1534,#927,.T.);
#2449=EDGE_CURVE('',#1727,#1730,#928,.T.);
#2450=ORIENTED_EDGE('',*,*,#1876,.T.);
#2451=ORIENTED_EDGE('',*,*,#1877,.T.);
#2452=ORIENTED_EDGE('',*,*,#1878,.T.);
#2453=ORIENTED_EDGE('',*,*,#1879,.T.);
#2454=ORIENTED_EDGE('',*,*,#1880,.F.);
#2455=ORIENTED_EDGE('',*,*,#1881,.F.);
#2456=ORIENTED_EDGE('',*,*,#1879,.F.);
#2457=ORIENTED_EDGE('',*,*,#1882,.T.);
#2458=ORIENTED_EDGE('',*,*,#1883,.T.);
#2459=ORIENTED_EDGE('',*,*,#1884,.T.);
#2460=ORIENTED_EDGE('',*,*,#1885,.T.);
#2461=ORIENTED_EDGE('',*,*,#1877,.F.);
#2462=ORIENTED_EDGE('',*,*,#1886,.F.);
#2463=ORIENTED_EDGE('',*,*,#1887,.F.);
#2464=ORIENTED_EDGE('',*,*,#1888,.F.);
#2465=ORIENTED_EDGE('',*,*,#1889,.T.);
#2466=ORIENTED_EDGE('',*,*,#1890,.F.);
#2467=ORIENTED_EDGE('',*,*,#1891,.T.);
#2468=ORIENTED_EDGE('',*,*,#1892,.T.);
#2469=ORIENTED_EDGE('',*,*,#1893,.T.);
#2470=ORIENTED_EDGE('',*,*,#1894,.T.);
#2471=ORIENTED_EDGE('',*,*,#1895,.T.);
#2472=ORIENTED_EDGE('',*,*,#1895,.F.);
#2473=ORIENTED_EDGE('',*,*,#1896,.F.);
#2474=ORIENTED_EDGE('',*,*,#1886,.T.);
#2475=ORIENTED_EDGE('',*,*,#1876,.F.);
#2476=ORIENTED_EDGE('',*,*,#1897,.F.);
#2477=ORIENTED_EDGE('',*,*,#1898,.F.);
#2478=ORIENTED_EDGE('',*,*,#1899,.T.);
#2479=ORIENTED_EDGE('',*,*,#1894,.F.);
#2480=ORIENTED_EDGE('',*,*,#1900,.T.);
#2481=ORIENTED_EDGE('',*,*,#1887,.T.);
#2482=ORIENTED_EDGE('',*,*,#1896,.T.);
#2483=ORIENTED_EDGE('',*,*,#1893,.F.);
#2484=ORIENTED_EDGE('',*,*,#1901,.F.);
#2485=ORIENTED_EDGE('',*,*,#1902,.F.);
#2486=ORIENTED_EDGE('',*,*,#1903,.F.);
#2487=ORIENTED_EDGE('',*,*,#1904,.F.);
#2488=ORIENTED_EDGE('',*,*,#1905,.T.);
#2489=ORIENTED_EDGE('',*,*,#1906,.T.);
#2490=ORIENTED_EDGE('',*,*,#1907,.F.);
#2491=ORIENTED_EDGE('',*,*,#1908,.F.);
#2492=ORIENTED_EDGE('',*,*,#1909,.F.);
#2493=ORIENTED_EDGE('',*,*,#1882,.F.);
#2494=ORIENTED_EDGE('',*,*,#1878,.F.);
#2495=ORIENTED_EDGE('',*,*,#1888,.T.);
#2496=ORIENTED_EDGE('',*,*,#1900,.F.);
#2497=ORIENTED_EDGE('',*,*,#1892,.F.);
#2498=ORIENTED_EDGE('',*,*,#1910,.T.);
#2499=ORIENTED_EDGE('',*,*,#1911,.T.);
#2500=ORIENTED_EDGE('',*,*,#1912,.T.);
#2501=ORIENTED_EDGE('',*,*,#1901,.T.);
#2502=ORIENTED_EDGE('',*,*,#1889,.F.);
#2503=ORIENTED_EDGE('',*,*,#1899,.F.);
#2504=ORIENTED_EDGE('',*,*,#1913,.F.);
#2505=ORIENTED_EDGE('',*,*,#1914,.T.);
#2506=ORIENTED_EDGE('',*,*,#1915,.F.);
#2507=ORIENTED_EDGE('',*,*,#1916,.F.);
#2508=ORIENTED_EDGE('',*,*,#1917,.F.);
#2509=ORIENTED_EDGE('',*,*,#1918,.F.);
#2510=ORIENTED_EDGE('',*,*,#1919,.T.);
#2511=ORIENTED_EDGE('',*,*,#1920,.F.);
#2512=ORIENTED_EDGE('',*,*,#1921,.T.);
#2513=ORIENTED_EDGE('',*,*,#1922,.F.);
#2514=ORIENTED_EDGE('',*,*,#1923,.F.);
#2515=ORIENTED_EDGE('',*,*,#1924,.F.);
#2516=ORIENTED_EDGE('',*,*,#1925,.F.);
#2517=ORIENTED_EDGE('',*,*,#1926,.F.);
#2518=ORIENTED_EDGE('',*,*,#1927,.F.);
#2519=ORIENTED_EDGE('',*,*,#1883,.F.);
#2520=ORIENTED_EDGE('',*,*,#1909,.T.);
#2521=ORIENTED_EDGE('',*,*,#1928,.T.);
#2522=ORIENTED_EDGE('',*,*,#1929,.T.);
#2523=ORIENTED_EDGE('',*,*,#1930,.T.);
#2524=ORIENTED_EDGE('',*,*,#1931,.T.);
#2525=ORIENTED_EDGE('',*,*,#1925,.T.);
#2526=ORIENTED_EDGE('',*,*,#1932,.T.);
#2527=ORIENTED_EDGE('',*,*,#1931,.F.);
#2528=ORIENTED_EDGE('',*,*,#1933,.F.);
#2529=ORIENTED_EDGE('',*,*,#1934,.T.);
#2530=ORIENTED_EDGE('',*,*,#1926,.T.);
#2531=ORIENTED_EDGE('',*,*,#1930,.F.);
#2532=ORIENTED_EDGE('',*,*,#1935,.T.);
#2533=ORIENTED_EDGE('',*,*,#1936,.F.);
#2534=ORIENTED_EDGE('',*,*,#1937,.T.);
#2535=ORIENTED_EDGE('',*,*,#1938,.T.);
#2536=ORIENTED_EDGE('',*,*,#1939,.T.);
#2537=ORIENTED_EDGE('',*,*,#1940,.F.);
#2538=ORIENTED_EDGE('',*,*,#1941,.T.);
#2539=ORIENTED_EDGE('',*,*,#1942,.T.);
#2540=ORIENTED_EDGE('',*,*,#1943,.F.);
#2541=ORIENTED_EDGE('',*,*,#1944,.F.);
#2542=ORIENTED_EDGE('',*,*,#1945,.F.);
#2543=ORIENTED_EDGE('',*,*,#1946,.F.);
#2544=ORIENTED_EDGE('',*,*,#1947,.F.);
#2545=ORIENTED_EDGE('',*,*,#1948,.F.);
#2546=ORIENTED_EDGE('',*,*,#1949,.F.);
#2547=ORIENTED_EDGE('',*,*,#1950,.T.);
#2548=ORIENTED_EDGE('',*,*,#1951,.T.);
#2549=ORIENTED_EDGE('',*,*,#1952,.F.);
#2550=ORIENTED_EDGE('',*,*,#1953,.F.);
#2551=ORIENTED_EDGE('',*,*,#1911,.F.);
#2552=ORIENTED_EDGE('',*,*,#1954,.F.);
#2553=ORIENTED_EDGE('',*,*,#1955,.F.);
#2554=ORIENTED_EDGE('',*,*,#1933,.T.);
#2555=ORIENTED_EDGE('',*,*,#1936,.T.);
#2556=ORIENTED_EDGE('',*,*,#1956,.T.);
#2557=ORIENTED_EDGE('',*,*,#1923,.T.);
#2558=ORIENTED_EDGE('',*,*,#1957,.T.);
#2559=ORIENTED_EDGE('',*,*,#1957,.F.);
#2560=ORIENTED_EDGE('',*,*,#1922,.T.);
#2561=ORIENTED_EDGE('',*,*,#1958,.T.);
#2562=ORIENTED_EDGE('',*,*,#1937,.F.);
#2563=ORIENTED_EDGE('',*,*,#1959,.T.);
#2564=ORIENTED_EDGE('',*,*,#1960,.T.);
#2565=ORIENTED_EDGE('',*,*,#1961,.T.);
#2566=ORIENTED_EDGE('',*,*,#1962,.T.);
#2567=ORIENTED_EDGE('',*,*,#1963,.F.);
#2568=ORIENTED_EDGE('',*,*,#1964,.F.);
#2569=ORIENTED_EDGE('',*,*,#1959,.F.);
#2570=ORIENTED_EDGE('',*,*,#1965,.F.);
#2571=ORIENTED_EDGE('',*,*,#1966,.F.);
#2572=ORIENTED_EDGE('',*,*,#1967,.F.);
#2573=ORIENTED_EDGE('',*,*,#1968,.T.);
#2574=ORIENTED_EDGE('',*,*,#1969,.F.);
#2575=ORIENTED_EDGE('',*,*,#1970,.F.);
#2576=ORIENTED_EDGE('',*,*,#1971,.F.);
#2577=ORIENTED_EDGE('',*,*,#1972,.F.);
#2578=ORIENTED_EDGE('',*,*,#1973,.F.);
#2579=ORIENTED_EDGE('',*,*,#1974,.T.);
#2580=ORIENTED_EDGE('',*,*,#1975,.F.);
#2581=ORIENTED_EDGE('',*,*,#1976,.F.);
#2582=ORIENTED_EDGE('',*,*,#1977,.F.);
#2583=ORIENTED_EDGE('',*,*,#1897,.T.);
#2584=ORIENTED_EDGE('',*,*,#1881,.T.);
#2585=ORIENTED_EDGE('',*,*,#1962,.F.);
#2586=ORIENTED_EDGE('',*,*,#1978,.T.);
#2587=ORIENTED_EDGE('',*,*,#1979,.F.);
#2588=ORIENTED_EDGE('',*,*,#1965,.T.);
#2589=ORIENTED_EDGE('',*,*,#1966,.T.);
#2590=ORIENTED_EDGE('',*,*,#1979,.T.);
#2591=ORIENTED_EDGE('',*,*,#1980,.T.);
#2592=ORIENTED_EDGE('',*,*,#1981,.T.);
#2593=ORIENTED_EDGE('',*,*,#1982,.T.);
#2594=ORIENTED_EDGE('',*,*,#1983,.T.);
#2595=ORIENTED_EDGE('',*,*,#1984,.T.);
#2596=ORIENTED_EDGE('',*,*,#1985,.T.);
#2597=ORIENTED_EDGE('',*,*,#1986,.T.);
#2598=ORIENTED_EDGE('',*,*,#1987,.T.);
#2599=ORIENTED_EDGE('',*,*,#1988,.T.);
#2600=ORIENTED_EDGE('',*,*,#1989,.T.);
#2601=ORIENTED_EDGE('',*,*,#1984,.F.);
#2602=ORIENTED_EDGE('',*,*,#1990,.T.);
#2603=ORIENTED_EDGE('',*,*,#1988,.F.);
#2604=ORIENTED_EDGE('',*,*,#1991,.T.);
#2605=ORIENTED_EDGE('',*,*,#1991,.F.);
#2606=ORIENTED_EDGE('',*,*,#1987,.F.);
#2607=ORIENTED_EDGE('',*,*,#1992,.F.);
#2608=ORIENTED_EDGE('',*,*,#1993,.F.);
#2609=ORIENTED_EDGE('',*,*,#1994,.F.);
#2610=ORIENTED_EDGE('',*,*,#1995,.T.);
#2611=ORIENTED_EDGE('',*,*,#1996,.T.);
#2612=ORIENTED_EDGE('',*,*,#1997,.F.);
#2613=ORIENTED_EDGE('',*,*,#1998,.F.);
#2614=ORIENTED_EDGE('',*,*,#1999,.F.);
#2615=ORIENTED_EDGE('',*,*,#2000,.F.);
#2616=ORIENTED_EDGE('',*,*,#2001,.F.);
#2617=ORIENTED_EDGE('',*,*,#2002,.T.);
#2618=ORIENTED_EDGE('',*,*,#2003,.F.);
#2619=ORIENTED_EDGE('',*,*,#2004,.T.);
#2620=ORIENTED_EDGE('',*,*,#2005,.F.);
#2621=ORIENTED_EDGE('',*,*,#2006,.T.);
#2622=ORIENTED_EDGE('',*,*,#2007,.F.);
#2623=ORIENTED_EDGE('',*,*,#2008,.T.);
#2624=ORIENTED_EDGE('',*,*,#2009,.F.);
#2625=ORIENTED_EDGE('',*,*,#2010,.T.);
#2626=ORIENTED_EDGE('',*,*,#2011,.F.);
#2627=ORIENTED_EDGE('',*,*,#2012,.T.);
#2628=ORIENTED_EDGE('',*,*,#2013,.F.);
#2629=ORIENTED_EDGE('',*,*,#2014,.T.);
#2630=ORIENTED_EDGE('',*,*,#2015,.F.);
#2631=ORIENTED_EDGE('',*,*,#2016,.T.);
#2632=ORIENTED_EDGE('',*,*,#2017,.F.);
#2633=ORIENTED_EDGE('',*,*,#2018,.T.);
#2634=ORIENTED_EDGE('',*,*,#2019,.F.);
#2635=ORIENTED_EDGE('',*,*,#2020,.T.);
#2636=ORIENTED_EDGE('',*,*,#2021,.F.);
#2637=ORIENTED_EDGE('',*,*,#2022,.T.);
#2638=ORIENTED_EDGE('',*,*,#2023,.F.);
#2639=ORIENTED_EDGE('',*,*,#2024,.T.);
#2640=ORIENTED_EDGE('',*,*,#2025,.F.);
#2641=ORIENTED_EDGE('',*,*,#2026,.T.);
#2642=ORIENTED_EDGE('',*,*,#2027,.F.);
#2643=ORIENTED_EDGE('',*,*,#2028,.T.);
#2644=ORIENTED_EDGE('',*,*,#2029,.F.);
#2645=ORIENTED_EDGE('',*,*,#2030,.T.);
#2646=ORIENTED_EDGE('',*,*,#2031,.F.);
#2647=ORIENTED_EDGE('',*,*,#2032,.T.);
#2648=ORIENTED_EDGE('',*,*,#2033,.F.);
#2649=ORIENTED_EDGE('',*,*,#2034,.T.);
#2650=ORIENTED_EDGE('',*,*,#2035,.F.);
#2651=ORIENTED_EDGE('',*,*,#2036,.T.);
#2652=ORIENTED_EDGE('',*,*,#2037,.F.);
#2653=ORIENTED_EDGE('',*,*,#2038,.T.);
#2654=ORIENTED_EDGE('',*,*,#2039,.F.);
#2655=ORIENTED_EDGE('',*,*,#2040,.T.);
#2656=ORIENTED_EDGE('',*,*,#2041,.F.);
#2657=ORIENTED_EDGE('',*,*,#2042,.T.);
#2658=ORIENTED_EDGE('',*,*,#2043,.F.);
#2659=ORIENTED_EDGE('',*,*,#2044,.T.);
#2660=ORIENTED_EDGE('',*,*,#2045,.F.);
#2661=ORIENTED_EDGE('',*,*,#2046,.T.);
#2662=ORIENTED_EDGE('',*,*,#2047,.F.);
#2663=ORIENTED_EDGE('',*,*,#2048,.T.);
#2664=ORIENTED_EDGE('',*,*,#2049,.F.);
#2665=ORIENTED_EDGE('',*,*,#2050,.T.);
#2666=ORIENTED_EDGE('',*,*,#2051,.F.);
#2667=ORIENTED_EDGE('',*,*,#2052,.T.);
#2668=ORIENTED_EDGE('',*,*,#2053,.F.);
#2669=ORIENTED_EDGE('',*,*,#2054,.T.);
#2670=ORIENTED_EDGE('',*,*,#2055,.F.);
#2671=ORIENTED_EDGE('',*,*,#2056,.T.);
#2672=ORIENTED_EDGE('',*,*,#2057,.F.);
#2673=ORIENTED_EDGE('',*,*,#2058,.T.);
#2674=ORIENTED_EDGE('',*,*,#2059,.F.);
#2675=ORIENTED_EDGE('',*,*,#2060,.T.);
#2676=ORIENTED_EDGE('',*,*,#2061,.F.);
#2677=ORIENTED_EDGE('',*,*,#2062,.T.);
#2678=ORIENTED_EDGE('',*,*,#2063,.F.);
#2679=ORIENTED_EDGE('',*,*,#2064,.T.);
#2680=ORIENTED_EDGE('',*,*,#2065,.F.);
#2681=ORIENTED_EDGE('',*,*,#2066,.T.);
#2682=ORIENTED_EDGE('',*,*,#2067,.F.);
#2683=ORIENTED_EDGE('',*,*,#2068,.T.);
#2684=ORIENTED_EDGE('',*,*,#2069,.F.);
#2685=ORIENTED_EDGE('',*,*,#2070,.T.);
#2686=ORIENTED_EDGE('',*,*,#2071,.F.);
#2687=ORIENTED_EDGE('',*,*,#2072,.T.);
#2688=ORIENTED_EDGE('',*,*,#2073,.F.);
#2689=ORIENTED_EDGE('',*,*,#2074,.T.);
#2690=ORIENTED_EDGE('',*,*,#2075,.F.);
#2691=ORIENTED_EDGE('',*,*,#2076,.T.);
#2692=ORIENTED_EDGE('',*,*,#2077,.F.);
#2693=ORIENTED_EDGE('',*,*,#2078,.T.);
#2694=ORIENTED_EDGE('',*,*,#2079,.F.);
#2695=ORIENTED_EDGE('',*,*,#2080,.T.);
#2696=ORIENTED_EDGE('',*,*,#2081,.F.);
#2697=ORIENTED_EDGE('',*,*,#2082,.T.);
#2698=ORIENTED_EDGE('',*,*,#2083,.F.);
#2699=ORIENTED_EDGE('',*,*,#2084,.T.);
#2700=ORIENTED_EDGE('',*,*,#2085,.F.);
#2701=ORIENTED_EDGE('',*,*,#2086,.T.);
#2702=ORIENTED_EDGE('',*,*,#2087,.F.);
#2703=ORIENTED_EDGE('',*,*,#2088,.T.);
#2704=ORIENTED_EDGE('',*,*,#2089,.F.);
#2705=ORIENTED_EDGE('',*,*,#2090,.T.);
#2706=ORIENTED_EDGE('',*,*,#2091,.F.);
#2707=ORIENTED_EDGE('',*,*,#2092,.T.);
#2708=ORIENTED_EDGE('',*,*,#2093,.F.);
#2709=ORIENTED_EDGE('',*,*,#2094,.T.);
#2710=ORIENTED_EDGE('',*,*,#2095,.F.);
#2711=ORIENTED_EDGE('',*,*,#2096,.T.);
#2712=ORIENTED_EDGE('',*,*,#2097,.F.);
#2713=ORIENTED_EDGE('',*,*,#2098,.T.);
#2714=ORIENTED_EDGE('',*,*,#2099,.F.);
#2715=ORIENTED_EDGE('',*,*,#2100,.T.);
#2716=ORIENTED_EDGE('',*,*,#2101,.F.);
#2717=ORIENTED_EDGE('',*,*,#2102,.T.);
#2718=ORIENTED_EDGE('',*,*,#2103,.F.);
#2719=ORIENTED_EDGE('',*,*,#2104,.T.);
#2720=ORIENTED_EDGE('',*,*,#2105,.F.);
#2721=ORIENTED_EDGE('',*,*,#2106,.T.);
#2722=ORIENTED_EDGE('',*,*,#2107,.F.);
#2723=ORIENTED_EDGE('',*,*,#2108,.T.);
#2724=ORIENTED_EDGE('',*,*,#2109,.F.);
#2725=ORIENTED_EDGE('',*,*,#2110,.T.);
#2726=ORIENTED_EDGE('',*,*,#2111,.F.);
#2727=ORIENTED_EDGE('',*,*,#2112,.T.);
#2728=ORIENTED_EDGE('',*,*,#2113,.F.);
#2729=ORIENTED_EDGE('',*,*,#1986,.F.);
#2730=ORIENTED_EDGE('',*,*,#2114,.T.);
#2731=ORIENTED_EDGE('',*,*,#2115,.F.);
#2732=ORIENTED_EDGE('',*,*,#2116,.T.);
#2733=ORIENTED_EDGE('',*,*,#2117,.T.);
#2734=ORIENTED_EDGE('',*,*,#2118,.F.);
#2735=ORIENTED_EDGE('',*,*,#1992,.T.);
#2736=ORIENTED_EDGE('',*,*,#2119,.T.);
#2737=ORIENTED_EDGE('',*,*,#2120,.T.);
#2738=ORIENTED_EDGE('',*,*,#2121,.T.);
#2739=ORIENTED_EDGE('',*,*,#1940,.T.);
#2740=ORIENTED_EDGE('',*,*,#2122,.T.);
#2741=ORIENTED_EDGE('',*,*,#1946,.T.);
#2742=ORIENTED_EDGE('',*,*,#2123,.T.);
#2743=ORIENTED_EDGE('',*,*,#1999,.T.);
#2744=ORIENTED_EDGE('',*,*,#2121,.F.);
#2745=ORIENTED_EDGE('',*,*,#2000,.T.);
#2746=ORIENTED_EDGE('',*,*,#2123,.F.);
#2747=ORIENTED_EDGE('',*,*,#2124,.T.);
#2748=ORIENTED_EDGE('',*,*,#2124,.F.);
#2749=ORIENTED_EDGE('',*,*,#1945,.T.);
#2750=ORIENTED_EDGE('',*,*,#2125,.T.);
#2751=ORIENTED_EDGE('',*,*,#1941,.F.);
#2752=ORIENTED_EDGE('',*,*,#2122,.F.);
#2753=ORIENTED_EDGE('',*,*,#1998,.T.);
#2754=ORIENTED_EDGE('',*,*,#2126,.F.);
#2755=ORIENTED_EDGE('',*,*,#2127,.T.);
#2756=ORIENTED_EDGE('',*,*,#2128,.F.);
#2757=ORIENTED_EDGE('',*,*,#2129,.T.);
#2758=ORIENTED_EDGE('',*,*,#2130,.F.);
#2759=ORIENTED_EDGE('',*,*,#1947,.T.);
#2760=ORIENTED_EDGE('',*,*,#1961,.F.);
#2761=ORIENTED_EDGE('',*,*,#2131,.F.);
#2762=ORIENTED_EDGE('',*,*,#2132,.T.);
#2763=ORIENTED_EDGE('',*,*,#1884,.F.);
#2764=ORIENTED_EDGE('',*,*,#1929,.F.);
#2765=ORIENTED_EDGE('',*,*,#2133,.F.);
#2766=ORIENTED_EDGE('',*,*,#2134,.F.);
#2767=ORIENTED_EDGE('',*,*,#2135,.F.);
#2768=ORIENTED_EDGE('',*,*,#2136,.F.);
#2769=ORIENTED_EDGE('',*,*,#2137,.F.);
#2770=ORIENTED_EDGE('',*,*,#2114,.F.);
#2771=ORIENTED_EDGE('',*,*,#1989,.F.);
#2772=ORIENTED_EDGE('',*,*,#2138,.F.);
#2773=ORIENTED_EDGE('',*,*,#2139,.F.);
#2774=ORIENTED_EDGE('',*,*,#2140,.T.);
#2775=ORIENTED_EDGE('',*,*,#2141,.F.);
#2776=ORIENTED_EDGE('',*,*,#2142,.T.);
#2777=ORIENTED_EDGE('',*,*,#1983,.F.);
#2778=ORIENTED_EDGE('',*,*,#2143,.F.);
#2779=ORIENTED_EDGE('',*,*,#2144,.T.);
#2780=ORIENTED_EDGE('',*,*,#2145,.F.);
#2781=ORIENTED_EDGE('',*,*,#1980,.F.);
#2782=ORIENTED_EDGE('',*,*,#1978,.F.);
#2783=ORIENTED_EDGE('',*,*,#1891,.F.);
#2784=ORIENTED_EDGE('',*,*,#2146,.T.);
#2785=ORIENTED_EDGE('',*,*,#1954,.T.);
#2786=ORIENTED_EDGE('',*,*,#1910,.F.);
#2787=ORIENTED_EDGE('',*,*,#2093,.T.);
#2788=ORIENTED_EDGE('',*,*,#2147,.T.);
#2789=ORIENTED_EDGE('',*,*,#2148,.T.);
#2790=ORIENTED_EDGE('',*,*,#2149,.T.);
#2791=ORIENTED_EDGE('',*,*,#2147,.F.);
#2792=ORIENTED_EDGE('',*,*,#2092,.F.);
#2793=ORIENTED_EDGE('',*,*,#2150,.F.);
#2794=ORIENTED_EDGE('',*,*,#2151,.F.);
#2795=ORIENTED_EDGE('',*,*,#2077,.T.);
#2796=ORIENTED_EDGE('',*,*,#2152,.T.);
#2797=ORIENTED_EDGE('',*,*,#2153,.T.);
#2798=ORIENTED_EDGE('',*,*,#2154,.T.);
#2799=ORIENTED_EDGE('',*,*,#2152,.F.);
#2800=ORIENTED_EDGE('',*,*,#2076,.F.);
#2801=ORIENTED_EDGE('',*,*,#2155,.F.);
#2802=ORIENTED_EDGE('',*,*,#2156,.F.);
#2803=ORIENTED_EDGE('',*,*,#2101,.T.);
#2804=ORIENTED_EDGE('',*,*,#2157,.T.);
#2805=ORIENTED_EDGE('',*,*,#2158,.T.);
#2806=ORIENTED_EDGE('',*,*,#2159,.T.);
#2807=ORIENTED_EDGE('',*,*,#2157,.F.);
#2808=ORIENTED_EDGE('',*,*,#2100,.F.);
#2809=ORIENTED_EDGE('',*,*,#2160,.F.);
#2810=ORIENTED_EDGE('',*,*,#2161,.F.);
#2811=ORIENTED_EDGE('',*,*,#2069,.T.);
#2812=ORIENTED_EDGE('',*,*,#2162,.T.);
#2813=ORIENTED_EDGE('',*,*,#2163,.T.);
#2814=ORIENTED_EDGE('',*,*,#2164,.T.);
#2815=ORIENTED_EDGE('',*,*,#2162,.F.);
#2816=ORIENTED_EDGE('',*,*,#2068,.F.);
#2817=ORIENTED_EDGE('',*,*,#2165,.F.);
#2818=ORIENTED_EDGE('',*,*,#2166,.F.);
#2819=ORIENTED_EDGE('',*,*,#2107,.T.);
#2820=ORIENTED_EDGE('',*,*,#2167,.T.);
#2821=ORIENTED_EDGE('',*,*,#2168,.T.);
#2822=ORIENTED_EDGE('',*,*,#2169,.T.);
#2823=ORIENTED_EDGE('',*,*,#2167,.F.);
#2824=ORIENTED_EDGE('',*,*,#2106,.F.);
#2825=ORIENTED_EDGE('',*,*,#2170,.F.);
#2826=ORIENTED_EDGE('',*,*,#2171,.F.);
#2827=ORIENTED_EDGE('',*,*,#2061,.T.);
#2828=ORIENTED_EDGE('',*,*,#2172,.T.);
#2829=ORIENTED_EDGE('',*,*,#2173,.T.);
#2830=ORIENTED_EDGE('',*,*,#2174,.T.);
#2831=ORIENTED_EDGE('',*,*,#2172,.F.);
#2832=ORIENTED_EDGE('',*,*,#2060,.F.);
#2833=ORIENTED_EDGE('',*,*,#2175,.F.);
#2834=ORIENTED_EDGE('',*,*,#2176,.F.);
#2835=ORIENTED_EDGE('',*,*,#2009,.T.);
#2836=ORIENTED_EDGE('',*,*,#2177,.T.);
#2837=ORIENTED_EDGE('',*,*,#2178,.T.);
#2838=ORIENTED_EDGE('',*,*,#2179,.T.);
#2839=ORIENTED_EDGE('',*,*,#2177,.F.);
#2840=ORIENTED_EDGE('',*,*,#2008,.F.);
#2841=ORIENTED_EDGE('',*,*,#2180,.F.);
#2842=ORIENTED_EDGE('',*,*,#2181,.F.);
#2843=ORIENTED_EDGE('',*,*,#2057,.T.);
#2844=ORIENTED_EDGE('',*,*,#2182,.T.);
#2845=ORIENTED_EDGE('',*,*,#2183,.T.);
#2846=ORIENTED_EDGE('',*,*,#2184,.T.);
#2847=ORIENTED_EDGE('',*,*,#2182,.F.);
#2848=ORIENTED_EDGE('',*,*,#2056,.F.);
#2849=ORIENTED_EDGE('',*,*,#2185,.F.);
#2850=ORIENTED_EDGE('',*,*,#2186,.F.);
#2851=ORIENTED_EDGE('',*,*,#2017,.T.);
#2852=ORIENTED_EDGE('',*,*,#2187,.T.);
#2853=ORIENTED_EDGE('',*,*,#2188,.T.);
#2854=ORIENTED_EDGE('',*,*,#2189,.T.);
#2855=ORIENTED_EDGE('',*,*,#2187,.F.);
#2856=ORIENTED_EDGE('',*,*,#2016,.F.);
#2857=ORIENTED_EDGE('',*,*,#2190,.F.);
#2858=ORIENTED_EDGE('',*,*,#2191,.F.);
#2859=ORIENTED_EDGE('',*,*,#2049,.T.);
#2860=ORIENTED_EDGE('',*,*,#2192,.T.);
#2861=ORIENTED_EDGE('',*,*,#2193,.T.);
#2862=ORIENTED_EDGE('',*,*,#2194,.T.);
#2863=ORIENTED_EDGE('',*,*,#2192,.F.);
#2864=ORIENTED_EDGE('',*,*,#2048,.F.);
#2865=ORIENTED_EDGE('',*,*,#2195,.F.);
#2866=ORIENTED_EDGE('',*,*,#2196,.F.);
#2867=ORIENTED_EDGE('',*,*,#2023,.T.);
#2868=ORIENTED_EDGE('',*,*,#2197,.T.);
#2869=ORIENTED_EDGE('',*,*,#2198,.T.);
#2870=ORIENTED_EDGE('',*,*,#2199,.T.);
#2871=ORIENTED_EDGE('',*,*,#2197,.F.);
#2872=ORIENTED_EDGE('',*,*,#2022,.F.);
#2873=ORIENTED_EDGE('',*,*,#2200,.F.);
#2874=ORIENTED_EDGE('',*,*,#2201,.F.);
#2875=ORIENTED_EDGE('',*,*,#2041,.T.);
#2876=ORIENTED_EDGE('',*,*,#2202,.T.);
#2877=ORIENTED_EDGE('',*,*,#2203,.T.);
#2878=ORIENTED_EDGE('',*,*,#2204,.T.);
#2879=ORIENTED_EDGE('',*,*,#2202,.F.);
#2880=ORIENTED_EDGE('',*,*,#2040,.F.);
#2881=ORIENTED_EDGE('',*,*,#2205,.F.);
#2882=ORIENTED_EDGE('',*,*,#2206,.F.);
#2883=ORIENTED_EDGE('',*,*,#2033,.T.);
#2884=ORIENTED_EDGE('',*,*,#2207,.T.);
#2885=ORIENTED_EDGE('',*,*,#2208,.T.);
#2886=ORIENTED_EDGE('',*,*,#2209,.T.);
#2887=ORIENTED_EDGE('',*,*,#2207,.F.);
#2888=ORIENTED_EDGE('',*,*,#2032,.F.);
#2889=ORIENTED_EDGE('',*,*,#2210,.F.);
#2890=ORIENTED_EDGE('',*,*,#2211,.F.);
#2891=ORIENTED_EDGE('',*,*,#2031,.T.);
#2892=ORIENTED_EDGE('',*,*,#2212,.T.);
#2893=ORIENTED_EDGE('',*,*,#2213,.T.);
#2894=ORIENTED_EDGE('',*,*,#2210,.T.);
#2895=ORIENTED_EDGE('',*,*,#2212,.F.);
#2896=ORIENTED_EDGE('',*,*,#2030,.F.);
#2897=ORIENTED_EDGE('',*,*,#2214,.F.);
#2898=ORIENTED_EDGE('',*,*,#2215,.F.);
#2899=ORIENTED_EDGE('',*,*,#2039,.T.);
#2900=ORIENTED_EDGE('',*,*,#2216,.T.);
#2901=ORIENTED_EDGE('',*,*,#2217,.T.);
#2902=ORIENTED_EDGE('',*,*,#2205,.T.);
#2903=ORIENTED_EDGE('',*,*,#2216,.F.);
#2904=ORIENTED_EDGE('',*,*,#2038,.F.);
#2905=ORIENTED_EDGE('',*,*,#2218,.F.);
#2906=ORIENTED_EDGE('',*,*,#2219,.F.);
#2907=ORIENTED_EDGE('',*,*,#2021,.T.);
#2908=ORIENTED_EDGE('',*,*,#2220,.T.);
#2909=ORIENTED_EDGE('',*,*,#2221,.T.);
#2910=ORIENTED_EDGE('',*,*,#2200,.T.);
#2911=ORIENTED_EDGE('',*,*,#2220,.F.);
#2912=ORIENTED_EDGE('',*,*,#2020,.F.);
#2913=ORIENTED_EDGE('',*,*,#2222,.F.);
#2914=ORIENTED_EDGE('',*,*,#2223,.F.);
#2915=ORIENTED_EDGE('',*,*,#2047,.T.);
#2916=ORIENTED_EDGE('',*,*,#2224,.T.);
#2917=ORIENTED_EDGE('',*,*,#2225,.T.);
#2918=ORIENTED_EDGE('',*,*,#2195,.T.);
#2919=ORIENTED_EDGE('',*,*,#2224,.F.);
#2920=ORIENTED_EDGE('',*,*,#2046,.F.);
#2921=ORIENTED_EDGE('',*,*,#2226,.F.);
#2922=ORIENTED_EDGE('',*,*,#2227,.F.);
#2923=ORIENTED_EDGE('',*,*,#2015,.T.);
#2924=ORIENTED_EDGE('',*,*,#2228,.T.);
#2925=ORIENTED_EDGE('',*,*,#2229,.T.);
#2926=ORIENTED_EDGE('',*,*,#2190,.T.);
#2927=ORIENTED_EDGE('',*,*,#2228,.F.);
#2928=ORIENTED_EDGE('',*,*,#2014,.F.);
#2929=ORIENTED_EDGE('',*,*,#2230,.F.);
#2930=ORIENTED_EDGE('',*,*,#2231,.F.);
#2931=ORIENTED_EDGE('',*,*,#2055,.T.);
#2932=ORIENTED_EDGE('',*,*,#2232,.T.);
#2933=ORIENTED_EDGE('',*,*,#2233,.T.);
#2934=ORIENTED_EDGE('',*,*,#2185,.T.);
#2935=ORIENTED_EDGE('',*,*,#2232,.F.);
#2936=ORIENTED_EDGE('',*,*,#2054,.F.);
#2937=ORIENTED_EDGE('',*,*,#2234,.F.);
#2938=ORIENTED_EDGE('',*,*,#2235,.F.);
#2939=ORIENTED_EDGE('',*,*,#2007,.T.);
#2940=ORIENTED_EDGE('',*,*,#2236,.T.);
#2941=ORIENTED_EDGE('',*,*,#2237,.T.);
#2942=ORIENTED_EDGE('',*,*,#2180,.T.);
#2943=ORIENTED_EDGE('',*,*,#2236,.F.);
#2944=ORIENTED_EDGE('',*,*,#2006,.F.);
#2945=ORIENTED_EDGE('',*,*,#2238,.F.);
#2946=ORIENTED_EDGE('',*,*,#2239,.F.);
#2947=ORIENTED_EDGE('',*,*,#2240,.T.);
#2948=ORIENTED_EDGE('',*,*,#2238,.T.);
#2949=ORIENTED_EDGE('',*,*,#2005,.T.);
#2950=ORIENTED_EDGE('',*,*,#2241,.T.);
#2951=ORIENTED_EDGE('',*,*,#2242,.T.);
#2952=ORIENTED_EDGE('',*,*,#2234,.T.);
#2953=ORIENTED_EDGE('',*,*,#2053,.T.);
#2954=ORIENTED_EDGE('',*,*,#2243,.T.);
#2955=ORIENTED_EDGE('',*,*,#2244,.T.);
#2956=ORIENTED_EDGE('',*,*,#2230,.T.);
#2957=ORIENTED_EDGE('',*,*,#2013,.T.);
#2958=ORIENTED_EDGE('',*,*,#2245,.T.);
#2959=ORIENTED_EDGE('',*,*,#2246,.T.);
#2960=ORIENTED_EDGE('',*,*,#2226,.T.);
#2961=ORIENTED_EDGE('',*,*,#2045,.T.);
#2962=ORIENTED_EDGE('',*,*,#2247,.T.);
#2963=ORIENTED_EDGE('',*,*,#2248,.T.);
#2964=ORIENTED_EDGE('',*,*,#2222,.T.);
#2965=ORIENTED_EDGE('',*,*,#2019,.T.);
#2966=ORIENTED_EDGE('',*,*,#2249,.T.);
#2967=ORIENTED_EDGE('',*,*,#2250,.T.);
#2968=ORIENTED_EDGE('',*,*,#2218,.T.);
#2969=ORIENTED_EDGE('',*,*,#2037,.T.);
#2970=ORIENTED_EDGE('',*,*,#2251,.T.);
#2971=ORIENTED_EDGE('',*,*,#2029,.T.);
#2972=ORIENTED_EDGE('',*,*,#2252,.T.);
#2973=ORIENTED_EDGE('',*,*,#2253,.T.);
#2974=ORIENTED_EDGE('',*,*,#2214,.T.);
#2975=ORIENTED_EDGE('',*,*,#2252,.F.);
#2976=ORIENTED_EDGE('',*,*,#2028,.F.);
#2977=ORIENTED_EDGE('',*,*,#2254,.F.);
#2978=ORIENTED_EDGE('',*,*,#2255,.F.);
#2979=ORIENTED_EDGE('',*,*,#2027,.T.);
#2980=ORIENTED_EDGE('',*,*,#2256,.T.);
#2981=ORIENTED_EDGE('',*,*,#2257,.T.);
#2982=ORIENTED_EDGE('',*,*,#2254,.T.);
#2983=ORIENTED_EDGE('',*,*,#2209,.F.);
#2984=ORIENTED_EDGE('',*,*,#2258,.F.);
#2985=ORIENTED_EDGE('',*,*,#2256,.F.);
#2986=ORIENTED_EDGE('',*,*,#2026,.F.);
#2987=ORIENTED_EDGE('',*,*,#2259,.T.);
#2988=ORIENTED_EDGE('',*,*,#2260,.T.);
#2989=ORIENTED_EDGE('',*,*,#2035,.T.);
#2990=ORIENTED_EDGE('',*,*,#2261,.T.);
#2991=ORIENTED_EDGE('',*,*,#2241,.F.);
#2992=ORIENTED_EDGE('',*,*,#2004,.F.);
#2993=ORIENTED_EDGE('',*,*,#2262,.F.);
#2994=ORIENTED_EDGE('',*,*,#2263,.T.);
#2995=ORIENTED_EDGE('',*,*,#1913,.T.);
#2996=ORIENTED_EDGE('',*,*,#1898,.T.);
#2997=ORIENTED_EDGE('',*,*,#1977,.T.);
#2998=ORIENTED_EDGE('',*,*,#2264,.T.);
#2999=ORIENTED_EDGE('',*,*,#2251,.F.);
#3000=ORIENTED_EDGE('',*,*,#2036,.F.);
#3001=ORIENTED_EDGE('',*,*,#2260,.F.);
#3002=ORIENTED_EDGE('',*,*,#2265,.T.);
#3003=ORIENTED_EDGE('',*,*,#2249,.F.);
#3004=ORIENTED_EDGE('',*,*,#2018,.F.);
#3005=ORIENTED_EDGE('',*,*,#2266,.F.);
#3006=ORIENTED_EDGE('',*,*,#2267,.T.);
#3007=ORIENTED_EDGE('',*,*,#2247,.F.);
#3008=ORIENTED_EDGE('',*,*,#2044,.F.);
#3009=ORIENTED_EDGE('',*,*,#2268,.F.);
#3010=ORIENTED_EDGE('',*,*,#2269,.T.);
#3011=ORIENTED_EDGE('',*,*,#2245,.F.);
#3012=ORIENTED_EDGE('',*,*,#2012,.F.);
#3013=ORIENTED_EDGE('',*,*,#2270,.F.);
#3014=ORIENTED_EDGE('',*,*,#2271,.T.);
#3015=ORIENTED_EDGE('',*,*,#2243,.F.);
#3016=ORIENTED_EDGE('',*,*,#2052,.F.);
#3017=ORIENTED_EDGE('',*,*,#2272,.F.);
#3018=ORIENTED_EDGE('',*,*,#2273,.T.);
#3019=ORIENTED_EDGE('',*,*,#2274,.T.);
#3020=ORIENTED_EDGE('',*,*,#2266,.T.);
#3021=ORIENTED_EDGE('',*,*,#2025,.T.);
#3022=ORIENTED_EDGE('',*,*,#2275,.T.);
#3023=ORIENTED_EDGE('',*,*,#2276,.T.);
#3024=ORIENTED_EDGE('',*,*,#2268,.T.);
#3025=ORIENTED_EDGE('',*,*,#2043,.T.);
#3026=ORIENTED_EDGE('',*,*,#2277,.T.);
#3027=ORIENTED_EDGE('',*,*,#2278,.T.);
#3028=ORIENTED_EDGE('',*,*,#2270,.T.);
#3029=ORIENTED_EDGE('',*,*,#2011,.T.);
#3030=ORIENTED_EDGE('',*,*,#2279,.T.);
#3031=ORIENTED_EDGE('',*,*,#2280,.T.);
#3032=ORIENTED_EDGE('',*,*,#2272,.T.);
#3033=ORIENTED_EDGE('',*,*,#2051,.T.);
#3034=ORIENTED_EDGE('',*,*,#2281,.T.);
#3035=ORIENTED_EDGE('',*,*,#2282,.T.);
#3036=ORIENTED_EDGE('',*,*,#2262,.T.);
#3037=ORIENTED_EDGE('',*,*,#2003,.T.);
#3038=ORIENTED_EDGE('',*,*,#2283,.T.);
#3039=ORIENTED_EDGE('',*,*,#2059,.T.);
#3040=ORIENTED_EDGE('',*,*,#2284,.T.);
#3041=ORIENTED_EDGE('',*,*,#2285,.T.);
#3042=ORIENTED_EDGE('',*,*,#2175,.T.);
#3043=ORIENTED_EDGE('',*,*,#2284,.F.);
#3044=ORIENTED_EDGE('',*,*,#2058,.F.);
#3045=ORIENTED_EDGE('',*,*,#2286,.F.);
#3046=ORIENTED_EDGE('',*,*,#2287,.F.);
#3047=ORIENTED_EDGE('',*,*,#2113,.T.);
#3048=ORIENTED_EDGE('',*,*,#2288,.T.);
#3049=ORIENTED_EDGE('',*,*,#2289,.T.);
#3050=ORIENTED_EDGE('',*,*,#2170,.T.);
#3051=ORIENTED_EDGE('',*,*,#2288,.F.);
#3052=ORIENTED_EDGE('',*,*,#2112,.F.);
#3053=ORIENTED_EDGE('',*,*,#2290,.F.);
#3054=ORIENTED_EDGE('',*,*,#2291,.F.);
#3055=ORIENTED_EDGE('',*,*,#2067,.T.);
#3056=ORIENTED_EDGE('',*,*,#2292,.T.);
#3057=ORIENTED_EDGE('',*,*,#2293,.T.);
#3058=ORIENTED_EDGE('',*,*,#2165,.T.);
#3059=ORIENTED_EDGE('',*,*,#2292,.F.);
#3060=ORIENTED_EDGE('',*,*,#2066,.F.);
#3061=ORIENTED_EDGE('',*,*,#2294,.F.);
#3062=ORIENTED_EDGE('',*,*,#2295,.F.);
#3063=ORIENTED_EDGE('',*,*,#2099,.T.);
#3064=ORIENTED_EDGE('',*,*,#2296,.T.);
#3065=ORIENTED_EDGE('',*,*,#2297,.T.);
#3066=ORIENTED_EDGE('',*,*,#2160,.T.);
#3067=ORIENTED_EDGE('',*,*,#2296,.F.);
#3068=ORIENTED_EDGE('',*,*,#2098,.F.);
#3069=ORIENTED_EDGE('',*,*,#2298,.F.);
#3070=ORIENTED_EDGE('',*,*,#2299,.F.);
#3071=ORIENTED_EDGE('',*,*,#2075,.T.);
#3072=ORIENTED_EDGE('',*,*,#2300,.T.);
#3073=ORIENTED_EDGE('',*,*,#2301,.T.);
#3074=ORIENTED_EDGE('',*,*,#2155,.T.);
#3075=ORIENTED_EDGE('',*,*,#2300,.F.);
#3076=ORIENTED_EDGE('',*,*,#2074,.F.);
#3077=ORIENTED_EDGE('',*,*,#2302,.F.);
#3078=ORIENTED_EDGE('',*,*,#2303,.F.);
#3079=ORIENTED_EDGE('',*,*,#2091,.T.);
#3080=ORIENTED_EDGE('',*,*,#2304,.T.);
#3081=ORIENTED_EDGE('',*,*,#2305,.T.);
#3082=ORIENTED_EDGE('',*,*,#2150,.T.);
#3083=ORIENTED_EDGE('',*,*,#2304,.F.);
#3084=ORIENTED_EDGE('',*,*,#2090,.F.);
#3085=ORIENTED_EDGE('',*,*,#2306,.F.);
#3086=ORIENTED_EDGE('',*,*,#2307,.F.);
#3087=ORIENTED_EDGE('',*,*,#2083,.T.);
#3088=ORIENTED_EDGE('',*,*,#2308,.T.);
#3089=ORIENTED_EDGE('',*,*,#2309,.T.);
#3090=ORIENTED_EDGE('',*,*,#2310,.T.);
#3091=ORIENTED_EDGE('',*,*,#2308,.F.);
#3092=ORIENTED_EDGE('',*,*,#2082,.F.);
#3093=ORIENTED_EDGE('',*,*,#2311,.F.);
#3094=ORIENTED_EDGE('',*,*,#2312,.F.);
#3095=ORIENTED_EDGE('',*,*,#2085,.T.);
#3096=ORIENTED_EDGE('',*,*,#2313,.T.);
#3097=ORIENTED_EDGE('',*,*,#2314,.T.);
#3098=ORIENTED_EDGE('',*,*,#2315,.T.);
#3099=ORIENTED_EDGE('',*,*,#2310,.F.);
#3100=ORIENTED_EDGE('',*,*,#2316,.F.);
#3101=ORIENTED_EDGE('',*,*,#2313,.F.);
#3102=ORIENTED_EDGE('',*,*,#2084,.F.);
#3103=ORIENTED_EDGE('',*,*,#2089,.T.);
#3104=ORIENTED_EDGE('',*,*,#2317,.T.);
#3105=ORIENTED_EDGE('',*,*,#2318,.T.);
#3106=ORIENTED_EDGE('',*,*,#2311,.T.);
#3107=ORIENTED_EDGE('',*,*,#2317,.F.);
#3108=ORIENTED_EDGE('',*,*,#2088,.F.);
#3109=ORIENTED_EDGE('',*,*,#2319,.F.);
#3110=ORIENTED_EDGE('',*,*,#2320,.F.);
#3111=ORIENTED_EDGE('',*,*,#2097,.T.);
#3112=ORIENTED_EDGE('',*,*,#2321,.T.);
#3113=ORIENTED_EDGE('',*,*,#2322,.T.);
#3114=ORIENTED_EDGE('',*,*,#2306,.T.);
#3115=ORIENTED_EDGE('',*,*,#2321,.F.);
#3116=ORIENTED_EDGE('',*,*,#2096,.F.);
#3117=ORIENTED_EDGE('',*,*,#2323,.F.);
#3118=ORIENTED_EDGE('',*,*,#2324,.F.);
#3119=ORIENTED_EDGE('',*,*,#2081,.T.);
#3120=ORIENTED_EDGE('',*,*,#2325,.T.);
#3121=ORIENTED_EDGE('',*,*,#2326,.T.);
#3122=ORIENTED_EDGE('',*,*,#2302,.T.);
#3123=ORIENTED_EDGE('',*,*,#2325,.F.);
#3124=ORIENTED_EDGE('',*,*,#2080,.F.);
#3125=ORIENTED_EDGE('',*,*,#2327,.F.);
#3126=ORIENTED_EDGE('',*,*,#2328,.F.);
#3127=ORIENTED_EDGE('',*,*,#2105,.T.);
#3128=ORIENTED_EDGE('',*,*,#2329,.T.);
#3129=ORIENTED_EDGE('',*,*,#2330,.T.);
#3130=ORIENTED_EDGE('',*,*,#2298,.T.);
#3131=ORIENTED_EDGE('',*,*,#2329,.F.);
#3132=ORIENTED_EDGE('',*,*,#2104,.F.);
#3133=ORIENTED_EDGE('',*,*,#2331,.F.);
#3134=ORIENTED_EDGE('',*,*,#2332,.F.);
#3135=ORIENTED_EDGE('',*,*,#2073,.T.);
#3136=ORIENTED_EDGE('',*,*,#2333,.T.);
#3137=ORIENTED_EDGE('',*,*,#2334,.T.);
#3138=ORIENTED_EDGE('',*,*,#2294,.T.);
#3139=ORIENTED_EDGE('',*,*,#2333,.F.);
#3140=ORIENTED_EDGE('',*,*,#2072,.F.);
#3141=ORIENTED_EDGE('',*,*,#2335,.F.);
#3142=ORIENTED_EDGE('',*,*,#2336,.F.);
#3143=ORIENTED_EDGE('',*,*,#2111,.T.);
#3144=ORIENTED_EDGE('',*,*,#2337,.T.);
#3145=ORIENTED_EDGE('',*,*,#2338,.T.);
#3146=ORIENTED_EDGE('',*,*,#2290,.T.);
#3147=ORIENTED_EDGE('',*,*,#2337,.F.);
#3148=ORIENTED_EDGE('',*,*,#2110,.F.);
#3149=ORIENTED_EDGE('',*,*,#2339,.F.);
#3150=ORIENTED_EDGE('',*,*,#2340,.F.);
#3151=ORIENTED_EDGE('',*,*,#2065,.T.);
#3152=ORIENTED_EDGE('',*,*,#2341,.T.);
#3153=ORIENTED_EDGE('',*,*,#2342,.T.);
#3154=ORIENTED_EDGE('',*,*,#2286,.T.);
#3155=ORIENTED_EDGE('',*,*,#2341,.F.);
#3156=ORIENTED_EDGE('',*,*,#2064,.F.);
#3157=ORIENTED_EDGE('',*,*,#2343,.F.);
#3158=ORIENTED_EDGE('',*,*,#2344,.F.);
#3159=ORIENTED_EDGE('',*,*,#2063,.T.);
#3160=ORIENTED_EDGE('',*,*,#2345,.T.);
#3161=ORIENTED_EDGE('',*,*,#2346,.T.);
#3162=ORIENTED_EDGE('',*,*,#2343,.T.);
#3163=ORIENTED_EDGE('',*,*,#2174,.F.);
#3164=ORIENTED_EDGE('',*,*,#2347,.F.);
#3165=ORIENTED_EDGE('',*,*,#2345,.F.);
#3166=ORIENTED_EDGE('',*,*,#2062,.F.);
#3167=ORIENTED_EDGE('',*,*,#2109,.T.);
#3168=ORIENTED_EDGE('',*,*,#2348,.T.);
#3169=ORIENTED_EDGE('',*,*,#2349,.T.);
#3170=ORIENTED_EDGE('',*,*,#2339,.T.);
#3171=ORIENTED_EDGE('',*,*,#2169,.F.);
#3172=ORIENTED_EDGE('',*,*,#2350,.F.);
#3173=ORIENTED_EDGE('',*,*,#2348,.F.);
#3174=ORIENTED_EDGE('',*,*,#2108,.F.);
#3175=ORIENTED_EDGE('',*,*,#2071,.T.);
#3176=ORIENTED_EDGE('',*,*,#2351,.T.);
#3177=ORIENTED_EDGE('',*,*,#2352,.T.);
#3178=ORIENTED_EDGE('',*,*,#2335,.T.);
#3179=ORIENTED_EDGE('',*,*,#2164,.F.);
#3180=ORIENTED_EDGE('',*,*,#2353,.F.);
#3181=ORIENTED_EDGE('',*,*,#2351,.F.);
#3182=ORIENTED_EDGE('',*,*,#2070,.F.);
#3183=ORIENTED_EDGE('',*,*,#2103,.T.);
#3184=ORIENTED_EDGE('',*,*,#2354,.T.);
#3185=ORIENTED_EDGE('',*,*,#2355,.T.);
#3186=ORIENTED_EDGE('',*,*,#2331,.T.);
#3187=ORIENTED_EDGE('',*,*,#2159,.F.);
#3188=ORIENTED_EDGE('',*,*,#2356,.F.);
#3189=ORIENTED_EDGE('',*,*,#2354,.F.);
#3190=ORIENTED_EDGE('',*,*,#2102,.F.);
#3191=ORIENTED_EDGE('',*,*,#2079,.T.);
#3192=ORIENTED_EDGE('',*,*,#2357,.T.);
#3193=ORIENTED_EDGE('',*,*,#2358,.T.);
#3194=ORIENTED_EDGE('',*,*,#2327,.T.);
#3195=ORIENTED_EDGE('',*,*,#2154,.F.);
#3196=ORIENTED_EDGE('',*,*,#2359,.F.);
#3197=ORIENTED_EDGE('',*,*,#2357,.F.);
#3198=ORIENTED_EDGE('',*,*,#2078,.F.);
#3199=ORIENTED_EDGE('',*,*,#2095,.T.);
#3200=ORIENTED_EDGE('',*,*,#2360,.T.);
#3201=ORIENTED_EDGE('',*,*,#2361,.T.);
#3202=ORIENTED_EDGE('',*,*,#2323,.T.);
#3203=ORIENTED_EDGE('',*,*,#2149,.F.);
#3204=ORIENTED_EDGE('',*,*,#2362,.F.);
#3205=ORIENTED_EDGE('',*,*,#2360,.F.);
#3206=ORIENTED_EDGE('',*,*,#2094,.F.);
#3207=ORIENTED_EDGE('',*,*,#2087,.T.);
#3208=ORIENTED_EDGE('',*,*,#2363,.T.);
#3209=ORIENTED_EDGE('',*,*,#2364,.T.);
#3210=ORIENTED_EDGE('',*,*,#2319,.T.);
#3211=ORIENTED_EDGE('',*,*,#2315,.F.);
#3212=ORIENTED_EDGE('',*,*,#2365,.F.);
#3213=ORIENTED_EDGE('',*,*,#2363,.F.);
#3214=ORIENTED_EDGE('',*,*,#2086,.F.);
#3215=ORIENTED_EDGE('',*,*,#1968,.F.);
#3216=ORIENTED_EDGE('',*,*,#2366,.F.);
#3217=ORIENTED_EDGE('',*,*,#2144,.F.);
#3218=ORIENTED_EDGE('',*,*,#2367,.F.);
#3219=ORIENTED_EDGE('',*,*,#1921,.F.);
#3220=ORIENTED_EDGE('',*,*,#2368,.F.);
#3221=ORIENTED_EDGE('',*,*,#1938,.F.);
#3222=ORIENTED_EDGE('',*,*,#1958,.F.);
#3223=ORIENTED_EDGE('',*,*,#1981,.F.);
#3224=ORIENTED_EDGE('',*,*,#2145,.T.);
#3225=ORIENTED_EDGE('',*,*,#2366,.T.);
#3226=ORIENTED_EDGE('',*,*,#1967,.T.);
#3227=ORIENTED_EDGE('',*,*,#1982,.F.);
#3228=ORIENTED_EDGE('',*,*,#2369,.T.);
#3229=ORIENTED_EDGE('',*,*,#2119,.F.);
#3230=ORIENTED_EDGE('',*,*,#1939,.F.);
#3231=ORIENTED_EDGE('',*,*,#2368,.T.);
#3232=ORIENTED_EDGE('',*,*,#1920,.T.);
#3233=ORIENTED_EDGE('',*,*,#2370,.T.);
#3234=ORIENTED_EDGE('',*,*,#1969,.T.);
#3235=ORIENTED_EDGE('',*,*,#2367,.T.);
#3236=ORIENTED_EDGE('',*,*,#2143,.T.);
#3237=ORIENTED_EDGE('',*,*,#1993,.T.);
#3238=ORIENTED_EDGE('',*,*,#2118,.T.);
#3239=ORIENTED_EDGE('',*,*,#2371,.T.);
#3240=ORIENTED_EDGE('',*,*,#2372,.T.);
#3241=ORIENTED_EDGE('',*,*,#2134,.T.);
#3242=ORIENTED_EDGE('',*,*,#2373,.T.);
#3243=ORIENTED_EDGE('',*,*,#2374,.T.);
#3244=ORIENTED_EDGE('',*,*,#2375,.T.);
#3245=ORIENTED_EDGE('',*,*,#2375,.F.);
#3246=ORIENTED_EDGE('',*,*,#2376,.F.);
#3247=ORIENTED_EDGE('',*,*,#2377,.T.);
#3248=ORIENTED_EDGE('',*,*,#2135,.T.);
#3249=ORIENTED_EDGE('',*,*,#2374,.F.);
#3250=ORIENTED_EDGE('',*,*,#2378,.F.);
#3251=ORIENTED_EDGE('',*,*,#2379,.F.);
#3252=ORIENTED_EDGE('',*,*,#2380,.F.);
#3253=ORIENTED_EDGE('',*,*,#2376,.T.);
#3254=ORIENTED_EDGE('',*,*,#2381,.T.);
#3255=ORIENTED_EDGE('',*,*,#2382,.T.);
#3256=ORIENTED_EDGE('',*,*,#1907,.T.);
#3257=ORIENTED_EDGE('',*,*,#2383,.T.);
#3258=ORIENTED_EDGE('',*,*,#2383,.F.);
#3259=ORIENTED_EDGE('',*,*,#1906,.F.);
#3260=ORIENTED_EDGE('',*,*,#2384,.T.);
#3261=ORIENTED_EDGE('',*,*,#2385,.T.);
#3262=ORIENTED_EDGE('',*,*,#2386,.T.);
#3263=ORIENTED_EDGE('',*,*,#2126,.T.);
#3264=ORIENTED_EDGE('',*,*,#1997,.T.);
#3265=ORIENTED_EDGE('',*,*,#2387,.T.);
#3266=ORIENTED_EDGE('',*,*,#1948,.T.);
#3267=ORIENTED_EDGE('',*,*,#2130,.T.);
#3268=ORIENTED_EDGE('',*,*,#2388,.T.);
#3269=ORIENTED_EDGE('',*,*,#2389,.T.);
#3270=ORIENTED_EDGE('',*,*,#2388,.F.);
#3271=ORIENTED_EDGE('',*,*,#2129,.F.);
#3272=ORIENTED_EDGE('',*,*,#2390,.F.);
#3273=ORIENTED_EDGE('',*,*,#2391,.F.);
#3274=ORIENTED_EDGE('',*,*,#2392,.T.);
#3275=ORIENTED_EDGE('',*,*,#2393,.T.);
#3276=ORIENTED_EDGE('',*,*,#2394,.T.);
#3277=ORIENTED_EDGE('',*,*,#1952,.T.);
#3278=ORIENTED_EDGE('',*,*,#2395,.T.);
#3279=ORIENTED_EDGE('',*,*,#2393,.F.);
#3280=ORIENTED_EDGE('',*,*,#2396,.F.);
#3281=ORIENTED_EDGE('',*,*,#2397,.F.);
#3282=ORIENTED_EDGE('',*,*,#2398,.F.);
#3283=ORIENTED_EDGE('',*,*,#2399,.F.);
#3284=ORIENTED_EDGE('',*,*,#2395,.F.);
#3285=ORIENTED_EDGE('',*,*,#1951,.F.);
#3286=ORIENTED_EDGE('',*,*,#2400,.T.);
#3287=ORIENTED_EDGE('',*,*,#2396,.T.);
#3288=ORIENTED_EDGE('',*,*,#1903,.T.);
#3289=ORIENTED_EDGE('',*,*,#2401,.T.);
#3290=ORIENTED_EDGE('',*,*,#2402,.T.);
#3291=ORIENTED_EDGE('',*,*,#2403,.T.);
#3292=ORIENTED_EDGE('',*,*,#2403,.F.);
#3293=ORIENTED_EDGE('',*,*,#2404,.F.);
#3294=ORIENTED_EDGE('',*,*,#2405,.T.);
#3295=ORIENTED_EDGE('',*,*,#1904,.T.);
#3296=ORIENTED_EDGE('',*,*,#2406,.F.);
#3297=ORIENTED_EDGE('',*,*,#2379,.T.);
#3298=ORIENTED_EDGE('',*,*,#2407,.T.);
#3299=ORIENTED_EDGE('',*,*,#2408,.T.);
#3300=ORIENTED_EDGE('',*,*,#2372,.F.);
#3301=ORIENTED_EDGE('',*,*,#2409,.F.);
#3302=ORIENTED_EDGE('',*,*,#2410,.T.);
#3303=ORIENTED_EDGE('',*,*,#1994,.T.);
#3304=ORIENTED_EDGE('',*,*,#2115,.T.);
#3305=ORIENTED_EDGE('',*,*,#2137,.T.);
#3306=ORIENTED_EDGE('',*,*,#2411,.T.);
#3307=ORIENTED_EDGE('',*,*,#2412,.F.);
#3308=ORIENTED_EDGE('',*,*,#2413,.F.);
#3309=ORIENTED_EDGE('',*,*,#2390,.T.);
#3310=ORIENTED_EDGE('',*,*,#2128,.T.);
#3311=ORIENTED_EDGE('',*,*,#2414,.T.);
#3312=ORIENTED_EDGE('',*,*,#2384,.F.);
#3313=ORIENTED_EDGE('',*,*,#1905,.F.);
#3314=ORIENTED_EDGE('',*,*,#2405,.F.);
#3315=ORIENTED_EDGE('',*,*,#2415,.T.);
#3316=ORIENTED_EDGE('',*,*,#2416,.T.);
#3317=ORIENTED_EDGE('',*,*,#2397,.T.);
#3318=ORIENTED_EDGE('',*,*,#2400,.F.);
#3319=ORIENTED_EDGE('',*,*,#1950,.F.);
#3320=ORIENTED_EDGE('',*,*,#2417,.F.);
#3321=ORIENTED_EDGE('',*,*,#2391,.T.);
#3322=ORIENTED_EDGE('',*,*,#2413,.T.);
#3323=ORIENTED_EDGE('',*,*,#2418,.T.);
#3324=ORIENTED_EDGE('',*,*,#2419,.F.);
#3325=ORIENTED_EDGE('',*,*,#1995,.F.);
#3326=ORIENTED_EDGE('',*,*,#2410,.F.);
#3327=ORIENTED_EDGE('',*,*,#2420,.T.);
#3328=ORIENTED_EDGE('',*,*,#2421,.T.);
#3329=ORIENTED_EDGE('',*,*,#2411,.F.);
#3330=ORIENTED_EDGE('',*,*,#2136,.T.);
#3331=ORIENTED_EDGE('',*,*,#2377,.F.);
#3332=ORIENTED_EDGE('',*,*,#2380,.T.);
#3333=ORIENTED_EDGE('',*,*,#2406,.T.);
#3334=ORIENTED_EDGE('',*,*,#2422,.T.);
#3335=ORIENTED_EDGE('',*,*,#2386,.F.);
#3336=ORIENTED_EDGE('',*,*,#2423,.F.);
#3337=ORIENTED_EDGE('',*,*,#2418,.F.);
#3338=ORIENTED_EDGE('',*,*,#2414,.F.);
#3339=ORIENTED_EDGE('',*,*,#2127,.F.);
#3340=ORIENTED_EDGE('',*,*,#2387,.F.);
#3341=ORIENTED_EDGE('',*,*,#1996,.F.);
#3342=ORIENTED_EDGE('',*,*,#2419,.T.);
#3343=ORIENTED_EDGE('',*,*,#2423,.T.);
#3344=ORIENTED_EDGE('',*,*,#2389,.F.);
#3345=ORIENTED_EDGE('',*,*,#2392,.F.);
#3346=ORIENTED_EDGE('',*,*,#2417,.T.);
#3347=ORIENTED_EDGE('',*,*,#1949,.T.);
#3348=ORIENTED_EDGE('',*,*,#2416,.F.);
#3349=ORIENTED_EDGE('',*,*,#2424,.T.);
#3350=ORIENTED_EDGE('',*,*,#2425,.T.);
#3351=ORIENTED_EDGE('',*,*,#2398,.T.);
#3352=ORIENTED_EDGE('',*,*,#2402,.F.);
#3353=ORIENTED_EDGE('',*,*,#2426,.F.);
#3354=ORIENTED_EDGE('',*,*,#2424,.F.);
#3355=ORIENTED_EDGE('',*,*,#2415,.F.);
#3356=ORIENTED_EDGE('',*,*,#2404,.T.);
#3357=ORIENTED_EDGE('',*,*,#2381,.F.);
#3358=ORIENTED_EDGE('',*,*,#2385,.F.);
#3359=ORIENTED_EDGE('',*,*,#2422,.F.);
#3360=ORIENTED_EDGE('',*,*,#2408,.F.);
#3361=ORIENTED_EDGE('',*,*,#2427,.F.);
#3362=ORIENTED_EDGE('',*,*,#2371,.F.);
#3363=ORIENTED_EDGE('',*,*,#2117,.F.);
#3364=ORIENTED_EDGE('',*,*,#2428,.F.);
#3365=ORIENTED_EDGE('',*,*,#2420,.F.);
#3366=ORIENTED_EDGE('',*,*,#2409,.T.);
#3367=ORIENTED_EDGE('',*,*,#2412,.T.);
#3368=ORIENTED_EDGE('',*,*,#2421,.F.);
#3369=ORIENTED_EDGE('',*,*,#2428,.T.);
#3370=ORIENTED_EDGE('',*,*,#2116,.F.);
#3371=ORIENTED_EDGE('',*,*,#1912,.F.);
#3372=ORIENTED_EDGE('',*,*,#1953,.T.);
#3373=ORIENTED_EDGE('',*,*,#2394,.F.);
#3374=ORIENTED_EDGE('',*,*,#2399,.T.);
#3375=ORIENTED_EDGE('',*,*,#2425,.F.);
#3376=ORIENTED_EDGE('',*,*,#2426,.T.);
#3377=ORIENTED_EDGE('',*,*,#2401,.F.);
#3378=ORIENTED_EDGE('',*,*,#1902,.T.);
#3379=ORIENTED_EDGE('',*,*,#1928,.F.);
#3380=ORIENTED_EDGE('',*,*,#1908,.T.);
#3381=ORIENTED_EDGE('',*,*,#2382,.F.);
#3382=ORIENTED_EDGE('',*,*,#2427,.T.);
#3383=ORIENTED_EDGE('',*,*,#2407,.F.);
#3384=ORIENTED_EDGE('',*,*,#2378,.T.);
#3385=ORIENTED_EDGE('',*,*,#2373,.F.);
#3386=ORIENTED_EDGE('',*,*,#2133,.T.);
#3387=ORIENTED_EDGE('',*,*,#2184,.F.);
#3388=ORIENTED_EDGE('',*,*,#2429,.F.);
#3389=ORIENTED_EDGE('',*,*,#2281,.F.);
#3390=ORIENTED_EDGE('',*,*,#2050,.F.);
#3391=ORIENTED_EDGE('',*,*,#2194,.F.);
#3392=ORIENTED_EDGE('',*,*,#2430,.F.);
#3393=ORIENTED_EDGE('',*,*,#2277,.F.);
#3394=ORIENTED_EDGE('',*,*,#2042,.F.);
#3395=ORIENTED_EDGE('',*,*,#2204,.F.);
#3396=ORIENTED_EDGE('',*,*,#2431,.F.);
#3397=ORIENTED_EDGE('',*,*,#2261,.F.);
#3398=ORIENTED_EDGE('',*,*,#2034,.F.);
#3399=ORIENTED_EDGE('',*,*,#2199,.F.);
#3400=ORIENTED_EDGE('',*,*,#2432,.F.);
#3401=ORIENTED_EDGE('',*,*,#2275,.F.);
#3402=ORIENTED_EDGE('',*,*,#2024,.F.);
#3403=ORIENTED_EDGE('',*,*,#2189,.F.);
#3404=ORIENTED_EDGE('',*,*,#2433,.F.);
#3405=ORIENTED_EDGE('',*,*,#2279,.F.);
#3406=ORIENTED_EDGE('',*,*,#2010,.F.);
#3407=ORIENTED_EDGE('',*,*,#2179,.F.);
#3408=ORIENTED_EDGE('',*,*,#2434,.F.);
#3409=ORIENTED_EDGE('',*,*,#2283,.F.);
#3410=ORIENTED_EDGE('',*,*,#2002,.F.);
#3411=ORIENTED_EDGE('',*,*,#2235,.T.);
#3412=ORIENTED_EDGE('',*,*,#2242,.F.);
#3413=ORIENTED_EDGE('',*,*,#2271,.F.);
#3414=ORIENTED_EDGE('',*,*,#2278,.F.);
#3415=ORIENTED_EDGE('',*,*,#2433,.T.);
#3416=ORIENTED_EDGE('',*,*,#2188,.F.);
#3417=ORIENTED_EDGE('',*,*,#2191,.T.);
#3418=ORIENTED_EDGE('',*,*,#2229,.F.);
#3419=ORIENTED_EDGE('',*,*,#2231,.T.);
#3420=ORIENTED_EDGE('',*,*,#2244,.F.);
#3421=ORIENTED_EDGE('',*,*,#2269,.F.);
#3422=ORIENTED_EDGE('',*,*,#2276,.F.);
#3423=ORIENTED_EDGE('',*,*,#2430,.T.);
#3424=ORIENTED_EDGE('',*,*,#2193,.F.);
#3425=ORIENTED_EDGE('',*,*,#2196,.T.);
#3426=ORIENTED_EDGE('',*,*,#2225,.F.);
#3427=ORIENTED_EDGE('',*,*,#2227,.T.);
#3428=ORIENTED_EDGE('',*,*,#2246,.F.);
#3429=ORIENTED_EDGE('',*,*,#2267,.F.);
#3430=ORIENTED_EDGE('',*,*,#2274,.F.);
#3431=ORIENTED_EDGE('',*,*,#2432,.T.);
#3432=ORIENTED_EDGE('',*,*,#2198,.F.);
#3433=ORIENTED_EDGE('',*,*,#2201,.T.);
#3434=ORIENTED_EDGE('',*,*,#2221,.F.);
#3435=ORIENTED_EDGE('',*,*,#2223,.T.);
#3436=ORIENTED_EDGE('',*,*,#2248,.F.);
#3437=ORIENTED_EDGE('',*,*,#2265,.F.);
#3438=ORIENTED_EDGE('',*,*,#2259,.F.);
#3439=ORIENTED_EDGE('',*,*,#2431,.T.);
#3440=ORIENTED_EDGE('',*,*,#2203,.F.);
#3441=ORIENTED_EDGE('',*,*,#2206,.T.);
#3442=ORIENTED_EDGE('',*,*,#2217,.F.);
#3443=ORIENTED_EDGE('',*,*,#2219,.T.);
#3444=ORIENTED_EDGE('',*,*,#2250,.F.);
#3445=ORIENTED_EDGE('',*,*,#2264,.F.);
#3446=ORIENTED_EDGE('',*,*,#1976,.T.);
#3447=ORIENTED_EDGE('',*,*,#2435,.F.);
#3448=ORIENTED_EDGE('',*,*,#2436,.F.);
#3449=ORIENTED_EDGE('',*,*,#1914,.F.);
#3450=ORIENTED_EDGE('',*,*,#2263,.F.);
#3451=ORIENTED_EDGE('',*,*,#2282,.F.);
#3452=ORIENTED_EDGE('',*,*,#2434,.T.);
#3453=ORIENTED_EDGE('',*,*,#2178,.F.);
#3454=ORIENTED_EDGE('',*,*,#2181,.T.);
#3455=ORIENTED_EDGE('',*,*,#2237,.F.);
#3456=ORIENTED_EDGE('',*,*,#2239,.T.);
#3457=ORIENTED_EDGE('',*,*,#2240,.F.);
#3458=ORIENTED_EDGE('',*,*,#2273,.F.);
#3459=ORIENTED_EDGE('',*,*,#2280,.F.);
#3460=ORIENTED_EDGE('',*,*,#2429,.T.);
#3461=ORIENTED_EDGE('',*,*,#2183,.F.);
#3462=ORIENTED_EDGE('',*,*,#2186,.T.);
#3463=ORIENTED_EDGE('',*,*,#2233,.F.);
#3464=ORIENTED_EDGE('',*,*,#2258,.T.);
#3465=ORIENTED_EDGE('',*,*,#2208,.F.);
#3466=ORIENTED_EDGE('',*,*,#2211,.T.);
#3467=ORIENTED_EDGE('',*,*,#2213,.F.);
#3468=ORIENTED_EDGE('',*,*,#2215,.T.);
#3469=ORIENTED_EDGE('',*,*,#2253,.F.);
#3470=ORIENTED_EDGE('',*,*,#2255,.T.);
#3471=ORIENTED_EDGE('',*,*,#2257,.F.);
#3472=ORIENTED_EDGE('',*,*,#2287,.T.);
#3473=ORIENTED_EDGE('',*,*,#2342,.F.);
#3474=ORIENTED_EDGE('',*,*,#2344,.T.);
#3475=ORIENTED_EDGE('',*,*,#2346,.F.);
#3476=ORIENTED_EDGE('',*,*,#2347,.T.);
#3477=ORIENTED_EDGE('',*,*,#2173,.F.);
#3478=ORIENTED_EDGE('',*,*,#2176,.T.);
#3479=ORIENTED_EDGE('',*,*,#2285,.F.);
#3480=ORIENTED_EDGE('',*,*,#2295,.T.);
#3481=ORIENTED_EDGE('',*,*,#2334,.F.);
#3482=ORIENTED_EDGE('',*,*,#2336,.T.);
#3483=ORIENTED_EDGE('',*,*,#2352,.F.);
#3484=ORIENTED_EDGE('',*,*,#2353,.T.);
#3485=ORIENTED_EDGE('',*,*,#2163,.F.);
#3486=ORIENTED_EDGE('',*,*,#2166,.T.);
#3487=ORIENTED_EDGE('',*,*,#2293,.F.);
#3488=ORIENTED_EDGE('',*,*,#2303,.T.);
#3489=ORIENTED_EDGE('',*,*,#2326,.F.);
#3490=ORIENTED_EDGE('',*,*,#2328,.T.);
#3491=ORIENTED_EDGE('',*,*,#2358,.F.);
#3492=ORIENTED_EDGE('',*,*,#2359,.T.);
#3493=ORIENTED_EDGE('',*,*,#2153,.F.);
#3494=ORIENTED_EDGE('',*,*,#2156,.T.);
#3495=ORIENTED_EDGE('',*,*,#2301,.F.);
#3496=ORIENTED_EDGE('',*,*,#2312,.T.);
#3497=ORIENTED_EDGE('',*,*,#2318,.F.);
#3498=ORIENTED_EDGE('',*,*,#2320,.T.);
#3499=ORIENTED_EDGE('',*,*,#2364,.F.);
#3500=ORIENTED_EDGE('',*,*,#2365,.T.);
#3501=ORIENTED_EDGE('',*,*,#2314,.F.);
#3502=ORIENTED_EDGE('',*,*,#2316,.T.);
#3503=ORIENTED_EDGE('',*,*,#2309,.F.);
#3504=ORIENTED_EDGE('',*,*,#2307,.T.);
#3505=ORIENTED_EDGE('',*,*,#2322,.F.);
#3506=ORIENTED_EDGE('',*,*,#2324,.T.);
#3507=ORIENTED_EDGE('',*,*,#2361,.F.);
#3508=ORIENTED_EDGE('',*,*,#2362,.T.);
#3509=ORIENTED_EDGE('',*,*,#2148,.F.);
#3510=ORIENTED_EDGE('',*,*,#2151,.T.);
#3511=ORIENTED_EDGE('',*,*,#2305,.F.);
#3512=ORIENTED_EDGE('',*,*,#2299,.T.);
#3513=ORIENTED_EDGE('',*,*,#2330,.F.);
#3514=ORIENTED_EDGE('',*,*,#2332,.T.);
#3515=ORIENTED_EDGE('',*,*,#2355,.F.);
#3516=ORIENTED_EDGE('',*,*,#2356,.T.);
#3517=ORIENTED_EDGE('',*,*,#2158,.F.);
#3518=ORIENTED_EDGE('',*,*,#2161,.T.);
#3519=ORIENTED_EDGE('',*,*,#2297,.F.);
#3520=ORIENTED_EDGE('',*,*,#2171,.T.);
#3521=ORIENTED_EDGE('',*,*,#2289,.F.);
#3522=ORIENTED_EDGE('',*,*,#2291,.T.);
#3523=ORIENTED_EDGE('',*,*,#2338,.F.);
#3524=ORIENTED_EDGE('',*,*,#2340,.T.);
#3525=ORIENTED_EDGE('',*,*,#2349,.F.);
#3526=ORIENTED_EDGE('',*,*,#2350,.T.);
#3527=ORIENTED_EDGE('',*,*,#2168,.F.);
#3528=ORIENTED_EDGE('',*,*,#1917,.T.);
#3529=ORIENTED_EDGE('',*,*,#2437,.F.);
#3530=ORIENTED_EDGE('',*,*,#1943,.T.);
#3531=ORIENTED_EDGE('',*,*,#2438,.F.);
#3532=ORIENTED_EDGE('',*,*,#1927,.T.);
#3533=ORIENTED_EDGE('',*,*,#1934,.F.);
#3534=ORIENTED_EDGE('',*,*,#1955,.T.);
#3535=ORIENTED_EDGE('',*,*,#2146,.F.);
#3536=ORIENTED_EDGE('',*,*,#1890,.T.);
#3537=ORIENTED_EDGE('',*,*,#1880,.T.);
#3538=ORIENTED_EDGE('',*,*,#1885,.F.);
#3539=ORIENTED_EDGE('',*,*,#2132,.F.);
#3540=ORIENTED_EDGE('',*,*,#2439,.F.);
#3541=ORIENTED_EDGE('',*,*,#1963,.T.);
#3542=ORIENTED_EDGE('',*,*,#1972,.T.);
#3543=ORIENTED_EDGE('',*,*,#2440,.F.);
#3544=ORIENTED_EDGE('',*,*,#2140,.F.);
#3545=ORIENTED_EDGE('',*,*,#2441,.F.);
#3546=ORIENTED_EDGE('',*,*,#1960,.F.);
#3547=ORIENTED_EDGE('',*,*,#1964,.T.);
#3548=ORIENTED_EDGE('',*,*,#2439,.T.);
#3549=ORIENTED_EDGE('',*,*,#2131,.T.);
#3550=ORIENTED_EDGE('',*,*,#2440,.T.);
#3551=ORIENTED_EDGE('',*,*,#1971,.T.);
#3552=ORIENTED_EDGE('',*,*,#2442,.T.);
#3553=ORIENTED_EDGE('',*,*,#2141,.T.);
#3554=ORIENTED_EDGE('',*,*,#2438,.T.);
#3555=ORIENTED_EDGE('',*,*,#1942,.F.);
#3556=ORIENTED_EDGE('',*,*,#2443,.T.);
#3557=ORIENTED_EDGE('',*,*,#1918,.T.);
#3558=ORIENTED_EDGE('',*,*,#2441,.T.);
#3559=ORIENTED_EDGE('',*,*,#2139,.T.);
#3560=ORIENTED_EDGE('',*,*,#2444,.T.);
#3561=ORIENTED_EDGE('',*,*,#1973,.T.);
#3562=ORIENTED_EDGE('',*,*,#2437,.T.);
#3563=ORIENTED_EDGE('',*,*,#1916,.T.);
#3564=ORIENTED_EDGE('',*,*,#2445,.T.);
#3565=ORIENTED_EDGE('',*,*,#1944,.T.);
#3566=ORIENTED_EDGE('',*,*,#2370,.F.);
#3567=ORIENTED_EDGE('',*,*,#1919,.F.);
#3568=ORIENTED_EDGE('',*,*,#2446,.F.);
#3569=ORIENTED_EDGE('',*,*,#1970,.T.);
#3570=ORIENTED_EDGE('',*,*,#1932,.F.);
#3571=ORIENTED_EDGE('',*,*,#1924,.T.);
#3572=ORIENTED_EDGE('',*,*,#1956,.F.);
#3573=ORIENTED_EDGE('',*,*,#1935,.F.);
#3574=ORIENTED_EDGE('',*,*,#2447,.T.);
#3575=ORIENTED_EDGE('',*,*,#2435,.T.);
#3576=ORIENTED_EDGE('',*,*,#1975,.T.);
#3577=ORIENTED_EDGE('',*,*,#2446,.T.);
#3578=ORIENTED_EDGE('',*,*,#1985,.F.);
#3579=ORIENTED_EDGE('',*,*,#2001,.T.);
#3580=ORIENTED_EDGE('',*,*,#2120,.F.);
#3581=ORIENTED_EDGE('',*,*,#2369,.F.);
#3582=ORIENTED_EDGE('',*,*,#1915,.T.);
#3583=ORIENTED_EDGE('',*,*,#2436,.T.);
#3584=ORIENTED_EDGE('',*,*,#2447,.F.);
#3585=ORIENTED_EDGE('',*,*,#2448,.F.);
#3586=ORIENTED_EDGE('',*,*,#2445,.F.);
#3587=ORIENTED_EDGE('',*,*,#2448,.T.);
#3588=ORIENTED_EDGE('',*,*,#2443,.F.);
#3589=ORIENTED_EDGE('',*,*,#2125,.F.);
#3590=ORIENTED_EDGE('',*,*,#1990,.F.);
#3591=ORIENTED_EDGE('',*,*,#2142,.F.);
#3592=ORIENTED_EDGE('',*,*,#2449,.F.);
#3593=ORIENTED_EDGE('',*,*,#2138,.T.);
#3594=ORIENTED_EDGE('',*,*,#2444,.F.);
#3595=ORIENTED_EDGE('',*,*,#2449,.T.);
#3596=ORIENTED_EDGE('',*,*,#2442,.F.);
#3597=ORIENTED_EDGE('',*,*,#1974,.F.);
#3598=CYLINDRICAL_SURFACE('',#3893,0.2);
#3599=CYLINDRICAL_SURFACE('',#3897,0.2);
#3600=CYLINDRICAL_SURFACE('',#3901,0.2);
#3601=CYLINDRICAL_SURFACE('',#3907,0.2);
#3602=CYLINDRICAL_SURFACE('',#3914,0.1);
#3603=CYLINDRICAL_SURFACE('',#3921,0.1);
#3604=CYLINDRICAL_SURFACE('',#3923,0.1);
#3605=CYLINDRICAL_SURFACE('',#3933,0.1);
#3606=CYLINDRICAL_SURFACE('',#3935,0.1);
#3607=CYLINDRICAL_SURFACE('',#3942,0.1);
#3608=CYLINDRICAL_SURFACE('',#3944,0.1);
#3609=CYLINDRICAL_SURFACE('',#3947,0.1);
#3610=CYLINDRICAL_SURFACE('',#3950,0.1);
#3611=CYLINDRICAL_SURFACE('',#4014,0.1);
#3612=CYLINDRICAL_SURFACE('',#4017,0.1);
#3613=CYLINDRICAL_SURFACE('',#4020,0.1);
#3614=CYLINDRICAL_SURFACE('',#4029,0.1);
#3615=CYLINDRICAL_SURFACE('',#4032,0.1);
#3616=CYLINDRICAL_SURFACE('',#4035,0.1);
#3617=CYLINDRICAL_SURFACE('',#4038,0.1);
#3618=CYLINDRICAL_SURFACE('',#4041,0.1);
#3619=CYLINDRICAL_SURFACE('',#4044,0.1);
#3620=CYLINDRICAL_SURFACE('',#4047,0.1);
#3621=CYLINDRICAL_SURFACE('',#4050,0.1);
#3622=CYLINDRICAL_SURFACE('',#4053,0.1);
#3623=CYLINDRICAL_SURFACE('',#4056,0.1);
#3624=CYLINDRICAL_SURFACE('',#4059,0.1);
#3625=CYLINDRICAL_SURFACE('',#4062,0.1);
#3626=CYLINDRICAL_SURFACE('',#4065,0.1);
#3627=CYLINDRICAL_SURFACE('',#4068,0.1);
#3628=CYLINDRICAL_SURFACE('',#4071,0.1);
#3629=CYLINDRICAL_SURFACE('',#4074,0.1);
#3630=CYLINDRICAL_SURFACE('',#4077,0.1);
#3631=CYLINDRICAL_SURFACE('',#4080,0.1);
#3632=CYLINDRICAL_SURFACE('',#4083,0.1);
#3633=CYLINDRICAL_SURFACE('',#4086,0.1);
#3634=CYLINDRICAL_SURFACE('',#4089,0.1);
#3635=CYLINDRICAL_SURFACE('',#4091,0.1);
#3636=CYLINDRICAL_SURFACE('',#4093,0.1);
#3637=CYLINDRICAL_SURFACE('',#4095,0.1);
#3638=CYLINDRICAL_SURFACE('',#4097,0.1);
#3639=CYLINDRICAL_SURFACE('',#4099,0.1);
#3640=CYLINDRICAL_SURFACE('',#4101,0.1);
#3641=CYLINDRICAL_SURFACE('',#4104,0.1);
#3642=CYLINDRICAL_SURFACE('',#4107,0.1);
#3643=CYLINDRICAL_SURFACE('',#4110,0.1);
#3644=CYLINDRICAL_SURFACE('',#4112,0.1);
#3645=CYLINDRICAL_SURFACE('',#4114,0.1);
#3646=CYLINDRICAL_SURFACE('',#4116,0.1);
#3647=CYLINDRICAL_SURFACE('',#4118,0.1);
#3648=CYLINDRICAL_SURFACE('',#4120,0.1);
#3649=CYLINDRICAL_SURFACE('',#4123,0.1);
#3650=CYLINDRICAL_SURFACE('',#4126,0.1);
#3651=CYLINDRICAL_SURFACE('',#4129,0.1);
#3652=CYLINDRICAL_SURFACE('',#4132,0.1);
#3653=CYLINDRICAL_SURFACE('',#4135,0.1);
#3654=CYLINDRICAL_SURFACE('',#4138,0.1);
#3655=CYLINDRICAL_SURFACE('',#4141,0.1);
#3656=CYLINDRICAL_SURFACE('',#4144,0.1);
#3657=CYLINDRICAL_SURFACE('',#4147,0.1);
#3658=CYLINDRICAL_SURFACE('',#4150,0.1);
#3659=CYLINDRICAL_SURFACE('',#4153,0.1);
#3660=CYLINDRICAL_SURFACE('',#4156,0.1);
#3661=CYLINDRICAL_SURFACE('',#4159,0.1);
#3662=CYLINDRICAL_SURFACE('',#4162,0.1);
#3663=CYLINDRICAL_SURFACE('',#4165,0.1);
#3664=CYLINDRICAL_SURFACE('',#4168,0.1);
#3665=CYLINDRICAL_SURFACE('',#4171,0.1);
#3666=CYLINDRICAL_SURFACE('',#4174,0.1);
#3667=CYLINDRICAL_SURFACE('',#4177,0.1);
#3668=CYLINDRICAL_SURFACE('',#4180,0.1);
#3669=CYLINDRICAL_SURFACE('',#4183,0.1);
#3670=CYLINDRICAL_SURFACE('',#4186,0.55);
#3671=CYLINDRICAL_SURFACE('',#4187,0.55);
#3672=CYLINDRICAL_SURFACE('',#4190,0.5);
#3673=CYLINDRICAL_SURFACE('',#4192,0.5);
#3674=CYLINDRICAL_SURFACE('',#4194,0.5);
#3675=CYLINDRICAL_SURFACE('',#4197,0.5);
#3676=CYLINDRICAL_SURFACE('',#4199,0.5);
#3677=CYLINDRICAL_SURFACE('',#4201,0.5);
#3678=CYLINDRICAL_SURFACE('',#4203,0.5);
#3679=CYLINDRICAL_SURFACE('',#4207,0.5);
#3680=CYLINDRICAL_SURFACE('',#4211,0.5);
#3681=CYLINDRICAL_SURFACE('',#4212,0.5);
#3682=CYLINDRICAL_SURFACE('',#4214,0.5);
#3683=CYLINDRICAL_SURFACE('',#4216,0.5);
#3684=CYLINDRICAL_SURFACE('',#4219,0.5);
#3685=CYLINDRICAL_SURFACE('',#4221,0.5);
#3686=CYLINDRICAL_SURFACE('',#4223,0.5);
#3687=CYLINDRICAL_SURFACE('',#4229,0.5);
#3688=CYLINDRICAL_SURFACE('',#4230,0.5);
#3689=CYLINDRICAL_SURFACE('',#4231,0.5);
#3690=ADVANCED_FACE('',(#138),#3598,.F.);
#3691=ADVANCED_FACE('',(#139),#3599,.T.);
#3692=ADVANCED_FACE('',(#140),#39,.F.);
#3693=ADVANCED_FACE('',(#141),#3600,.T.);
#3694=ADVANCED_FACE('',(#142),#40,.T.);
#3695=ADVANCED_FACE('',(#143),#3601,.F.);
#3696=ADVANCED_FACE('',(#144),#41,.T.);
#3697=ADVANCED_FACE('',(#145),#3602,.T.);
#3698=ADVANCED_FACE('',(#146),#42,.F.);
#3699=ADVANCED_FACE('',(#147),#3603,.T.);
#3700=ADVANCED_FACE('',(#148),#3604,.T.);
#3701=ADVANCED_FACE('',(#149),#43,.T.);
#3702=ADVANCED_FACE('',(#150),#44,.T.);
#3703=ADVANCED_FACE('',(#151),#3605,.T.);
#3704=ADVANCED_FACE('',(#152),#45,.T.);
#3705=ADVANCED_FACE('',(#153),#3606,.T.);
#3706=ADVANCED_FACE('',(#154),#46,.F.);
#3707=ADVANCED_FACE('',(#155),#47,.T.);
#3708=ADVANCED_FACE('',(#156),#3607,.T.);
#3709=ADVANCED_FACE('',(#157),#3608,.T.);
#3710=ADVANCED_FACE('',(#158),#3609,.T.);
#3711=ADVANCED_FACE('',(#159),#3610,.T.);
#3712=ADVANCED_FACE('',(#160,#15,#16,#17,#18,#19,#20,#21,#22,#23,#24,#25,
#26,#27,#28),#48,.T.);
#3713=ADVANCED_FACE('',(#161),#49,.T.);
#3714=ADVANCED_FACE('',(#162),#3611,.T.);
#3715=ADVANCED_FACE('',(#163),#3612,.T.);
#3716=ADVANCED_FACE('',(#164),#3613,.T.);
#3717=ADVANCED_FACE('',(#165),#50,.T.);
#3718=ADVANCED_FACE('',(#166),#51,.T.);
#3719=ADVANCED_FACE('',(#167),#52,.T.);
#3720=ADVANCED_FACE('',(#168),#53,.T.);
#3721=ADVANCED_FACE('',(#169),#3614,.F.);
#3722=ADVANCED_FACE('',(#170),#54,.F.);
#3723=ADVANCED_FACE('',(#171),#3615,.F.);
#3724=ADVANCED_FACE('',(#172),#55,.F.);
#3725=ADVANCED_FACE('',(#173),#3616,.F.);
#3726=ADVANCED_FACE('',(#174),#56,.F.);
#3727=ADVANCED_FACE('',(#175),#3617,.F.);
#3728=ADVANCED_FACE('',(#176),#57,.F.);
#3729=ADVANCED_FACE('',(#177),#3618,.F.);
#3730=ADVANCED_FACE('',(#178),#58,.F.);
#3731=ADVANCED_FACE('',(#179),#3619,.F.);
#3732=ADVANCED_FACE('',(#180),#59,.F.);
#3733=ADVANCED_FACE('',(#181),#3620,.F.);
#3734=ADVANCED_FACE('',(#182),#60,.F.);
#3735=ADVANCED_FACE('',(#183),#3621,.F.);
#3736=ADVANCED_FACE('',(#184),#61,.F.);
#3737=ADVANCED_FACE('',(#185),#3622,.F.);
#3738=ADVANCED_FACE('',(#186),#62,.F.);
#3739=ADVANCED_FACE('',(#187),#3623,.F.);
#3740=ADVANCED_FACE('',(#188),#63,.F.);
#3741=ADVANCED_FACE('',(#189),#3624,.F.);
#3742=ADVANCED_FACE('',(#190),#64,.F.);
#3743=ADVANCED_FACE('',(#191),#3625,.F.);
#3744=ADVANCED_FACE('',(#192),#65,.F.);
#3745=ADVANCED_FACE('',(#193),#3626,.F.);
#3746=ADVANCED_FACE('',(#194),#66,.F.);
#3747=ADVANCED_FACE('',(#195),#3627,.F.);
#3748=ADVANCED_FACE('',(#196),#67,.F.);
#3749=ADVANCED_FACE('',(#197),#3628,.F.);
#3750=ADVANCED_FACE('',(#198),#68,.F.);
#3751=ADVANCED_FACE('',(#199),#3629,.F.);
#3752=ADVANCED_FACE('',(#200),#69,.F.);
#3753=ADVANCED_FACE('',(#201),#3630,.F.);
#3754=ADVANCED_FACE('',(#202),#70,.F.);
#3755=ADVANCED_FACE('',(#203),#3631,.F.);
#3756=ADVANCED_FACE('',(#204),#71,.F.);
#3757=ADVANCED_FACE('',(#205),#3632,.F.);
#3758=ADVANCED_FACE('',(#206),#72,.F.);
#3759=ADVANCED_FACE('',(#207),#3633,.F.);
#3760=ADVANCED_FACE('',(#208),#73,.F.);
#3761=ADVANCED_FACE('',(#209),#3634,.F.);
#3762=ADVANCED_FACE('',(#210),#3635,.F.);
#3763=ADVANCED_FACE('',(#211),#3636,.F.);
#3764=ADVANCED_FACE('',(#212),#3637,.F.);
#3765=ADVANCED_FACE('',(#213),#3638,.F.);
#3766=ADVANCED_FACE('',(#214),#3639,.F.);
#3767=ADVANCED_FACE('',(#215),#3640,.F.);
#3768=ADVANCED_FACE('',(#216),#74,.F.);
#3769=ADVANCED_FACE('',(#217),#3641,.F.);
#3770=ADVANCED_FACE('',(#218),#75,.F.);
#3771=ADVANCED_FACE('',(#219),#3642,.F.);
#3772=ADVANCED_FACE('',(#220),#76,.T.);
#3773=ADVANCED_FACE('',(#221),#3643,.F.);
#3774=ADVANCED_FACE('',(#222),#3644,.F.);
#3775=ADVANCED_FACE('',(#223),#3645,.F.);
#3776=ADVANCED_FACE('',(#224),#3646,.F.);
#3777=ADVANCED_FACE('',(#225),#3647,.F.);
#3778=ADVANCED_FACE('',(#226),#3648,.F.);
#3779=ADVANCED_FACE('',(#227),#77,.F.);
#3780=ADVANCED_FACE('',(#228),#3649,.F.);
#3781=ADVANCED_FACE('',(#229),#78,.F.);
#3782=ADVANCED_FACE('',(#230),#3650,.F.);
#3783=ADVANCED_FACE('',(#231),#79,.F.);
#3784=ADVANCED_FACE('',(#232),#3651,.F.);
#3785=ADVANCED_FACE('',(#233),#80,.F.);
#3786=ADVANCED_FACE('',(#234),#3652,.F.);
#3787=ADVANCED_FACE('',(#235),#81,.F.);
#3788=ADVANCED_FACE('',(#236),#3653,.F.);
#3789=ADVANCED_FACE('',(#237),#82,.F.);
#3790=ADVANCED_FACE('',(#238),#3654,.F.);
#3791=ADVANCED_FACE('',(#239),#83,.F.);
#3792=ADVANCED_FACE('',(#240),#3655,.F.);
#3793=ADVANCED_FACE('',(#241),#84,.F.);
#3794=ADVANCED_FACE('',(#242),#3656,.F.);
#3795=ADVANCED_FACE('',(#243),#85,.F.);
#3796=ADVANCED_FACE('',(#244),#3657,.F.);
#3797=ADVANCED_FACE('',(#245),#86,.F.);
#3798=ADVANCED_FACE('',(#246),#3658,.F.);
#3799=ADVANCED_FACE('',(#247),#87,.F.);
#3800=ADVANCED_FACE('',(#248),#3659,.F.);
#3801=ADVANCED_FACE('',(#249),#88,.F.);
#3802=ADVANCED_FACE('',(#250),#3660,.F.);
#3803=ADVANCED_FACE('',(#251),#89,.F.);
#3804=ADVANCED_FACE('',(#252),#3661,.F.);
#3805=ADVANCED_FACE('',(#253),#90,.F.);
#3806=ADVANCED_FACE('',(#254),#3662,.F.);
#3807=ADVANCED_FACE('',(#255),#91,.F.);
#3808=ADVANCED_FACE('',(#256),#3663,.F.);
#3809=ADVANCED_FACE('',(#257),#92,.F.);
#3810=ADVANCED_FACE('',(#258),#3664,.F.);
#3811=ADVANCED_FACE('',(#259),#93,.F.);
#3812=ADVANCED_FACE('',(#260),#3665,.F.);
#3813=ADVANCED_FACE('',(#261),#94,.F.);
#3814=ADVANCED_FACE('',(#262),#3666,.F.);
#3815=ADVANCED_FACE('',(#263),#95,.F.);
#3816=ADVANCED_FACE('',(#264),#3667,.F.);
#3817=ADVANCED_FACE('',(#265),#96,.F.);
#3818=ADVANCED_FACE('',(#266),#3668,.F.);
#3819=ADVANCED_FACE('',(#267),#97,.F.);
#3820=ADVANCED_FACE('',(#268),#3669,.F.);
#3821=ADVANCED_FACE('',(#269),#98,.F.);
#3822=ADVANCED_FACE('',(#270),#3670,.F.);
#3823=ADVANCED_FACE('',(#271),#3671,.F.);
#3824=ADVANCED_FACE('',(#272),#99,.T.);
#3825=ADVANCED_FACE('',(#273),#100,.T.);
#3826=ADVANCED_FACE('',(#274),#3672,.T.);
#3827=ADVANCED_FACE('',(#275),#3673,.T.);
#3828=ADVANCED_FACE('',(#276),#3674,.F.);
#3829=ADVANCED_FACE('',(#277),#101,.T.);
#3830=ADVANCED_FACE('',(#278),#3675,.T.);
#3831=ADVANCED_FACE('',(#279),#3676,.F.);
#3832=ADVANCED_FACE('',(#280),#3677,.T.);
#3833=ADVANCED_FACE('',(#281),#3678,.T.);
#3834=ADVANCED_FACE('',(#282),#102,.T.);
#3835=ADVANCED_FACE('',(#283),#3679,.T.);
#3836=ADVANCED_FACE('',(#284),#103,.T.);
#3837=ADVANCED_FACE('',(#285),#3680,.F.);
#3838=ADVANCED_FACE('',(#286),#3681,.T.);
#3839=ADVANCED_FACE('',(#287),#3682,.F.);
#3840=ADVANCED_FACE('',(#288),#3683,.F.);
#3841=ADVANCED_FACE('',(#289),#3684,.F.);
#3842=ADVANCED_FACE('',(#290),#3685,.T.);
#3843=ADVANCED_FACE('',(#291),#3686,.F.);
#3844=ADVANCED_FACE('',(#292),#104,.F.);
#3845=ADVANCED_FACE('',(#293),#105,.T.);
#3846=ADVANCED_FACE('',(#294),#3687,.F.);
#3847=ADVANCED_FACE('',(#295),#3688,.F.);
#3848=ADVANCED_FACE('',(#296),#3689,.F.);
#3849=ADVANCED_FACE('',(#297),#106,.T.);
#3850=ADVANCED_FACE('',(#298),#107,.T.);
#3851=ADVANCED_FACE('',(#299),#108,.T.);
#3852=ADVANCED_FACE('',(#300),#109,.T.);
#3853=ADVANCED_FACE('',(#301),#110,.T.);
#3854=ADVANCED_FACE('',(#302),#111,.T.);
#3855=ADVANCED_FACE('',(#303),#112,.F.);
#3856=ADVANCED_FACE('',(#304),#113,.F.);
#3857=ADVANCED_FACE('',(#305),#114,.F.);
#3858=ADVANCED_FACE('',(#306),#115,.F.);
#3859=ADVANCED_FACE('',(#307),#116,.F.);
#3860=ADVANCED_FACE('',(#308),#117,.F.);
#3861=ADVANCED_FACE('',(#309,#29,#30,#31,#32,#33,#34,#35,#36),#118,.T.);
#3862=ADVANCED_FACE('',(#310),#119,.T.);
#3863=ADVANCED_FACE('',(#311),#120,.T.);
#3864=ADVANCED_FACE('',(#312),#121,.T.);
#3865=ADVANCED_FACE('',(#313),#122,.T.);
#3866=ADVANCED_FACE('',(#314),#123,.T.);
#3867=ADVANCED_FACE('',(#315),#124,.T.);
#3868=ADVANCED_FACE('',(#316),#125,.T.);
#3869=ADVANCED_FACE('',(#317),#126,.T.);
#3870=ADVANCED_FACE('',(#318),#127,.T.);
#3871=ADVANCED_FACE('',(#319),#128,.F.);
#3872=ADVANCED_FACE('',(#320),#129,.T.);
#3873=ADVANCED_FACE('',(#321),#130,.T.);
#3874=ADVANCED_FACE('',(#322),#131,.T.);
#3875=ADVANCED_FACE('',(#323),#132,.T.);
#3876=ADVANCED_FACE('',(#324),#133,.T.);
#3877=ADVANCED_FACE('',(#325),#134,.T.);
#3878=ADVANCED_FACE('',(#326),#135,.T.);
#3879=CLOSED_SHELL('',(#3690,#3691,#3692,#3693,#3694,#3695,#3696,#3697,
#3698,#3699,#3700,#3701,#3702,#3703,#3704,#3705,#3706,#3707,#3708,#3709,
#3710,#3711,#3712,#3713,#3714,#3715,#3716,#3717,#3718,#3719,#3720,#3721,
#3722,#3723,#3724,#3725,#3726,#3727,#3728,#3729,#3730,#3731,#3732,#3733,
#3734,#3735,#3736,#3737,#3738,#3739,#3740,#3741,#3742,#3743,#3744,#3745,
#3746,#3747,#3748,#3749,#3750,#3751,#3752,#3753,#3754,#3755,#3756,#3757,
#3758,#3759,#3760,#3761,#3762,#3763,#3764,#3765,#3766,#3767,#3768,#3769,
#3770,#3771,#3772,#3773,#3774,#3775,#3776,#3777,#3778,#3779,#3780,#3781,
#3782,#3783,#3784,#3785,#3786,#3787,#3788,#3789,#3790,#3791,#3792,#3793,
#3794,#3795,#3796,#3797,#3798,#3799,#3800,#3801,#3802,#3803,#3804,#3805,
#3806,#3807,#3808,#3809,#3810,#3811,#3812,#3813,#3814,#3815,#3816,#3817,
#3818,#3819,#3820,#3821,#3822,#3823,#3824,#3825,#3826,#3827,#3828,#3829,
#3830,#3831,#3832,#3833,#3834,#3835,#3836,#3837,#3838,#3839,#3840,#3841,
#3842,#3843,#3844,#3845,#3846,#3847,#3848,#3849,#3850,#3851,#3852,#3853,
#3854,#3855,#3856,#3857,#3858,#3859,#3860,#3861,#3862,#3863,#3864,#3865,
#3866,#3867,#3868,#3869,#3870,#3871,#3872,#3873,#3874,#3875,#3876,#3877,
#3878));
#3880=DERIVED_UNIT_ELEMENT(#3882,1.);
#3881=DERIVED_UNIT_ELEMENT(#6564,-3.);
#3882=(
MASS_UNIT()
NAMED_UNIT(*)
SI_UNIT(.KILO.,.GRAM.)
);
#3883=DERIVED_UNIT((#3880,#3881));
#3884=MEASURE_REPRESENTATION_ITEM('density measure',
POSITIVE_RATIO_MEASURE(7850.),#3883);
#3885=PROPERTY_DEFINITION_REPRESENTATION(#3890,#3887);
#3886=PROPERTY_DEFINITION_REPRESENTATION(#3891,#3888);
#3887=REPRESENTATION('material name',(#3889),#6561);
#3888=REPRESENTATION('density',(#3884),#6561);
#3889=DESCRIPTIVE_REPRESENTATION_ITEM('Steel','Steel');
#3890=PROPERTY_DEFINITION('material property','material name',#6571);
#3891=PROPERTY_DEFINITION('material property','density of part',#6571);
#3892=AXIS2_PLACEMENT_3D('',#5396,#4263,#4264);
#3893=AXIS2_PLACEMENT_3D('',#5397,#4265,#4266);
#3894=AXIS2_PLACEMENT_3D('',#5400,#4267,#4268);
#3895=AXIS2_PLACEMENT_3D('',#5404,#4270,#4271);
#3896=AXIS2_PLACEMENT_3D('',#5408,#4273,#4274);
#3897=AXIS2_PLACEMENT_3D('',#5410,#4276,#4277);
#3898=AXIS2_PLACEMENT_3D('',#5412,#4278,#4279);
#3899=AXIS2_PLACEMENT_3D('',#5434,#4281,#4282);
#3900=AXIS2_PLACEMENT_3D('',#5435,#4283,#4284);
#3901=AXIS2_PLACEMENT_3D('',#5441,#4288,#4289);
#3902=AXIS2_PLACEMENT_3D('',#5446,#4291,#4292);
#3903=AXIS2_PLACEMENT_3D('',#5457,#4294,#4295);
#3904=AXIS2_PLACEMENT_3D('',#5460,#4297,#4298);
#3905=AXIS2_PLACEMENT_3D('',#5461,#4299,#4300);
#3906=AXIS2_PLACEMENT_3D('',#5462,#4301,#4302);
#3907=AXIS2_PLACEMENT_3D('',#5468,#4306,#4307);
#3908=AXIS2_PLACEMENT_3D('',#5469,#4308,#4309);
#3909=AXIS2_PLACEMENT_3D('',#5470,#4310,#4311);
#3910=AXIS2_PLACEMENT_3D('',#5476,#4314,#4315);
#3911=AXIS2_PLACEMENT_3D('',#5478,#4316,#4317);
#3912=AXIS2_PLACEMENT_3D('',#5482,#4319,#4320);
#3913=AXIS2_PLACEMENT_3D('',#5484,#4321,#4322);
#3914=AXIS2_PLACEMENT_3D('',#5488,#4325,#4326);
#3915=AXIS2_PLACEMENT_3D('',#5490,#4327,#4328);
#3916=AXIS2_PLACEMENT_3D('',#5493,#4330,#4331);
#3917=AXIS2_PLACEMENT_3D('',#5494,#4332,#4333);
#3918=AXIS2_PLACEMENT_3D('',#5512,#4342,#4343);
#3919=AXIS2_PLACEMENT_3D('',#5516,#4345,#4346);
#3920=AXIS2_PLACEMENT_3D('',#5520,#4348,#4349);
#3921=AXIS2_PLACEMENT_3D('',#5524,#4352,#4353);
#3922=AXIS2_PLACEMENT_3D('',#5526,#4354,#4355);
#3923=AXIS2_PLACEMENT_3D('',#5528,#4357,#4358);
#3924=AXIS2_PLACEMENT_3D('',#5531,#4359,#4360);
#3925=AXIS2_PLACEMENT_3D('',#5534,#4363,#4364);
#3926=AXIS2_PLACEMENT_3D('',#5538,#4367,#4368);
#3927=AXIS2_PLACEMENT_3D('',#5542,#4370,#4371);
#3928=AXIS2_PLACEMENT_3D('',#5546,#4373,#4374);
#3929=AXIS2_PLACEMENT_3D('',#5566,#4384,#4385);
#3930=AXIS2_PLACEMENT_3D('',#5568,#4386,#4387);
#3931=AXIS2_PLACEMENT_3D('',#5572,#4389,#4390);
#3932=AXIS2_PLACEMENT_3D('',#5574,#4391,#4392);
#3933=AXIS2_PLACEMENT_3D('',#5579,#4396,#4397);
#3934=AXIS2_PLACEMENT_3D('',#5582,#4400,#4401);
#3935=AXIS2_PLACEMENT_3D('',#5584,#4403,#4404);
#3936=AXIS2_PLACEMENT_3D('',#5587,#4405,#4406);
#3937=AXIS2_PLACEMENT_3D('',#5591,#4408,#4409);
#3938=AXIS2_PLACEMENT_3D('',#5593,#4411,#4412);
#3939=AXIS2_PLACEMENT_3D('',#5600,#4416,#4417);
#3940=AXIS2_PLACEMENT_3D('',#5604,#4419,#4420);
#3941=AXIS2_PLACEMENT_3D('',#5621,#4430,#4431);
#3942=AXIS2_PLACEMENT_3D('',#5625,#4434,#4435);
#3943=AXIS2_PLACEMENT_3D('',#5627,#4436,#4437);
#3944=AXIS2_PLACEMENT_3D('',#5629,#4439,#4440);
#3945=AXIS2_PLACEMENT_3D('',#5632,#4441,#4442);
#3946=AXIS2_PLACEMENT_3D('',#5636,#4444,#4445);
#3947=AXIS2_PLACEMENT_3D('',#5638,#4447,#4448);
#3948=AXIS2_PLACEMENT_3D('',#5641,#4449,#4450);
#3949=AXIS2_PLACEMENT_3D('',#5645,#4452,#4453);
#3950=AXIS2_PLACEMENT_3D('',#5647,#4455,#4456);
#3951=AXIS2_PLACEMENT_3D('',#5650,#4459,#4460);
#3952=AXIS2_PLACEMENT_3D('',#5654,#4462,#4463);
#3953=AXIS2_PLACEMENT_3D('',#5656,#4464,#4465);
#3954=AXIS2_PLACEMENT_3D('',#5660,#4467,#4468);
#3955=AXIS2_PLACEMENT_3D('',#5662,#4469,#4470);
#3956=AXIS2_PLACEMENT_3D('',#5674,#4476,#4477);
#3957=AXIS2_PLACEMENT_3D('',#5678,#4479,#4480);
#3958=AXIS2_PLACEMENT_3D('',#5682,#4482,#4483);
#3959=AXIS2_PLACEMENT_3D('',#5685,#4485,#4486);
#3960=AXIS2_PLACEMENT_3D('',#5690,#4488,#4489);
#3961=AXIS2_PLACEMENT_3D('',#5694,#4491,#4492);
#3962=AXIS2_PLACEMENT_3D('',#5698,#4494,#4495);
#3963=AXIS2_PLACEMENT_3D('',#5701,#4497,#4498);
#3964=AXIS2_PLACEMENT_3D('',#5706,#4500,#4501);
#3965=AXIS2_PLACEMENT_3D('',#5710,#4503,#4504);
#3966=AXIS2_PLACEMENT_3D('',#5714,#4506,#4507);
#3967=AXIS2_PLACEMENT_3D('',#5717,#4509,#4510);
#3968=AXIS2_PLACEMENT_3D('',#5722,#4512,#4513);
#3969=AXIS2_PLACEMENT_3D('',#5726,#4515,#4516);
#3970=AXIS2_PLACEMENT_3D('',#5730,#4518,#4519);
#3971=AXIS2_PLACEMENT_3D('',#5733,#4521,#4522);
#3972=AXIS2_PLACEMENT_3D('',#5738,#4524,#4525);
#3973=AXIS2_PLACEMENT_3D('',#5742,#4527,#4528);
#3974=AXIS2_PLACEMENT_3D('',#5746,#4530,#4531);
#3975=AXIS2_PLACEMENT_3D('',#5749,#4533,#4534);
#3976=AXIS2_PLACEMENT_3D('',#5754,#4536,#4537);
#3977=AXIS2_PLACEMENT_3D('',#5758,#4539,#4540);
#3978=AXIS2_PLACEMENT_3D('',#5762,#4542,#4543);
#3979=AXIS2_PLACEMENT_3D('',#5765,#4545,#4546);
#3980=AXIS2_PLACEMENT_3D('',#5770,#4548,#4549);
#3981=AXIS2_PLACEMENT_3D('',#5774,#4551,#4552);
#3982=AXIS2_PLACEMENT_3D('',#5778,#4554,#4555);
#3983=AXIS2_PLACEMENT_3D('',#5781,#4557,#4558);
#3984=AXIS2_PLACEMENT_3D('',#5786,#4560,#4561);
#3985=AXIS2_PLACEMENT_3D('',#5790,#4563,#4564);
#3986=AXIS2_PLACEMENT_3D('',#5794,#4566,#4567);
#3987=AXIS2_PLACEMENT_3D('',#5797,#4569,#4570);
#3988=AXIS2_PLACEMENT_3D('',#5802,#4572,#4573);
#3989=AXIS2_PLACEMENT_3D('',#5806,#4575,#4576);
#3990=AXIS2_PLACEMENT_3D('',#5810,#4578,#4579);
#3991=AXIS2_PLACEMENT_3D('',#5813,#4581,#4582);
#3992=AXIS2_PLACEMENT_3D('',#5818,#4584,#4585);
#3993=AXIS2_PLACEMENT_3D('',#5822,#4587,#4588);
#3994=AXIS2_PLACEMENT_3D('',#5826,#4590,#4591);
#3995=AXIS2_PLACEMENT_3D('',#5829,#4593,#4594);
#3996=AXIS2_PLACEMENT_3D('',#5834,#4596,#4597);
#3997=AXIS2_PLACEMENT_3D('',#5838,#4599,#4600);
#3998=AXIS2_PLACEMENT_3D('',#5842,#4602,#4603);
#3999=AXIS2_PLACEMENT_3D('',#5845,#4605,#4606);
#4000=AXIS2_PLACEMENT_3D('',#5850,#4608,#4609);
#4001=AXIS2_PLACEMENT_3D('',#5854,#4611,#4612);
#4002=AXIS2_PLACEMENT_3D('',#5858,#4614,#4615);
#4003=AXIS2_PLACEMENT_3D('',#5861,#4617,#4618);
#4004=AXIS2_PLACEMENT_3D('',#5866,#4620,#4621);
#4005=AXIS2_PLACEMENT_3D('',#5870,#4623,#4624);
#4006=AXIS2_PLACEMENT_3D('',#5874,#4626,#4627);
#4007=AXIS2_PLACEMENT_3D('',#5877,#4629,#4630);
#4008=AXIS2_PLACEMENT_3D('',#5882,#4632,#4633);
#4009=AXIS2_PLACEMENT_3D('',#5886,#4635,#4636);
#4010=AXIS2_PLACEMENT_3D('',#5890,#4638,#4639);
#4011=AXIS2_PLACEMENT_3D('',#5893,#4641,#4642);
#4012=AXIS2_PLACEMENT_3D('',#5894,#4643,#4644);
#4013=AXIS2_PLACEMENT_3D('',#5898,#4646,#4647);
#4014=AXIS2_PLACEMENT_3D('',#5904,#4651,#4652);
#4015=AXIS2_PLACEMENT_3D('',#5906,#4653,#4654);
#4016=AXIS2_PLACEMENT_3D('',#5908,#4656,#4657);
#4017=AXIS2_PLACEMENT_3D('',#5909,#4658,#4659);
#4018=AXIS2_PLACEMENT_3D('',#5910,#4660,#4661);
#4019=AXIS2_PLACEMENT_3D('',#5911,#4662,#4663);
#4020=AXIS2_PLACEMENT_3D('',#5912,#4664,#4665);
#4021=AXIS2_PLACEMENT_3D('',#5914,#4667,#4668);
#4022=AXIS2_PLACEMENT_3D('',#5916,#4670,#4671);
#4023=AXIS2_PLACEMENT_3D('',#5922,#4674,#4675);
#4024=AXIS2_PLACEMENT_3D('',#5926,#4678,#4679);
#4025=AXIS2_PLACEMENT_3D('',#5933,#4683,#4684);
#4026=AXIS2_PLACEMENT_3D('',#5935,#4685,#4686);
#4027=AXIS2_PLACEMENT_3D('',#5951,#4695,#4696);
#4028=AXIS2_PLACEMENT_3D('',#5953,#4698,#4699);
#4029=AXIS2_PLACEMENT_3D('',#5955,#4701,#4702);
#4030=AXIS2_PLACEMENT_3D('',#5959,#4704,#4705);
#4031=AXIS2_PLACEMENT_3D('',#5961,#4707,#4708);
#4032=AXIS2_PLACEMENT_3D('',#5965,#4711,#4712);
#4033=AXIS2_PLACEMENT_3D('',#5969,#4714,#4715);
#4034=AXIS2_PLACEMENT_3D('',#5971,#4717,#4718);
#4035=AXIS2_PLACEMENT_3D('',#5975,#4721,#4722);
#4036=AXIS2_PLACEMENT_3D('',#5979,#4724,#4725);
#4037=AXIS2_PLACEMENT_3D('',#5981,#4727,#4728);
#4038=AXIS2_PLACEMENT_3D('',#5985,#4731,#4732);
#4039=AXIS2_PLACEMENT_3D('',#5989,#4734,#4735);
#4040=AXIS2_PLACEMENT_3D('',#5991,#4737,#4738);
#4041=AXIS2_PLACEMENT_3D('',#5995,#4741,#4742);
#4042=AXIS2_PLACEMENT_3D('',#5999,#4744,#4745);
#4043=AXIS2_PLACEMENT_3D('',#6001,#4747,#4748);
#4044=AXIS2_PLACEMENT_3D('',#6005,#4751,#4752);
#4045=AXIS2_PLACEMENT_3D('',#6009,#4754,#4755);
#4046=AXIS2_PLACEMENT_3D('',#6011,#4757,#4758);
#4047=AXIS2_PLACEMENT_3D('',#6015,#4761,#4762);
#4048=AXIS2_PLACEMENT_3D('',#6019,#4764,#4765);
#4049=AXIS2_PLACEMENT_3D('',#6021,#4767,#4768);
#4050=AXIS2_PLACEMENT_3D('',#6025,#4771,#4772);
#4051=AXIS2_PLACEMENT_3D('',#6029,#4774,#4775);
#4052=AXIS2_PLACEMENT_3D('',#6031,#4777,#4778);
#4053=AXIS2_PLACEMENT_3D('',#6035,#4781,#4782);
#4054=AXIS2_PLACEMENT_3D('',#6039,#4784,#4785);
#4055=AXIS2_PLACEMENT_3D('',#6041,#4787,#4788);
#4056=AXIS2_PLACEMENT_3D('',#6045,#4791,#4792);
#4057=AXIS2_PLACEMENT_3D('',#6049,#4794,#4795);
#4058=AXIS2_PLACEMENT_3D('',#6051,#4797,#4798);
#4059=AXIS2_PLACEMENT_3D('',#6055,#4801,#4802);
#4060=AXIS2_PLACEMENT_3D('',#6059,#4804,#4805);
#4061=AXIS2_PLACEMENT_3D('',#6061,#4807,#4808);
#4062=AXIS2_PLACEMENT_3D('',#6065,#4811,#4812);
#4063=AXIS2_PLACEMENT_3D('',#6069,#4814,#4815);
#4064=AXIS2_PLACEMENT_3D('',#6071,#4817,#4818);
#4065=AXIS2_PLACEMENT_3D('',#6075,#4821,#4822);
#4066=AXIS2_PLACEMENT_3D('',#6079,#4824,#4825);
#4067=AXIS2_PLACEMENT_3D('',#6081,#4827,#4828);
#4068=AXIS2_PLACEMENT_3D('',#6085,#4831,#4832);
#4069=AXIS2_PLACEMENT_3D('',#6088,#4834,#4835);
#4070=AXIS2_PLACEMENT_3D('',#6089,#4836,#4837);
#4071=AXIS2_PLACEMENT_3D('',#6093,#4840,#4841);
#4072=AXIS2_PLACEMENT_3D('',#6096,#4843,#4844);
#4073=AXIS2_PLACEMENT_3D('',#6097,#4845,#4846);
#4074=AXIS2_PLACEMENT_3D('',#6101,#4849,#4850);
#4075=AXIS2_PLACEMENT_3D('',#6104,#4852,#4853);
#4076=AXIS2_PLACEMENT_3D('',#6105,#4854,#4855);
#4077=AXIS2_PLACEMENT_3D('',#6109,#4858,#4859);
#4078=AXIS2_PLACEMENT_3D('',#6112,#4861,#4862);
#4079=AXIS2_PLACEMENT_3D('',#6113,#4863,#4864);
#4080=AXIS2_PLACEMENT_3D('',#6117,#4867,#4868);
#4081=AXIS2_PLACEMENT_3D('',#6120,#4870,#4871);
#4082=AXIS2_PLACEMENT_3D('',#6121,#4872,#4873);
#4083=AXIS2_PLACEMENT_3D('',#6125,#4876,#4877);
#4084=AXIS2_PLACEMENT_3D('',#6128,#4879,#4880);
#4085=AXIS2_PLACEMENT_3D('',#6129,#4881,#4882);
#4086=AXIS2_PLACEMENT_3D('',#6133,#4885,#4886);
#4087=AXIS2_PLACEMENT_3D('',#6136,#4888,#4889);
#4088=AXIS2_PLACEMENT_3D('',#6137,#4890,#4891);
#4089=AXIS2_PLACEMENT_3D('',#6141,#4894,#4895);
#4090=AXIS2_PLACEMENT_3D('',#6143,#4896,#4897);
#4091=AXIS2_PLACEMENT_3D('',#6145,#4899,#4900);
#4092=AXIS2_PLACEMENT_3D('',#6147,#4901,#4902);
#4093=AXIS2_PLACEMENT_3D('',#6149,#4904,#4905);
#4094=AXIS2_PLACEMENT_3D('',#6151,#4906,#4907);
#4095=AXIS2_PLACEMENT_3D('',#6153,#4909,#4910);
#4096=AXIS2_PLACEMENT_3D('',#6155,#4911,#4912);
#4097=AXIS2_PLACEMENT_3D('',#6157,#4914,#4915);
#4098=AXIS2_PLACEMENT_3D('',#6159,#4916,#4917);
#4099=AXIS2_PLACEMENT_3D('',#6161,#4919,#4920);
#4100=AXIS2_PLACEMENT_3D('',#6163,#4921,#4922);
#4101=AXIS2_PLACEMENT_3D('',#6165,#4924,#4925);
#4102=AXIS2_PLACEMENT_3D('',#6168,#4927,#4928);
#4103=AXIS2_PLACEMENT_3D('',#6169,#4929,#4930);
#4104=AXIS2_PLACEMENT_3D('',#6173,#4933,#4934);
#4105=AXIS2_PLACEMENT_3D('',#6176,#4936,#4937);
#4106=AXIS2_PLACEMENT_3D('',#6177,#4938,#4939);
#4107=AXIS2_PLACEMENT_3D('',#6179,#4941,#4942);
#4108=AXIS2_PLACEMENT_3D('',#6182,#4943,#4944);
#4109=AXIS2_PLACEMENT_3D('',#6185,#4947,#4948);
#4110=AXIS2_PLACEMENT_3D('',#6203,#4961,#4962);
#4111=AXIS2_PLACEMENT_3D('',#6205,#4963,#4964);
#4112=AXIS2_PLACEMENT_3D('',#6207,#4966,#4967);
#4113=AXIS2_PLACEMENT_3D('',#6209,#4968,#4969);
#4114=AXIS2_PLACEMENT_3D('',#6211,#4971,#4972);
#4115=AXIS2_PLACEMENT_3D('',#6213,#4973,#4974);
#4116=AXIS2_PLACEMENT_3D('',#6215,#4976,#4977);
#4117=AXIS2_PLACEMENT_3D('',#6217,#4978,#4979);
#4118=AXIS2_PLACEMENT_3D('',#6219,#4981,#4982);
#4119=AXIS2_PLACEMENT_3D('',#6221,#4983,#4984);
#4120=AXIS2_PLACEMENT_3D('',#6223,#4986,#4987);
#4121=AXIS2_PLACEMENT_3D('',#6226,#4989,#4990);
#4122=AXIS2_PLACEMENT_3D('',#6227,#4991,#4992);
#4123=AXIS2_PLACEMENT_3D('',#6231,#4995,#4996);
#4124=AXIS2_PLACEMENT_3D('',#6234,#4998,#4999);
#4125=AXIS2_PLACEMENT_3D('',#6235,#5000,#5001);
#4126=AXIS2_PLACEMENT_3D('',#6239,#5004,#5005);
#4127=AXIS2_PLACEMENT_3D('',#6242,#5007,#5008);
#4128=AXIS2_PLACEMENT_3D('',#6243,#5009,#5010);
#4129=AXIS2_PLACEMENT_3D('',#6247,#5013,#5014);
#4130=AXIS2_PLACEMENT_3D('',#6250,#5016,#5017);
#4131=AXIS2_PLACEMENT_3D('',#6251,#5018,#5019);
#4132=AXIS2_PLACEMENT_3D('',#6255,#5022,#5023);
#4133=AXIS2_PLACEMENT_3D('',#6258,#5025,#5026);
#4134=AXIS2_PLACEMENT_3D('',#6259,#5027,#5028);
#4135=AXIS2_PLACEMENT_3D('',#6263,#5031,#5032);
#4136=AXIS2_PLACEMENT_3D('',#6266,#5034,#5035);
#4137=AXIS2_PLACEMENT_3D('',#6267,#5036,#5037);
#4138=AXIS2_PLACEMENT_3D('',#6271,#5040,#5041);
#4139=AXIS2_PLACEMENT_3D('',#6275,#5043,#5044);
#4140=AXIS2_PLACEMENT_3D('',#6277,#5046,#5047);
#4141=AXIS2_PLACEMENT_3D('',#6281,#5050,#5051);
#4142=AXIS2_PLACEMENT_3D('',#6285,#5053,#5054);
#4143=AXIS2_PLACEMENT_3D('',#6287,#5056,#5057);
#4144=AXIS2_PLACEMENT_3D('',#6289,#5059,#5060);
#4145=AXIS2_PLACEMENT_3D('',#6292,#5062,#5063);
#4146=AXIS2_PLACEMENT_3D('',#6293,#5064,#5065);
#4147=AXIS2_PLACEMENT_3D('',#6297,#5068,#5069);
#4148=AXIS2_PLACEMENT_3D('',#6300,#5071,#5072);
#4149=AXIS2_PLACEMENT_3D('',#6301,#5073,#5074);
#4150=AXIS2_PLACEMENT_3D('',#6305,#5077,#5078);
#4151=AXIS2_PLACEMENT_3D('',#6308,#5080,#5081);
#4152=AXIS2_PLACEMENT_3D('',#6309,#5082,#5083);
#4153=AXIS2_PLACEMENT_3D('',#6313,#5086,#5087);
#4154=AXIS2_PLACEMENT_3D('',#6316,#5089,#5090);
#4155=AXIS2_PLACEMENT_3D('',#6317,#5091,#5092);
#4156=AXIS2_PLACEMENT_3D('',#6321,#5095,#5096);
#4157=AXIS2_PLACEMENT_3D('',#6324,#5098,#5099);
#4158=AXIS2_PLACEMENT_3D('',#6325,#5100,#5101);
#4159=AXIS2_PLACEMENT_3D('',#6329,#5104,#5105);
#4160=AXIS2_PLACEMENT_3D('',#6332,#5107,#5108);
#4161=AXIS2_PLACEMENT_3D('',#6333,#5109,#5110);
#4162=AXIS2_PLACEMENT_3D('',#6337,#5113,#5114);
#4163=AXIS2_PLACEMENT_3D('',#6340,#5116,#5117);
#4164=AXIS2_PLACEMENT_3D('',#6341,#5118,#5119);
#4165=AXIS2_PLACEMENT_3D('',#6345,#5122,#5123);
#4166=AXIS2_PLACEMENT_3D('',#6348,#5125,#5126);
#4167=AXIS2_PLACEMENT_3D('',#6349,#5127,#5128);
#4168=AXIS2_PLACEMENT_3D('',#6351,#5130,#5131);
#4169=AXIS2_PLACEMENT_3D('',#6354,#5133,#5134);
#4170=AXIS2_PLACEMENT_3D('',#6355,#5135,#5136);
#4171=AXIS2_PLACEMENT_3D('',#6357,#5138,#5139);
#4172=AXIS2_PLACEMENT_3D('',#6360,#5141,#5142);
#4173=AXIS2_PLACEMENT_3D('',#6361,#5143,#5144);
#4174=AXIS2_PLACEMENT_3D('',#6363,#5146,#5147);
#4175=AXIS2_PLACEMENT_3D('',#6366,#5149,#5150);
#4176=AXIS2_PLACEMENT_3D('',#6367,#5151,#5152);
#4177=AXIS2_PLACEMENT_3D('',#6369,#5154,#5155);
#4178=AXIS2_PLACEMENT_3D('',#6372,#5157,#5158);
#4179=AXIS2_PLACEMENT_3D('',#6373,#5159,#5160);
#4180=AXIS2_PLACEMENT_3D('',#6375,#5162,#5163);
#4181=AXIS2_PLACEMENT_3D('',#6378,#5165,#5166);
#4182=AXIS2_PLACEMENT_3D('',#6379,#5167,#5168);
#4183=AXIS2_PLACEMENT_3D('',#6381,#5170,#5171);
#4184=AXIS2_PLACEMENT_3D('',#6384,#5173,#5174);
#4185=AXIS2_PLACEMENT_3D('',#6385,#5175,#5176);
#4186=AXIS2_PLACEMENT_3D('',#6387,#5178,#5179);
#4187=AXIS2_PLACEMENT_3D('',#6390,#5182,#5183);
#4188=AXIS2_PLACEMENT_3D('',#6392,#5185,#5186);
#4189=AXIS2_PLACEMENT_3D('',#6393,#5187,#5188);
#4190=AXIS2_PLACEMENT_3D('',#6396,#5191,#5192);
#4191=AXIS2_PLACEMENT_3D('',#6398,#5193,#5194);
#4192=AXIS2_PLACEMENT_3D('',#6400,#5196,#5197);
#4193=AXIS2_PLACEMENT_3D('',#6404,#5199,#5200);
#4194=AXIS2_PLACEMENT_3D('',#6406,#5202,#5203);
#4195=AXIS2_PLACEMENT_3D('',#6408,#5204,#5205);
#4196=AXIS2_PLACEMENT_3D('',#6410,#5207,#5208);
#4197=AXIS2_PLACEMENT_3D('',#6416,#5212,#5213);
#4198=AXIS2_PLACEMENT_3D('',#6419,#5214,#5215);
#4199=AXIS2_PLACEMENT_3D('',#6422,#5218,#5219);
#4200=AXIS2_PLACEMENT_3D('',#6425,#5221,#5222);
#4201=AXIS2_PLACEMENT_3D('',#6426,#5223,#5224);
#4202=AXIS2_PLACEMENT_3D('',#6428,#5225,#5226);
#4203=AXIS2_PLACEMENT_3D('',#6430,#5228,#5229);
#4204=AXIS2_PLACEMENT_3D('',#6432,#5230,#5231);
#4205=AXIS2_PLACEMENT_3D('',#6434,#5233,#5234);
#4206=AXIS2_PLACEMENT_3D('',#6439,#5237,#5238);
#4207=AXIS2_PLACEMENT_3D('',#6440,#5239,#5240);
#4208=AXIS2_PLACEMENT_3D('',#6443,#5241,#5242);
#4209=AXIS2_PLACEMENT_3D('',#6446,#5245,#5246);
#4210=AXIS2_PLACEMENT_3D('',#6448,#5247,#5248);
#4211=AXIS2_PLACEMENT_3D('',#6454,#5252,#5253);
#4212=AXIS2_PLACEMENT_3D('',#6456,#5255,#5256);
#4213=AXIS2_PLACEMENT_3D('',#6460,#5258,#5259);
#4214=AXIS2_PLACEMENT_3D('',#6462,#5261,#5262);
#4215=AXIS2_PLACEMENT_3D('',#6464,#5263,#5264);
#4216=AXIS2_PLACEMENT_3D('',#6466,#5266,#5267);
#4217=AXIS2_PLACEMENT_3D('',#6468,#5268,#5269);
#4218=AXIS2_PLACEMENT_3D('',#6470,#5270,#5271);
#4219=AXIS2_PLACEMENT_3D('',#6472,#5273,#5274);
#4220=AXIS2_PLACEMENT_3D('',#6474,#5275,#5276);
#4221=AXIS2_PLACEMENT_3D('',#6476,#5278,#5279);
#4222=AXIS2_PLACEMENT_3D('',#6478,#5280,#5281);
#4223=AXIS2_PLACEMENT_3D('',#6480,#5283,#5284);
#4224=AXIS2_PLACEMENT_3D('',#6482,#5285,#5286);
#4225=AXIS2_PLACEMENT_3D('',#6484,#5288,#5289);
#4226=AXIS2_PLACEMENT_3D('',#6487,#5291,#5292);
#4227=AXIS2_PLACEMENT_3D('',#6496,#5299,#5300);
#4228=AXIS2_PLACEMENT_3D('',#6497,#5301,#5302);
#4229=AXIS2_PLACEMENT_3D('',#6498,#5303,#5304);
#4230=AXIS2_PLACEMENT_3D('',#6499,#5305,#5306);
#4231=AXIS2_PLACEMENT_3D('',#6500,#5307,#5308);
#4232=AXIS2_PLACEMENT_3D('',#6503,#5310,#5311);
#4233=AXIS2_PLACEMENT_3D('',#6504,#5312,#5313);
#4234=AXIS2_PLACEMENT_3D('',#6506,#5315,#5316);
#4235=AXIS2_PLACEMENT_3D('',#6508,#5318,#5319);
#4236=AXIS2_PLACEMENT_3D('',#6510,#5321,#5322);
#4237=AXIS2_PLACEMENT_3D('',#6511,#5323,#5324);
#4238=AXIS2_PLACEMENT_3D('',#6512,#5325,#5326);
#4239=AXIS2_PLACEMENT_3D('',#6513,#5327,#5328);
#4240=AXIS2_PLACEMENT_3D('',#6515,#5330,#5331);
#4241=AXIS2_PLACEMENT_3D('',#6517,#5333,#5334);
#4242=AXIS2_PLACEMENT_3D('',#6519,#5336,#5337);
#4243=AXIS2_PLACEMENT_3D('',#6521,#5339,#5340);
#4244=AXIS2_PLACEMENT_3D('',#6523,#5342,#5343);
#4245=AXIS2_PLACEMENT_3D('',#6525,#5345,#5346);
#4246=AXIS2_PLACEMENT_3D('',#6529,#5349,#5350);
#4247=AXIS2_PLACEMENT_3D('',#6532,#5353,#5354);
#4248=AXIS2_PLACEMENT_3D('',#6533,#5355,#5356);
#4249=AXIS2_PLACEMENT_3D('',#6535,#5358,#5359);
#4250=AXIS2_PLACEMENT_3D('',#6538,#5362,#5363);
#4251=AXIS2_PLACEMENT_3D('',#6539,#5364,#5365);
#4252=AXIS2_PLACEMENT_3D('',#6541,#5367,#5368);
#4253=AXIS2_PLACEMENT_3D('',#6543,#5370,#5371);
#4254=AXIS2_PLACEMENT_3D('',#6545,#5373,#5374);
#4255=AXIS2_PLACEMENT_3D('',#6547,#5376,#5377);
#4256=AXIS2_PLACEMENT_3D('',#6549,#5379,#5380);
#4257=AXIS2_PLACEMENT_3D('',#6550,#5381,#5382);
#4258=AXIS2_PLACEMENT_3D('',#6552,#5384,#5385);
#4259=AXIS2_PLACEMENT_3D('',#6553,#5386,#5387);
#4260=AXIS2_PLACEMENT_3D('',#6555,#5389,#5390);
#4261=AXIS2_PLACEMENT_3D('',#6556,#5391,#5392);
#4262=AXIS2_PLACEMENT_3D('',#6558,#5394,#5395);
#4263=DIRECTION('axis',(0.,0.,1.));
#4264=DIRECTION('refdir',(1.,0.,0.));
#4265=DIRECTION('center_axis',(-5.04249369442811E-16,-1.,0.));
#4266=DIRECTION('ref_axis',(0.499999999999998,0.,-0.86602540378444));
#4267=DIRECTION('center_axis',(0.,1.,0.));
#4268=DIRECTION('ref_axis',(0.499999999999998,0.,-0.86602540378444));
#4269=DIRECTION('',(-5.04249369442811E-16,-1.,0.));
#4270=DIRECTION('center_axis',(0.,-1.,0.));
#4271=DIRECTION('ref_axis',(0.499999999999998,0.,-0.86602540378444));
#4272=DIRECTION('',(5.04249369442811E-16,1.,0.));
#4273=DIRECTION('center_axis',(0.,-1.,0.));
#4274=DIRECTION('ref_axis',(0.499999999999998,0.,-0.86602540378444));
#4275=DIRECTION('',(-5.04249369442811E-16,-1.,0.));
#4276=DIRECTION('center_axis',(-5.04249369442811E-16,-1.,0.));
#4277=DIRECTION('ref_axis',(-0.707106781186546,0.,0.70710678118655));
#4278=DIRECTION('center_axis',(0.,1.,0.));
#4279=DIRECTION('ref_axis',(-0.707106781186546,0.,0.70710678118655));
#4280=DIRECTION('',(0.,1.,0.));
#4281=DIRECTION('center_axis',(0.,1.,0.));
#4282=DIRECTION('ref_axis',(-0.707106781186546,0.,0.70710678118655));
#4283=DIRECTION('center_axis',(0.,0.,-1.));
#4284=DIRECTION('ref_axis',(-1.,0.,0.));
#4285=DIRECTION('',(1.,0.,0.));
#4286=DIRECTION('',(5.0424936944281E-16,1.,0.));
#4287=DIRECTION('',(-1.,0.,0.));
#4288=DIRECTION('center_axis',(5.0424936944281E-16,1.,0.));
#4289=DIRECTION('ref_axis',(0.5,0.,0.866025403784439));
#4290=DIRECTION('',(5.0424936944281E-16,1.,0.));
#4291=DIRECTION('center_axis',(0.,1.,0.));
#4292=DIRECTION('ref_axis',(0.5,0.,0.866025403784439));
#4293=DIRECTION('',(-5.0424936944281E-16,-1.,0.));
#4294=DIRECTION('center_axis',(0.,1.,0.));
#4295=DIRECTION('ref_axis',(0.5,0.,0.866025403784439));
#4296=DIRECTION('',(5.0424936944281E-16,1.,0.));
#4297=DIRECTION('center_axis',(0.,-1.,0.));
#4298=DIRECTION('ref_axis',(0.5,0.,0.866025403784439));
#4299=DIRECTION('center_axis',(0.,1.,0.));
#4300=DIRECTION('ref_axis',(-1.,0.,0.));
#4301=DIRECTION('center_axis',(0.,1.,0.));
#4302=DIRECTION('ref_axis',(-0.707106781186548,0.,-0.707106781186548));
#4303=DIRECTION('',(0.,0.,1.));
#4304=DIRECTION('',(1.,0.,0.));
#4305=DIRECTION('',(0.,0.,1.));
#4306=DIRECTION('center_axis',(5.0424936944281E-16,1.,0.));
#4307=DIRECTION('ref_axis',(-0.707106781186548,0.,-0.707106781186548));
#4308=DIRECTION('center_axis',(0.,-1.,0.));
#4309=DIRECTION('ref_axis',(-0.707106781186548,0.,-0.707106781186548));
#4310=DIRECTION('center_axis',(0.,-1.,0.));
#4311=DIRECTION('ref_axis',(1.,0.,0.));
#4312=DIRECTION('',(0.,0.,1.));
#4313=DIRECTION('',(-1.,0.,0.));
#4314=DIRECTION('center_axis',(0.,1.,0.));
#4315=DIRECTION('ref_axis',(0.316227766016838,0.,-0.948683298050514));
#4316=DIRECTION('center_axis',(0.,-1.,0.));
#4317=DIRECTION('ref_axis',(-0.8,0.,0.6));
#4318=DIRECTION('',(1.,0.,0.));
#4319=DIRECTION('center_axis',(0.,-1.,0.));
#4320=DIRECTION('ref_axis',(0.8,0.,0.6));
#4321=DIRECTION('center_axis',(0.,1.,0.));
#4322=DIRECTION('ref_axis',(-0.316227766016839,0.,-0.948683298050514));
#4323=DIRECTION('',(-1.,0.,0.));
#4324=DIRECTION('',(0.,0.,-1.));
#4325=DIRECTION('center_axis',(0.,0.,-1.));
#4326=DIRECTION('ref_axis',(-0.707106781186547,-0.707106781186547,0.));
#4327=DIRECTION('center_axis',(0.,0.,-1.));
#4328=DIRECTION('ref_axis',(-0.707106781186547,-0.707106781186547,0.));
#4329=DIRECTION('',(0.,0.,-1.));
#4330=DIRECTION('center_axis',(0.,0.,1.));
#4331=DIRECTION('ref_axis',(-0.707106781186547,-0.707106781186547,0.));
#4332=DIRECTION('center_axis',(-1.,5.0424936944281E-16,9.89104513094728E-16));
#4333=DIRECTION('ref_axis',(0.,-0.890906143320779,0.45418745446489));
#4334=DIRECTION('',(0.,-1.,0.));
#4335=DIRECTION('',(0.,0.,1.));
#4336=DIRECTION('',(0.,1.,0.));
#4337=DIRECTION('',(0.,1.,0.));
#4338=DIRECTION('',(0.,4.74447364105662E-8,-0.999999999999999));
#4339=DIRECTION('',(9.86076131526265E-31,-0.890906143320778,0.45418745446489));
#4340=DIRECTION('',(1.11022302462516E-15,0.45418745446489,0.890906143320778));
#4341=DIRECTION('',(-2.25906649214282E-17,0.881479947189315,-0.472221455149088));
#4342=DIRECTION('center_axis',(-1.,5.0424936944281E-16,9.89104513094728E-16));
#4343=DIRECTION('ref_axis',(0.,-1.,0.));
#4344=DIRECTION('',(-2.25906649214282E-17,0.881479947189315,-0.472221455149088));
#4345=DIRECTION('center_axis',(-1.,5.0424936944281E-16,9.89104513094728E-16));
#4346=DIRECTION('ref_axis',(0.,-0.302838631780576,0.953041847507899));
#4347=DIRECTION('',(1.11018914478976E-15,0.447213595499958,0.894427190999916));
#4348=DIRECTION('center_axis',(-1.,5.0424936944281E-16,9.89104513094728E-16));
#4349=DIRECTION('ref_axis',(0.,-0.949911298146285,-0.312519640429269));
#4350=DIRECTION('',(9.86076131526265E-31,-0.890906143320778,0.45418745446489));
#4351=DIRECTION('',(9.89104513094728E-16,0.,1.));
#4352=DIRECTION('center_axis',(0.,0.,1.));
#4353=DIRECTION('ref_axis',(0.707106781186546,-0.707106781186549,0.));
#4354=DIRECTION('center_axis',(0.,0.,1.));
#4355=DIRECTION('ref_axis',(0.707106781186546,-0.707106781186549,0.));
#4356=DIRECTION('',(0.,0.,1.));
#4357=DIRECTION('center_axis',(-1.,0.,0.));
#4358=DIRECTION('ref_axis',(0.,-0.949911298146285,-0.312519640429269));
#4359=DIRECTION('center_axis',(1.,0.,0.));
#4360=DIRECTION('ref_axis',(0.,-0.949911298146285,-0.312519640429269));
#4361=DIRECTION('',(1.,0.,0.));
#4362=DIRECTION('',(-1.,0.,0.));
#4363=DIRECTION('center_axis',(0.,-0.45418745446489,-0.890906143320778));
#4364=DIRECTION('ref_axis',(0.,-0.890906143320778,0.45418745446489));
#4365=DIRECTION('',(0.,-0.890906143320778,0.45418745446489));
#4366=DIRECTION('',(1.,0.,0.));
#4367=DIRECTION('center_axis',(-1.,0.,0.));
#4368=DIRECTION('ref_axis',(0.,0.,1.));
#4369=DIRECTION('',(0.,0.447213595499958,0.894427190999916));
#4370=DIRECTION('center_axis',(1.,0.,0.));
#4371=DIRECTION('ref_axis',(0.,-0.302838631780576,0.953041847507899));
#4372=DIRECTION('',(0.,0.881479947189315,-0.472221455149088));
#4373=DIRECTION('center_axis',(1.,0.,0.));
#4374=DIRECTION('ref_axis',(0.,-1.,0.));
#4375=DIRECTION('',(0.,0.881479947189315,-0.472221455149088));
#4376=DIRECTION('',(0.,-3.725287330465E-7,0.999999999999931));
#4377=DIRECTION('',(2.98023263844987E-8,-1.,0.));
#4378=DIRECTION('',(0.,-0.890906143320778,0.45418745446489));
#4379=DIRECTION('',(0.,-4.74447364105662E-8,0.999999999999999));
#4380=DIRECTION('',(0.,-1.,0.));
#4381=DIRECTION('',(0.,-1.,0.));
#4382=DIRECTION('',(0.,0.,1.));
#4383=DIRECTION('',(0.,1.,0.));
#4384=DIRECTION('center_axis',(1.,0.,0.));
#4385=DIRECTION('ref_axis',(0.,-0.316227766016839,-0.948683298050514));
#4386=DIRECTION('center_axis',(-1.,0.,0.));
#4387=DIRECTION('ref_axis',(0.,0.8,0.6));
#4388=DIRECTION('',(0.,-1.,0.));
#4389=DIRECTION('center_axis',(-1.,0.,0.));
#4390=DIRECTION('ref_axis',(0.,-0.8,0.6));
#4391=DIRECTION('center_axis',(1.,0.,0.));
#4392=DIRECTION('ref_axis',(0.,0.316227766016838,-0.948683298050514));
#4393=DIRECTION('',(0.,1.,0.));
#4394=DIRECTION('',(0.,-1.,0.));
#4395=DIRECTION('',(0.,0.,-1.));
#4396=DIRECTION('center_axis',(-1.,0.,0.));
#4397=DIRECTION('ref_axis',(0.,-0.302838631780576,0.953041847507899));
#4398=DIRECTION('',(1.,0.,0.));
#4399=DIRECTION('',(-1.,0.,0.));
#4400=DIRECTION('center_axis',(0.,0.472221455149088,0.881479947189315));
#4401=DIRECTION('ref_axis',(0.,0.881479947189315,-0.472221455149088));
#4402=DIRECTION('',(-1.,0.,0.));
#4403=DIRECTION('center_axis',(-1.,0.,0.));
#4404=DIRECTION('ref_axis',(0.,-0.949911298146285,-0.312519640429269));
#4405=DIRECTION('center_axis',(1.,-5.04249369442811E-16,-9.89104513094727E-16));
#4406=DIRECTION('ref_axis',(0.,-0.949911298146285,-0.312519640429269));
#4407=DIRECTION('',(1.,0.,0.));
#4408=DIRECTION('center_axis',(-1.,0.,0.));
#4409=DIRECTION('ref_axis',(0.,-0.949911298146285,-0.312519640429269));
#4410=DIRECTION('',(-1.,0.,0.));
#4411=DIRECTION('center_axis',(1.,-5.04249369442811E-16,-9.89104513094727E-16));
#4412=DIRECTION('ref_axis',(0.,0.890906143320778,-0.454187454464891));
#4413=DIRECTION('',(0.,0.,-1.));
#4414=DIRECTION('',(1.97215226305253E-31,0.890906143320778,-0.45418745446489));
#4415=DIRECTION('',(-1.11018914478976E-15,-0.447213595499958,-0.894427190999916));
#4416=DIRECTION('center_axis',(1.,-5.04249369442811E-16,-9.89104513094727E-16));
#4417=DIRECTION('ref_axis',(0.,-0.302838631780576,0.953041847507899));
#4418=DIRECTION('',(2.2590664921427E-17,-0.881479947189315,0.472221455149088));
#4419=DIRECTION('center_axis',(1.,-5.04249369442811E-16,-9.89104513094727E-16));
#4420=DIRECTION('ref_axis',(0.,-1.,0.));
#4421=DIRECTION('',(2.2590664921427E-17,-0.881479947189315,0.472221455149088));
#4422=DIRECTION('',(1.11022302462516E-15,0.45418745446489,0.890906143320778));
#4423=DIRECTION('',(1.97215226305253E-31,0.890906143320778,-0.45418745446489));
#4424=DIRECTION('',(0.,-4.74447364105662E-8,0.999999999999999));
#4425=DIRECTION('',(0.,-1.,0.));
#4426=DIRECTION('',(0.,0.,1.));
#4427=DIRECTION('',(0.,-1.,0.));
#4428=DIRECTION('',(0.,0.,1.));
#4429=DIRECTION('',(0.,1.,0.));
#4430=DIRECTION('center_axis',(0.,-0.894427190999916,0.447213595499958));
#4431=DIRECTION('ref_axis',(0.,0.447213595499958,0.894427190999916));
#4432=DIRECTION('',(0.,0.447213595499958,0.894427190999916));
#4433=DIRECTION('',(1.,0.,0.));
#4434=DIRECTION('center_axis',(-1.,0.,0.));
#4435=DIRECTION('ref_axis',(0.,-0.302838631780576,0.953041847507899));
#4436=DIRECTION('center_axis',(-1.,0.,0.));
#4437=DIRECTION('ref_axis',(0.,-0.302838631780576,0.953041847507899));
#4438=DIRECTION('',(-1.,0.,0.));
#4439=DIRECTION('center_axis',(0.,3.725287330465E-7,-0.999999999999931));
#4440=DIRECTION('ref_axis',(0.707106781186548,0.707106781186498,2.63417595940884E-7));
#4441=DIRECTION('center_axis',(0.,-0.472221455149088,-0.881479947189315));
#4442=DIRECTION('ref_axis',(6.72814407243561E-16,0.881479947189315,-0.472221455149087));
#4443=DIRECTION('',(0.,3.725287330465E-7,-0.999999999999931));
#4444=DIRECTION('center_axis',(0.,0.,1.));
#4445=DIRECTION('ref_axis',(1.,0.,0.));
#4446=DIRECTION('',(0.,-3.725287330465E-7,0.999999999999931));
#4447=DIRECTION('center_axis',(0.,0.,1.));
#4448=DIRECTION('ref_axis',(0.707106781186548,0.707106781186548,0.));
#4449=DIRECTION('center_axis',(0.,0.,1.));
#4450=DIRECTION('ref_axis',(0.707106781186548,0.707106781186548,0.));
#4451=DIRECTION('',(0.,0.,1.));
#4452=DIRECTION('center_axis',(0.,0.,-1.));
#4453=DIRECTION('ref_axis',(0.,1.,0.));
#4454=DIRECTION('',(0.,0.,-1.));
#4455=DIRECTION('center_axis',(0.,0.,1.));
#4456=DIRECTION('ref_axis',(0.707106728502976,0.707106833870115,0.));
#4457=DIRECTION('',(0.,0.,-1.));
#4458=DIRECTION('',(0.,0.,1.));
#4459=DIRECTION('center_axis',(0.,1.,0.));
#4460=DIRECTION('ref_axis',(-1.,0.,0.));
#4461=DIRECTION('',(1.,0.,0.));
#4462=DIRECTION('center_axis',(0.,-1.,0.));
#4463=DIRECTION('ref_axis',(-0.316227766016839,0.,-0.948683298050514));
#4464=DIRECTION('center_axis',(0.,1.,0.));
#4465=DIRECTION('ref_axis',(0.8,0.,0.6));
#4466=DIRECTION('',(-1.,0.,0.));
#4467=DIRECTION('center_axis',(0.,1.,0.));
#4468=DIRECTION('ref_axis',(-0.8,0.,0.6));
#4469=DIRECTION('center_axis',(0.,-1.,0.));
#4470=DIRECTION('ref_axis',(0.316227766016838,0.,-0.948683298050514));
#4471=DIRECTION('',(1.,0.,0.));
#4472=DIRECTION('',(0.,0.,-1.));
#4473=DIRECTION('',(0.,0.,-1.));
#4474=DIRECTION('',(-1.,0.,0.));
#4475=DIRECTION('',(0.,0.,-1.));
#4476=DIRECTION('center_axis',(0.,1.,0.));
#4477=DIRECTION('ref_axis',(-0.707106781186547,0.,-0.707106781186547));
#4478=DIRECTION('',(1.,0.,0.));
#4479=DIRECTION('center_axis',(0.,1.,0.));
#4480=DIRECTION('ref_axis',(0.707106781186547,0.,-0.707106781186547));
#4481=DIRECTION('',(0.,0.,1.));
#4482=DIRECTION('center_axis',(0.,1.,0.));
#4483=DIRECTION('ref_axis',(0.707106781186548,0.,0.707106781186547));
#4484=DIRECTION('',(-1.,0.,0.));
#4485=DIRECTION('center_axis',(0.,1.,0.));
#4486=DIRECTION('ref_axis',(-0.707106781186548,0.,0.707106781186547));
#4487=DIRECTION('',(0.,0.,-1.));
#4488=DIRECTION('center_axis',(0.,1.,0.));
#4489=DIRECTION('ref_axis',(-0.707106781186549,0.,-0.707106781186546));
#4490=DIRECTION('',(1.,0.,0.));
#4491=DIRECTION('center_axis',(0.,1.,0.));
#4492=DIRECTION('ref_axis',(0.707106781186546,0.,-0.707106781186549));
#4493=DIRECTION('',(0.,0.,1.));
#4494=DIRECTION('center_axis',(0.,1.,0.));
#4495=DIRECTION('ref_axis',(0.70710678118655,0.,0.707106781186545));
#4496=DIRECTION('',(-1.,0.,0.));
#4497=DIRECTION('center_axis',(0.,1.,0.));
#4498=DIRECTION('ref_axis',(-0.707106781186547,0.,0.707106781186548));
#4499=DIRECTION('',(1.,0.,0.));
#4500=DIRECTION('center_axis',(0.,1.,0.));
#4501=DIRECTION('ref_axis',(0.707106781186546,0.,-0.707106781186549));
#4502=DIRECTION('',(0.,0.,1.));
#4503=DIRECTION('center_axis',(0.,1.,0.));
#4504=DIRECTION('ref_axis',(0.70710678118655,0.,0.707106781186545));
#4505=DIRECTION('',(-1.,0.,0.));
#4506=DIRECTION('center_axis',(0.,1.,0.));
#4507=DIRECTION('ref_axis',(-0.707106781186547,0.,0.707106781186548));
#4508=DIRECTION('',(0.,0.,-1.));
#4509=DIRECTION('center_axis',(0.,1.,0.));
#4510=DIRECTION('ref_axis',(-0.707106781186549,0.,-0.707106781186546));
#4511=DIRECTION('',(0.,0.,-1.));
#4512=DIRECTION('center_axis',(0.,1.,0.));
#4513=DIRECTION('ref_axis',(-0.707106781186546,0.,-0.707106781186549));
#4514=DIRECTION('',(1.,0.,0.));
#4515=DIRECTION('center_axis',(0.,1.,0.));
#4516=DIRECTION('ref_axis',(0.707106781186546,0.,-0.707106781186549));
#4517=DIRECTION('',(0.,0.,1.));
#4518=DIRECTION('center_axis',(0.,1.,0.));
#4519=DIRECTION('ref_axis',(0.707106781186547,0.,0.707106781186548));
#4520=DIRECTION('',(-1.,0.,0.));
#4521=DIRECTION('center_axis',(0.,1.,0.));
#4522=DIRECTION('ref_axis',(-0.707106781186547,0.,0.707106781186548));
#4523=DIRECTION('',(0.,0.,-1.));
#4524=DIRECTION('center_axis',(0.,1.,0.));
#4525=DIRECTION('ref_axis',(-0.707106781186546,0.,-0.707106781186549));
#4526=DIRECTION('',(1.,0.,0.));
#4527=DIRECTION('center_axis',(0.,1.,0.));
#4528=DIRECTION('ref_axis',(0.707106781186546,0.,-0.707106781186549));
#4529=DIRECTION('',(0.,0.,1.));
#4530=DIRECTION('center_axis',(0.,1.,0.));
#4531=DIRECTION('ref_axis',(0.707106781186547,0.,0.707106781186548));
#4532=DIRECTION('',(-1.,0.,0.));
#4533=DIRECTION('center_axis',(0.,1.,0.));
#4534=DIRECTION('ref_axis',(-0.707106781186547,0.,0.707106781186548));
#4535=DIRECTION('',(0.,0.,-1.));
#4536=DIRECTION('center_axis',(0.,1.,0.));
#4537=DIRECTION('ref_axis',(-0.707106781186549,0.,-0.707106781186546));
#4538=DIRECTION('',(1.,0.,0.));
#4539=DIRECTION('center_axis',(0.,1.,0.));
#4540=DIRECTION('ref_axis',(0.707106781186546,0.,-0.707106781186549));
#4541=DIRECTION('',(0.,0.,1.));
#4542=DIRECTION('center_axis',(0.,1.,0.));
#4543=DIRECTION('ref_axis',(0.70710678118655,0.,0.707106781186545));
#4544=DIRECTION('',(-1.,0.,0.));
#4545=DIRECTION('center_axis',(0.,1.,0.));
#4546=DIRECTION('ref_axis',(-0.707106781186547,0.,0.707106781186548));
#4547=DIRECTION('',(0.,0.,-1.));
#4548=DIRECTION('center_axis',(0.,1.,0.));
#4549=DIRECTION('ref_axis',(-0.707106781186549,0.,-0.707106781186546));
#4550=DIRECTION('',(1.,0.,0.));
#4551=DIRECTION('center_axis',(0.,1.,0.));
#4552=DIRECTION('ref_axis',(0.707106781186546,0.,-0.707106781186549));
#4553=DIRECTION('',(0.,0.,1.));
#4554=DIRECTION('center_axis',(0.,1.,0.));
#4555=DIRECTION('ref_axis',(0.70710678118655,0.,0.707106781186545));
#4556=DIRECTION('',(-1.,0.,0.));
#4557=DIRECTION('center_axis',(0.,1.,0.));
#4558=DIRECTION('ref_axis',(-0.707106781186547,0.,0.707106781186548));
#4559=DIRECTION('',(0.,0.,-1.));
#4560=DIRECTION('center_axis',(0.,1.,0.));
#4561=DIRECTION('ref_axis',(-0.707106781186547,0.,-0.707106781186547));
#4562=DIRECTION('',(1.,0.,0.));
#4563=DIRECTION('center_axis',(0.,1.,0.));
#4564=DIRECTION('ref_axis',(0.707106781186547,0.,-0.707106781186547));
#4565=DIRECTION('',(0.,0.,1.));
#4566=DIRECTION('center_axis',(0.,1.,0.));
#4567=DIRECTION('ref_axis',(0.707106781186547,0.,0.707106781186547));
#4568=DIRECTION('',(-1.,0.,0.));
#4569=DIRECTION('center_axis',(0.,1.,0.));
#4570=DIRECTION('ref_axis',(-0.707106781186547,0.,0.707106781186547));
#4571=DIRECTION('',(0.,0.,-1.));
#4572=DIRECTION('center_axis',(0.,1.,0.));
#4573=DIRECTION('ref_axis',(-0.707106781186549,0.,-0.707106781186546));
#4574=DIRECTION('',(1.,0.,0.));
#4575=DIRECTION('center_axis',(0.,1.,0.));
#4576=DIRECTION('ref_axis',(0.707106781186546,0.,-0.707106781186549));
#4577=DIRECTION('',(0.,0.,1.));
#4578=DIRECTION('center_axis',(0.,1.,0.));
#4579=DIRECTION('ref_axis',(0.707106781186549,0.,0.707106781186546));
#4580=DIRECTION('',(-1.,0.,0.));
#4581=DIRECTION('center_axis',(0.,1.,0.));
#4582=DIRECTION('ref_axis',(-0.707106781186546,0.,0.707106781186549));
#4583=DIRECTION('',(0.,0.,-1.));
#4584=DIRECTION('center_axis',(0.,1.,0.));
#4585=DIRECTION('ref_axis',(-0.707106781186549,0.,-0.707106781186546));
#4586=DIRECTION('',(1.,0.,0.));
#4587=DIRECTION('center_axis',(0.,1.,0.));
#4588=DIRECTION('ref_axis',(0.707106781186546,0.,-0.707106781186549));
#4589=DIRECTION('',(0.,0.,1.));
#4590=DIRECTION('center_axis',(0.,1.,0.));
#4591=DIRECTION('ref_axis',(0.707106781186549,0.,0.707106781186546));
#4592=DIRECTION('',(-1.,0.,0.));
#4593=DIRECTION('center_axis',(0.,1.,0.));
#4594=DIRECTION('ref_axis',(-0.707106781186546,0.,0.707106781186549));
#4595=DIRECTION('',(0.,0.,-1.));
#4596=DIRECTION('center_axis',(0.,1.,0.));
#4597=DIRECTION('ref_axis',(-0.707106781186546,0.,-0.707106781186549));
#4598=DIRECTION('',(1.,0.,0.));
#4599=DIRECTION('center_axis',(0.,1.,0.));
#4600=DIRECTION('ref_axis',(0.707106781186546,0.,-0.707106781186549));
#4601=DIRECTION('',(0.,0.,1.));
#4602=DIRECTION('center_axis',(0.,1.,0.));
#4603=DIRECTION('ref_axis',(0.707106781186546,0.,0.707106781186549));
#4604=DIRECTION('',(-1.,0.,0.));
#4605=DIRECTION('center_axis',(0.,1.,0.));
#4606=DIRECTION('ref_axis',(-0.707106781186546,0.,0.707106781186549));
#4607=DIRECTION('',(0.,0.,-1.));
#4608=DIRECTION('center_axis',(0.,1.,0.));
#4609=DIRECTION('ref_axis',(-0.707106781186546,0.,-0.707106781186549));
#4610=DIRECTION('',(1.,0.,0.));
#4611=DIRECTION('center_axis',(0.,1.,0.));
#4612=DIRECTION('ref_axis',(0.707106781186546,0.,-0.707106781186549));
#4613=DIRECTION('',(0.,0.,1.));
#4614=DIRECTION('center_axis',(0.,1.,0.));
#4615=DIRECTION('ref_axis',(0.707106781186546,0.,0.707106781186549));
#4616=DIRECTION('',(-1.,0.,0.));
#4617=DIRECTION('center_axis',(0.,1.,0.));
#4618=DIRECTION('ref_axis',(-0.707106781186546,0.,0.707106781186549));
#4619=DIRECTION('',(0.,0.,-1.));
#4620=DIRECTION('center_axis',(0.,1.,0.));
#4621=DIRECTION('ref_axis',(-0.707106781186549,0.,-0.707106781186546));
#4622=DIRECTION('',(1.,0.,0.));
#4623=DIRECTION('center_axis',(0.,1.,0.));
#4624=DIRECTION('ref_axis',(0.707106781186546,0.,-0.707106781186549));
#4625=DIRECTION('',(0.,0.,1.));
#4626=DIRECTION('center_axis',(0.,1.,0.));
#4627=DIRECTION('ref_axis',(0.707106781186549,0.,0.707106781186546));
#4628=DIRECTION('',(-1.,0.,0.));
#4629=DIRECTION('center_axis',(0.,1.,0.));
#4630=DIRECTION('ref_axis',(-0.707106781186546,0.,0.707106781186549));
#4631=DIRECTION('',(1.,0.,0.));
#4632=DIRECTION('center_axis',(0.,1.,0.));
#4633=DIRECTION('ref_axis',(0.707106781186546,0.,-0.707106781186549));
#4634=DIRECTION('',(0.,0.,1.));
#4635=DIRECTION('center_axis',(0.,1.,0.));
#4636=DIRECTION('ref_axis',(0.707106781186549,0.,0.707106781186546));
#4637=DIRECTION('',(-1.,0.,0.));
#4638=DIRECTION('center_axis',(0.,1.,0.));
#4639=DIRECTION('ref_axis',(-0.707106781186546,0.,0.707106781186549));
#4640=DIRECTION('',(0.,0.,-1.));
#4641=DIRECTION('center_axis',(0.,1.,0.));
#4642=DIRECTION('ref_axis',(-0.707106781186549,0.,-0.707106781186546));
#4643=DIRECTION('center_axis',(0.,0.,-1.));
#4644=DIRECTION('ref_axis',(-1.,0.,0.));
#4645=DIRECTION('',(0.,-1.,0.));
#4646=DIRECTION('center_axis',(0.,0.,1.));
#4647=DIRECTION('ref_axis',(0.599998509883681,-0.800001117585071,0.));
#4648=DIRECTION('',(0.,1.,0.));
#4649=DIRECTION('',(-1.,0.,0.));
#4650=DIRECTION('',(0.,-1.,0.));
#4651=DIRECTION('center_axis',(0.,3.725287330465E-7,-0.999999999999931));
#4652=DIRECTION('ref_axis',(-0.707106781186543,0.707106781186503,2.63417595940881E-7));
#4653=DIRECTION('center_axis',(0.,-0.472221455149088,-0.881479947189315));
#4654=DIRECTION('ref_axis',(-2.44659784452204E-16,0.881479947189315,-0.472221455149087));
#4655=DIRECTION('',(0.,3.725287330465E-7,-0.999999999999931));
#4656=DIRECTION('center_axis',(3.72525967873445E-7,-3.72528732306393E-7,
0.999999999999861));
#4657=DIRECTION('ref_axis',(-2.2204460492503E-15,0.999999999999931,3.72528732306419E-7));
#4658=DIRECTION('center_axis',(0.,0.,1.));
#4659=DIRECTION('ref_axis',(-0.707106781186549,0.707106781186546,0.));
#4660=DIRECTION('center_axis',(0.,0.,1.));
#4661=DIRECTION('ref_axis',(-0.707106781186549,0.707106781186546,0.));
#4662=DIRECTION('center_axis',(0.,0.,-1.));
#4663=DIRECTION('ref_axis',(-1.,0.,0.));
#4664=DIRECTION('center_axis',(0.,0.,1.));
#4665=DIRECTION('ref_axis',(-0.707106791723262,0.707106770649833,0.));
#4666=DIRECTION('',(0.,0.,1.));
#4667=DIRECTION('center_axis',(-1.,-2.98023263844987E-8,0.));
#4668=DIRECTION('ref_axis',(2.98023263844987E-8,-1.,0.));
#4669=DIRECTION('',(0.,0.,1.));
#4670=DIRECTION('center_axis',(0.,0.,-1.));
#4671=DIRECTION('ref_axis',(-1.,0.,0.));
#4672=DIRECTION('',(0.,1.,0.));
#4673=DIRECTION('',(-1.,0.,0.));
#4674=DIRECTION('center_axis',(0.,0.,-1.));
#4675=DIRECTION('ref_axis',(-0.707106781186548,0.707106781186548,0.));
#4676=DIRECTION('',(0.,-1.,0.));
#4677=DIRECTION('',(1.,0.,0.));
#4678=DIRECTION('center_axis',(1.,0.,0.));
#4679=DIRECTION('ref_axis',(0.,1.,0.));
#4680=DIRECTION('',(0.,-0.890906143320778,0.45418745446489));
#4681=DIRECTION('',(0.,0.,-1.));
#4682=DIRECTION('',(0.,-1.,0.));
#4683=DIRECTION('center_axis',(-1.,0.,0.));
#4684=DIRECTION('ref_axis',(0.,0.316227766016838,-0.948683298050514));
#4685=DIRECTION('center_axis',(1.,0.,0.));
#4686=DIRECTION('ref_axis',(0.,-0.8,0.6));
#4687=DIRECTION('',(0.,-1.,0.));
#4688=DIRECTION('',(0.,0.,1.));
#4689=DIRECTION('',(0.,1.,0.));
#4690=DIRECTION('',(0.,1.,0.));
#4691=DIRECTION('',(0.,-4.74447364105662E-8,0.999999999999999));
#4692=DIRECTION('',(0.,-0.890906143320778,0.45418745446489));
#4693=DIRECTION('',(-1.49011631922492E-7,0.999999999999989,0.));
#4694=DIRECTION('',(0.,0.881479947189315,-0.472221455149088));
#4695=DIRECTION('center_axis',(-1.,0.,0.));
#4696=DIRECTION('ref_axis',(0.,-1.,0.));
#4697=DIRECTION('',(0.,0.881479947189315,-0.472221455149088));
#4698=DIRECTION('center_axis',(0.,0.,1.));
#4699=DIRECTION('ref_axis',(1.,0.,0.));
#4700=DIRECTION('',(-1.,0.,0.));
#4701=DIRECTION('center_axis',(0.,-1.,0.));
#4702=DIRECTION('ref_axis',(0.707106781186546,0.,-0.707106781186549));
#4703=DIRECTION('',(0.,-1.,0.));
#4704=DIRECTION('center_axis',(0.,-1.,0.));
#4705=DIRECTION('ref_axis',(0.707106781186546,0.,-0.707106781186549));
#4706=DIRECTION('',(0.,1.,0.));
#4707=DIRECTION('center_axis',(0.,0.,-1.));
#4708=DIRECTION('ref_axis',(1.,0.,0.));
#4709=DIRECTION('',(0.,1.,0.));
#4710=DIRECTION('',(-1.,0.,0.));
#4711=DIRECTION('center_axis',(0.,-1.,0.));
#4712=DIRECTION('ref_axis',(0.707106781186546,0.,-0.707106781186549));
#4713=DIRECTION('',(0.,-1.,0.));
#4714=DIRECTION('center_axis',(0.,-1.,0.));
#4715=DIRECTION('ref_axis',(0.707106781186546,0.,-0.707106781186549));
#4716=DIRECTION('',(0.,1.,0.));
#4717=DIRECTION('center_axis',(0.,0.,-1.));
#4718=DIRECTION('ref_axis',(1.,0.,0.));
#4719=DIRECTION('',(0.,1.,0.));
#4720=DIRECTION('',(-1.,0.,0.));
#4721=DIRECTION('center_axis',(0.,-1.,0.));
#4722=DIRECTION('ref_axis',(0.707106781186546,0.,-0.707106781186549));
#4723=DIRECTION('',(0.,-1.,0.));
#4724=DIRECTION('center_axis',(0.,-1.,0.));
#4725=DIRECTION('ref_axis',(0.707106781186546,0.,-0.707106781186549));
#4726=DIRECTION('',(0.,1.,0.));
#4727=DIRECTION('center_axis',(0.,0.,-1.));
#4728=DIRECTION('ref_axis',(1.,0.,0.));
#4729=DIRECTION('',(0.,1.,0.));
#4730=DIRECTION('',(-1.,0.,0.));
#4731=DIRECTION('center_axis',(0.,-1.,0.));
#4732=DIRECTION('ref_axis',(0.707106781186546,0.,-0.707106781186549));
#4733=DIRECTION('',(0.,-1.,0.));
#4734=DIRECTION('center_axis',(0.,-1.,0.));
#4735=DIRECTION('ref_axis',(0.707106781186546,0.,-0.707106781186549));
#4736=DIRECTION('',(0.,1.,0.));
#4737=DIRECTION('center_axis',(0.,0.,-1.));
#4738=DIRECTION('ref_axis',(1.,0.,0.));
#4739=DIRECTION('',(0.,1.,0.));
#4740=DIRECTION('',(-1.,0.,0.));
#4741=DIRECTION('center_axis',(0.,-1.,0.));
#4742=DIRECTION('ref_axis',(0.707106781186546,0.,-0.707106781186549));
#4743=DIRECTION('',(0.,-1.,0.));
#4744=DIRECTION('center_axis',(0.,-1.,0.));
#4745=DIRECTION('ref_axis',(0.707106781186546,0.,-0.707106781186549));
#4746=DIRECTION('',(0.,1.,0.));
#4747=DIRECTION('center_axis',(0.,0.,-1.));
#4748=DIRECTION('ref_axis',(1.,0.,0.));
#4749=DIRECTION('',(0.,1.,0.));
#4750=DIRECTION('',(-1.,0.,0.));
#4751=DIRECTION('center_axis',(0.,-1.,0.));
#4752=DIRECTION('ref_axis',(0.707106781186547,0.,-0.707106781186547));
#4753=DIRECTION('',(0.,-1.,0.));
#4754=DIRECTION('center_axis',(0.,-1.,0.));
#4755=DIRECTION('ref_axis',(0.707106781186547,0.,-0.707106781186547));
#4756=DIRECTION('',(0.,1.,0.));
#4757=DIRECTION('center_axis',(0.,0.,-1.));
#4758=DIRECTION('ref_axis',(1.,0.,0.));
#4759=DIRECTION('',(0.,1.,0.));
#4760=DIRECTION('',(-1.,0.,0.));
#4761=DIRECTION('center_axis',(0.,-1.,0.));
#4762=DIRECTION('ref_axis',(-0.707106781186548,0.,0.707106781186547));
#4763=DIRECTION('',(0.,-1.,0.));
#4764=DIRECTION('center_axis',(0.,-1.,0.));
#4765=DIRECTION('ref_axis',(-0.707106781186548,0.,0.707106781186547));
#4766=DIRECTION('',(0.,1.,0.));
#4767=DIRECTION('center_axis',(0.,0.,1.));
#4768=DIRECTION('ref_axis',(-1.,0.,0.));
#4769=DIRECTION('',(0.,1.,0.));
#4770=DIRECTION('',(1.,0.,0.));
#4771=DIRECTION('center_axis',(0.,-1.,0.));
#4772=DIRECTION('ref_axis',(-0.707106781186547,0.,0.707106781186548));
#4773=DIRECTION('',(0.,-1.,0.));
#4774=DIRECTION('center_axis',(0.,-1.,0.));
#4775=DIRECTION('ref_axis',(-0.707106781186547,0.,0.707106781186548));
#4776=DIRECTION('',(0.,1.,0.));
#4777=DIRECTION('center_axis',(0.,0.,1.));
#4778=DIRECTION('ref_axis',(-1.,0.,0.));
#4779=DIRECTION('',(0.,1.,0.));
#4780=DIRECTION('',(1.,0.,0.));
#4781=DIRECTION('center_axis',(0.,-1.,0.));
#4782=DIRECTION('ref_axis',(-0.707106781186547,0.,0.707106781186548));
#4783=DIRECTION('',(0.,-1.,0.));
#4784=DIRECTION('center_axis',(0.,-1.,0.));
#4785=DIRECTION('ref_axis',(-0.707106781186547,0.,0.707106781186548));
#4786=DIRECTION('',(0.,1.,0.));
#4787=DIRECTION('center_axis',(0.,0.,1.));
#4788=DIRECTION('ref_axis',(-1.,0.,0.));
#4789=DIRECTION('',(0.,1.,0.));
#4790=DIRECTION('',(1.,0.,0.));
#4791=DIRECTION('center_axis',(0.,-1.,0.));
#4792=DIRECTION('ref_axis',(-0.707106781186547,0.,0.707106781186548));
#4793=DIRECTION('',(0.,-1.,0.));
#4794=DIRECTION('center_axis',(0.,-1.,0.));
#4795=DIRECTION('ref_axis',(-0.707106781186547,0.,0.707106781186548));
#4796=DIRECTION('',(0.,1.,0.));
#4797=DIRECTION('center_axis',(0.,0.,1.));
#4798=DIRECTION('ref_axis',(-1.,0.,0.));
#4799=DIRECTION('',(0.,1.,0.));
#4800=DIRECTION('',(1.,0.,0.));
#4801=DIRECTION('center_axis',(0.,-1.,0.));
#4802=DIRECTION('ref_axis',(-0.707106781186547,0.,0.707106781186548));
#4803=DIRECTION('',(0.,-1.,0.));
#4804=DIRECTION('center_axis',(0.,-1.,0.));
#4805=DIRECTION('ref_axis',(-0.707106781186547,0.,0.707106781186548));
#4806=DIRECTION('',(0.,1.,0.));
#4807=DIRECTION('center_axis',(0.,0.,1.));
#4808=DIRECTION('ref_axis',(-1.,0.,0.));
#4809=DIRECTION('',(0.,1.,0.));
#4810=DIRECTION('',(1.,0.,0.));
#4811=DIRECTION('center_axis',(0.,-1.,0.));
#4812=DIRECTION('ref_axis',(-0.707106781186547,0.,0.707106781186548));
#4813=DIRECTION('',(0.,-1.,0.));
#4814=DIRECTION('center_axis',(0.,-1.,0.));
#4815=DIRECTION('ref_axis',(-0.707106781186547,0.,0.707106781186548));
#4816=DIRECTION('',(0.,1.,0.));
#4817=DIRECTION('center_axis',(0.,0.,1.));
#4818=DIRECTION('ref_axis',(-1.,0.,0.));
#4819=DIRECTION('',(0.,1.,0.));
#4820=DIRECTION('',(1.,0.,0.));
#4821=DIRECTION('center_axis',(0.,-1.,0.));
#4822=DIRECTION('ref_axis',(-0.707106781186547,0.,0.707106781186548));
#4823=DIRECTION('',(0.,-1.,0.));
#4824=DIRECTION('center_axis',(0.,-1.,0.));
#4825=DIRECTION('ref_axis',(-0.707106781186547,0.,0.707106781186548));
#4826=DIRECTION('',(0.,1.,0.));
#4827=DIRECTION('center_axis',(0.,0.,1.));
#4828=DIRECTION('ref_axis',(-1.,0.,0.));
#4829=DIRECTION('',(0.,1.,0.));
#4830=DIRECTION('',(1.,0.,0.));
#4831=DIRECTION('center_axis',(0.,-1.,0.));
#4832=DIRECTION('ref_axis',(0.707106781186547,0.,0.707106781186548));
#4833=DIRECTION('',(0.,-1.,0.));
#4834=DIRECTION('center_axis',(0.,-1.,0.));
#4835=DIRECTION('ref_axis',(0.707106781186547,0.,0.707106781186548));
#4836=DIRECTION('center_axis',(1.,0.,0.));
#4837=DIRECTION('ref_axis',(0.,0.,1.));
#4838=DIRECTION('',(0.,1.,0.));
#4839=DIRECTION('',(0.,0.,-1.));
#4840=DIRECTION('center_axis',(0.,-1.,0.));
#4841=DIRECTION('ref_axis',(0.707106781186547,0.,0.707106781186548));
#4842=DIRECTION('',(0.,-1.,0.));
#4843=DIRECTION('center_axis',(0.,-1.,0.));
#4844=DIRECTION('ref_axis',(0.707106781186547,0.,0.707106781186548));
#4845=DIRECTION('center_axis',(1.,0.,0.));
#4846=DIRECTION('ref_axis',(0.,0.,1.));
#4847=DIRECTION('',(0.,1.,0.));
#4848=DIRECTION('',(0.,0.,-1.));
#4849=DIRECTION('center_axis',(0.,-1.,0.));
#4850=DIRECTION('ref_axis',(0.70710678118655,0.,0.707106781186545));
#4851=DIRECTION('',(0.,-1.,0.));
#4852=DIRECTION('center_axis',(0.,-1.,0.));
#4853=DIRECTION('ref_axis',(0.70710678118655,0.,0.707106781186545));
#4854=DIRECTION('center_axis',(1.,0.,0.));
#4855=DIRECTION('ref_axis',(0.,0.,1.));
#4856=DIRECTION('',(0.,1.,0.));
#4857=DIRECTION('',(0.,0.,-1.));
#4858=DIRECTION('center_axis',(0.,-1.,0.));
#4859=DIRECTION('ref_axis',(0.70710678118655,0.,0.707106781186545));
#4860=DIRECTION('',(0.,-1.,0.));
#4861=DIRECTION('center_axis',(0.,-1.,0.));
#4862=DIRECTION('ref_axis',(0.70710678118655,0.,0.707106781186545));
#4863=DIRECTION('center_axis',(1.,0.,0.));
#4864=DIRECTION('ref_axis',(0.,0.,1.));
#4865=DIRECTION('',(0.,1.,0.));
#4866=DIRECTION('',(0.,0.,-1.));
#4867=DIRECTION('center_axis',(0.,-1.,0.));
#4868=DIRECTION('ref_axis',(0.70710678118655,0.,0.707106781186545));
#4869=DIRECTION('',(0.,-1.,0.));
#4870=DIRECTION('center_axis',(0.,-1.,0.));
#4871=DIRECTION('ref_axis',(0.70710678118655,0.,0.707106781186545));
#4872=DIRECTION('center_axis',(1.,0.,0.));
#4873=DIRECTION('ref_axis',(0.,0.,1.));
#4874=DIRECTION('',(0.,1.,0.));
#4875=DIRECTION('',(0.,0.,-1.));
#4876=DIRECTION('center_axis',(0.,-1.,0.));
#4877=DIRECTION('ref_axis',(0.70710678118655,0.,0.707106781186545));
#4878=DIRECTION('',(0.,-1.,0.));
#4879=DIRECTION('center_axis',(0.,-1.,0.));
#4880=DIRECTION('ref_axis',(0.70710678118655,0.,0.707106781186545));
#4881=DIRECTION('center_axis',(1.,0.,0.));
#4882=DIRECTION('ref_axis',(0.,0.,1.));
#4883=DIRECTION('',(0.,1.,0.));
#4884=DIRECTION('',(0.,0.,-1.));
#4885=DIRECTION('center_axis',(0.,-1.,0.));
#4886=DIRECTION('ref_axis',(0.707106781186548,0.,0.707106781186547));
#4887=DIRECTION('',(0.,-1.,0.));
#4888=DIRECTION('center_axis',(0.,-1.,0.));
#4889=DIRECTION('ref_axis',(0.707106781186548,0.,0.707106781186547));
#4890=DIRECTION('center_axis',(1.,0.,0.));
#4891=DIRECTION('ref_axis',(0.,0.,1.));
#4892=DIRECTION('',(0.,1.,0.));
#4893=DIRECTION('',(0.,0.,-1.));
#4894=DIRECTION('center_axis',(0.,-1.,0.));
#4895=DIRECTION('ref_axis',(0.707106781186547,0.,-0.707106781186547));
#4896=DIRECTION('center_axis',(0.,-1.,0.));
#4897=DIRECTION('ref_axis',(0.707106781186547,0.,-0.707106781186547));
#4898=DIRECTION('',(0.,-1.,0.));
#4899=DIRECTION('center_axis',(0.,-1.,0.));
#4900=DIRECTION('ref_axis',(0.707106781186546,0.,-0.707106781186549));
#4901=DIRECTION('center_axis',(0.,-1.,0.));
#4902=DIRECTION('ref_axis',(0.707106781186546,0.,-0.707106781186549));
#4903=DIRECTION('',(0.,-1.,0.));
#4904=DIRECTION('center_axis',(0.,-1.,0.));
#4905=DIRECTION('ref_axis',(0.707106781186546,0.,-0.707106781186549));
#4906=DIRECTION('center_axis',(0.,-1.,0.));
#4907=DIRECTION('ref_axis',(0.707106781186546,0.,-0.707106781186549));
#4908=DIRECTION('',(0.,-1.,0.));
#4909=DIRECTION('center_axis',(0.,-1.,0.));
#4910=DIRECTION('ref_axis',(0.707106781186546,0.,-0.707106781186549));
#4911=DIRECTION('center_axis',(0.,-1.,0.));
#4912=DIRECTION('ref_axis',(0.707106781186546,0.,-0.707106781186549));
#4913=DIRECTION('',(0.,-1.,0.));
#4914=DIRECTION('center_axis',(0.,-1.,0.));
#4915=DIRECTION('ref_axis',(0.707106781186546,0.,-0.707106781186549));
#4916=DIRECTION('center_axis',(0.,-1.,0.));
#4917=DIRECTION('ref_axis',(0.707106781186546,0.,-0.707106781186549));
#4918=DIRECTION('',(0.,-1.,0.));
#4919=DIRECTION('center_axis',(0.,-1.,0.));
#4920=DIRECTION('ref_axis',(0.707106781186546,0.,-0.707106781186549));
#4921=DIRECTION('center_axis',(0.,-1.,0.));
#4922=DIRECTION('ref_axis',(0.707106781186546,0.,-0.707106781186549));
#4923=DIRECTION('',(0.,-1.,0.));
#4924=DIRECTION('center_axis',(0.,-1.,0.));
#4925=DIRECTION('ref_axis',(0.707106781186546,0.,-0.707106781186549));
#4926=DIRECTION('',(0.,-1.,0.));
#4927=DIRECTION('center_axis',(0.,-1.,0.));
#4928=DIRECTION('ref_axis',(0.707106781186546,0.,-0.707106781186549));
#4929=DIRECTION('center_axis',(0.,0.,-1.));
#4930=DIRECTION('ref_axis',(1.,0.,0.));
#4931=DIRECTION('',(0.,1.,0.));
#4932=DIRECTION('',(-1.,0.,0.));
#4933=DIRECTION('center_axis',(0.,-1.,0.));
#4934=DIRECTION('ref_axis',(-0.707106781186546,0.,-0.707106781186549));
#4935=DIRECTION('',(0.,-1.,0.));
#4936=DIRECTION('center_axis',(0.,-1.,0.));
#4937=DIRECTION('ref_axis',(-0.707106781186546,0.,-0.707106781186549));
#4938=DIRECTION('center_axis',(-1.,0.,0.));
#4939=DIRECTION('ref_axis',(0.,0.,-1.));
#4940=DIRECTION('',(0.,0.,1.));
#4941=DIRECTION('center_axis',(0.,-1.,0.));
#4942=DIRECTION('ref_axis',(-0.707106781186546,0.,-0.707106781186549));
#4943=DIRECTION('center_axis',(0.,-1.,0.));
#4944=DIRECTION('ref_axis',(-0.707106781186546,0.,-0.707106781186549));
#4945=DIRECTION('',(0.,1.,0.));
#4946=DIRECTION('',(0.,-1.,0.));
#4947=DIRECTION('center_axis',(0.,0.,1.));
#4948=DIRECTION('ref_axis',(1.,0.,0.));
#4949=DIRECTION('',(0.,1.,0.));
#4950=DIRECTION('',(-1.,0.,0.));
#4951=DIRECTION('',(-1.,0.,0.));
#4952=DIRECTION('',(-1.,0.,0.));
#4953=DIRECTION('',(0.,1.,0.));
#4954=DIRECTION('',(-1.,0.,0.));
#4955=DIRECTION('',(0.,1.,0.));
#4956=DIRECTION('',(-1.,0.,0.));
#4957=DIRECTION('',(0.,1.,0.));
#4958=DIRECTION('',(-1.,0.,0.));
#4959=DIRECTION('',(0.,1.,0.));
#4960=DIRECTION('',(-1.,0.,0.));
#4961=DIRECTION('center_axis',(0.,-1.,0.));
#4962=DIRECTION('ref_axis',(-0.707106781186549,0.,-0.707106781186546));
#4963=DIRECTION('center_axis',(0.,-1.,0.));
#4964=DIRECTION('ref_axis',(-0.707106781186549,0.,-0.707106781186546));
#4965=DIRECTION('',(0.,-1.,0.));
#4966=DIRECTION('center_axis',(0.,-1.,0.));
#4967=DIRECTION('ref_axis',(-0.707106781186549,0.,-0.707106781186546));
#4968=DIRECTION('center_axis',(0.,-1.,0.));
#4969=DIRECTION('ref_axis',(-0.707106781186549,0.,-0.707106781186546));
#4970=DIRECTION('',(0.,-1.,0.));
#4971=DIRECTION('center_axis',(0.,-1.,0.));
#4972=DIRECTION('ref_axis',(-0.707106781186549,0.,-0.707106781186546));
#4973=DIRECTION('center_axis',(0.,-1.,0.));
#4974=DIRECTION('ref_axis',(-0.707106781186549,0.,-0.707106781186546));
#4975=DIRECTION('',(0.,-1.,0.));
#4976=DIRECTION('center_axis',(0.,-1.,0.));
#4977=DIRECTION('ref_axis',(-0.707106781186549,0.,-0.707106781186546));
#4978=DIRECTION('center_axis',(0.,-1.,0.));
#4979=DIRECTION('ref_axis',(-0.707106781186549,0.,-0.707106781186546));
#4980=DIRECTION('',(0.,-1.,0.));
#4981=DIRECTION('center_axis',(0.,-1.,0.));
#4982=DIRECTION('ref_axis',(-0.707106781186547,0.,-0.707106781186547));
#4983=DIRECTION('center_axis',(0.,-1.,0.));
#4984=DIRECTION('ref_axis',(-0.707106781186547,0.,-0.707106781186547));
#4985=DIRECTION('',(0.,-1.,0.));
#4986=DIRECTION('center_axis',(0.,-1.,0.));
#4987=DIRECTION('ref_axis',(-0.707106781186547,0.,-0.707106781186547));
#4988=DIRECTION('',(0.,-1.,0.));
#4989=DIRECTION('center_axis',(0.,-1.,0.));
#4990=DIRECTION('ref_axis',(-0.707106781186547,0.,-0.707106781186547));
#4991=DIRECTION('center_axis',(-1.,0.,0.));
#4992=DIRECTION('ref_axis',(0.,0.,-1.));
#4993=DIRECTION('',(0.,1.,0.));
#4994=DIRECTION('',(0.,0.,1.));
#4995=DIRECTION('center_axis',(0.,-1.,0.));
#4996=DIRECTION('ref_axis',(-0.707106781186549,0.,-0.707106781186546));
#4997=DIRECTION('',(0.,-1.,0.));
#4998=DIRECTION('center_axis',(0.,-1.,0.));
#4999=DIRECTION('ref_axis',(-0.707106781186549,0.,-0.707106781186546));
#5000=DIRECTION('center_axis',(-1.,0.,0.));
#5001=DIRECTION('ref_axis',(0.,0.,-1.));
#5002=DIRECTION('',(0.,1.,0.));
#5003=DIRECTION('',(0.,0.,1.));
#5004=DIRECTION('center_axis',(0.,-1.,0.));
#5005=DIRECTION('ref_axis',(-0.707106781186549,0.,-0.707106781186546));
#5006=DIRECTION('',(0.,-1.,0.));
#5007=DIRECTION('center_axis',(0.,-1.,0.));
#5008=DIRECTION('ref_axis',(-0.707106781186549,0.,-0.707106781186546));
#5009=DIRECTION('center_axis',(-1.,0.,0.));
#5010=DIRECTION('ref_axis',(0.,0.,-1.));
#5011=DIRECTION('',(0.,1.,0.));
#5012=DIRECTION('',(0.,0.,1.));
#5013=DIRECTION('center_axis',(0.,-1.,0.));
#5014=DIRECTION('ref_axis',(-0.707106781186549,0.,-0.707106781186546));
#5015=DIRECTION('',(0.,-1.,0.));
#5016=DIRECTION('center_axis',(0.,-1.,0.));
#5017=DIRECTION('ref_axis',(-0.707106781186549,0.,-0.707106781186546));
#5018=DIRECTION('center_axis',(-1.,0.,0.));
#5019=DIRECTION('ref_axis',(0.,0.,-1.));
#5020=DIRECTION('',(0.,1.,0.));
#5021=DIRECTION('',(0.,0.,1.));
#5022=DIRECTION('center_axis',(0.,-1.,0.));
#5023=DIRECTION('ref_axis',(-0.707106781186549,0.,-0.707106781186546));
#5024=DIRECTION('',(0.,-1.,0.));
#5025=DIRECTION('center_axis',(0.,-1.,0.));
#5026=DIRECTION('ref_axis',(-0.707106781186549,0.,-0.707106781186546));
#5027=DIRECTION('center_axis',(-1.,0.,0.));
#5028=DIRECTION('ref_axis',(0.,0.,-1.));
#5029=DIRECTION('',(0.,1.,0.));
#5030=DIRECTION('',(0.,0.,1.));
#5031=DIRECTION('center_axis',(0.,-1.,0.));
#5032=DIRECTION('ref_axis',(-0.707106781186546,0.,-0.707106781186549));
#5033=DIRECTION('',(0.,-1.,0.));
#5034=DIRECTION('center_axis',(0.,-1.,0.));
#5035=DIRECTION('ref_axis',(-0.707106781186546,0.,-0.707106781186549));
#5036=DIRECTION('center_axis',(-1.,0.,0.));
#5037=DIRECTION('ref_axis',(0.,0.,-1.));
#5038=DIRECTION('',(0.,1.,0.));
#5039=DIRECTION('',(0.,0.,1.));
#5040=DIRECTION('center_axis',(0.,-1.,0.));
#5041=DIRECTION('ref_axis',(-0.707106781186546,0.,-0.707106781186549));
#5042=DIRECTION('',(0.,-1.,0.));
#5043=DIRECTION('center_axis',(0.,-1.,0.));
#5044=DIRECTION('ref_axis',(-0.707106781186546,0.,-0.707106781186549));
#5045=DIRECTION('',(0.,1.,0.));
#5046=DIRECTION('center_axis',(-1.,0.,0.));
#5047=DIRECTION('ref_axis',(0.,0.,-1.));
#5048=DIRECTION('',(0.,1.,0.));
#5049=DIRECTION('',(0.,0.,1.));
#5050=DIRECTION('center_axis',(0.,-1.,0.));
#5051=DIRECTION('ref_axis',(0.707106781186546,0.,-0.707106781186549));
#5052=DIRECTION('',(0.,-1.,0.));
#5053=DIRECTION('center_axis',(0.,-1.,0.));
#5054=DIRECTION('ref_axis',(0.707106781186546,0.,-0.707106781186549));
#5055=DIRECTION('',(0.,1.,0.));
#5056=DIRECTION('center_axis',(0.,0.,-1.));
#5057=DIRECTION('ref_axis',(1.,0.,0.));
#5058=DIRECTION('',(-1.,0.,0.));
#5059=DIRECTION('center_axis',(0.,-1.,0.));
#5060=DIRECTION('ref_axis',(-0.707106781186546,0.,0.707106781186549));
#5061=DIRECTION('',(0.,-1.,0.));
#5062=DIRECTION('center_axis',(0.,-1.,0.));
#5063=DIRECTION('ref_axis',(-0.707106781186546,0.,0.707106781186549));
#5064=DIRECTION('center_axis',(0.,0.,1.));
#5065=DIRECTION('ref_axis',(-1.,0.,0.));
#5066=DIRECTION('',(0.,1.,0.));
#5067=DIRECTION('',(1.,0.,0.));
#5068=DIRECTION('center_axis',(0.,-1.,0.));
#5069=DIRECTION('ref_axis',(-0.707106781186546,0.,0.707106781186549));
#5070=DIRECTION('',(0.,-1.,0.));
#5071=DIRECTION('center_axis',(0.,-1.,0.));
#5072=DIRECTION('ref_axis',(-0.707106781186546,0.,0.707106781186549));
#5073=DIRECTION('center_axis',(0.,0.,1.));
#5074=DIRECTION('ref_axis',(-1.,0.,0.));
#5075=DIRECTION('',(0.,1.,0.));
#5076=DIRECTION('',(1.,0.,0.));
#5077=DIRECTION('center_axis',(0.,-1.,0.));
#5078=DIRECTION('ref_axis',(-0.707106781186546,0.,0.707106781186549));
#5079=DIRECTION('',(0.,-1.,0.));
#5080=DIRECTION('center_axis',(0.,-1.,0.));
#5081=DIRECTION('ref_axis',(-0.707106781186546,0.,0.707106781186549));
#5082=DIRECTION('center_axis',(0.,0.,1.));
#5083=DIRECTION('ref_axis',(-1.,0.,0.));
#5084=DIRECTION('',(0.,1.,0.));
#5085=DIRECTION('',(1.,0.,0.));
#5086=DIRECTION('center_axis',(0.,-1.,0.));
#5087=DIRECTION('ref_axis',(-0.707106781186546,0.,0.707106781186549));
#5088=DIRECTION('',(0.,-1.,0.));
#5089=DIRECTION('center_axis',(0.,-1.,0.));
#5090=DIRECTION('ref_axis',(-0.707106781186546,0.,0.707106781186549));
#5091=DIRECTION('center_axis',(0.,0.,1.));
#5092=DIRECTION('ref_axis',(-1.,0.,0.));
#5093=DIRECTION('',(0.,1.,0.));
#5094=DIRECTION('',(1.,0.,0.));
#5095=DIRECTION('center_axis',(0.,-1.,0.));
#5096=DIRECTION('ref_axis',(-0.707106781186546,0.,0.707106781186549));
#5097=DIRECTION('',(0.,-1.,0.));
#5098=DIRECTION('center_axis',(0.,-1.,0.));
#5099=DIRECTION('ref_axis',(-0.707106781186546,0.,0.707106781186549));
#5100=DIRECTION('center_axis',(0.,0.,1.));
#5101=DIRECTION('ref_axis',(-1.,0.,0.));
#5102=DIRECTION('',(0.,1.,0.));
#5103=DIRECTION('',(1.,0.,0.));
#5104=DIRECTION('center_axis',(0.,-1.,0.));
#5105=DIRECTION('ref_axis',(-0.707106781186546,0.,0.707106781186549));
#5106=DIRECTION('',(0.,-1.,0.));
#5107=DIRECTION('center_axis',(0.,-1.,0.));
#5108=DIRECTION('ref_axis',(-0.707106781186546,0.,0.707106781186549));
#5109=DIRECTION('center_axis',(0.,0.,1.));
#5110=DIRECTION('ref_axis',(-1.,0.,0.));
#5111=DIRECTION('',(0.,1.,0.));
#5112=DIRECTION('',(1.,0.,0.));
#5113=DIRECTION('center_axis',(0.,-1.,0.));
#5114=DIRECTION('ref_axis',(-0.707106781186547,0.,0.707106781186547));
#5115=DIRECTION('',(0.,-1.,0.));
#5116=DIRECTION('center_axis',(0.,-1.,0.));
#5117=DIRECTION('ref_axis',(-0.707106781186547,0.,0.707106781186547));
#5118=DIRECTION('center_axis',(0.,0.,1.));
#5119=DIRECTION('ref_axis',(-1.,0.,0.));
#5120=DIRECTION('',(0.,1.,0.));
#5121=DIRECTION('',(1.,0.,0.));
#5122=DIRECTION('center_axis',(0.,-1.,0.));
#5123=DIRECTION('ref_axis',(0.707106781186547,0.,0.707106781186547));
#5124=DIRECTION('',(0.,-1.,0.));
#5125=DIRECTION('center_axis',(0.,-1.,0.));
#5126=DIRECTION('ref_axis',(0.707106781186547,0.,0.707106781186547));
#5127=DIRECTION('center_axis',(1.,0.,0.));
#5128=DIRECTION('ref_axis',(0.,0.,1.));
#5129=DIRECTION('',(0.,0.,-1.));
#5130=DIRECTION('center_axis',(0.,-1.,0.));
#5131=DIRECTION('ref_axis',(0.707106781186549,0.,0.707106781186546));
#5132=DIRECTION('',(0.,-1.,0.));
#5133=DIRECTION('center_axis',(0.,-1.,0.));
#5134=DIRECTION('ref_axis',(0.707106781186549,0.,0.707106781186546));
#5135=DIRECTION('center_axis',(1.,0.,0.));
#5136=DIRECTION('ref_axis',(0.,0.,1.));
#5137=DIRECTION('',(0.,0.,-1.));
#5138=DIRECTION('center_axis',(0.,-1.,0.));
#5139=DIRECTION('ref_axis',(0.707106781186549,0.,0.707106781186546));
#5140=DIRECTION('',(0.,-1.,0.));
#5141=DIRECTION('center_axis',(0.,-1.,0.));
#5142=DIRECTION('ref_axis',(0.707106781186549,0.,0.707106781186546));
#5143=DIRECTION('center_axis',(1.,0.,0.));
#5144=DIRECTION('ref_axis',(0.,0.,1.));
#5145=DIRECTION('',(0.,0.,-1.));
#5146=DIRECTION('center_axis',(0.,-1.,0.));
#5147=DIRECTION('ref_axis',(0.707106781186549,0.,0.707106781186546));
#5148=DIRECTION('',(0.,-1.,0.));
#5149=DIRECTION('center_axis',(0.,-1.,0.));
#5150=DIRECTION('ref_axis',(0.707106781186549,0.,0.707106781186546));
#5151=DIRECTION('center_axis',(1.,0.,0.));
#5152=DIRECTION('ref_axis',(0.,0.,1.));
#5153=DIRECTION('',(0.,0.,-1.));
#5154=DIRECTION('center_axis',(0.,-1.,0.));
#5155=DIRECTION('ref_axis',(0.707106781186549,0.,0.707106781186546));
#5156=DIRECTION('',(0.,-1.,0.));
#5157=DIRECTION('center_axis',(0.,-1.,0.));
#5158=DIRECTION('ref_axis',(0.707106781186549,0.,0.707106781186546));
#5159=DIRECTION('center_axis',(1.,0.,0.));
#5160=DIRECTION('ref_axis',(0.,0.,1.));
#5161=DIRECTION('',(0.,0.,-1.));
#5162=DIRECTION('center_axis',(0.,-1.,0.));
#5163=DIRECTION('ref_axis',(0.707106781186546,0.,0.707106781186549));
#5164=DIRECTION('',(0.,-1.,0.));
#5165=DIRECTION('center_axis',(0.,-1.,0.));
#5166=DIRECTION('ref_axis',(0.707106781186546,0.,0.707106781186549));
#5167=DIRECTION('center_axis',(1.,0.,0.));
#5168=DIRECTION('ref_axis',(0.,0.,1.));
#5169=DIRECTION('',(0.,0.,-1.));
#5170=DIRECTION('center_axis',(0.,-1.,0.));
#5171=DIRECTION('ref_axis',(0.707106781186546,0.,0.707106781186549));
#5172=DIRECTION('',(0.,-1.,0.));
#5173=DIRECTION('center_axis',(0.,-1.,0.));
#5174=DIRECTION('ref_axis',(0.707106781186546,0.,0.707106781186549));
#5175=DIRECTION('center_axis',(1.,0.,0.));
#5176=DIRECTION('ref_axis',(0.,0.,1.));
#5177=DIRECTION('',(0.,0.,-1.));
#5178=DIRECTION('center_axis',(1.,0.,0.));
#5179=DIRECTION('ref_axis',(0.,-1.,0.));
#5180=DIRECTION('',(-1.,0.,0.));
#5181=DIRECTION('',(1.,0.,0.));
#5182=DIRECTION('center_axis',(1.,0.,0.));
#5183=DIRECTION('ref_axis',(0.,-1.,0.));
#5184=DIRECTION('',(1.,0.,0.));
#5185=DIRECTION('center_axis',(0.,0.472221455149088,0.881479947189315));
#5186=DIRECTION('ref_axis',(0.,0.881479947189315,-0.472221455149088));
#5187=DIRECTION('center_axis',(0.,0.472221455149088,0.881479947189315));
#5188=DIRECTION('ref_axis',(0.,0.881479947189315,-0.472221455149088));
#5189=DIRECTION('',(-1.,0.,0.));
#5190=DIRECTION('',(1.,-8.69386333373454E-32,4.65742732709233E-32));
#5191=DIRECTION('center_axis',(0.,1.,0.));
#5192=DIRECTION('ref_axis',(-0.316227766016839,0.,-0.948683298050514));
#5193=DIRECTION('center_axis',(0.,1.,0.));
#5194=DIRECTION('ref_axis',(-0.316227766016839,0.,-0.948683298050514));
#5195=DIRECTION('',(0.,1.,0.));
#5196=DIRECTION('center_axis',(1.,0.,0.));
#5197=DIRECTION('ref_axis',(0.,0.316227766016838,-0.948683298050514));
#5198=DIRECTION('',(-1.,0.,0.));
#5199=DIRECTION('center_axis',(1.,0.,0.));
#5200=DIRECTION('ref_axis',(0.,0.316227766016838,-0.948683298050514));
#5201=DIRECTION('',(1.,0.,0.));
#5202=DIRECTION('center_axis',(-1.,0.,0.));
#5203=DIRECTION('ref_axis',(0.,-0.8,0.6));
#5204=DIRECTION('center_axis',(-1.,0.,0.));
#5205=DIRECTION('ref_axis',(0.,-0.8,0.6));
#5206=DIRECTION('',(1.,0.,0.));
#5207=DIRECTION('center_axis',(-1.,0.,0.));
#5208=DIRECTION('ref_axis',(0.,1.,0.));
#5209=DIRECTION('',(0.,1.,0.));
#5210=DIRECTION('',(0.,0.,-1.));
#5211=DIRECTION('',(0.,-1.,0.));
#5212=DIRECTION('center_axis',(0.,1.,0.));
#5213=DIRECTION('ref_axis',(-0.316227766016839,0.,-0.948683298050514));
#5214=DIRECTION('center_axis',(0.,-1.,0.));
#5215=DIRECTION('ref_axis',(-0.316227766016839,0.,-0.948683298050514));
#5216=DIRECTION('',(0.,-1.,0.));
#5217=DIRECTION('',(0.,1.,0.));
#5218=DIRECTION('center_axis',(0.,-1.,0.));
#5219=DIRECTION('ref_axis',(0.8,0.,0.6));
#5220=DIRECTION('',(0.,1.,0.));
#5221=DIRECTION('center_axis',(0.,1.,0.));
#5222=DIRECTION('ref_axis',(0.8,0.,0.6));
#5223=DIRECTION('center_axis',(0.,-1.,0.));
#5224=DIRECTION('ref_axis',(0.316227766016838,0.,-0.948683298050514));
#5225=DIRECTION('center_axis',(0.,1.,0.));
#5226=DIRECTION('ref_axis',(0.316227766016838,0.,-0.948683298050514));
#5227=DIRECTION('',(0.,-1.,0.));
#5228=DIRECTION('center_axis',(-1.,0.,0.));
#5229=DIRECTION('ref_axis',(0.,-0.316227766016839,-0.948683298050514));
#5230=DIRECTION('center_axis',(-1.,0.,0.));
#5231=DIRECTION('ref_axis',(0.,-0.316227766016839,-0.948683298050514));
#5232=DIRECTION('',(-1.,0.,0.));
#5233=DIRECTION('center_axis',(1.,0.,0.));
#5234=DIRECTION('ref_axis',(0.,-1.,0.));
#5235=DIRECTION('',(0.,0.,-1.));
#5236=DIRECTION('',(0.,1.,0.));
#5237=DIRECTION('center_axis',(1.,0.,0.));
#5238=DIRECTION('ref_axis',(0.,0.8,0.6));
#5239=DIRECTION('center_axis',(1.,0.,0.));
#5240=DIRECTION('ref_axis',(0.,0.316227766016838,-0.948683298050514));
#5241=DIRECTION('center_axis',(-1.,0.,0.));
#5242=DIRECTION('ref_axis',(0.,0.316227766016838,-0.948683298050514));
#5243=DIRECTION('',(-1.,0.,0.));
#5244=DIRECTION('',(1.,0.,0.));
#5245=DIRECTION('center_axis',(1.,0.,0.));
#5246=DIRECTION('ref_axis',(0.,-1.,0.));
#5247=DIRECTION('center_axis',(1.,0.,0.));
#5248=DIRECTION('ref_axis',(0.,-0.8,0.6));
#5249=DIRECTION('',(0.,1.,0.));
#5250=DIRECTION('',(0.,0.,1.));
#5251=DIRECTION('',(0.,-1.,0.));
#5252=DIRECTION('center_axis',(-1.,0.,0.));
#5253=DIRECTION('ref_axis',(0.,-0.8,0.6));
#5254=DIRECTION('',(1.,0.,0.));
#5255=DIRECTION('center_axis',(0.,-1.,0.));
#5256=DIRECTION('ref_axis',(0.316227766016838,0.,-0.948683298050514));
#5257=DIRECTION('',(0.,1.,0.));
#5258=DIRECTION('center_axis',(0.,-1.,0.));
#5259=DIRECTION('ref_axis',(0.316227766016838,0.,-0.948683298050514));
#5260=DIRECTION('',(0.,-1.,0.));
#5261=DIRECTION('center_axis',(0.,1.,0.));
#5262=DIRECTION('ref_axis',(-0.8,0.,0.6));
#5263=DIRECTION('center_axis',(0.,1.,0.));
#5264=DIRECTION('ref_axis',(-0.8,0.,0.6));
#5265=DIRECTION('',(0.,-1.,0.));
#5266=DIRECTION('center_axis',(0.,0.,-1.));
#5267=DIRECTION('ref_axis',(0.707106781186548,-0.707106781186548,0.));
#5268=DIRECTION('center_axis',(0.,0.,-1.));
#5269=DIRECTION('ref_axis',(0.707106781186548,-0.707106781186548,0.));
#5270=DIRECTION('center_axis',(0.,0.,-1.));
#5271=DIRECTION('ref_axis',(0.707106781186548,-0.707106781186548,0.));
#5272=DIRECTION('',(0.,0.,1.));
#5273=DIRECTION('center_axis',(0.,-1.,0.));
#5274=DIRECTION('ref_axis',(0.8,0.,0.6));
#5275=DIRECTION('center_axis',(0.,-1.,0.));
#5276=DIRECTION('ref_axis',(0.8,0.,0.6));
#5277=DIRECTION('',(0.,1.,0.));
#5278=DIRECTION('center_axis',(0.,0.,1.));
#5279=DIRECTION('ref_axis',(0.599998509883681,-0.800001117585071,0.));
#5280=DIRECTION('center_axis',(0.,0.,1.));
#5281=DIRECTION('ref_axis',(0.599998509883681,-0.800001117585071,0.));
#5282=DIRECTION('',(0.,0.,1.));
#5283=DIRECTION('center_axis',(0.,0.,-1.));
#5284=DIRECTION('ref_axis',(-0.707106781186548,0.707106781186548,0.));
#5285=DIRECTION('center_axis',(0.,0.,-1.));
#5286=DIRECTION('ref_axis',(-0.707106781186548,0.707106781186548,0.));
#5287=DIRECTION('',(0.,0.,1.));
#5288=DIRECTION('center_axis',(0.,0.,1.));
#5289=DIRECTION('ref_axis',(1.,0.,0.));
#5290=DIRECTION('',(-1.,0.,0.));
#5291=DIRECTION('center_axis',(0.,0.,-1.));
#5292=DIRECTION('ref_axis',(-0.707106781186547,-0.707106781186548,0.));
#5293=DIRECTION('',(-1.,0.,0.));
#5294=DIRECTION('',(1.,0.,0.));
#5295=DIRECTION('',(0.,-1.,0.));
#5296=DIRECTION('',(1.,0.,0.));
#5297=DIRECTION('',(0.,-1.,0.));
#5298=DIRECTION('',(-1.,0.,0.));
#5299=DIRECTION('center_axis',(0.,-1.,0.));
#5300=DIRECTION('ref_axis',(-1.,0.,0.));
#5301=DIRECTION('center_axis',(0.,-1.,0.));
#5302=DIRECTION('ref_axis',(-0.8,0.,0.6));
#5303=DIRECTION('center_axis',(0.,1.,0.));
#5304=DIRECTION('ref_axis',(-0.8,0.,0.6));
#5305=DIRECTION('center_axis',(1.,0.,0.));
#5306=DIRECTION('ref_axis',(0.,0.8,0.6));
#5307=DIRECTION('center_axis',(0.,0.,-1.));
#5308=DIRECTION('ref_axis',(-0.707106781186547,-0.707106781186548,0.));
#5309=DIRECTION('',(0.,0.,-1.));
#5310=DIRECTION('center_axis',(0.,0.,-1.));
#5311=DIRECTION('ref_axis',(-0.707106781186547,-0.707106781186548,0.));
#5312=DIRECTION('center_axis',(0.,1.,0.));
#5313=DIRECTION('ref_axis',(1.,0.,0.));
#5314=DIRECTION('',(1.,0.,0.));
#5315=DIRECTION('center_axis',(0.,1.,0.));
#5316=DIRECTION('ref_axis',(1.,0.,0.));
#5317=DIRECTION('',(1.,0.,0.));
#5318=DIRECTION('center_axis',(0.,-1.,0.));
#5319=DIRECTION('ref_axis',(-1.,0.,0.));
#5320=DIRECTION('',(0.,0.,-1.));
#5321=DIRECTION('center_axis',(-1.,0.,0.));
#5322=DIRECTION('ref_axis',(0.,1.,0.));
#5323=DIRECTION('center_axis',(0.,0.,-1.));
#5324=DIRECTION('ref_axis',(-1.,0.,0.));
#5325=DIRECTION('center_axis',(0.,0.,-1.));
#5326=DIRECTION('ref_axis',(-1.,0.,0.));
#5327=DIRECTION('center_axis',(-1.,0.,0.));
#5328=DIRECTION('ref_axis',(0.,0.,-1.));
#5329=DIRECTION('',(0.,0.,1.));
#5330=DIRECTION('center_axis',(-1.,0.,0.));
#5331=DIRECTION('ref_axis',(0.,0.,-1.));
#5332=DIRECTION('',(0.,0.,1.));
#5333=DIRECTION('center_axis',(-1.,0.,0.));
#5334=DIRECTION('ref_axis',(0.,0.,-1.));
#5335=DIRECTION('',(0.,0.,1.));
#5336=DIRECTION('center_axis',(-1.,0.,0.));
#5337=DIRECTION('ref_axis',(0.,0.,-1.));
#5338=DIRECTION('',(0.,0.,1.));
#5339=DIRECTION('center_axis',(-1.,0.,0.));
#5340=DIRECTION('ref_axis',(0.,0.,-1.));
#5341=DIRECTION('',(0.,0.,1.));
#5342=DIRECTION('center_axis',(-1.,0.,0.));
#5343=DIRECTION('ref_axis',(0.,0.,-1.));
#5344=DIRECTION('',(0.,0.,1.));
#5345=DIRECTION('center_axis',(0.,-1.,0.));
#5346=DIRECTION('ref_axis',(1.,0.,0.));
#5347=DIRECTION('',(1.,0.,0.));
#5348=DIRECTION('',(0.,0.,1.));
#5349=DIRECTION('center_axis',(0.,0.999999999999999,4.74447364105662E-8));
#5350=DIRECTION('ref_axis',(0.,-4.74447364105662E-8,0.999999999999999));
#5351=DIRECTION('',(1.,0.,0.));
#5352=DIRECTION('',(-1.,0.,0.));
#5353=DIRECTION('center_axis',(0.,-1.,0.));
#5354=DIRECTION('ref_axis',(0.,0.,-1.));
#5355=DIRECTION('center_axis',(0.,-1.,0.));
#5356=DIRECTION('ref_axis',(0.,0.,-1.));
#5357=DIRECTION('',(1.,0.,0.));
#5358=DIRECTION('center_axis',(0.,0.999999999999999,4.74447364105662E-8));
#5359=DIRECTION('ref_axis',(0.,-4.74447364105662E-8,0.999999999999999));
#5360=DIRECTION('',(-1.,0.,0.));
#5361=DIRECTION('',(1.,0.,0.));
#5362=DIRECTION('center_axis',(0.,-0.45418745446489,-0.890906143320778));
#5363=DIRECTION('ref_axis',(0.,-0.890906143320778,0.45418745446489));
#5364=DIRECTION('center_axis',(0.,-0.45418745446489,-0.890906143320778));
#5365=DIRECTION('ref_axis',(0.,-0.890906143320778,0.45418745446489));
#5366=DIRECTION('',(1.,0.,0.));
#5367=DIRECTION('center_axis',(0.,-0.45418745446489,-0.890906143320778));
#5368=DIRECTION('ref_axis',(0.,-0.890906143320778,0.45418745446489));
#5369=DIRECTION('',(1.,0.,0.));
#5370=DIRECTION('center_axis',(0.,0.,1.));
#5371=DIRECTION('ref_axis',(1.,0.,0.));
#5372=DIRECTION('',(-1.,0.,0.));
#5373=DIRECTION('center_axis',(0.,0.,1.));
#5374=DIRECTION('ref_axis',(1.,0.,0.));
#5375=DIRECTION('',(-1.,0.,0.));
#5376=DIRECTION('center_axis',(9.86076131526265E-32,0.890906143320778,-0.45418745446489));
#5377=DIRECTION('ref_axis',(-1.,5.0424936192891E-16,9.89104498355922E-16));
#5378=DIRECTION('',(-1.,0.,0.));
#5379=DIRECTION('center_axis',(0.,-0.894427190999916,0.447213595499958));
#5380=DIRECTION('ref_axis',(0.,0.447213595499958,0.894427190999916));
#5381=DIRECTION('center_axis',(0.,0.,-1.));
#5382=DIRECTION('ref_axis',(0.,-1.,0.));
#5383=DIRECTION('',(-5.96046575059508E-8,0.999999999999998,0.));
#5384=DIRECTION('center_axis',(0.,0.999999999999931,3.725287330465E-7));
#5385=DIRECTION('ref_axis',(0.,3.725287330465E-7,-0.999999999999931));
#5386=DIRECTION('center_axis',(0.999999999999998,5.96046575059508E-8,0.));
#5387=DIRECTION('ref_axis',(-5.96046575059508E-8,0.999999999999998,0.));
#5388=DIRECTION('',(0.,0.,1.));
#5389=DIRECTION('center_axis',(0.,-1.,0.));
#5390=DIRECTION('ref_axis',(1.,0.,0.));
#5391=DIRECTION('center_axis',(0.999999999999989,1.49011631922492E-7,0.));
#5392=DIRECTION('ref_axis',(-1.49011631922492E-7,0.999999999999989,0.));
#5393=DIRECTION('',(0.,0.,1.));
#5394=DIRECTION('center_axis',(0.,-1.,0.));
#5395=DIRECTION('ref_axis',(1.,0.,0.));
#5396=CARTESIAN_POINT('',(0.,0.,0.));
#5397=CARTESIAN_POINT('Origin',(4.6535899100118,1.40717891937456,0.5));
#5398=CARTESIAN_POINT('',(4.80000007152557,-0.8,0.363749992273356));
#5399=CARTESIAN_POINT('',(4.6535899100118,-0.8,0.3));
#5400=CARTESIAN_POINT('Origin',(4.6535899100118,-0.8,0.5));
#5401=CARTESIAN_POINT('',(4.65358991001179,-1.,0.3));
#5402=CARTESIAN_POINT('',(4.6535899100118,1.40717891937456,0.3));
#5403=CARTESIAN_POINT('',(4.82679499076868,-1.,0.4));
#5404=CARTESIAN_POINT('Origin',(4.6535899100118,-1.,0.5));
#5405=CARTESIAN_POINT('',(4.82679499076868,2.35000003501773,0.4));
#5406=CARTESIAN_POINT('',(4.82679499076868,1.40717891937456,0.4));
#5407=CARTESIAN_POINT('',(4.8,2.35000003501773,0.363749915414168));
#5408=CARTESIAN_POINT('Origin',(4.6535899100118,2.35000003501773,0.5));
#5409=CARTESIAN_POINT('',(4.80000007152557,1.40717891937456,0.363749992273357));
#5410=CARTESIAN_POINT('Origin',(5.00000007152557,1.40717891937456,0.3));
#5411=CARTESIAN_POINT('',(4.90000074505816,-1.,0.473205469619363));
#5412=CARTESIAN_POINT('Origin',(5.00000007152557,-1.,0.3));
#5413=CARTESIAN_POINT('',(5.,-0.9,0.5));
#5414=CARTESIAN_POINT('Ctrl Pts',(4.90000074505816,-1.,0.473205469619363));
#5415=CARTESIAN_POINT('Ctrl Pts',(4.90026683431846,-1.,0.473359094945798));
#5416=CARTESIAN_POINT('Ctrl Pts',(4.90053328239608,-0.999998937952161,0.473512109864022));
#5417=CARTESIAN_POINT('Ctrl Pts',(4.9021211135543,-0.999986245395908,0.474419104794673));
#5418=CARTESIAN_POINT('Ctrl Pts',(4.90345035237927,-0.999949443116474,0.475158391892627));
#5419=CARTESIAN_POINT('Ctrl Pts',(4.90679192675521,-0.999789320327441,0.476967338842708));
#5420=CARTESIAN_POINT('Ctrl Pts',(4.90881207723148,-0.999632032718425,0.478016591508006));
#5421=CARTESIAN_POINT('Ctrl Pts',(4.9160882283016,-0.998838315349231,0.481640064943774));
#5422=CARTESIAN_POINT('Ctrl Pts',(4.92138706621981,-0.99784110355155,0.483990376757475));
#5423=CARTESIAN_POINT('Ctrl Pts',(4.93668966946518,-0.993603547496347,0.490019342739014));
#5424=CARTESIAN_POINT('Ctrl Pts',(4.94642856169685,-0.989235710242245,0.492915588837477));
#5425=CARTESIAN_POINT('Ctrl Pts',(4.9649230800639,-0.976900829567207,0.497137732291256));
#5426=CARTESIAN_POINT('Ctrl Pts',(4.97329991897085,-0.968992178602486,0.498330411099341));
#5427=CARTESIAN_POINT('Ctrl Pts',(4.98791710498577,-0.949378330632918,0.499785903831252));
#5428=CARTESIAN_POINT('Ctrl Pts',(4.99357926149581,-0.93757264314313,0.499923272602128));
#5429=CARTESIAN_POINT('Ctrl Pts',(4.99893361563927,-0.916834198990787,0.500008268048398));
#5430=CARTESIAN_POINT('Ctrl Pts',(5.00000074505816,-0.908434569527532,0.499999999998866));
#5431=CARTESIAN_POINT('Ctrl Pts',(5.00000074505816,-0.9,0.499999999998866));
#5432=CARTESIAN_POINT('',(5.,2.35000003501773,0.5));
#5433=CARTESIAN_POINT('',(5.,5.,0.5));
#5434=CARTESIAN_POINT('Origin',(5.00000007152557,2.35000003501773,0.3));
#5435=CARTESIAN_POINT('Origin',(3.0000000089407,-0.900000007450581,0.3));
#5436=CARTESIAN_POINT('',(1.40000001788139,-0.8,0.3));
#5437=CARTESIAN_POINT('',(3.90000000447035,-0.8,0.3));
#5438=CARTESIAN_POINT('',(1.40000001788139,-1.,0.3));
#5439=CARTESIAN_POINT('',(1.40000001788139,1.80000002980232,0.3));
#5440=CARTESIAN_POINT('',(2.00000000447035,-1.,0.3));
#5441=CARTESIAN_POINT('Origin',(1.05358985636762,1.80000002980232,0.3));
#5442=CARTESIAN_POINT('',(1.2,-0.8,0.436250026941444));
#5443=CARTESIAN_POINT('',(1.20000001788139,2.35000003501773,0.436250007726643));
#5444=CARTESIAN_POINT('',(1.20000001788139,1.80000002980232,0.436250007726642));
#5445=CARTESIAN_POINT('',(1.05358985636762,2.35000003501773,0.5));
#5446=CARTESIAN_POINT('Origin',(1.05358985636762,2.35000003501773,0.3));
#5447=CARTESIAN_POINT('',(1.05358985636761,-0.988577815568876,0.5));
#5448=CARTESIAN_POINT('',(1.05358985636762,1.80000002980232,0.5));
#5449=CARTESIAN_POINT('',(1.10000074505816,-1.,0.494540559809398));
#5450=CARTESIAN_POINT('Ctrl Pts',(1.05358985636761,-0.988577815568876,0.5));
#5451=CARTESIAN_POINT('Ctrl Pts',(1.05639861621742,-0.990049482485819,0.5));
#5452=CARTESIAN_POINT('Ctrl Pts',(1.05928355388248,-0.991390240617896,0.499940558521484));
#5453=CARTESIAN_POINT('Ctrl Pts',(1.07450481038189,-0.997601074188847,0.499283055966409));
#5454=CARTESIAN_POINT('Ctrl Pts',(1.08777304654178,-1.,0.497457680821804));
#5455=CARTESIAN_POINT('Ctrl Pts',(1.10000074505816,-1.,0.494540559809398));
#5456=CARTESIAN_POINT('',(1.2267949371245,-1.,0.4));
#5457=CARTESIAN_POINT('Origin',(1.05358985636761,-1.,0.3));
#5458=CARTESIAN_POINT('',(1.2267949371245,-0.799999999999998,0.4));
#5459=CARTESIAN_POINT('',(1.2267949371245,1.80000002980232,0.4));
#5460=CARTESIAN_POINT('Origin',(1.05358985636761,-0.799999999999998,0.3));
#5461=CARTESIAN_POINT('Origin',(4.8,-0.8,0.));
#5462=CARTESIAN_POINT('Origin',(1.40000001788139,-0.799999999999998,0.5));
#5463=CARTESIAN_POINT('',(4.8,-0.8,0.2));
#5464=CARTESIAN_POINT('',(4.8,-0.8,0.));
#5465=CARTESIAN_POINT('',(1.2,-0.8,0.2));
#5466=CARTESIAN_POINT('',(4.8,-0.8,0.2));
#5467=CARTESIAN_POINT('',(1.2,-0.8,0.));
#5468=CARTESIAN_POINT('Origin',(1.40000001788139,1.80000002980232,0.5));
#5469=CARTESIAN_POINT('Origin',(1.40000001788139,-1.,0.5));
#5470=CARTESIAN_POINT('Origin',(1.,-1.,0.));
#5471=CARTESIAN_POINT('',(1.10000074505816,-1.,-0.2));
#5472=CARTESIAN_POINT('',(1.10000074505816,-1.,1.30000001303852));
#5473=CARTESIAN_POINT('',(1.80000002980232,-1.,-0.2));
#5474=CARTESIAN_POINT('',(5.,-1.,-0.2));
#5475=CARTESIAN_POINT('',(2.10000002980232,-1.,-0.1));
#5476=CARTESIAN_POINT('Origin',(1.80000002980232,-1.,0.3));
#5477=CARTESIAN_POINT('',(2.40000002980232,-1.,0.));
#5478=CARTESIAN_POINT('Origin',(2.40000002980232,-1.,-0.5));
#5479=CARTESIAN_POINT('',(3.60000005960464,-1.,0.));
#5480=CARTESIAN_POINT('',(2.00000002235174,-1.,0.));
#5481=CARTESIAN_POINT('',(3.90000005960464,-1.,-0.1));
#5482=CARTESIAN_POINT('Origin',(3.60000005960464,-1.,-0.5));
#5483=CARTESIAN_POINT('',(4.20000005960464,-1.,-0.2));
#5484=CARTESIAN_POINT('Origin',(4.20000005960464,-1.,0.3));
#5485=CARTESIAN_POINT('',(4.90000074505816,-1.,-0.2));
#5486=CARTESIAN_POINT('',(5.,-1.,-0.2));
#5487=CARTESIAN_POINT('',(4.90000074505816,-1.,1.30000001303852));
#5488=CARTESIAN_POINT('Origin',(1.10000074505816,-0.9,1.30000001303852));
#5489=CARTESIAN_POINT('',(1.,-0.9,0.5));
#5490=CARTESIAN_POINT('Origin',(1.10000074505816,-0.9,0.5));
#5491=CARTESIAN_POINT('',(1.,-0.9,-0.2));
#5492=CARTESIAN_POINT('',(1.00000074505816,-0.9,1.30000001303852));
#5493=CARTESIAN_POINT('Origin',(1.10000074505816,-0.9,-0.2));
#5494=CARTESIAN_POINT('Origin',(1.20000001788139,4.50000006705522,1.7));
#5495=CARTESIAN_POINT('',(1.2,4.8,0.2));
#5496=CARTESIAN_POINT('',(1.2,-0.8,0.2));
#5497=CARTESIAN_POINT('',(1.2,4.8,0.5));
#5498=CARTESIAN_POINT('',(1.2,4.8,0.));
#5499=CARTESIAN_POINT('',(1.20000001788139,4.50000006705523,0.5));
#5500=CARTESIAN_POINT('',(1.20000001788139,0.499999992549419,0.5));
#5501=CARTESIAN_POINT('',(1.20000001788139,2.70000004023314,0.5));
#5502=CARTESIAN_POINT('',(1.20000001788139,0.499999992549419,0.5));
#5503=CARTESIAN_POINT('',(1.20000001788139,2.69999993976193,2.61764714159959));
#5504=CARTESIAN_POINT('',(1.20000001788139,2.70000004023314,0.500000012028119));
#5505=CARTESIAN_POINT('',(1.20000001788139,4.50000006705523,1.7));
#5506=CARTESIAN_POINT('',(1.20000001788139,4.50000006705523,1.7));
#5507=CARTESIAN_POINT('',(1.20000001788139,4.72739276034416,2.14603950506746));
#5508=CARTESIAN_POINT('',(1.20000001788139,4.50000006705522,1.7));
#5509=CARTESIAN_POINT('',(1.20000001788139,3.36029873489169,2.87841138951391));
#5510=CARTESIAN_POINT('',(1.20000001788139,3.46818635785557,2.82061444192476));
#5511=CARTESIAN_POINT('',(1.20000001788139,2.4145240755223,3.38507644447587));
#5512=CARTESIAN_POINT('Origin',(1.20000001788139,2.94466561105941,3.23861842216794));
#5513=CARTESIAN_POINT('',(1.20000001788139,2.29066603948241,3.45142897149269));
#5514=CARTESIAN_POINT('',(1.20000001788139,3.46818635785557,2.82061444192476));
#5515=CARTESIAN_POINT('',(1.20000001788139,2.15400117486751,3.40800233632376));
#5516=CARTESIAN_POINT('Origin',(1.20000001788139,2.2434438939675,3.36328097677376));
#5517=CARTESIAN_POINT('',(1.20000001788139,1.99437336740275,3.08874672139425));
#5518=CARTESIAN_POINT('',(1.20000001788139,1.94500002391646,2.99000003442166));
#5519=CARTESIAN_POINT('',(1.20000001788139,2.03839734105626,2.95493474751218));
#5520=CARTESIAN_POINT('Origin',(1.20000001788139,2.08381608650275,3.04402536184425));
#5521=CARTESIAN_POINT('',(1.20000001788139,2.35000003501773,2.79607846906377));
#5522=CARTESIAN_POINT('',(1.20000001788139,4.50000006705523,1.7));
#5523=CARTESIAN_POINT('',(1.20000001788139,2.35000003501773,2.25000002086163));
#5524=CARTESIAN_POINT('Origin',(4.90000074505816,-0.9,1.30000001303852));
#5525=CARTESIAN_POINT('',(5.,-0.9,-0.2));
#5526=CARTESIAN_POINT('Origin',(4.90000074505816,-0.9,-0.2));
#5527=CARTESIAN_POINT('',(5.00000074505816,-0.9,1.30000001303852));
#5528=CARTESIAN_POINT('Origin',(5.00000074505816,2.08381608650275,3.04402536184425));
#5529=CARTESIAN_POINT('',(1.00000074505816,1.99437336740275,3.08874672139425));
#5530=CARTESIAN_POINT('',(1.00000074505816,2.03839734105626,2.95493474751218));
#5531=CARTESIAN_POINT('Origin',(1.00000074505816,2.08381608650275,3.04402536184425));
#5532=CARTESIAN_POINT('',(5.00000074505816,2.03839734105626,2.95493474751218));
#5533=CARTESIAN_POINT('',(5.00000074505816,1.99437336740275,3.08874672139425));
#5534=CARTESIAN_POINT('Origin',(5.00000074505816,4.50000006705523,1.7));
#5535=CARTESIAN_POINT('',(1.,2.35000003501773,2.79607846906377));
#5536=CARTESIAN_POINT('',(1.00000074505816,4.50000006705523,1.7));
#5537=CARTESIAN_POINT('',(3.00000037252908,2.35000003501773,2.79607846906377));
#5538=CARTESIAN_POINT('Origin',(1.00000074505816,3.47500001452869,2.60000002607703));
#5539=CARTESIAN_POINT('',(1.00000074505816,2.15400117486751,3.40800233632376));
#5540=CARTESIAN_POINT('',(1.00000074505816,1.95000002905737,3.00000004470348));
#5541=CARTESIAN_POINT('',(1.00000074505816,2.29066603948241,3.45142897149269));
#5542=CARTESIAN_POINT('Origin',(1.00000074505816,2.2434438939675,3.36328097677376));
#5543=CARTESIAN_POINT('',(1.00000074505816,2.4145240755223,3.38507644447587));
#5544=CARTESIAN_POINT('',(1.00000074505816,2.20000003278266,3.50000005215406));
#5545=CARTESIAN_POINT('',(1.00000074505816,3.36029873489169,2.87841138951391));
#5546=CARTESIAN_POINT('Origin',(1.00000074505816,2.94466561105941,3.23861842216794));
#5547=CARTESIAN_POINT('',(1.00000074505816,4.89999986828449,2.0535714007838));
#5548=CARTESIAN_POINT('',(1.00000074505816,2.20000003278266,3.50000005215406));
#5549=CARTESIAN_POINT('',(1.00000000298023,4.89999999999999,1.7));
#5550=CARTESIAN_POINT('',(1.00000074505816,4.89999977648266,2.30000023748699));
#5551=CARTESIAN_POINT('',(1.00000001490116,4.50000006705523,1.7));
#5552=CARTESIAN_POINT('',(1.00000001490116,4.50000006705523,1.7));
#5553=CARTESIAN_POINT('',(1.,2.69999993976193,2.61764714159959));
#5554=CARTESIAN_POINT('',(1.00000074505816,4.50000006705523,1.7));
#5555=CARTESIAN_POINT('',(1.,2.70000004023314,0.500000007450581));
#5556=CARTESIAN_POINT('',(1.,2.70000004023314,0.500000007450581));
#5557=CARTESIAN_POINT('',(1.00000001490116,4.50000006705523,0.5));
#5558=CARTESIAN_POINT('',(1.,-1.,0.5));
#5559=CARTESIAN_POINT('',(1.,4.9,0.5));
#5560=CARTESIAN_POINT('',(1.,-1.,0.5));
#5561=CARTESIAN_POINT('',(1.,4.9,-0.2));
#5562=CARTESIAN_POINT('',(1.00000074505816,4.9,1.30000001303852));
#5563=CARTESIAN_POINT('',(1.,4.20000005960464,-0.2));
#5564=CARTESIAN_POINT('',(1.,-1.,-0.2));
#5565=CARTESIAN_POINT('',(1.00000074505816,3.90000005960464,-0.1));
#5566=CARTESIAN_POINT('Origin',(1.00000074505816,4.20000005960464,0.3));
#5567=CARTESIAN_POINT('',(1.00000074505816,3.60000005960464,0.));
#5568=CARTESIAN_POINT('Origin',(1.00000074505816,3.60000005960464,-0.5));
#5569=CARTESIAN_POINT('',(1.00000074505816,0.4,0.));
#5570=CARTESIAN_POINT('',(1.00000074505816,2.7375000221655,0.));
#5571=CARTESIAN_POINT('',(1.00000074505816,0.1,-0.1));
#5572=CARTESIAN_POINT('Origin',(1.00000074505816,0.4,-0.5));
#5573=CARTESIAN_POINT('',(1.,-0.2,-0.2));
#5574=CARTESIAN_POINT('Origin',(1.00000074505816,-0.2,0.3));
#5575=CARTESIAN_POINT('',(1.,-1.,-0.2));
#5576=CARTESIAN_POINT('',(1.,2.35000003501773,0.5));
#5577=CARTESIAN_POINT('',(1.,-1.,0.5));
#5578=CARTESIAN_POINT('',(1.,2.35000003501773,2.80000004172325));
#5579=CARTESIAN_POINT('Origin',(5.00000074505816,2.2434438939675,3.36328097677376));
#5580=CARTESIAN_POINT('',(5.00000074505816,2.15400117486751,3.40800233632376));
#5581=CARTESIAN_POINT('',(5.00000074505816,2.29066603948241,3.45142897149269));
#5582=CARTESIAN_POINT('Origin',(5.00000074505816,2.20000003278266,3.50000005215406));
#5583=CARTESIAN_POINT('',(1.00000074505816,2.4145240755223,3.38507644447587));
#5584=CARTESIAN_POINT('Origin',(5.00000074505816,2.08381608650275,3.04402536184425));
#5585=CARTESIAN_POINT('',(4.80000007152557,1.99437336740275,3.08874672139425));
#5586=CARTESIAN_POINT('',(4.80000007152557,2.03839734105626,2.95493474751218));
#5587=CARTESIAN_POINT('Origin',(4.80000007152557,2.08381608650275,3.04402536184425));
#5588=CARTESIAN_POINT('',(5.00000074505816,2.03839734105626,2.95493474751218));
#5589=CARTESIAN_POINT('',(5.00000074505816,2.03839734105626,2.95493474751218));
#5590=CARTESIAN_POINT('',(5.00000074505816,1.99437336740275,3.08874672139425));
#5591=CARTESIAN_POINT('Origin',(5.00000074505816,2.08381608650275,3.04402536184425));
#5592=CARTESIAN_POINT('',(5.00000074505816,1.99437336740275,3.08874672139425));
#5593=CARTESIAN_POINT('Origin',(4.80000007152557,0.814357838749117,3.57895489810303));
#5594=CARTESIAN_POINT('',(4.80000007152557,2.35000003501773,2.79607846906377));
#5595=CARTESIAN_POINT('',(4.8,2.35000003501773,2.80000004172325));
#5596=CARTESIAN_POINT('',(4.80000007152557,2.65717895290217,2.63947744905152));
#5597=CARTESIAN_POINT('',(4.80000007152557,2.15400117486751,3.40800233632376));
#5598=CARTESIAN_POINT('',(4.80000007152557,1.95222678070645,3.00445354800165));
#5599=CARTESIAN_POINT('',(4.80000007152557,2.29066603948241,3.45142897149269));
#5600=CARTESIAN_POINT('Origin',(4.80000007152557,2.2434438939675,3.36328097677376));
#5601=CARTESIAN_POINT('',(4.80000007152557,2.4145240755223,3.38507644447587));
#5602=CARTESIAN_POINT('',(4.80000007152557,1.64524063671704,3.79719262029251));
#5603=CARTESIAN_POINT('',(4.80000007152557,3.36029873489169,2.87841138951391));
#5604=CARTESIAN_POINT('Origin',(4.80000007152557,2.94466561105941,3.23861842216794));
#5605=CARTESIAN_POINT('',(4.80000007152557,4.72739276034416,2.14603950506746));
#5606=CARTESIAN_POINT('',(4.80000007152557,1.64524063671704,3.79719262029251));
#5607=CARTESIAN_POINT('',(4.8,4.50000006705523,1.7));
#5608=CARTESIAN_POINT('',(4.80000007152557,4.50000006705522,1.7));
#5609=CARTESIAN_POINT('',(4.80000007152557,2.69999993976193,2.61764714159959));
#5610=CARTESIAN_POINT('',(4.80000007152557,2.65717895290217,2.63947744905152));
#5611=CARTESIAN_POINT('',(4.8,2.70000004023314,0.5));
#5612=CARTESIAN_POINT('',(4.8,2.69999998567169,1.65000003288974));
#5613=CARTESIAN_POINT('',(4.8,4.50000006705523,0.5));
#5614=CARTESIAN_POINT('',(4.8,4.8,0.5));
#5615=CARTESIAN_POINT('',(4.8,4.50000006705523,0.5));
#5616=CARTESIAN_POINT('',(4.8,4.8,1.7));
#5617=CARTESIAN_POINT('',(4.8,4.8,1.7));
#5618=CARTESIAN_POINT('',(4.8,4.8,0.2));
#5619=CARTESIAN_POINT('',(4.8,4.8,0.));
#5620=CARTESIAN_POINT('',(4.8,4.8,0.2));
#5621=CARTESIAN_POINT('Origin',(5.00000074505816,1.95000002905737,3.00000004470348));
#5622=CARTESIAN_POINT('',(5.00000074505816,2.15400117486751,3.40800233632376));
#5623=CARTESIAN_POINT('',(5.00000074505816,1.95000002905737,3.00000004470348));
#5624=CARTESIAN_POINT('',(5.00000074505816,2.15400117486751,3.40800233632376));
#5625=CARTESIAN_POINT('Origin',(5.00000074505816,2.2434438939675,3.36328097677376));
#5626=CARTESIAN_POINT('',(5.00000074505816,2.29066603948241,3.45142897149269));
#5627=CARTESIAN_POINT('Origin',(5.00000074505816,2.2434438939675,3.36328097677376));
#5628=CARTESIAN_POINT('',(5.00000074505816,2.29066603948241,3.45142897149269));
#5629=CARTESIAN_POINT('Origin',(4.90000074505816,4.89999977648267,2.30000023748699));
#5630=CARTESIAN_POINT('',(4.90000074505816,4.9999998882414,1.99999995529652));
#5631=CARTESIAN_POINT('',(5.00000074505816,4.89999986828449,2.0535714007838));
#5632=CARTESIAN_POINT('Origin',(4.90000074505816,4.89999986828449,2.0535714007838));
#5633=CARTESIAN_POINT('',(5.00000001490116,4.89999999999999,1.7));
#5634=CARTESIAN_POINT('',(5.00000074505816,4.89999977648267,2.30000023748699));
#5635=CARTESIAN_POINT('',(4.90000074505816,5.,1.7));
#5636=CARTESIAN_POINT('Origin',(4.90000074505816,4.89999999999999,1.7));
#5637=CARTESIAN_POINT('',(4.90000074505816,4.99999977648266,2.30000027473987));
#5638=CARTESIAN_POINT('Origin',(4.90000074505816,4.9,1.30000001303852));
#5639=CARTESIAN_POINT('',(5.,4.9,-0.2));
#5640=CARTESIAN_POINT('',(4.90000074505816,5.,-0.2));
#5641=CARTESIAN_POINT('Origin',(4.90000074505816,4.9,-0.2));
#5642=CARTESIAN_POINT('',(4.90000074505816,5.,0.5));
#5643=CARTESIAN_POINT('',(4.90000074505816,5.,1.30000001303852));
#5644=CARTESIAN_POINT('',(5.,4.9,0.5));
#5645=CARTESIAN_POINT('Origin',(4.90000074505816,4.9,0.5));
#5646=CARTESIAN_POINT('',(5.00000074505816,4.9,1.30000001303852));
#5647=CARTESIAN_POINT('Origin',(4.90000001490116,4.9,0.25));
#5648=CARTESIAN_POINT('',(5.00000001490116,4.90000001490116,0.25));
#5649=CARTESIAN_POINT('',(4.90000001490116,5.,0.25));
#5650=CARTESIAN_POINT('Origin',(5.,5.,0.));
#5651=CARTESIAN_POINT('',(4.20000005960464,5.,-0.2));
#5652=CARTESIAN_POINT('',(1.,5.,-0.2));
#5653=CARTESIAN_POINT('',(3.90000005960464,5.,-0.1));
#5654=CARTESIAN_POINT('Origin',(4.20000005960464,5.,0.3));
#5655=CARTESIAN_POINT('',(3.60000005960464,5.,0.));
#5656=CARTESIAN_POINT('Origin',(3.60000005960464,5.,-0.5));
#5657=CARTESIAN_POINT('',(2.40000002980232,5.,0.));
#5658=CARTESIAN_POINT('',(4.00000002235174,5.,0.));
#5659=CARTESIAN_POINT('',(2.10000002980232,5.,-0.1));
#5660=CARTESIAN_POINT('Origin',(2.40000002980232,5.,-0.5));
#5661=CARTESIAN_POINT('',(1.80000002980232,5.,-0.2));
#5662=CARTESIAN_POINT('Origin',(1.80000002980232,5.,0.3));
#5663=CARTESIAN_POINT('',(1.10000074505816,5.,-0.2));
#5664=CARTESIAN_POINT('',(1.,5.,-0.2));
#5665=CARTESIAN_POINT('',(1.10000074505816,5.,0.5));
#5666=CARTESIAN_POINT('',(1.10000074505816,5.,1.30000001303852));
#5667=CARTESIAN_POINT('',(1.10000074505816,5.,1.7));
#5668=CARTESIAN_POINT('',(1.10000000298023,5.,0.25));
#5669=CARTESIAN_POINT('',(5.,5.,1.7));
#5670=CARTESIAN_POINT('',(1.50000002235174,5.,0.650000011175871));
#5671=CARTESIAN_POINT('',(1.50000002235174,5.,0.3));
#5672=CARTESIAN_POINT('',(1.50000002235174,5.,0.375000005587935));
#5673=CARTESIAN_POINT('',(1.60000002235174,5.,0.200000002980232));
#5674=CARTESIAN_POINT('Origin',(1.60000002235174,5.,0.3));
#5675=CARTESIAN_POINT('',(1.65000002607703,5.,0.200000002980232));
#5676=CARTESIAN_POINT('',(3.25000001117587,5.,0.200000002980232));
#5677=CARTESIAN_POINT('',(1.75000002607703,5.,0.3));
#5678=CARTESIAN_POINT('Origin',(1.65000002607703,5.,0.3));
#5679=CARTESIAN_POINT('',(1.75000002607703,5.,0.650000011175871));
#5680=CARTESIAN_POINT('',(1.75000002607703,5.,0.100000001490116));
#5681=CARTESIAN_POINT('',(1.65000002607703,5.,0.750000011175871));
#5682=CARTESIAN_POINT('Origin',(1.65000002607703,5.,0.650000011175871));
#5683=CARTESIAN_POINT('',(1.60000002235174,5.,0.750000011175871));
#5684=CARTESIAN_POINT('',(3.37500001303852,5.,0.750000011175871));
#5685=CARTESIAN_POINT('Origin',(1.60000002235174,5.,0.650000011175871));
#5686=CARTESIAN_POINT('',(2.5000000372529,5.,0.650000011175871));
#5687=CARTESIAN_POINT('',(2.5000000372529,5.,0.3));
#5688=CARTESIAN_POINT('',(2.5000000372529,5.,0.375000005587935));
#5689=CARTESIAN_POINT('',(2.6000000372529,5.,0.200000002980232));
#5690=CARTESIAN_POINT('Origin',(2.6000000372529,5.,0.3));
#5691=CARTESIAN_POINT('',(2.65000004097819,5.,0.200000002980232));
#5692=CARTESIAN_POINT('',(3.75000001862645,5.,0.200000002980232));
#5693=CARTESIAN_POINT('',(2.75000004097819,5.,0.3));
#5694=CARTESIAN_POINT('Origin',(2.65000004097819,5.,0.3));
#5695=CARTESIAN_POINT('',(2.75000004097819,5.,0.650000011175871));
#5696=CARTESIAN_POINT('',(2.75000004097819,5.,0.100000001490116));
#5697=CARTESIAN_POINT('',(2.65000004097819,5.,0.750000011175871));
#5698=CARTESIAN_POINT('Origin',(2.65000004097819,5.,0.650000011175871));
#5699=CARTESIAN_POINT('',(2.6000000372529,5.,0.750000011175871));
#5700=CARTESIAN_POINT('',(3.8750000204891,5.,0.750000011175871));
#5701=CARTESIAN_POINT('Origin',(2.6000000372529,5.,0.650000011175871));
#5702=CARTESIAN_POINT('',(3.60000005215406,5.,0.200000002980232));
#5703=CARTESIAN_POINT('',(3.65000005587935,5.,0.200000002980232));
#5704=CARTESIAN_POINT('',(4.25000002607703,5.,0.200000002980232));
#5705=CARTESIAN_POINT('',(3.75000005587935,5.,0.3));
#5706=CARTESIAN_POINT('Origin',(3.65000005587935,5.,0.3));
#5707=CARTESIAN_POINT('',(3.75000005587935,5.,0.650000011175871));
#5708=CARTESIAN_POINT('',(3.75000005587935,5.,0.100000001490116));
#5709=CARTESIAN_POINT('',(3.65000005587935,5.,0.750000011175871));
#5710=CARTESIAN_POINT('Origin',(3.65000005587935,5.,0.650000011175871));
#5711=CARTESIAN_POINT('',(3.60000005215406,5.,0.750000011175871));
#5712=CARTESIAN_POINT('',(4.37500002793968,5.,0.750000011175871));
#5713=CARTESIAN_POINT('',(3.50000005215406,5.,0.650000011175871));
#5714=CARTESIAN_POINT('Origin',(3.60000005215406,5.,0.650000011175871));
#5715=CARTESIAN_POINT('',(3.50000005215406,5.,0.3));
#5716=CARTESIAN_POINT('',(3.50000005215406,5.,0.375000005587935));
#5717=CARTESIAN_POINT('Origin',(3.60000005215406,5.,0.3));
#5718=CARTESIAN_POINT('',(4.50000006705523,5.,0.650000011175871));
#5719=CARTESIAN_POINT('',(4.50000006705523,5.,0.35000000372529));
#5720=CARTESIAN_POINT('',(4.50000006705523,5.,0.375000005587935));
#5721=CARTESIAN_POINT('',(4.60000006705523,5.,0.25000000372529));
#5722=CARTESIAN_POINT('Origin',(4.60000006705523,5.,0.35000000372529));
#5723=CARTESIAN_POINT('',(4.65000007078052,5.,0.25000000372529));
#5724=CARTESIAN_POINT('',(4.75000003352761,5.,0.25000000372529));
#5725=CARTESIAN_POINT('',(4.75000007078052,5.,0.35000000372529));
#5726=CARTESIAN_POINT('Origin',(4.65000007078052,5.,0.35000000372529));
#5727=CARTESIAN_POINT('',(4.75000007078052,5.,0.650000011175871));
#5728=CARTESIAN_POINT('',(4.75000007078052,5.,0.125000001862645));
#5729=CARTESIAN_POINT('',(4.65000007078052,5.,0.750000011175871));
#5730=CARTESIAN_POINT('Origin',(4.65000007078052,5.,0.650000011175871));
#5731=CARTESIAN_POINT('',(4.60000006705523,5.,0.750000011175871));
#5732=CARTESIAN_POINT('',(4.87500003539026,5.,0.750000011175871));
#5733=CARTESIAN_POINT('Origin',(4.60000006705523,5.,0.650000011175871));
#5734=CARTESIAN_POINT('',(4.00000005960464,5.,0.650000011175871));
#5735=CARTESIAN_POINT('',(4.00000005960464,5.,0.3));
#5736=CARTESIAN_POINT('',(4.00000005960464,5.,0.375000005587935));
#5737=CARTESIAN_POINT('',(4.10000005960464,5.,0.200000002980232));
#5738=CARTESIAN_POINT('Origin',(4.10000005960464,5.,0.3));
#5739=CARTESIAN_POINT('',(4.15000006332994,5.,0.200000002980232));
#5740=CARTESIAN_POINT('',(4.50000002980232,5.,0.200000002980232));
#5741=CARTESIAN_POINT('',(4.25000006332994,5.,0.3));
#5742=CARTESIAN_POINT('Origin',(4.15000006332994,5.,0.3));
#5743=CARTESIAN_POINT('',(4.25000006332994,5.,0.650000011175871));
#5744=CARTESIAN_POINT('',(4.25000006332994,5.,0.100000001490116));
#5745=CARTESIAN_POINT('',(4.15000006332994,5.,0.750000011175871));
#5746=CARTESIAN_POINT('Origin',(4.15000006332994,5.,0.650000011175871));
#5747=CARTESIAN_POINT('',(4.10000005960464,5.,0.750000011175871));
#5748=CARTESIAN_POINT('',(4.62500003166497,5.,0.750000011175871));
#5749=CARTESIAN_POINT('Origin',(4.10000005960464,5.,0.650000011175871));
#5750=CARTESIAN_POINT('',(3.00000004470348,5.,0.650000011175871));
#5751=CARTESIAN_POINT('',(3.00000004470348,5.,0.3));
#5752=CARTESIAN_POINT('',(3.00000004470348,5.,0.375000005587935));
#5753=CARTESIAN_POINT('',(3.10000004470348,5.,0.200000002980232));
#5754=CARTESIAN_POINT('Origin',(3.10000004470348,5.,0.3));
#5755=CARTESIAN_POINT('',(3.15000004842877,5.,0.200000002980232));
#5756=CARTESIAN_POINT('',(4.00000002235174,5.,0.200000002980232));
#5757=CARTESIAN_POINT('',(3.25000004842877,5.,0.3));
#5758=CARTESIAN_POINT('Origin',(3.15000004842877,5.,0.3));
#5759=CARTESIAN_POINT('',(3.25000004842877,5.,0.650000011175871));
#5760=CARTESIAN_POINT('',(3.25000004842877,5.,0.100000001490116));
#5761=CARTESIAN_POINT('',(3.15000004842877,5.,0.750000011175871));
#5762=CARTESIAN_POINT('Origin',(3.15000004842877,5.,0.650000011175871));
#5763=CARTESIAN_POINT('',(3.10000004470348,5.,0.750000011175871));
#5764=CARTESIAN_POINT('',(4.12500002421439,5.,0.750000011175871));
#5765=CARTESIAN_POINT('Origin',(3.10000004470348,5.,0.650000011175871));
#5766=CARTESIAN_POINT('',(2.00000002980232,5.,0.650000011175871));
#5767=CARTESIAN_POINT('',(2.00000002980232,5.,0.3));
#5768=CARTESIAN_POINT('',(2.00000002980232,5.,0.375000005587935));
#5769=CARTESIAN_POINT('',(2.10000002980232,5.,0.200000002980232));
#5770=CARTESIAN_POINT('Origin',(2.10000002980232,5.,0.3));
#5771=CARTESIAN_POINT('',(2.15000003352761,5.,0.200000002980232));
#5772=CARTESIAN_POINT('',(3.50000001490116,5.,0.200000002980232));
#5773=CARTESIAN_POINT('',(2.25000003352761,5.,0.3));
#5774=CARTESIAN_POINT('Origin',(2.15000003352761,5.,0.3));
#5775=CARTESIAN_POINT('',(2.25000003352761,5.,0.650000011175871));
#5776=CARTESIAN_POINT('',(2.25000003352761,5.,0.100000001490116));
#5777=CARTESIAN_POINT('',(2.15000003352761,5.,0.750000011175871));
#5778=CARTESIAN_POINT('Origin',(2.15000003352761,5.,0.650000011175871));
#5779=CARTESIAN_POINT('',(2.10000002980232,5.,0.750000011175871));
#5780=CARTESIAN_POINT('',(3.62500001676381,5.,0.750000011175871));
#5781=CARTESIAN_POINT('Origin',(2.10000002980232,5.,0.650000011175871));
#5782=CARTESIAN_POINT('',(1.50000002235174,5.,1.40000002235174));
#5783=CARTESIAN_POINT('',(1.50000002235174,5.,1.10000001490116));
#5784=CARTESIAN_POINT('',(1.50000002235174,5.,0.750000011175871));
#5785=CARTESIAN_POINT('',(1.60000002235174,5.,1.00000001490116));
#5786=CARTESIAN_POINT('Origin',(1.60000002235174,5.,1.10000001490116));
#5787=CARTESIAN_POINT('',(1.65000002607703,5.,1.00000001490116));
#5788=CARTESIAN_POINT('',(3.25000001117587,5.,1.00000001490116));
#5789=CARTESIAN_POINT('',(1.75000002607703,5.,1.10000001490116));
#5790=CARTESIAN_POINT('Origin',(1.65000002607703,5.,1.10000001490116));
#5791=CARTESIAN_POINT('',(1.75000002607703,5.,1.40000002235174));
#5792=CARTESIAN_POINT('',(1.75000002607703,5.,0.500000007450581));
#5793=CARTESIAN_POINT('',(1.65000002607703,5.,1.50000002235174));
#5794=CARTESIAN_POINT('Origin',(1.65000002607703,5.,1.40000002235174));
#5795=CARTESIAN_POINT('',(1.60000002235174,5.,1.50000002235174));
#5796=CARTESIAN_POINT('',(3.37500001303852,5.,1.50000002235174));
#5797=CARTESIAN_POINT('Origin',(1.60000002235174,5.,1.40000002235174));
#5798=CARTESIAN_POINT('',(2.5000000372529,5.,1.40000002235174));
#5799=CARTESIAN_POINT('',(2.5000000372529,5.,1.10000001490116));
#5800=CARTESIAN_POINT('',(2.5000000372529,5.,0.750000011175871));
#5801=CARTESIAN_POINT('',(2.6000000372529,5.,1.00000001490116));
#5802=CARTESIAN_POINT('Origin',(2.6000000372529,5.,1.10000001490116));
#5803=CARTESIAN_POINT('',(2.65000004097819,5.,1.00000001490116));
#5804=CARTESIAN_POINT('',(3.75000001862645,5.,1.00000001490116));
#5805=CARTESIAN_POINT('',(2.75000004097819,5.,1.10000001490116));
#5806=CARTESIAN_POINT('Origin',(2.65000004097819,5.,1.10000001490116));
#5807=CARTESIAN_POINT('',(2.75000004097819,5.,1.40000002235174));
#5808=CARTESIAN_POINT('',(2.75000004097819,5.,0.500000007450581));
#5809=CARTESIAN_POINT('',(2.65000004097819,5.,1.50000002235174));
#5810=CARTESIAN_POINT('Origin',(2.65000004097819,5.,1.40000002235174));
#5811=CARTESIAN_POINT('',(2.6000000372529,5.,1.50000002235174));
#5812=CARTESIAN_POINT('',(3.8750000204891,5.,1.50000002235174));
#5813=CARTESIAN_POINT('Origin',(2.6000000372529,5.,1.40000002235174));
#5814=CARTESIAN_POINT('',(3.50000005215406,5.,1.40000002235174));
#5815=CARTESIAN_POINT('',(3.50000005215406,5.,1.10000001490116));
#5816=CARTESIAN_POINT('',(3.50000005215406,5.,0.750000011175871));
#5817=CARTESIAN_POINT('',(3.60000005215406,5.,1.00000001490116));
#5818=CARTESIAN_POINT('Origin',(3.60000005215406,5.,1.10000001490116));
#5819=CARTESIAN_POINT('',(3.65000005587935,5.,1.00000001490116));
#5820=CARTESIAN_POINT('',(4.25000002607703,5.,1.00000001490116));
#5821=CARTESIAN_POINT('',(3.75000005587935,5.,1.10000001490116));
#5822=CARTESIAN_POINT('Origin',(3.65000005587935,5.,1.10000001490116));
#5823=CARTESIAN_POINT('',(3.75000005587935,5.,1.40000002235174));
#5824=CARTESIAN_POINT('',(3.75000005587935,5.,0.500000007450581));
#5825=CARTESIAN_POINT('',(3.65000005587935,5.,1.50000002235174));
#5826=CARTESIAN_POINT('Origin',(3.65000005587935,5.,1.40000002235174));
#5827=CARTESIAN_POINT('',(3.60000005215406,5.,1.50000002235174));
#5828=CARTESIAN_POINT('',(4.37500002793968,5.,1.50000002235174));
#5829=CARTESIAN_POINT('Origin',(3.60000005215406,5.,1.40000002235174));
#5830=CARTESIAN_POINT('',(4.50000006705523,5.,1.40000002235174));
#5831=CARTESIAN_POINT('',(4.50000006705523,5.,1.10000001490116));
#5832=CARTESIAN_POINT('',(4.50000006705523,5.,0.750000011175871));
#5833=CARTESIAN_POINT('',(4.60000006705523,5.,1.00000001490116));
#5834=CARTESIAN_POINT('Origin',(4.60000006705523,5.,1.10000001490116));
#5835=CARTESIAN_POINT('',(4.65000007078052,5.,1.00000001490116));
#5836=CARTESIAN_POINT('',(4.75000003352761,5.,1.00000001490116));
#5837=CARTESIAN_POINT('',(4.75000007078052,5.,1.10000001490116));
#5838=CARTESIAN_POINT('Origin',(4.65000007078052,5.,1.10000001490116));
#5839=CARTESIAN_POINT('',(4.75000007078052,5.,1.40000002235174));
#5840=CARTESIAN_POINT('',(4.75000007078052,5.,0.500000007450581));
#5841=CARTESIAN_POINT('',(4.65000007078052,5.,1.50000002235174));
#5842=CARTESIAN_POINT('Origin',(4.65000007078052,5.,1.40000002235174));
#5843=CARTESIAN_POINT('',(4.60000006705523,5.,1.50000002235174));
#5844=CARTESIAN_POINT('',(4.87500003539026,5.,1.50000002235174));
#5845=CARTESIAN_POINT('Origin',(4.60000006705523,5.,1.40000002235174));
#5846=CARTESIAN_POINT('',(4.00000005960464,5.,1.40000002235174));
#5847=CARTESIAN_POINT('',(4.00000005960464,5.,1.10000001490116));
#5848=CARTESIAN_POINT('',(4.00000005960464,5.,0.750000011175871));
#5849=CARTESIAN_POINT('',(4.10000005960464,5.,1.00000001490116));
#5850=CARTESIAN_POINT('Origin',(4.10000005960464,5.,1.10000001490116));
#5851=CARTESIAN_POINT('',(4.15000006332994,5.,1.00000001490116));
#5852=CARTESIAN_POINT('',(4.50000002980232,5.,1.00000001490116));
#5853=CARTESIAN_POINT('',(4.25000006332994,5.,1.10000001490116));
#5854=CARTESIAN_POINT('Origin',(4.15000006332994,5.,1.10000001490116));
#5855=CARTESIAN_POINT('',(4.25000006332994,5.,1.40000002235174));
#5856=CARTESIAN_POINT('',(4.25000006332994,5.,0.500000007450581));
#5857=CARTESIAN_POINT('',(4.15000006332994,5.,1.50000002235174));
#5858=CARTESIAN_POINT('Origin',(4.15000006332994,5.,1.40000002235174));
#5859=CARTESIAN_POINT('',(4.10000005960464,5.,1.50000002235174));
#5860=CARTESIAN_POINT('',(4.62500003166497,5.,1.50000002235174));
#5861=CARTESIAN_POINT('Origin',(4.10000005960464,5.,1.40000002235174));
#5862=CARTESIAN_POINT('',(3.00000004470348,5.,1.40000002235174));
#5863=CARTESIAN_POINT('',(3.00000004470348,5.,1.10000001490116));
#5864=CARTESIAN_POINT('',(3.00000004470348,5.,0.750000011175871));
#5865=CARTESIAN_POINT('',(3.10000004470348,5.,1.00000001490116));
#5866=CARTESIAN_POINT('Origin',(3.10000004470348,5.,1.10000001490116));
#5867=CARTESIAN_POINT('',(3.15000004842877,5.,1.00000001490116));
#5868=CARTESIAN_POINT('',(4.00000002235174,5.,1.00000001490116));
#5869=CARTESIAN_POINT('',(3.25000004842877,5.,1.10000001490116));
#5870=CARTESIAN_POINT('Origin',(3.15000004842877,5.,1.10000001490116));
#5871=CARTESIAN_POINT('',(3.25000004842877,5.,1.40000002235174));
#5872=CARTESIAN_POINT('',(3.25000004842877,5.,0.500000007450581));
#5873=CARTESIAN_POINT('',(3.15000004842877,5.,1.50000002235174));
#5874=CARTESIAN_POINT('Origin',(3.15000004842877,5.,1.40000002235174));
#5875=CARTESIAN_POINT('',(3.10000004470348,5.,1.50000002235174));
#5876=CARTESIAN_POINT('',(4.12500002421439,5.,1.50000002235174));
#5877=CARTESIAN_POINT('Origin',(3.10000004470348,5.,1.40000002235174));
#5878=CARTESIAN_POINT('',(2.10000002980232,5.,1.00000001490116));
#5879=CARTESIAN_POINT('',(2.15000003352761,5.,1.00000001490116));
#5880=CARTESIAN_POINT('',(3.50000001490116,5.,1.00000001490116));
#5881=CARTESIAN_POINT('',(2.25000003352761,5.,1.10000001490116));
#5882=CARTESIAN_POINT('Origin',(2.15000003352761,5.,1.10000001490116));
#5883=CARTESIAN_POINT('',(2.25000003352761,5.,1.40000002235174));
#5884=CARTESIAN_POINT('',(2.25000003352761,5.,0.500000007450581));
#5885=CARTESIAN_POINT('',(2.15000003352761,5.,1.50000002235174));
#5886=CARTESIAN_POINT('Origin',(2.15000003352761,5.,1.40000002235174));
#5887=CARTESIAN_POINT('',(2.10000002980232,5.,1.50000002235174));
#5888=CARTESIAN_POINT('',(3.62500001676381,5.,1.50000002235174));
#5889=CARTESIAN_POINT('',(2.00000002980232,5.,1.40000002235174));
#5890=CARTESIAN_POINT('Origin',(2.10000002980232,5.,1.40000002235174));
#5891=CARTESIAN_POINT('',(2.00000002980232,5.,1.10000001490116));
#5892=CARTESIAN_POINT('',(2.00000002980232,5.,0.750000011175871));
#5893=CARTESIAN_POINT('Origin',(2.10000002980232,5.,1.10000001490116));
#5894=CARTESIAN_POINT('Origin',(3.,2.,-0.2));
#5895=CARTESIAN_POINT('',(5.,4.40000061839718,-0.2));
#5896=CARTESIAN_POINT('',(5.,5.,-0.2));
#5897=CARTESIAN_POINT('',(4.80000007152557,4.00000005960464,-0.2));
#5898=CARTESIAN_POINT('Origin',(4.50000074505816,4.40000061839718,-0.2));
#5899=CARTESIAN_POINT('',(4.8,4.8,-0.2));
#5900=CARTESIAN_POINT('',(4.8,4.8,-0.2));
#5901=CARTESIAN_POINT('',(4.20000005960464,4.8,-0.2));
#5902=CARTESIAN_POINT('',(1.2,4.8,-0.2));
#5903=CARTESIAN_POINT('',(4.20000005960464,3.40000003576279,-0.2));
#5904=CARTESIAN_POINT('Origin',(1.10000074505816,4.89999977648266,2.30000023748699));
#5905=CARTESIAN_POINT('',(1.10000074505816,4.9999998882414,1.99999995529652));
#5906=CARTESIAN_POINT('Origin',(1.10000074505816,4.89999986828449,2.0535714007838));
#5907=CARTESIAN_POINT('',(1.10000074505816,4.99999977648266,2.30000027473987));
#5908=CARTESIAN_POINT('Origin',(1.10000074505816,4.90000000000001,1.69999996274713));
#5909=CARTESIAN_POINT('Origin',(1.10000074505816,4.9,1.30000001303852));
#5910=CARTESIAN_POINT('Origin',(1.10000074505816,4.9,-0.2));
#5911=CARTESIAN_POINT('Origin',(1.10000074505816,4.9,0.5));
#5912=CARTESIAN_POINT('Origin',(1.10000000298023,4.9,0.25));
#5913=CARTESIAN_POINT('',(1.00000000298023,4.89999999701977,0.25));
#5914=CARTESIAN_POINT('Origin',(1.,5.,0.5));
#5915=CARTESIAN_POINT('',(1.00000001490116,4.50000006705523,0.5));
#5916=CARTESIAN_POINT('Origin',(3.,2.,-0.2));
#5917=CARTESIAN_POINT('',(1.80000002980232,4.8,-0.2));
#5918=CARTESIAN_POINT('',(1.80000002980232,3.5000000372529,-0.2));
#5919=CARTESIAN_POINT('',(1.7,4.8,-0.2));
#5920=CARTESIAN_POINT('',(1.2,4.8,-0.2));
#5921=CARTESIAN_POINT('',(1.2,4.3,-0.2));
#5922=CARTESIAN_POINT('Origin',(1.7,4.3,-0.2));
#5923=CARTESIAN_POINT('',(1.2,4.20000005960464,-0.2));
#5924=CARTESIAN_POINT('',(1.2,-0.8,-0.2));
#5925=CARTESIAN_POINT('',(2.1000000089407,4.20000005960464,-0.2));
#5926=CARTESIAN_POINT('Origin',(5.00000074505816,3.47500001452869,2.60000002607703));
#5927=CARTESIAN_POINT('',(5.,2.35000003501773,2.79607846906377));
#5928=CARTESIAN_POINT('',(5.00000074505816,4.50000006705523,1.7));
#5929=CARTESIAN_POINT('',(5.,2.35000003501773,2.80000004172325));
#5930=CARTESIAN_POINT('',(5.,-0.2,-0.2));
#5931=CARTESIAN_POINT('',(5.,5.,-0.2));
#5932=CARTESIAN_POINT('',(5.00000074505816,0.1,-0.1));
#5933=CARTESIAN_POINT('Origin',(5.00000074505816,-0.2,0.3));
#5934=CARTESIAN_POINT('',(5.00000074505816,0.4,0.));
#5935=CARTESIAN_POINT('Origin',(5.00000074505816,0.4,-0.5));
#5936=CARTESIAN_POINT('',(5.00000074505816,4.40000061839718,0.));
#5937=CARTESIAN_POINT('',(5.00000074505816,2.73750000726434,0.));
#5938=CARTESIAN_POINT('',(5.00000074505816,4.40000061839718,-0.1));
#5939=CARTESIAN_POINT('',(5.00000007450581,4.50000006705523,0.5));
#5940=CARTESIAN_POINT('',(5.,5.,0.5));
#5941=CARTESIAN_POINT('',(5.,2.70000004023314,0.500000007450581));
#5942=CARTESIAN_POINT('',(5.,5.,0.5));
#5943=CARTESIAN_POINT('',(5.,2.69999993976193,2.61764714159959));
#5944=CARTESIAN_POINT('',(5.,2.70000004023314,0.500000007450581));
#5945=CARTESIAN_POINT('',(5.00000007450581,4.50000006705523,1.7));
#5946=CARTESIAN_POINT('',(5.00000074505816,4.50000006705523,1.7));
#5947=CARTESIAN_POINT('',(5.00000007450581,4.50000006705523,1.7));
#5948=CARTESIAN_POINT('',(5.00000074505816,3.36029873489169,2.87841138951391));
#5949=CARTESIAN_POINT('',(5.00000074505816,2.20000003278266,3.50000005215406));
#5950=CARTESIAN_POINT('',(5.00000074505816,2.4145240755223,3.38507644447587));
#5951=CARTESIAN_POINT('Origin',(5.00000074505816,2.94466561105941,3.23861842216794));
#5952=CARTESIAN_POINT('',(5.00000074505816,2.20000003278266,3.50000005215406));
#5953=CARTESIAN_POINT('Origin',(3.,2.,0.5));
#5954=CARTESIAN_POINT('',(2.,2.35000003501773,0.5));
#5955=CARTESIAN_POINT('Origin',(4.15000006332994,5.,1.10000001490116));
#5956=CARTESIAN_POINT('',(4.15000006332994,4.8,1.00000001490116));
#5957=CARTESIAN_POINT('',(4.15000006332994,5.,1.00000001490116));
#5958=CARTESIAN_POINT('',(4.25000006332994,4.8,1.10000001490116));
#5959=CARTESIAN_POINT('Origin',(4.15000006332994,4.8,1.10000001490116));
#5960=CARTESIAN_POINT('',(4.25000006332994,5.,1.10000001490116));
#5961=CARTESIAN_POINT('Origin',(4.00000005960464,5.,1.00000001490116));
#5962=CARTESIAN_POINT('',(4.10000005960464,4.8,1.00000001490116));
#5963=CARTESIAN_POINT('',(4.10000005960464,5.,1.00000001490116));
#5964=CARTESIAN_POINT('',(2.60000002980232,4.8,1.00000001490116));
#5965=CARTESIAN_POINT('Origin',(3.65000005587935,5.,1.10000001490116));
#5966=CARTESIAN_POINT('',(3.65000005587935,4.8,1.00000001490116));
#5967=CARTESIAN_POINT('',(3.65000005587935,5.,1.00000001490116));
#5968=CARTESIAN_POINT('',(3.75000005587935,4.8,1.10000001490116));
#5969=CARTESIAN_POINT('Origin',(3.65000005587935,4.8,1.10000001490116));
#5970=CARTESIAN_POINT('',(3.75000005587935,5.,1.10000001490116));
#5971=CARTESIAN_POINT('Origin',(3.50000005215406,5.,1.00000001490116));
#5972=CARTESIAN_POINT('',(3.60000005215406,4.8,1.00000001490116));
#5973=CARTESIAN_POINT('',(3.60000005215406,5.,1.00000001490116));
#5974=CARTESIAN_POINT('',(2.35000002607703,4.8,1.00000001490116));
#5975=CARTESIAN_POINT('Origin',(3.15000004842877,5.,1.10000001490116));
#5976=CARTESIAN_POINT('',(3.15000004842877,4.8,1.00000001490116));
#5977=CARTESIAN_POINT('',(3.15000004842877,5.,1.00000001490116));
#5978=CARTESIAN_POINT('',(3.25000004842877,4.8,1.10000001490116));
#5979=CARTESIAN_POINT('Origin',(3.15000004842877,4.8,1.10000001490116));
#5980=CARTESIAN_POINT('',(3.25000004842877,5.,1.10000001490116));
#5981=CARTESIAN_POINT('Origin',(3.00000004470348,5.,1.00000001490116));
#5982=CARTESIAN_POINT('',(3.10000004470348,4.8,1.00000001490116));
#5983=CARTESIAN_POINT('',(3.10000004470348,5.,1.00000001490116));
#5984=CARTESIAN_POINT('',(2.10000002235174,4.8,1.00000001490116));
#5985=CARTESIAN_POINT('Origin',(2.65000004097819,5.,1.10000001490116));
#5986=CARTESIAN_POINT('',(2.65000004097819,4.8,1.00000001490116));
#5987=CARTESIAN_POINT('',(2.65000004097819,5.,1.00000001490116));
#5988=CARTESIAN_POINT('',(2.75000004097819,4.8,1.10000001490116));
#5989=CARTESIAN_POINT('Origin',(2.65000004097819,4.8,1.10000001490116));
#5990=CARTESIAN_POINT('',(2.75000004097819,5.,1.10000001490116));
#5991=CARTESIAN_POINT('Origin',(2.5000000372529,5.,1.00000001490116));
#5992=CARTESIAN_POINT('',(2.6000000372529,4.8,1.00000001490116));
#5993=CARTESIAN_POINT('',(2.6000000372529,5.,1.00000001490116));
#5994=CARTESIAN_POINT('',(1.85000001862645,4.8,1.00000001490116));
#5995=CARTESIAN_POINT('Origin',(2.15000003352761,5.,1.10000001490116));
#5996=CARTESIAN_POINT('',(2.15000003352761,4.8,1.00000001490116));
#5997=CARTESIAN_POINT('',(2.15000003352761,5.,1.00000001490116));
#5998=CARTESIAN_POINT('',(2.25000003352761,4.8,1.10000001490116));
#5999=CARTESIAN_POINT('Origin',(2.15000003352761,4.8,1.10000001490116));
#6000=CARTESIAN_POINT('',(2.25000003352761,5.,1.10000001490116));
#6001=CARTESIAN_POINT('Origin',(2.00000002980232,5.,1.00000001490116));
#6002=CARTESIAN_POINT('',(2.10000002980232,4.8,1.00000001490116));
#6003=CARTESIAN_POINT('',(2.10000002980232,5.,1.00000001490116));
#6004=CARTESIAN_POINT('',(1.60000001490116,4.8,1.00000001490116));
#6005=CARTESIAN_POINT('Origin',(1.65000002607703,5.,1.10000001490116));
#6006=CARTESIAN_POINT('',(1.65000002607703,4.8,1.00000001490116));
#6007=CARTESIAN_POINT('',(1.65000002607703,5.,1.00000001490116));
#6008=CARTESIAN_POINT('',(1.75000002607703,4.8,1.10000001490116));
#6009=CARTESIAN_POINT('Origin',(1.65000002607703,4.8,1.10000001490116));
#6010=CARTESIAN_POINT('',(1.75000002607703,5.,1.10000001490116));
#6011=CARTESIAN_POINT('Origin',(1.50000002235174,5.,1.00000001490116));
#6012=CARTESIAN_POINT('',(1.60000002235174,4.8,1.00000001490116));
#6013=CARTESIAN_POINT('',(1.60000002235174,5.,1.00000001490116));
#6014=CARTESIAN_POINT('',(1.35000001117587,4.8,1.00000001490116));
#6015=CARTESIAN_POINT('Origin',(1.60000002235174,5.,0.650000011175871));
#6016=CARTESIAN_POINT('',(1.60000002235174,4.8,0.750000011175871));
#6017=CARTESIAN_POINT('',(1.60000002235174,5.,0.750000011175871));
#6018=CARTESIAN_POINT('',(1.50000002235174,4.8,0.650000011175871));
#6019=CARTESIAN_POINT('Origin',(1.60000002235174,4.8,0.650000011175871));
#6020=CARTESIAN_POINT('',(1.50000002235174,5.,0.650000011175871));
#6021=CARTESIAN_POINT('Origin',(1.75000002607703,5.,0.750000011175871));
#6022=CARTESIAN_POINT('',(1.65000002607703,4.8,0.750000011175871));
#6023=CARTESIAN_POINT('',(1.65000002607703,5.,0.750000011175871));
#6024=CARTESIAN_POINT('',(1.47500001303852,4.8,0.750000011175871));
#6025=CARTESIAN_POINT('Origin',(2.10000002980232,5.,0.650000011175871));
#6026=CARTESIAN_POINT('',(2.10000002980232,4.8,0.750000011175871));
#6027=CARTESIAN_POINT('',(2.10000002980232,5.,0.750000011175871));
#6028=CARTESIAN_POINT('',(2.00000002980232,4.8,0.650000011175871));
#6029=CARTESIAN_POINT('Origin',(2.10000002980232,4.8,0.650000011175871));
#6030=CARTESIAN_POINT('',(2.00000002980232,5.,0.650000011175871));
#6031=CARTESIAN_POINT('Origin',(2.25000003352761,5.,0.750000011175871));
#6032=CARTESIAN_POINT('',(2.15000003352761,4.8,0.750000011175871));
#6033=CARTESIAN_POINT('',(2.15000003352761,5.,0.750000011175871));
#6034=CARTESIAN_POINT('',(1.72500001676381,4.8,0.750000011175871));
#6035=CARTESIAN_POINT('Origin',(2.6000000372529,5.,0.650000011175871));
#6036=CARTESIAN_POINT('',(2.6000000372529,4.8,0.750000011175871));
#6037=CARTESIAN_POINT('',(2.6000000372529,5.,0.750000011175871));
#6038=CARTESIAN_POINT('',(2.5000000372529,4.8,0.650000011175871));
#6039=CARTESIAN_POINT('Origin',(2.6000000372529,4.8,0.650000011175871));
#6040=CARTESIAN_POINT('',(2.5000000372529,5.,0.650000011175871));
#6041=CARTESIAN_POINT('Origin',(2.75000004097819,5.,0.750000011175871));
#6042=CARTESIAN_POINT('',(2.65000004097819,4.8,0.750000011175871));
#6043=CARTESIAN_POINT('',(2.65000004097819,5.,0.750000011175871));
#6044=CARTESIAN_POINT('',(1.9750000204891,4.8,0.750000011175871));
#6045=CARTESIAN_POINT('Origin',(3.10000004470348,5.,0.650000011175871));
#6046=CARTESIAN_POINT('',(3.10000004470348,4.8,0.750000011175871));
#6047=CARTESIAN_POINT('',(3.10000004470348,5.,0.750000011175871));
#6048=CARTESIAN_POINT('',(3.00000004470348,4.8,0.650000011175871));
#6049=CARTESIAN_POINT('Origin',(3.10000004470348,4.8,0.650000011175871));
#6050=CARTESIAN_POINT('',(3.00000004470348,5.,0.650000011175871));
#6051=CARTESIAN_POINT('Origin',(3.25000004842877,5.,0.750000011175871));
#6052=CARTESIAN_POINT('',(3.15000004842877,4.8,0.750000011175871));
#6053=CARTESIAN_POINT('',(3.15000004842877,5.,0.750000011175871));
#6054=CARTESIAN_POINT('',(2.22500002421439,4.8,0.750000011175871));
#6055=CARTESIAN_POINT('Origin',(3.60000005215406,5.,0.650000011175871));
#6056=CARTESIAN_POINT('',(3.60000005215406,4.8,0.750000011175871));
#6057=CARTESIAN_POINT('',(3.60000005215406,5.,0.750000011175871));
#6058=CARTESIAN_POINT('',(3.50000005215406,4.8,0.650000011175871));
#6059=CARTESIAN_POINT('Origin',(3.60000005215406,4.8,0.650000011175871));
#6060=CARTESIAN_POINT('',(3.50000005215406,5.,0.650000011175871));
#6061=CARTESIAN_POINT('Origin',(3.75000005587935,5.,0.750000011175871));
#6062=CARTESIAN_POINT('',(3.65000005587935,4.8,0.750000011175871));
#6063=CARTESIAN_POINT('',(3.65000005587935,5.,0.750000011175871));
#6064=CARTESIAN_POINT('',(2.47500002793968,4.8,0.750000011175871));
#6065=CARTESIAN_POINT('Origin',(4.10000005960464,5.,0.650000011175871));
#6066=CARTESIAN_POINT('',(4.10000005960464,4.8,0.750000011175871));
#6067=CARTESIAN_POINT('',(4.10000005960464,5.,0.750000011175871));
#6068=CARTESIAN_POINT('',(4.00000005960464,4.8,0.650000011175871));
#6069=CARTESIAN_POINT('Origin',(4.10000005960464,4.8,0.650000011175871));
#6070=CARTESIAN_POINT('',(4.00000005960464,5.,0.650000011175871));
#6071=CARTESIAN_POINT('Origin',(4.25000006332994,5.,0.750000011175871));
#6072=CARTESIAN_POINT('',(4.15000006332994,4.8,0.750000011175871));
#6073=CARTESIAN_POINT('',(4.15000006332994,5.,0.750000011175871));
#6074=CARTESIAN_POINT('',(2.72500003166497,4.8,0.750000011175871));
#6075=CARTESIAN_POINT('Origin',(4.60000006705523,5.,0.650000011175871));
#6076=CARTESIAN_POINT('',(4.60000006705523,4.8,0.750000011175871));
#6077=CARTESIAN_POINT('',(4.60000006705523,5.,0.750000011175871));
#6078=CARTESIAN_POINT('',(4.50000006705523,4.8,0.650000011175871));
#6079=CARTESIAN_POINT('Origin',(4.60000006705523,4.8,0.650000011175871));
#6080=CARTESIAN_POINT('',(4.50000006705523,5.,0.650000011175871));
#6081=CARTESIAN_POINT('Origin',(4.75000007078052,5.,0.750000011175871));
#6082=CARTESIAN_POINT('',(4.65000007078052,4.8,0.750000011175871));
#6083=CARTESIAN_POINT('',(4.65000007078052,5.,0.750000011175871));
#6084=CARTESIAN_POINT('',(2.97500003539026,4.8,0.750000011175871));
#6085=CARTESIAN_POINT('Origin',(4.65000007078052,5.,0.650000011175871));
#6086=CARTESIAN_POINT('',(4.75000007078052,4.8,0.650000011175871));
#6087=CARTESIAN_POINT('',(4.75000007078052,5.,0.650000011175871));
#6088=CARTESIAN_POINT('Origin',(4.65000007078052,4.8,0.650000011175871));
#6089=CARTESIAN_POINT('Origin',(4.75000007078052,5.,0.25000000372529));
#6090=CARTESIAN_POINT('',(4.75000007078052,4.8,0.35000000372529));
#6091=CARTESIAN_POINT('',(4.75000007078052,5.,0.35000000372529));
#6092=CARTESIAN_POINT('',(4.75000007078052,4.8,0.125000001862645));
#6093=CARTESIAN_POINT('Origin',(4.15000006332994,5.,0.650000011175871));
#6094=CARTESIAN_POINT('',(4.25000006332994,4.8,0.650000011175871));
#6095=CARTESIAN_POINT('',(4.25000006332994,5.,0.650000011175871));
#6096=CARTESIAN_POINT('Origin',(4.15000006332994,4.8,0.650000011175871));
#6097=CARTESIAN_POINT('Origin',(4.25000006332994,5.,0.200000002980232));
#6098=CARTESIAN_POINT('',(4.25000006332994,4.8,0.3));
#6099=CARTESIAN_POINT('',(4.25000006332994,3.5,0.3));
#6100=CARTESIAN_POINT('',(4.25000006332994,4.8,0.100000001490116));
#6101=CARTESIAN_POINT('Origin',(3.65000005587935,5.,0.650000011175871));
#6102=CARTESIAN_POINT('',(3.75000005587935,4.8,0.650000011175871));
#6103=CARTESIAN_POINT('',(3.75000005587935,5.,0.650000011175871));
#6104=CARTESIAN_POINT('Origin',(3.65000005587935,4.8,0.650000011175871));
#6105=CARTESIAN_POINT('Origin',(3.75000005587935,5.,0.200000002980232));
#6106=CARTESIAN_POINT('',(3.75000005587935,4.8,0.3));
#6107=CARTESIAN_POINT('',(3.75000005587935,3.5,0.3));
#6108=CARTESIAN_POINT('',(3.75000005587935,4.8,0.100000001490116));
#6109=CARTESIAN_POINT('Origin',(3.15000004842877,5.,0.650000011175871));
#6110=CARTESIAN_POINT('',(3.25000004842877,4.8,0.650000011175871));
#6111=CARTESIAN_POINT('',(3.25000004842877,5.,0.650000011175871));
#6112=CARTESIAN_POINT('Origin',(3.15000004842877,4.8,0.650000011175871));
#6113=CARTESIAN_POINT('Origin',(3.25000004842877,5.,0.200000002980232));
#6114=CARTESIAN_POINT('',(3.25000004842877,4.8,0.3));
#6115=CARTESIAN_POINT('',(3.25000004842877,3.5,0.3));
#6116=CARTESIAN_POINT('',(3.25000004842877,4.8,0.100000001490116));
#6117=CARTESIAN_POINT('Origin',(2.65000004097819,5.,0.650000011175871));
#6118=CARTESIAN_POINT('',(2.75000004097819,4.8,0.650000011175871));
#6119=CARTESIAN_POINT('',(2.75000004097819,5.,0.650000011175871));
#6120=CARTESIAN_POINT('Origin',(2.65000004097819,4.8,0.650000011175871));
#6121=CARTESIAN_POINT('Origin',(2.75000004097819,5.,0.200000002980232));
#6122=CARTESIAN_POINT('',(2.75000004097819,4.8,0.3));
#6123=CARTESIAN_POINT('',(2.75000004097819,3.5,0.3));
#6124=CARTESIAN_POINT('',(2.75000004097819,4.8,0.100000001490116));
#6125=CARTESIAN_POINT('Origin',(2.15000003352761,5.,0.650000011175871));
#6126=CARTESIAN_POINT('',(2.25000003352761,4.8,0.650000011175871));
#6127=CARTESIAN_POINT('',(2.25000003352761,5.,0.650000011175871));
#6128=CARTESIAN_POINT('Origin',(2.15000003352761,4.8,0.650000011175871));
#6129=CARTESIAN_POINT('Origin',(2.25000003352761,5.,0.200000002980232));
#6130=CARTESIAN_POINT('',(2.25000003352761,4.8,0.3));
#6131=CARTESIAN_POINT('',(2.25000003352761,3.5,0.3));
#6132=CARTESIAN_POINT('',(2.25000003352761,4.8,0.100000001490116));
#6133=CARTESIAN_POINT('Origin',(1.65000002607703,5.,0.650000011175871));
#6134=CARTESIAN_POINT('',(1.75000002607703,4.8,0.650000011175871));
#6135=CARTESIAN_POINT('',(1.75000002607703,5.,0.650000011175871));
#6136=CARTESIAN_POINT('Origin',(1.65000002607703,4.8,0.650000011175871));
#6137=CARTESIAN_POINT('Origin',(1.75000002607703,5.,0.200000002980232));
#6138=CARTESIAN_POINT('',(1.75000002607703,4.8,0.3));
#6139=CARTESIAN_POINT('',(1.75000002607703,3.5,0.3));
#6140=CARTESIAN_POINT('',(1.75000002607703,4.8,0.100000001490116));
#6141=CARTESIAN_POINT('Origin',(1.65000002607703,3.5,0.3));
#6142=CARTESIAN_POINT('',(1.65000002607703,4.8,0.2));
#6143=CARTESIAN_POINT('Origin',(1.65000002607703,4.8,0.3));
#6144=CARTESIAN_POINT('',(1.65000002607703,3.5,0.2));
#6145=CARTESIAN_POINT('Origin',(2.15000003352761,3.5,0.3));
#6146=CARTESIAN_POINT('',(2.15000003352761,4.8,0.2));
#6147=CARTESIAN_POINT('Origin',(2.15000003352761,4.8,0.3));
#6148=CARTESIAN_POINT('',(2.15000003352761,3.5,0.2));
#6149=CARTESIAN_POINT('Origin',(2.65000004097819,3.5,0.3));
#6150=CARTESIAN_POINT('',(2.65000004097819,4.8,0.2));
#6151=CARTESIAN_POINT('Origin',(2.65000004097819,4.8,0.3));
#6152=CARTESIAN_POINT('',(2.65000004097819,3.5,0.2));
#6153=CARTESIAN_POINT('Origin',(3.15000004842877,3.5,0.3));
#6154=CARTESIAN_POINT('',(3.15000004842877,4.8,0.2));
#6155=CARTESIAN_POINT('Origin',(3.15000004842877,4.8,0.3));
#6156=CARTESIAN_POINT('',(3.15000004842877,3.5,0.2));
#6157=CARTESIAN_POINT('Origin',(3.65000005587935,3.5,0.3));
#6158=CARTESIAN_POINT('',(3.65000005587935,4.8,0.2));
#6159=CARTESIAN_POINT('Origin',(3.65000005587935,4.8,0.3));
#6160=CARTESIAN_POINT('',(3.65000005587935,3.5,0.2));
#6161=CARTESIAN_POINT('Origin',(4.15000006332994,3.5,0.3));
#6162=CARTESIAN_POINT('',(4.15000006332994,4.8,0.2));
#6163=CARTESIAN_POINT('Origin',(4.15000006332994,4.8,0.3));
#6164=CARTESIAN_POINT('',(4.15000006332994,3.5,0.2));
#6165=CARTESIAN_POINT('Origin',(4.65000007078052,5.,0.35000000372529));
#6166=CARTESIAN_POINT('',(4.65000007078052,4.8,0.25000000372529));
#6167=CARTESIAN_POINT('',(4.65000007078052,5.,0.25000000372529));
#6168=CARTESIAN_POINT('Origin',(4.65000007078052,4.8,0.35000000372529));
#6169=CARTESIAN_POINT('Origin',(4.50000006705523,5.,0.25000000372529));
#6170=CARTESIAN_POINT('',(4.60000006705523,4.8,0.25000000372529));
#6171=CARTESIAN_POINT('',(4.60000006705523,5.,0.25000000372529));
#6172=CARTESIAN_POINT('',(2.85000003352761,4.8,0.25000000372529));
#6173=CARTESIAN_POINT('Origin',(4.60000006705523,5.,0.35000000372529));
#6174=CARTESIAN_POINT('',(4.50000006705523,4.8,0.35000000372529));
#6175=CARTESIAN_POINT('',(4.50000006705523,5.,0.35000000372529));
#6176=CARTESIAN_POINT('Origin',(4.60000006705523,4.8,0.35000000372529));
#6177=CARTESIAN_POINT('Origin',(4.50000006705523,5.,0.750000011175871));
#6178=CARTESIAN_POINT('',(4.50000006705523,4.8,0.375000005587935));
#6179=CARTESIAN_POINT('Origin',(4.10000005960464,3.5,0.3));
#6180=CARTESIAN_POINT('',(4.00000005960464,4.8,0.3));
#6181=CARTESIAN_POINT('',(4.10000005960464,4.8,0.2));
#6182=CARTESIAN_POINT('Origin',(4.10000005960464,4.8,0.3));
#6183=CARTESIAN_POINT('',(4.10000005960464,3.5,0.2));
#6184=CARTESIAN_POINT('',(4.00000005960464,3.5,0.3));
#6185=CARTESIAN_POINT('Origin',(3.,2.,0.2));
#6186=CARTESIAN_POINT('',(1.60000002235174,4.8,0.2));
#6187=CARTESIAN_POINT('',(1.60000002235174,3.5,0.2));
#6188=CARTESIAN_POINT('',(1.2,4.8,0.2));
#6189=CARTESIAN_POINT('',(1.2,4.8,0.2));
#6190=CARTESIAN_POINT('',(1.2,4.8,0.2));
#6191=CARTESIAN_POINT('',(3.60000005215406,4.8,0.2));
#6192=CARTESIAN_POINT('',(3.60000005215406,3.5,0.2));
#6193=CARTESIAN_POINT('',(1.2,4.8,0.2));
#6194=CARTESIAN_POINT('',(3.10000004470348,4.8,0.2));
#6195=CARTESIAN_POINT('',(3.10000004470348,3.5,0.2));
#6196=CARTESIAN_POINT('',(1.2,4.8,0.2));
#6197=CARTESIAN_POINT('',(2.6000000372529,4.8,0.2));
#6198=CARTESIAN_POINT('',(2.6000000372529,3.5,0.2));
#6199=CARTESIAN_POINT('',(1.2,4.8,0.2));
#6200=CARTESIAN_POINT('',(2.10000002980232,4.8,0.2));
#6201=CARTESIAN_POINT('',(2.10000002980232,3.5,0.2));
#6202=CARTESIAN_POINT('',(1.2,4.8,0.2));
#6203=CARTESIAN_POINT('Origin',(3.60000005215406,3.5,0.3));
#6204=CARTESIAN_POINT('',(3.50000005215406,4.8,0.3));
#6205=CARTESIAN_POINT('Origin',(3.60000005215406,4.8,0.3));
#6206=CARTESIAN_POINT('',(3.50000005215406,3.5,0.3));
#6207=CARTESIAN_POINT('Origin',(3.10000004470348,3.5,0.3));
#6208=CARTESIAN_POINT('',(3.00000004470348,4.8,0.3));
#6209=CARTESIAN_POINT('Origin',(3.10000004470348,4.8,0.3));
#6210=CARTESIAN_POINT('',(3.00000004470348,3.5,0.3));
#6211=CARTESIAN_POINT('Origin',(2.6000000372529,3.5,0.3));
#6212=CARTESIAN_POINT('',(2.5000000372529,4.8,0.3));
#6213=CARTESIAN_POINT('Origin',(2.6000000372529,4.8,0.3));
#6214=CARTESIAN_POINT('',(2.5000000372529,3.5,0.3));
#6215=CARTESIAN_POINT('Origin',(2.10000002980232,3.5,0.3));
#6216=CARTESIAN_POINT('',(2.00000002980232,4.8,0.3));
#6217=CARTESIAN_POINT('Origin',(2.10000002980232,4.8,0.3));
#6218=CARTESIAN_POINT('',(2.00000002980232,3.5,0.3));
#6219=CARTESIAN_POINT('Origin',(1.60000002235174,3.5,0.3));
#6220=CARTESIAN_POINT('',(1.50000002235174,4.8,0.3));
#6221=CARTESIAN_POINT('Origin',(1.60000002235174,4.8,0.3));
#6222=CARTESIAN_POINT('',(1.50000002235174,3.5,0.3));
#6223=CARTESIAN_POINT('Origin',(1.60000002235174,5.,1.10000001490116));
#6224=CARTESIAN_POINT('',(1.50000002235174,4.8,1.10000001490116));
#6225=CARTESIAN_POINT('',(1.50000002235174,5.,1.10000001490116));
#6226=CARTESIAN_POINT('Origin',(1.60000002235174,4.8,1.10000001490116));
#6227=CARTESIAN_POINT('Origin',(1.50000002235174,5.,1.50000002235174));
#6228=CARTESIAN_POINT('',(1.50000002235174,4.8,1.40000002235174));
#6229=CARTESIAN_POINT('',(1.50000002235174,5.,1.40000002235174));
#6230=CARTESIAN_POINT('',(1.50000002235174,4.8,0.750000011175871));
#6231=CARTESIAN_POINT('Origin',(2.10000002980232,5.,1.10000001490116));
#6232=CARTESIAN_POINT('',(2.00000002980232,4.8,1.10000001490116));
#6233=CARTESIAN_POINT('',(2.00000002980232,5.,1.10000001490116));
#6234=CARTESIAN_POINT('Origin',(2.10000002980232,4.8,1.10000001490116));
#6235=CARTESIAN_POINT('Origin',(2.00000002980232,5.,1.50000002235174));
#6236=CARTESIAN_POINT('',(2.00000002980232,4.8,1.40000002235174));
#6237=CARTESIAN_POINT('',(2.00000002980232,5.,1.40000002235174));
#6238=CARTESIAN_POINT('',(2.00000002980232,4.8,0.750000011175871));
#6239=CARTESIAN_POINT('Origin',(2.6000000372529,5.,1.10000001490116));
#6240=CARTESIAN_POINT('',(2.5000000372529,4.8,1.10000001490116));
#6241=CARTESIAN_POINT('',(2.5000000372529,5.,1.10000001490116));
#6242=CARTESIAN_POINT('Origin',(2.6000000372529,4.8,1.10000001490116));
#6243=CARTESIAN_POINT('Origin',(2.5000000372529,5.,1.50000002235174));
#6244=CARTESIAN_POINT('',(2.5000000372529,4.8,1.40000002235174));
#6245=CARTESIAN_POINT('',(2.5000000372529,5.,1.40000002235174));
#6246=CARTESIAN_POINT('',(2.5000000372529,4.8,0.750000011175871));
#6247=CARTESIAN_POINT('Origin',(3.10000004470348,5.,1.10000001490116));
#6248=CARTESIAN_POINT('',(3.00000004470348,4.8,1.10000001490116));
#6249=CARTESIAN_POINT('',(3.00000004470348,5.,1.10000001490116));
#6250=CARTESIAN_POINT('Origin',(3.10000004470348,4.8,1.10000001490116));
#6251=CARTESIAN_POINT('Origin',(3.00000004470348,5.,1.50000002235174));
#6252=CARTESIAN_POINT('',(3.00000004470348,4.8,1.40000002235174));
#6253=CARTESIAN_POINT('',(3.00000004470348,5.,1.40000002235174));
#6254=CARTESIAN_POINT('',(3.00000004470348,4.8,0.750000011175871));
#6255=CARTESIAN_POINT('Origin',(3.60000005215406,5.,1.10000001490116));
#6256=CARTESIAN_POINT('',(3.50000005215406,4.8,1.10000001490116));
#6257=CARTESIAN_POINT('',(3.50000005215406,5.,1.10000001490116));
#6258=CARTESIAN_POINT('Origin',(3.60000005215406,4.8,1.10000001490116));
#6259=CARTESIAN_POINT('Origin',(3.50000005215406,5.,1.50000002235174));
#6260=CARTESIAN_POINT('',(3.50000005215406,4.8,1.40000002235174));
#6261=CARTESIAN_POINT('',(3.50000005215406,5.,1.40000002235174));
#6262=CARTESIAN_POINT('',(3.50000005215406,4.8,0.750000011175871));
#6263=CARTESIAN_POINT('Origin',(4.10000005960464,5.,1.10000001490116));
#6264=CARTESIAN_POINT('',(4.00000005960464,4.8,1.10000001490116));
#6265=CARTESIAN_POINT('',(4.00000005960464,5.,1.10000001490116));
#6266=CARTESIAN_POINT('Origin',(4.10000005960464,4.8,1.10000001490116));
#6267=CARTESIAN_POINT('Origin',(4.00000005960464,5.,1.50000002235174));
#6268=CARTESIAN_POINT('',(4.00000005960464,4.8,1.40000002235174));
#6269=CARTESIAN_POINT('',(4.00000005960464,5.,1.40000002235174));
#6270=CARTESIAN_POINT('',(4.00000005960464,4.8,0.750000011175871));
#6271=CARTESIAN_POINT('Origin',(4.60000006705523,5.,1.10000001490116));
#6272=CARTESIAN_POINT('',(4.50000006705523,4.8,1.10000001490116));
#6273=CARTESIAN_POINT('',(4.50000006705523,5.,1.10000001490116));
#6274=CARTESIAN_POINT('',(4.60000006705523,4.8,1.00000001490116));
#6275=CARTESIAN_POINT('Origin',(4.60000006705523,4.8,1.10000001490116));
#6276=CARTESIAN_POINT('',(4.60000006705523,5.,1.00000001490116));
#6277=CARTESIAN_POINT('Origin',(4.50000006705523,5.,1.50000002235174));
#6278=CARTESIAN_POINT('',(4.50000006705523,4.8,1.40000002235174));
#6279=CARTESIAN_POINT('',(4.50000006705523,5.,1.40000002235174));
#6280=CARTESIAN_POINT('',(4.50000006705523,4.8,0.750000011175871));
#6281=CARTESIAN_POINT('Origin',(4.65000007078052,5.,1.10000001490116));
#6282=CARTESIAN_POINT('',(4.65000007078052,4.8,1.00000001490116));
#6283=CARTESIAN_POINT('',(4.65000007078052,5.,1.00000001490116));
#6284=CARTESIAN_POINT('',(4.75000007078052,4.8,1.10000001490116));
#6285=CARTESIAN_POINT('Origin',(4.65000007078052,4.8,1.10000001490116));
#6286=CARTESIAN_POINT('',(4.75000007078052,5.,1.10000001490116));
#6287=CARTESIAN_POINT('Origin',(4.50000006705523,5.,1.00000001490116));
#6288=CARTESIAN_POINT('',(2.85000003352761,4.8,1.00000001490116));
#6289=CARTESIAN_POINT('Origin',(4.60000006705523,5.,1.40000002235174));
#6290=CARTESIAN_POINT('',(4.60000006705523,4.8,1.50000002235174));
#6291=CARTESIAN_POINT('',(4.60000006705523,5.,1.50000002235174));
#6292=CARTESIAN_POINT('Origin',(4.60000006705523,4.8,1.40000002235174));
#6293=CARTESIAN_POINT('Origin',(4.75000007078052,5.,1.50000002235174));
#6294=CARTESIAN_POINT('',(4.65000007078052,4.8,1.50000002235174));
#6295=CARTESIAN_POINT('',(4.65000007078052,5.,1.50000002235174));
#6296=CARTESIAN_POINT('',(2.97500003539026,4.8,1.50000002235174));
#6297=CARTESIAN_POINT('Origin',(4.10000005960464,5.,1.40000002235174));
#6298=CARTESIAN_POINT('',(4.10000005960464,4.8,1.50000002235174));
#6299=CARTESIAN_POINT('',(4.10000005960464,5.,1.50000002235174));
#6300=CARTESIAN_POINT('Origin',(4.10000005960464,4.8,1.40000002235174));
#6301=CARTESIAN_POINT('Origin',(4.25000006332994,5.,1.50000002235174));
#6302=CARTESIAN_POINT('',(4.15000006332994,4.8,1.50000002235174));
#6303=CARTESIAN_POINT('',(4.15000006332994,5.,1.50000002235174));
#6304=CARTESIAN_POINT('',(2.72500003166497,4.8,1.50000002235174));
#6305=CARTESIAN_POINT('Origin',(3.60000005215406,5.,1.40000002235174));
#6306=CARTESIAN_POINT('',(3.60000005215406,4.8,1.50000002235174));
#6307=CARTESIAN_POINT('',(3.60000005215406,5.,1.50000002235174));
#6308=CARTESIAN_POINT('Origin',(3.60000005215406,4.8,1.40000002235174));
#6309=CARTESIAN_POINT('Origin',(3.75000005587935,5.,1.50000002235174));
#6310=CARTESIAN_POINT('',(3.65000005587935,4.8,1.50000002235174));
#6311=CARTESIAN_POINT('',(3.65000005587935,5.,1.50000002235174));
#6312=CARTESIAN_POINT('',(2.47500002793968,4.8,1.50000002235174));
#6313=CARTESIAN_POINT('Origin',(3.10000004470348,5.,1.40000002235174));
#6314=CARTESIAN_POINT('',(3.10000004470348,4.8,1.50000002235174));
#6315=CARTESIAN_POINT('',(3.10000004470348,5.,1.50000002235174));
#6316=CARTESIAN_POINT('Origin',(3.10000004470348,4.8,1.40000002235174));
#6317=CARTESIAN_POINT('Origin',(3.25000004842877,5.,1.50000002235174));
#6318=CARTESIAN_POINT('',(3.15000004842877,4.8,1.50000002235174));
#6319=CARTESIAN_POINT('',(3.15000004842877,5.,1.50000002235174));
#6320=CARTESIAN_POINT('',(2.22500002421439,4.8,1.50000002235174));
#6321=CARTESIAN_POINT('Origin',(2.6000000372529,5.,1.40000002235174));
#6322=CARTESIAN_POINT('',(2.6000000372529,4.8,1.50000002235174));
#6323=CARTESIAN_POINT('',(2.6000000372529,5.,1.50000002235174));
#6324=CARTESIAN_POINT('Origin',(2.6000000372529,4.8,1.40000002235174));
#6325=CARTESIAN_POINT('Origin',(2.75000004097819,5.,1.50000002235174));
#6326=CARTESIAN_POINT('',(2.65000004097819,4.8,1.50000002235174));
#6327=CARTESIAN_POINT('',(2.65000004097819,5.,1.50000002235174));
#6328=CARTESIAN_POINT('',(1.9750000204891,4.8,1.50000002235174));
#6329=CARTESIAN_POINT('Origin',(2.10000002980232,5.,1.40000002235174));
#6330=CARTESIAN_POINT('',(2.10000002980232,4.8,1.50000002235174));
#6331=CARTESIAN_POINT('',(2.10000002980232,5.,1.50000002235174));
#6332=CARTESIAN_POINT('Origin',(2.10000002980232,4.8,1.40000002235174));
#6333=CARTESIAN_POINT('Origin',(2.25000003352761,5.,1.50000002235174));
#6334=CARTESIAN_POINT('',(2.15000003352761,4.8,1.50000002235174));
#6335=CARTESIAN_POINT('',(2.15000003352761,5.,1.50000002235174));
#6336=CARTESIAN_POINT('',(1.72500001676381,4.8,1.50000002235174));
#6337=CARTESIAN_POINT('Origin',(1.60000002235174,5.,1.40000002235174));
#6338=CARTESIAN_POINT('',(1.60000002235174,4.8,1.50000002235174));
#6339=CARTESIAN_POINT('',(1.60000002235174,5.,1.50000002235174));
#6340=CARTESIAN_POINT('Origin',(1.60000002235174,4.8,1.40000002235174));
#6341=CARTESIAN_POINT('Origin',(1.75000002607703,5.,1.50000002235174));
#6342=CARTESIAN_POINT('',(1.65000002607703,4.8,1.50000002235174));
#6343=CARTESIAN_POINT('',(1.65000002607703,5.,1.50000002235174));
#6344=CARTESIAN_POINT('',(1.47500001303852,4.8,1.50000002235174));
#6345=CARTESIAN_POINT('Origin',(1.65000002607703,5.,1.40000002235174));
#6346=CARTESIAN_POINT('',(1.75000002607703,4.8,1.40000002235174));
#6347=CARTESIAN_POINT('',(1.75000002607703,5.,1.40000002235174));
#6348=CARTESIAN_POINT('Origin',(1.65000002607703,4.8,1.40000002235174));
#6349=CARTESIAN_POINT('Origin',(1.75000002607703,5.,1.00000001490116));
#6350=CARTESIAN_POINT('',(1.75000002607703,4.8,0.500000007450581));
#6351=CARTESIAN_POINT('Origin',(2.15000003352761,5.,1.40000002235174));
#6352=CARTESIAN_POINT('',(2.25000003352761,4.8,1.40000002235174));
#6353=CARTESIAN_POINT('',(2.25000003352761,5.,1.40000002235174));
#6354=CARTESIAN_POINT('Origin',(2.15000003352761,4.8,1.40000002235174));
#6355=CARTESIAN_POINT('Origin',(2.25000003352761,5.,1.00000001490116));
#6356=CARTESIAN_POINT('',(2.25000003352761,4.8,0.500000007450581));
#6357=CARTESIAN_POINT('Origin',(2.65000004097819,5.,1.40000002235174));
#6358=CARTESIAN_POINT('',(2.75000004097819,4.8,1.40000002235174));
#6359=CARTESIAN_POINT('',(2.75000004097819,5.,1.40000002235174));
#6360=CARTESIAN_POINT('Origin',(2.65000004097819,4.8,1.40000002235174));
#6361=CARTESIAN_POINT('Origin',(2.75000004097819,5.,1.00000001490116));
#6362=CARTESIAN_POINT('',(2.75000004097819,4.8,0.500000007450581));
#6363=CARTESIAN_POINT('Origin',(3.15000004842877,5.,1.40000002235174));
#6364=CARTESIAN_POINT('',(3.25000004842877,4.8,1.40000002235174));
#6365=CARTESIAN_POINT('',(3.25000004842877,5.,1.40000002235174));
#6366=CARTESIAN_POINT('Origin',(3.15000004842877,4.8,1.40000002235174));
#6367=CARTESIAN_POINT('Origin',(3.25000004842877,5.,1.00000001490116));
#6368=CARTESIAN_POINT('',(3.25000004842877,4.8,0.500000007450581));
#6369=CARTESIAN_POINT('Origin',(3.65000005587935,5.,1.40000002235174));
#6370=CARTESIAN_POINT('',(3.75000005587935,4.8,1.40000002235174));
#6371=CARTESIAN_POINT('',(3.75000005587935,5.,1.40000002235174));
#6372=CARTESIAN_POINT('Origin',(3.65000005587935,4.8,1.40000002235174));
#6373=CARTESIAN_POINT('Origin',(3.75000005587935,5.,1.00000001490116));
#6374=CARTESIAN_POINT('',(3.75000005587935,4.8,0.500000007450581));
#6375=CARTESIAN_POINT('Origin',(4.15000006332994,5.,1.40000002235174));
#6376=CARTESIAN_POINT('',(4.25000006332994,4.8,1.40000002235174));
#6377=CARTESIAN_POINT('',(4.25000006332994,5.,1.40000002235174));
#6378=CARTESIAN_POINT('Origin',(4.15000006332994,4.8,1.40000002235174));
#6379=CARTESIAN_POINT('Origin',(4.25000006332994,5.,1.00000001490116));
#6380=CARTESIAN_POINT('',(4.25000006332994,4.8,0.500000007450581));
#6381=CARTESIAN_POINT('Origin',(4.65000007078052,5.,1.40000002235174));
#6382=CARTESIAN_POINT('',(4.75000007078052,4.8,1.40000002235174));
#6383=CARTESIAN_POINT('',(4.75000007078052,5.,1.40000002235174));
#6384=CARTESIAN_POINT('Origin',(4.65000007078052,4.8,1.40000002235174));
#6385=CARTESIAN_POINT('Origin',(4.75000007078052,5.,1.00000001490116));
#6386=CARTESIAN_POINT('',(4.75000007078052,4.8,0.500000007450581));
#6387=CARTESIAN_POINT('Origin',(1.00000074505816,2.94466561105941,3.23861842216794));
#6388=CARTESIAN_POINT('',(1.00000074505816,2.4145240755223,3.38507644447587));
#6389=CARTESIAN_POINT('',(1.00000074505816,3.36029873489169,2.87841138951391));
#6390=CARTESIAN_POINT('Origin',(1.00000074505816,2.94466561105941,3.23861842216794));
#6391=CARTESIAN_POINT('',(1.00000074505816,3.36029873489169,2.87841138951391));
#6392=CARTESIAN_POINT('Origin',(5.00000074505816,2.20000003278266,3.50000005215406));
#6393=CARTESIAN_POINT('Origin',(5.00000074505816,2.20000003278266,3.50000005215406));
#6394=CARTESIAN_POINT('',(5.00000074505816,4.9999998882414,1.99999995529652));
#6395=CARTESIAN_POINT('',(4.90000040829187,4.72739276034416,2.14603950506746));
#6396=CARTESIAN_POINT('Origin',(4.20000005960464,3.40000003576279,0.3));
#6397=CARTESIAN_POINT('',(3.90000005960464,4.8,-0.1));
#6398=CARTESIAN_POINT('Origin',(4.20000005960464,4.8,0.3));
#6399=CARTESIAN_POINT('',(3.90000005960464,3.40000003576279,-0.1));
#6400=CARTESIAN_POINT('Origin',(3.90000003576279,-0.2,0.3));
#6401=CARTESIAN_POINT('',(4.8,-0.2,-0.2));
#6402=CARTESIAN_POINT('',(3.90000003576279,-0.2,-0.2));
#6403=CARTESIAN_POINT('',(4.8,0.1,-0.1));
#6404=CARTESIAN_POINT('Origin',(4.8,-0.2,0.3));
#6405=CARTESIAN_POINT('',(3.90000003576279,0.1,-0.1));
#6406=CARTESIAN_POINT('Origin',(3.90000003576279,0.4,-0.5));
#6407=CARTESIAN_POINT('',(4.8,0.4,0.));
#6408=CARTESIAN_POINT('Origin',(4.8,0.4,-0.5));
#6409=CARTESIAN_POINT('',(3.90000003576279,0.4,0.));
#6410=CARTESIAN_POINT('Origin',(4.8,-0.8,0.));
#6411=CARTESIAN_POINT('',(4.8,-0.3,-0.2));
#6412=CARTESIAN_POINT('',(4.8,4.8,-0.2));
#6413=CARTESIAN_POINT('',(4.8,-0.3,0.));
#6414=CARTESIAN_POINT('',(4.8,-0.3,0.));
#6415=CARTESIAN_POINT('',(4.8,0.6,0.));
#6416=CARTESIAN_POINT('Origin',(4.20000005960464,0.499999992549419,0.3));
#6417=CARTESIAN_POINT('',(3.90000005960464,-0.8,-0.1));
#6418=CARTESIAN_POINT('',(4.20000005960464,-0.8,-0.2));
#6419=CARTESIAN_POINT('Origin',(4.20000005960464,-0.8,0.3));
#6420=CARTESIAN_POINT('',(4.20000005960464,0.499999992549419,-0.2));
#6421=CARTESIAN_POINT('',(3.90000005960464,0.499999992549419,-0.1));
#6422=CARTESIAN_POINT('Origin',(3.60000005960464,0.499999992549419,-0.5));
#6423=CARTESIAN_POINT('',(3.60000005960464,-0.8,0.));
#6424=CARTESIAN_POINT('',(3.60000005960464,0.499999992549419,0.));
#6425=CARTESIAN_POINT('Origin',(3.60000005960464,-0.8,-0.5));
#6426=CARTESIAN_POINT('Origin',(1.80000002980232,3.5000000372529,0.3));
#6427=CARTESIAN_POINT('',(2.10000002980232,4.8,-0.1));
#6428=CARTESIAN_POINT('Origin',(1.80000002980232,4.8,0.3));
#6429=CARTESIAN_POINT('',(2.10000002980232,3.5000000372529,-0.1));
#6430=CARTESIAN_POINT('Origin',(2.1000000089407,4.20000005960464,0.3));
#6431=CARTESIAN_POINT('',(1.2,3.90000005960464,-0.1));
#6432=CARTESIAN_POINT('Origin',(1.2,4.20000005960464,0.3));
#6433=CARTESIAN_POINT('',(2.1000000089407,3.90000005960464,-0.1));
#6434=CARTESIAN_POINT('Origin',(1.2,4.8,0.));
#6435=CARTESIAN_POINT('',(1.2,4.3,0.));
#6436=CARTESIAN_POINT('',(1.2,4.3,0.));
#6437=CARTESIAN_POINT('',(1.2,3.60000005960464,0.));
#6438=CARTESIAN_POINT('',(1.2,3.4,0.));
#6439=CARTESIAN_POINT('Origin',(1.2,3.60000005960464,-0.5));
#6440=CARTESIAN_POINT('Origin',(2.00000000745058,-0.2,0.3));
#6441=CARTESIAN_POINT('',(1.2,0.1,-0.1));
#6442=CARTESIAN_POINT('',(1.2,-0.2,-0.2));
#6443=CARTESIAN_POINT('Origin',(1.2,-0.2,0.3));
#6444=CARTESIAN_POINT('',(2.00000000745058,-0.2,-0.2));
#6445=CARTESIAN_POINT('',(2.00000000745058,0.1,-0.1));
#6446=CARTESIAN_POINT('Origin',(1.2,4.8,0.));
#6447=CARTESIAN_POINT('',(1.2,0.4,0.));
#6448=CARTESIAN_POINT('Origin',(1.2,0.4,-0.5));
#6449=CARTESIAN_POINT('',(1.2,-0.3,0.));
#6450=CARTESIAN_POINT('',(1.2,3.4,0.));
#6451=CARTESIAN_POINT('',(1.2,-0.3,-0.2));
#6452=CARTESIAN_POINT('',(1.2,-0.3,0.));
#6453=CARTESIAN_POINT('',(1.2,-0.8,-0.2));
#6454=CARTESIAN_POINT('Origin',(2.00000000745058,0.4,-0.5));
#6455=CARTESIAN_POINT('',(2.00000000745058,0.4,0.));
#6456=CARTESIAN_POINT('Origin',(1.80000002980232,0.599999994039535,0.3));
#6457=CARTESIAN_POINT('',(1.80000002980232,-0.8,-0.2));
#6458=CARTESIAN_POINT('',(1.80000002980232,0.599999994039535,-0.2));
#6459=CARTESIAN_POINT('',(2.10000002980232,-0.8,-0.1));
#6460=CARTESIAN_POINT('Origin',(1.80000002980232,-0.8,0.3));
#6461=CARTESIAN_POINT('',(2.10000002980232,0.599999994039535,-0.1));
#6462=CARTESIAN_POINT('Origin',(2.40000002980232,0.599999994039535,-0.5));
#6463=CARTESIAN_POINT('',(2.40000002980232,-0.8,0.));
#6464=CARTESIAN_POINT('Origin',(2.40000002980232,-0.8,-0.5));
#6465=CARTESIAN_POINT('',(2.40000002980232,0.599999994039535,0.));
#6466=CARTESIAN_POINT('Origin',(4.3,-0.3,0.));
#6467=CARTESIAN_POINT('',(4.3,-0.8,0.));
#6468=CARTESIAN_POINT('Origin',(4.3,-0.3,0.));
#6469=CARTESIAN_POINT('',(4.3,-0.8,-0.2));
#6470=CARTESIAN_POINT('Origin',(4.3,-0.3,-0.2));
#6471=CARTESIAN_POINT('',(4.3,-0.8,0.));
#6472=CARTESIAN_POINT('Origin',(3.60000005960464,3.40000003576279,-0.5));
#6473=CARTESIAN_POINT('',(3.60000005960464,4.8,0.));
#6474=CARTESIAN_POINT('Origin',(3.60000005960464,4.8,-0.5));
#6475=CARTESIAN_POINT('',(3.60000005960464,3.40000003576279,0.));
#6476=CARTESIAN_POINT('Origin',(4.50000074505816,4.40000061839718,-0.1));
#6477=CARTESIAN_POINT('',(4.80000007152557,4.00000005960464,0.));
#6478=CARTESIAN_POINT('Origin',(4.50000074505816,4.40000061839718,0.));
#6479=CARTESIAN_POINT('',(4.8,4.00000005960464,-0.1));
#6480=CARTESIAN_POINT('Origin',(1.7,4.3,0.));
#6481=CARTESIAN_POINT('',(1.7,4.8,0.));
#6482=CARTESIAN_POINT('Origin',(1.7,4.3,0.));
#6483=CARTESIAN_POINT('',(1.7,4.8,0.));
#6484=CARTESIAN_POINT('Origin',(3.,2.,0.));
#6485=CARTESIAN_POINT('',(1.7,-0.8,0.));
#6486=CARTESIAN_POINT('',(2.1,-0.8,0.));
#6487=CARTESIAN_POINT('Origin',(1.7,-0.3,0.));
#6488=CARTESIAN_POINT('',(2.1000000089407,3.60000005960464,0.));
#6489=CARTESIAN_POINT('',(2.40000002980232,4.8,0.));
#6490=CARTESIAN_POINT('',(3.9,4.8,0.));
#6491=CARTESIAN_POINT('',(2.40000002980232,3.5000000372529,0.));
#6492=CARTESIAN_POINT('',(4.8,4.8,0.));
#6493=CARTESIAN_POINT('',(3.9,4.8,0.));
#6494=CARTESIAN_POINT('',(4.8,0.6,0.));
#6495=CARTESIAN_POINT('',(2.1,-0.8,0.));
#6496=CARTESIAN_POINT('Origin',(4.8,4.8,0.));
#6497=CARTESIAN_POINT('Origin',(2.40000002980232,4.8,-0.5));
#6498=CARTESIAN_POINT('Origin',(2.40000002980232,3.5000000372529,-0.5));
#6499=CARTESIAN_POINT('Origin',(2.1000000089407,3.60000005960464,-0.5));
#6500=CARTESIAN_POINT('Origin',(1.7,-0.3,0.));
#6501=CARTESIAN_POINT('',(1.7,-0.8,-0.2));
#6502=CARTESIAN_POINT('',(1.7,-0.8,0.));
#6503=CARTESIAN_POINT('Origin',(1.7,-0.3,-0.2));
#6504=CARTESIAN_POINT('Origin',(1.2,-0.8,0.));
#6505=CARTESIAN_POINT('',(4.8,-0.8,-0.2));
#6506=CARTESIAN_POINT('Origin',(1.2,-0.8,0.));
#6507=CARTESIAN_POINT('',(4.8,-0.8,-0.2));
#6508=CARTESIAN_POINT('Origin',(4.8,4.8,0.));
#6509=CARTESIAN_POINT('',(4.8,4.8,0.));
#6510=CARTESIAN_POINT('Origin',(4.8,-0.8,0.));
#6511=CARTESIAN_POINT('Origin',(3.,2.,-0.2));
#6512=CARTESIAN_POINT('Origin',(3.,2.,-0.2));
#6513=CARTESIAN_POINT('Origin',(2.00000002980232,5.,0.750000011175871));
#6514=CARTESIAN_POINT('',(2.00000002980232,4.8,0.375000005587935));
#6515=CARTESIAN_POINT('Origin',(3.00000004470348,5.,0.750000011175871));
#6516=CARTESIAN_POINT('',(3.00000004470348,4.8,0.375000005587935));
#6517=CARTESIAN_POINT('Origin',(4.00000005960464,5.,0.750000011175871));
#6518=CARTESIAN_POINT('',(4.00000005960464,4.8,0.375000005587935));
#6519=CARTESIAN_POINT('Origin',(3.50000005215406,5.,0.750000011175871));
#6520=CARTESIAN_POINT('',(3.50000005215406,4.8,0.375000005587935));
#6521=CARTESIAN_POINT('Origin',(2.5000000372529,5.,0.750000011175871));
#6522=CARTESIAN_POINT('',(2.5000000372529,4.8,0.375000005587935));
#6523=CARTESIAN_POINT('Origin',(1.50000002235174,5.,0.750000011175871));
#6524=CARTESIAN_POINT('',(1.50000002235174,4.8,0.375000005587935));
#6525=CARTESIAN_POINT('Origin',(1.2,4.8,0.));
#6526=CARTESIAN_POINT('',(1.2,4.8,1.7));
#6527=CARTESIAN_POINT('',(4.8,4.8,1.7));
#6528=CARTESIAN_POINT('',(1.2,4.8,0.5));
#6529=CARTESIAN_POINT('Origin',(1.,2.70000004023314,0.500000007450581));
#6530=CARTESIAN_POINT('',(2.,2.70000004023314,0.5));
#6531=CARTESIAN_POINT('',(3.00000037252908,2.69999993976192,2.61764714159959));
#6532=CARTESIAN_POINT('Origin',(1.,2.35000003501773,2.80000004172325));
#6533=CARTESIAN_POINT('Origin',(1.,2.35000003501773,2.80000004172325));
#6534=CARTESIAN_POINT('',(3.00000037252908,2.35000003501773,2.79607846906377));
#6535=CARTESIAN_POINT('Origin',(1.,2.70000004023314,0.500000007450581));
#6536=CARTESIAN_POINT('',(3.00000037252908,2.69999993976192,2.61764714159959));
#6537=CARTESIAN_POINT('',(2.,2.70000004023314,0.5));
#6538=CARTESIAN_POINT('Origin',(5.00000074505816,4.50000006705523,1.7));
#6539=CARTESIAN_POINT('Origin',(5.00000074505816,4.50000006705523,1.7));
#6540=CARTESIAN_POINT('',(4.8,4.50000006705523,1.7));
#6541=CARTESIAN_POINT('Origin',(5.00000074505816,4.50000006705523,1.7));
#6542=CARTESIAN_POINT('',(1.00000001490116,4.50000006705523,1.7));
#6543=CARTESIAN_POINT('Origin',(3.,2.,0.5));
#6544=CARTESIAN_POINT('',(3.9,4.50000006705523,0.5));
#6545=CARTESIAN_POINT('Origin',(3.,2.,0.5));
#6546=CARTESIAN_POINT('',(2.00000000745058,4.50000006705523,0.5));
#6547=CARTESIAN_POINT('Origin',(4.80000007152557,4.50000006705522,1.7));
#6548=CARTESIAN_POINT('',(5.00000074505816,4.50000006705523,1.7));
#6549=CARTESIAN_POINT('Origin',(5.00000074505816,1.95000002905737,3.00000004470348));
#6550=CARTESIAN_POINT('Origin',(5.00000074505816,5.,1.7));
#6551=CARTESIAN_POINT('',(1.20000001788139,4.50000006705523,1.7));
#6552=CARTESIAN_POINT('Origin',(5.00000074505816,4.9999998882414,1.99999995529652));
#6553=CARTESIAN_POINT('Origin',(1.20000001788139,4.50000006705523,0.5));
#6554=CARTESIAN_POINT('',(1.20000001788139,4.50000006705523,0.5));
#6555=CARTESIAN_POINT('Origin',(1.00000001490116,4.50000006705523,0.5));
#6556=CARTESIAN_POINT('Origin',(5.00000007450581,4.50000006705523,0.5));
#6557=CARTESIAN_POINT('',(5.00000007450581,4.50000006705523,0.5));
#6558=CARTESIAN_POINT('Origin',(4.8,4.50000006705523,0.5));
#6559=UNCERTAINTY_MEASURE_WITH_UNIT(LENGTH_MEASURE(0.001),#6563,
'DISTANCE_ACCURACY_VALUE',
'Maximum model space distance between geometric entities at asserted c
onnectivities');
#6560=UNCERTAINTY_MEASURE_WITH_UNIT(LENGTH_MEASURE(0.001),#6563,
'DISTANCE_ACCURACY_VALUE',
'Maximum model space distance between geometric entities at asserted c
onnectivities');
#6561=(
GEOMETRIC_REPRESENTATION_CONTEXT(3)
GLOBAL_UNCERTAINTY_ASSIGNED_CONTEXT((#6559))
GLOBAL_UNIT_ASSIGNED_CONTEXT((#6563,#6565,#6566))
REPRESENTATION_CONTEXT('','3D')
);
#6562=(
GEOMETRIC_REPRESENTATION_CONTEXT(3)
GLOBAL_UNCERTAINTY_ASSIGNED_CONTEXT((#6560))
GLOBAL_UNIT_ASSIGNED_CONTEXT((#6563,#6565,#6566))
REPRESENTATION_CONTEXT('','3D')
);
#6563=(
LENGTH_UNIT()
NAMED_UNIT(*)
SI_UNIT(.CENTI.,.METRE.)
);
#6564=(
LENGTH_UNIT()
NAMED_UNIT(*)
SI_UNIT($,.METRE.)
);
#6565=(
NAMED_UNIT(*)
PLANE_ANGLE_UNIT()
SI_UNIT($,.RADIAN.)
);
#6566=(
NAMED_UNIT(*)
SI_UNIT($,.STERADIAN.)
SOLID_ANGLE_UNIT()
);
#6567=SHAPE_DEFINITION_REPRESENTATION(#6568,#6569);
#6568=PRODUCT_DEFINITION_SHAPE('',$,#6571);
#6569=SHAPE_REPRESENTATION('',(#3892),#6561);
#6570=PRODUCT_DEFINITION_CONTEXT('part definition',#6575,'design');
#6571=PRODUCT_DEFINITION('2026-07-25-00-09-33-168','3rd',#6572,#6570);
#6572=PRODUCT_DEFINITION_FORMATION('',$,#6577);
#6573=PRODUCT_RELATED_PRODUCT_CATEGORY('3rd','3rd',(#6577));
#6574=APPLICATION_PROTOCOL_DEFINITION('international standard',
'automotive_design',2009,#6575);
#6575=APPLICATION_CONTEXT(
'Core Data for Automotive Mechanical Design Process');
#6576=PRODUCT_CONTEXT('part definition',#6575,'mechanical');
#6577=PRODUCT('2026-07-25-00-09-33-168','3rd',$,(#6576));
#6578=PRESENTATION_STYLE_ASSIGNMENT((#6579));
#6579=SURFACE_STYLE_USAGE(.BOTH.,#6580);
#6580=SURFACE_SIDE_STYLE('',(#6581));
#6581=SURFACE_STYLE_FILL_AREA(#6582);
#6582=FILL_AREA_STYLE('Steel - Satin',(#6583));
#6583=FILL_AREA_STYLE_COLOUR('Steel - Satin',#6584);
#6584=COLOUR_RGB('Steel - Satin',0.627450980392157,0.627450980392157,0.627450980392157);
ENDSEC;
END-ISO-10303-21;
