ISO-10303-21;
HEADER;
/* Generated by software containing ST-Developer
 * from STEP Tools, Inc. (www.steptools.com) 
 */

FILE_DESCRIPTION(
/* description */ (''),
/* implementation_level */ '2;1');

FILE_NAME(
/* name */ '4th.step',
/* time_stamp */ '2026-07-29T17:51:42+05:30',
/* author */ (''),
/* organization */ (''),
/* preprocessor_version */ 'ST-DEVELOPER v20.1',
/* originating_system */ 'Autodesk Translation Framework v15.8.0.0',
/* authorisation */ '');

FILE_SCHEMA (('AUTOMOTIVE_DESIGN { 1 0 10303 214 3 1 1 }'));
ENDSEC;

DATA;
#10=MECHANICAL_DESIGN_GEOMETRIC_PRESENTATION_REPRESENTATION('',(#13),#13511);
#11=SHAPE_REPRESENTATION_RELATIONSHIP('SRR','None',#13518,#12);
#12=ADVANCED_BREP_SHAPE_REPRESENTATION('',(#14),#13510);
#13=STYLED_ITEM('',(#13527),#14);
#14=MANIFOLD_SOLID_BREP('Body1',#6707);
#15=FACE_BOUND('',#2363,.T.);
#16=FACE_BOUND('',#2381,.T.);
#17=FACE_BOUND('',#2418,.T.);
#18=FACE_BOUND('',#2460,.T.);
#19=FACE_BOUND('',#2483,.T.);
#20=FACE_BOUND('',#2501,.T.);
#21=FACE_BOUND('',#2537,.T.);
#22=FACE_BOUND('',#2575,.T.);
#23=FACE_BOUND('',#2633,.T.);
#24=FACE_BOUND('',#2655,.T.);
#25=FACE_BOUND('',#2656,.T.);
#26=FACE_BOUND('',#2664,.T.);
#27=FACE_BOUND('',#2665,.T.);
#28=FACE_BOUND('',#2666,.T.);
#29=FACE_BOUND('',#2667,.T.);
#30=FACE_BOUND('',#2668,.T.);
#31=FACE_BOUND('',#2669,.T.);
#32=FACE_BOUND('',#2670,.T.);
#33=FACE_BOUND('',#2671,.T.);
#34=FACE_BOUND('',#2672,.T.);
#35=FACE_BOUND('',#2673,.T.);
#36=FACE_BOUND('',#2674,.T.);
#37=FACE_BOUND('',#2675,.T.);
#38=FACE_BOUND('',#2676,.T.);
#39=FACE_BOUND('',#2677,.T.);
#40=FACE_BOUND('',#2678,.T.);
#41=FACE_BOUND('',#2679,.T.);
#42=FACE_BOUND('',#2680,.T.);
#43=FACE_BOUND('',#2681,.T.);
#44=B_SPLINE_CURVE_WITH_KNOTS('',3,(#7848,#7849,#7850,#7851,#7852),
 .UNSPECIFIED.,.F.,.F.,(4,1,4),(0.,0.0583342754252583,0.14243210502738),
 .UNSPECIFIED.);
#45=B_SPLINE_CURVE_WITH_KNOTS('',3,(#7855,#7856,#7857,#7858,#7859),
 .UNSPECIFIED.,.F.,.F.,(4,1,4),(0.,0.0583342754252583,0.14243210502738),
 .UNSPECIFIED.);
#46=B_SPLINE_CURVE_WITH_KNOTS('',3,(#7871,#7872,#7873,#7874,#7875),
 .UNSPECIFIED.,.F.,.F.,(4,1,4),(0.,0.046689553094111,0.0928177649925887),
 .UNSPECIFIED.);
#47=B_SPLINE_CURVE_WITH_KNOTS('',3,(#7878,#7879,#7880,#7881,#7882),
 .UNSPECIFIED.,.F.,.F.,(4,1,4),(0.,0.046689553094111,0.0928177649925887),
 .UNSPECIFIED.);
#48=B_SPLINE_CURVE_WITH_KNOTS('',3,(#7894,#7895,#7896,#7897,#7898),
 .UNSPECIFIED.,.F.,.F.,(4,1,4),(0.,0.0370427935277087,0.0782421139988825),
 .UNSPECIFIED.);
#49=B_SPLINE_CURVE_WITH_KNOTS('',3,(#7901,#7902,#7903,#7904,#7905),
 .UNSPECIFIED.,.F.,.F.,(4,1,4),(0.,0.0370427935277087,0.0782421139988825),
 .UNSPECIFIED.);
#50=B_SPLINE_CURVE_WITH_KNOTS('',3,(#7917,#7918,#7919,#7920,#7921),
 .UNSPECIFIED.,.F.,.F.,(4,1,4),(0.,0.0585774220617874,0.101285890007664),
 .UNSPECIFIED.);
#51=B_SPLINE_CURVE_WITH_KNOTS('',3,(#7924,#7925,#7926,#7927,#7928),
 .UNSPECIFIED.,.F.,.F.,(4,1,4),(0.,0.0585774220617874,0.101285890007664),
 .UNSPECIFIED.);
#52=B_SPLINE_CURVE_WITH_KNOTS('',3,(#7958,#7959,#7960,#7961,#7962),
 .UNSPECIFIED.,.F.,.F.,(4,1,4),(0.,0.100052358772365,0.225263425014636),
 .UNSPECIFIED.);
#53=B_SPLINE_CURVE_WITH_KNOTS('',3,(#7965,#7966,#7967,#7968,#7969),
 .UNSPECIFIED.,.F.,.F.,(4,1,4),(0.,0.100052358772365,0.225263425014636),
 .UNSPECIFIED.);
#54=B_SPLINE_CURVE_WITH_KNOTS('',3,(#7981,#7982,#7983,#7984,#7985),
 .UNSPECIFIED.,.F.,.F.,(4,1,4),(0.,0.102665929726239,0.195533847610991),
 .UNSPECIFIED.);
#55=B_SPLINE_CURVE_WITH_KNOTS('',3,(#7988,#7989,#7990,#7991,#7992),
 .UNSPECIFIED.,.F.,.F.,(4,1,4),(0.,0.102665929726239,0.195533847610991),
 .UNSPECIFIED.);
#56=B_SPLINE_CURVE_WITH_KNOTS('',3,(#8004,#8005,#8006,#8007,#8008),
 .UNSPECIFIED.,.F.,.F.,(4,1,4),(0.,0.0639176062928516,0.135478710120344),
 .UNSPECIFIED.);
#57=B_SPLINE_CURVE_WITH_KNOTS('',3,(#8011,#8012,#8013,#8014,#8015),
 .UNSPECIFIED.,.F.,.F.,(4,1,4),(0.,0.0639176062928516,0.135478710120344),
 .UNSPECIFIED.);
#58=B_SPLINE_CURVE_WITH_KNOTS('',3,(#8027,#8028,#8029,#8030,#8031),
 .UNSPECIFIED.,.F.,.F.,(4,1,4),(0.,0.0756105630708986,0.141004753255188),
 .UNSPECIFIED.);
#59=B_SPLINE_CURVE_WITH_KNOTS('',3,(#8034,#8035,#8036,#8037,#8038),
 .UNSPECIFIED.,.F.,.F.,(4,1,4),(0.,0.0756105630708986,0.141004753255188),
 .UNSPECIFIED.);
#60=B_SPLINE_CURVE_WITH_KNOTS('',3,(#8081,#8082,#8083,#8084,#8085),
 .UNSPECIFIED.,.F.,.F.,(4,1,4),(0.,0.0965995638144446,0.243309964066097),
 .UNSPECIFIED.);
#61=B_SPLINE_CURVE_WITH_KNOTS('',3,(#8088,#8089,#8090,#8091,#8092),
 .UNSPECIFIED.,.F.,.F.,(4,1,4),(0.,0.0965995638144446,0.243309964066097),
 .UNSPECIFIED.);
#62=B_SPLINE_CURVE_WITH_KNOTS('',3,(#8104,#8105,#8106,#8107,#8108),
 .UNSPECIFIED.,.F.,.F.,(4,1,4),(0.,0.0497215743107349,0.0991899923241616),
 .UNSPECIFIED.);
#63=B_SPLINE_CURVE_WITH_KNOTS('',3,(#8111,#8112,#8113,#8114,#8115),
 .UNSPECIFIED.,.F.,.F.,(4,1,4),(0.,0.0497215743107349,0.0991899923241616),
 .UNSPECIFIED.);
#64=B_SPLINE_CURVE_WITH_KNOTS('',3,(#8127,#8128,#8129,#8130,#8131),
 .UNSPECIFIED.,.F.,.F.,(4,1,4),(0.,0.0465974369703894,0.0807481306185217),
 .UNSPECIFIED.);
#65=B_SPLINE_CURVE_WITH_KNOTS('',3,(#8134,#8135,#8136,#8137,#8138),
 .UNSPECIFIED.,.F.,.F.,(4,1,4),(0.,0.0465974369703894,0.0807481306185217),
 .UNSPECIFIED.);
#66=B_SPLINE_CURVE_WITH_KNOTS('',3,(#8156,#8157,#8158,#8159,#8160),
 .UNSPECIFIED.,.F.,.F.,(4,1,4),(0.,0.0649959319404784,0.140714046591558),
 .UNSPECIFIED.);
#67=B_SPLINE_CURVE_WITH_KNOTS('',3,(#8163,#8164,#8165,#8166,#8167),
 .UNSPECIFIED.,.F.,.F.,(4,1,4),(0.,0.0649959319404784,0.140714046591558),
 .UNSPECIFIED.);
#68=B_SPLINE_CURVE_WITH_KNOTS('',3,(#8179,#8180,#8181,#8182,#8183),
 .UNSPECIFIED.,.F.,.F.,(4,1,4),(0.,0.0496125061306077,0.10407015071334),
 .UNSPECIFIED.);
#69=B_SPLINE_CURVE_WITH_KNOTS('',3,(#8186,#8187,#8188,#8189,#8190),
 .UNSPECIFIED.,.F.,.F.,(4,1,4),(0.,0.0496125061306077,0.10407015071334),
 .UNSPECIFIED.);
#70=B_SPLINE_CURVE_WITH_KNOTS('',3,(#8202,#8203,#8204,#8205,#8206),
 .UNSPECIFIED.,.F.,.F.,(4,1,4),(0.,0.0754004300036802,0.13220846935643),
 .UNSPECIFIED.);
#71=B_SPLINE_CURVE_WITH_KNOTS('',3,(#8209,#8210,#8211,#8212,#8213),
 .UNSPECIFIED.,.F.,.F.,(4,1,4),(0.,0.0754004300036802,0.13220846935643),
 .UNSPECIFIED.);
#72=B_SPLINE_CURVE_WITH_KNOTS('',3,(#8242,#8243,#8244,#8245,#8246),
 .UNSPECIFIED.,.F.,.F.,(4,1,4),(0.,0.0393129149194816,0.0864798979653255),
 .UNSPECIFIED.);
#73=B_SPLINE_CURVE_WITH_KNOTS('',3,(#8250,#8251,#8252,#8253,#8254),
 .UNSPECIFIED.,.F.,.F.,(4,1,4),(0.,0.0393129149194816,0.0864798979653255),
 .UNSPECIFIED.);
#74=B_SPLINE_CURVE_WITH_KNOTS('',3,(#8267,#8268,#8269,#8270,#8271),
 .UNSPECIFIED.,.F.,.F.,(4,1,4),(0.,0.0422778414858064,0.0797266638668792),
 .UNSPECIFIED.);
#75=B_SPLINE_CURVE_WITH_KNOTS('',3,(#8274,#8275,#8276,#8277,#8278),
 .UNSPECIFIED.,.F.,.F.,(4,1,4),(0.,0.0422778414858064,0.0797266638668792),
 .UNSPECIFIED.);
#76=B_SPLINE_CURVE_WITH_KNOTS('',3,(#8290,#8291,#8292,#8293,#8294),
 .UNSPECIFIED.,.F.,.F.,(4,1,4),(0.,0.0451168746849991,0.0899424515190192),
 .UNSPECIFIED.);
#77=B_SPLINE_CURVE_WITH_KNOTS('',3,(#8297,#8298,#8299,#8300,#8301),
 .UNSPECIFIED.,.F.,.F.,(4,1,4),(0.,0.0451168746849991,0.0899424515190192),
 .UNSPECIFIED.);
#78=B_SPLINE_CURVE_WITH_KNOTS('',3,(#8313,#8314,#8315,#8316,#8317),
 .UNSPECIFIED.,.F.,.F.,(4,1,4),(0.,0.0322493074609782,0.0715615410993644),
 .UNSPECIFIED.);
#79=B_SPLINE_CURVE_WITH_KNOTS('',3,(#8320,#8321,#8322,#8323,#8324),
 .UNSPECIFIED.,.F.,.F.,(4,1,4),(0.,0.0322493074609782,0.0715615410993644),
 .UNSPECIFIED.);
#80=B_SPLINE_CURVE_WITH_KNOTS('',3,(#8336,#8337,#8338,#8339,#8340),
 .UNSPECIFIED.,.F.,.F.,(4,1,4),(0.,0.0303013189172864,0.0596209484864426),
 .UNSPECIFIED.);
#81=B_SPLINE_CURVE_WITH_KNOTS('',3,(#8343,#8344,#8345,#8346,#8347),
 .UNSPECIFIED.,.F.,.F.,(4,1,4),(0.,0.0303013189172864,0.0596209484864426),
 .UNSPECIFIED.);
#82=B_SPLINE_CURVE_WITH_KNOTS('',3,(#8359,#8360,#8361,#8362,#8363),
 .UNSPECIFIED.,.F.,.F.,(4,1,4),(0.,0.0296768444596529,0.0574047513496096),
 .UNSPECIFIED.);
#83=B_SPLINE_CURVE_WITH_KNOTS('',3,(#8366,#8367,#8368,#8369,#8370),
 .UNSPECIFIED.,.F.,.F.,(4,1,4),(0.,0.0296768444596529,0.0574047513496096),
 .UNSPECIFIED.);
#84=B_SPLINE_CURVE_WITH_KNOTS('',3,(#8382,#8383,#8384,#8385,#8386),
 .UNSPECIFIED.,.F.,.F.,(4,1,4),(0.,0.0725887089731675,0.116521349408643),
 .UNSPECIFIED.);
#85=B_SPLINE_CURVE_WITH_KNOTS('',3,(#8389,#8390,#8391,#8392,#8393),
 .UNSPECIFIED.,.F.,.F.,(4,1,4),(0.,0.0725887089731675,0.116521349408643),
 .UNSPECIFIED.);
#86=B_SPLINE_CURVE_WITH_KNOTS('',3,(#8405,#8406,#8407,#8408,#8409),
 .UNSPECIFIED.,.F.,.F.,(4,1,4),(0.,0.0615855326399002,0.124762830437527),
 .UNSPECIFIED.);
#87=B_SPLINE_CURVE_WITH_KNOTS('',3,(#8412,#8413,#8414,#8415,#8416),
 .UNSPECIFIED.,.F.,.F.,(4,1,4),(0.,0.0615855326399002,0.124762830437527),
 .UNSPECIFIED.);
#88=B_SPLINE_CURVE_WITH_KNOTS('',3,(#8432,#8433,#8434,#8435,#8436),
 .UNSPECIFIED.,.F.,.F.,(4,1,4),(0.,0.0599351197244703,0.105603438612747),
 .UNSPECIFIED.);
#89=B_SPLINE_CURVE_WITH_KNOTS('',3,(#8440,#8441,#8442,#8443,#8444),
 .UNSPECIFIED.,.F.,.F.,(4,1,4),(0.,0.0599351197244703,0.105603438612747),
 .UNSPECIFIED.);
#90=B_SPLINE_CURVE_WITH_KNOTS('',3,(#8457,#8458,#8459,#8460,#8461),
 .UNSPECIFIED.,.F.,.F.,(4,1,4),(0.,0.0329533359162784,0.0784328117759873),
 .UNSPECIFIED.);
#91=B_SPLINE_CURVE_WITH_KNOTS('',3,(#8464,#8465,#8466,#8467,#8468),
 .UNSPECIFIED.,.F.,.F.,(4,1,4),(0.,0.0329533359162784,0.0784328117759873),
 .UNSPECIFIED.);
#92=B_SPLINE_CURVE_WITH_KNOTS('',3,(#8480,#8481,#8482,#8483,#8484),
 .UNSPECIFIED.,.F.,.F.,(4,1,4),(0.,0.04380582317247,0.0761053013225458),
 .UNSPECIFIED.);
#93=B_SPLINE_CURVE_WITH_KNOTS('',3,(#8487,#8488,#8489,#8490,#8491),
 .UNSPECIFIED.,.F.,.F.,(4,1,4),(0.,0.04380582317247,0.0761053013225458),
 .UNSPECIFIED.);
#94=B_SPLINE_CURVE_WITH_KNOTS('',3,(#8503,#8504,#8505,#8506,#8507),
 .UNSPECIFIED.,.F.,.F.,(4,1,4),(0.,0.0499255615592939,0.103687340216506),
 .UNSPECIFIED.);
#95=B_SPLINE_CURVE_WITH_KNOTS('',3,(#8510,#8511,#8512,#8513,#8514),
 .UNSPECIFIED.,.F.,.F.,(4,1,4),(0.,0.0499255615592939,0.103687340216506),
 .UNSPECIFIED.);
#96=B_SPLINE_CURVE_WITH_KNOTS('',3,(#8526,#8527,#8528,#8529,#8530),
 .UNSPECIFIED.,.F.,.F.,(4,1,4),(0.,0.131488664824255,0.207330901768709),
 .UNSPECIFIED.);
#97=B_SPLINE_CURVE_WITH_KNOTS('',3,(#8533,#8534,#8535,#8536,#8537),
 .UNSPECIFIED.,.F.,.F.,(4,1,4),(0.,0.131488664824255,0.207330901768709),
 .UNSPECIFIED.);
#98=B_SPLINE_CURVE_WITH_KNOTS('',3,(#8549,#8550,#8551,#8552,#8553),
 .UNSPECIFIED.,.F.,.F.,(4,1,4),(0.,0.0830545176029425,0.197654153459484),
 .UNSPECIFIED.);
#99=B_SPLINE_CURVE_WITH_KNOTS('',3,(#8556,#8557,#8558,#8559,#8560),
 .UNSPECIFIED.,.F.,.F.,(4,1,4),(0.,0.0830545176029425,0.197654153459484),
 .UNSPECIFIED.);
#100=B_SPLINE_CURVE_WITH_KNOTS('',3,(#8572,#8573,#8574,#8575,#8576),
 .UNSPECIFIED.,.F.,.F.,(4,1,4),(0.,0.0761730496935527,0.146772885696337),
 .UNSPECIFIED.);
#101=B_SPLINE_CURVE_WITH_KNOTS('',3,(#8579,#8580,#8581,#8582,#8583),
 .UNSPECIFIED.,.F.,.F.,(4,1,4),(0.,0.0761730496935527,0.146772885696337),
 .UNSPECIFIED.);
#102=B_SPLINE_CURVE_WITH_KNOTS('',3,(#8595,#8596,#8597,#8598,#8599),
 .UNSPECIFIED.,.F.,.F.,(4,1,4),(0.,0.0838507321263902,0.166576766893419),
 .UNSPECIFIED.);
#103=B_SPLINE_CURVE_WITH_KNOTS('',3,(#8602,#8603,#8604,#8605,#8606),
 .UNSPECIFIED.,.F.,.F.,(4,1,4),(0.,0.0838507321263902,0.166576766893419),
 .UNSPECIFIED.);
#104=B_SPLINE_CURVE_WITH_KNOTS('',3,(#8618,#8619,#8620,#8621,#8622),
 .UNSPECIFIED.,.F.,.F.,(4,1,4),(0.,0.114984251476298,0.209226346850558),
 .UNSPECIFIED.);
#105=B_SPLINE_CURVE_WITH_KNOTS('',3,(#8625,#8626,#8627,#8628,#8629),
 .UNSPECIFIED.,.F.,.F.,(4,1,4),(0.,0.114984251476298,0.209226346850558),
 .UNSPECIFIED.);
#106=B_SPLINE_CURVE_WITH_KNOTS('',3,(#8641,#8642,#8643,#8644,#8645),
 .UNSPECIFIED.,.F.,.F.,(4,1,4),(0.,0.0827586255750626,0.174641144598721),
 .UNSPECIFIED.);
#107=B_SPLINE_CURVE_WITH_KNOTS('',3,(#8648,#8649,#8650,#8651,#8652),
 .UNSPECIFIED.,.F.,.F.,(4,1,4),(0.,0.0827586255750626,0.174641144598721),
 .UNSPECIFIED.);
#108=B_SPLINE_CURVE_WITH_KNOTS('',3,(#8664,#8665,#8666,#8667,#8668),
 .UNSPECIFIED.,.F.,.F.,(4,1,4),(0.,0.0706129422488693,0.132444610445061),
 .UNSPECIFIED.);
#109=B_SPLINE_CURVE_WITH_KNOTS('',3,(#8671,#8672,#8673,#8674,#8675),
 .UNSPECIFIED.,.F.,.F.,(4,1,4),(0.,0.0706129422488693,0.132444610445061),
 .UNSPECIFIED.);
#110=B_SPLINE_CURVE_WITH_KNOTS('',3,(#8687,#8688,#8689,#8690,#8691),
 .UNSPECIFIED.,.F.,.F.,(4,1,4),(0.,0.019439128048139,0.047055068814388),
 .UNSPECIFIED.);
#111=B_SPLINE_CURVE_WITH_KNOTS('',3,(#8694,#8695,#8696,#8697,#8698),
 .UNSPECIFIED.,.F.,.F.,(4,1,4),(0.,0.019439128048139,0.047055068814388),
 .UNSPECIFIED.);
#112=B_SPLINE_CURVE_WITH_KNOTS('',3,(#8710,#8711,#8712,#8713,#8714),
 .UNSPECIFIED.,.F.,.F.,(4,1,4),(0.,0.0278424236049581,0.0473355277754046),
 .UNSPECIFIED.);
#113=B_SPLINE_CURVE_WITH_KNOTS('',3,(#8717,#8718,#8719,#8720,#8721),
 .UNSPECIFIED.,.F.,.F.,(4,1,4),(0.,0.0278424236049581,0.0473355277754046),
 .UNSPECIFIED.);
#114=B_SPLINE_CURVE_WITH_KNOTS('',3,(#8739,#8740,#8741,#8742,#8743),
 .UNSPECIFIED.,.F.,.F.,(4,1,4),(0.,0.0345731845197008,0.0793587270592839),
 .UNSPECIFIED.);
#115=B_SPLINE_CURVE_WITH_KNOTS('',3,(#8746,#8747,#8748,#8749,#8750),
 .UNSPECIFIED.,.F.,.F.,(4,1,4),(0.,0.0345731845197008,0.0793587270592839),
 .UNSPECIFIED.);
#116=B_SPLINE_CURVE_WITH_KNOTS('',3,(#8762,#8763,#8764,#8765,#8766),
 .UNSPECIFIED.,.F.,.F.,(4,1,4),(0.,0.0456461086953341,0.0805191947779349),
 .UNSPECIFIED.);
#117=B_SPLINE_CURVE_WITH_KNOTS('',3,(#8769,#8770,#8771,#8772,#8773),
 .UNSPECIFIED.,.F.,.F.,(4,1,4),(0.,0.0456461086953341,0.0805191947779349),
 .UNSPECIFIED.);
#118=B_SPLINE_CURVE_WITH_KNOTS('',3,(#8791,#8792,#8793,#8794,#8795),
 .UNSPECIFIED.,.F.,.F.,(4,1,4),(0.,0.057097931379211,0.109785637162525),
 .UNSPECIFIED.);
#119=B_SPLINE_CURVE_WITH_KNOTS('',3,(#8798,#8799,#8800,#8801,#8802),
 .UNSPECIFIED.,.F.,.F.,(4,1,4),(0.,0.057097931379211,0.109785637162525),
 .UNSPECIFIED.);
#120=B_SPLINE_CURVE_WITH_KNOTS('',3,(#8814,#8815,#8816,#8817,#8818),
 .UNSPECIFIED.,.F.,.F.,(4,1,4),(0.,0.0488035454045552,0.104251616302069),
 .UNSPECIFIED.);
#121=B_SPLINE_CURVE_WITH_KNOTS('',3,(#8821,#8822,#8823,#8824,#8825),
 .UNSPECIFIED.,.F.,.F.,(4,1,4),(0.,0.0488035454045552,0.104251616302069),
 .UNSPECIFIED.);
#122=B_SPLINE_CURVE_WITH_KNOTS('',3,(#8837,#8838,#8839,#8840,#8841),
 .UNSPECIFIED.,.F.,.F.,(4,1,4),(0.,0.0726811764965231,0.140322656673225),
 .UNSPECIFIED.);
#123=B_SPLINE_CURVE_WITH_KNOTS('',3,(#8844,#8845,#8846,#8847,#8848),
 .UNSPECIFIED.,.F.,.F.,(4,1,4),(0.,0.0726811764965231,0.140322656673225),
 .UNSPECIFIED.);
#124=B_SPLINE_CURVE_WITH_KNOTS('',3,(#8860,#8861,#8862,#8863,#8864),
 .UNSPECIFIED.,.F.,.F.,(4,1,4),(0.,0.112605492452891,0.201222867492294),
 .UNSPECIFIED.);
#125=B_SPLINE_CURVE_WITH_KNOTS('',3,(#8867,#8868,#8869,#8870,#8871),
 .UNSPECIFIED.,.F.,.F.,(4,1,4),(0.,0.112605492452891,0.201222867492294),
 .UNSPECIFIED.);
#126=B_SPLINE_CURVE_WITH_KNOTS('',3,(#8883,#8884,#8885,#8886,#8887),
 .UNSPECIFIED.,.F.,.F.,(4,1,4),(0.,0.0701186969969498,0.145208817522787),
 .UNSPECIFIED.);
#127=B_SPLINE_CURVE_WITH_KNOTS('',3,(#8890,#8891,#8892,#8893,#8894),
 .UNSPECIFIED.,.F.,.F.,(4,1,4),(0.,0.0701186969969498,0.145208817522787),
 .UNSPECIFIED.);
#128=B_SPLINE_CURVE_WITH_KNOTS('',3,(#8906,#8907,#8908,#8909,#8910),
 .UNSPECIFIED.,.F.,.F.,(4,1,4),(0.,0.0490871678045187,0.110389575252572),
 .UNSPECIFIED.);
#129=B_SPLINE_CURVE_WITH_KNOTS('',3,(#8913,#8914,#8915,#8916,#8917),
 .UNSPECIFIED.,.F.,.F.,(4,1,4),(0.,0.0490871678045187,0.110389575252572),
 .UNSPECIFIED.);
#130=B_SPLINE_CURVE_WITH_KNOTS('',3,(#8929,#8930,#8931,#8932,#8933),
 .UNSPECIFIED.,.F.,.F.,(4,1,4),(0.,0.0508026824385606,0.107632543982235),
 .UNSPECIFIED.);
#131=B_SPLINE_CURVE_WITH_KNOTS('',3,(#8936,#8937,#8938,#8939,#8940),
 .UNSPECIFIED.,.F.,.F.,(4,1,4),(0.,0.0508026824385606,0.107632543982235),
 .UNSPECIFIED.);
#132=B_SPLINE_CURVE_WITH_KNOTS('',3,(#8952,#8953,#8954,#8955,#8956),
 .UNSPECIFIED.,.F.,.F.,(4,1,4),(0.,0.064805951183579,0.118318467748637),
 .UNSPECIFIED.);
#133=B_SPLINE_CURVE_WITH_KNOTS('',3,(#8959,#8960,#8961,#8962,#8963),
 .UNSPECIFIED.,.F.,.F.,(4,1,4),(0.,0.064805951183579,0.118318467748637),
 .UNSPECIFIED.);
#134=B_SPLINE_CURVE_WITH_KNOTS('',3,(#8980,#8981,#8982,#8983,#8984),
 .UNSPECIFIED.,.F.,.F.,(4,1,4),(0.,0.0343684445600932,0.0782269809797906),
 .UNSPECIFIED.);
#135=B_SPLINE_CURVE_WITH_KNOTS('',3,(#8985,#8986,#8987,#8988,#8989),
 .UNSPECIFIED.,.F.,.F.,(4,1,4),(0.,0.0343684445600932,0.0782269809797906),
 .UNSPECIFIED.);
#136=B_SPLINE_CURVE_WITH_KNOTS('',3,(#9011,#9012,#9013,#9014,#9015),
 .UNSPECIFIED.,.F.,.F.,(4,1,4),(0.,0.0514318755683791,0.124707368882864),
 .UNSPECIFIED.);
#137=B_SPLINE_CURVE_WITH_KNOTS('',3,(#9018,#9019,#9020,#9021,#9022),
 .UNSPECIFIED.,.F.,.F.,(4,1,4),(0.,0.0514318755683791,0.124707368882864),
 .UNSPECIFIED.);
#138=B_SPLINE_CURVE_WITH_KNOTS('',3,(#9034,#9035,#9036,#9037,#9038),
 .UNSPECIFIED.,.F.,.F.,(4,1,4),(0.,0.044187598508964,0.0874676320348392),
 .UNSPECIFIED.);
#139=B_SPLINE_CURVE_WITH_KNOTS('',3,(#9041,#9042,#9043,#9044,#9045),
 .UNSPECIFIED.,.F.,.F.,(4,1,4),(0.,0.044187598508964,0.0874676320348392),
 .UNSPECIFIED.);
#140=B_SPLINE_CURVE_WITH_KNOTS('',3,(#9057,#9058,#9059,#9060,#9061),
 .UNSPECIFIED.,.F.,.F.,(4,1,4),(0.,0.0445790173400726,0.0895788113264556),
 .UNSPECIFIED.);
#141=B_SPLINE_CURVE_WITH_KNOTS('',3,(#9064,#9065,#9066,#9067,#9068),
 .UNSPECIFIED.,.F.,.F.,(4,1,4),(0.,0.0445790173400726,0.0895788113264556),
 .UNSPECIFIED.);
#142=B_SPLINE_CURVE_WITH_KNOTS('',3,(#9080,#9081,#9082,#9083,#9084),
 .UNSPECIFIED.,.F.,.F.,(4,1,4),(0.,0.0764522107098438,0.131111237931002),
 .UNSPECIFIED.);
#143=B_SPLINE_CURVE_WITH_KNOTS('',3,(#9087,#9088,#9089,#9090,#9091),
 .UNSPECIFIED.,.F.,.F.,(4,1,4),(0.,0.0764522107098438,0.131111237931002),
 .UNSPECIFIED.);
#144=B_SPLINE_CURVE_WITH_KNOTS('',3,(#9133,#9134,#9135,#9136,#9137),
 .UNSPECIFIED.,.F.,.F.,(4,1,4),(0.,0.131606232184446,0.295937539586679),
 .UNSPECIFIED.);
#145=B_SPLINE_CURVE_WITH_KNOTS('',3,(#9140,#9141,#9142,#9143,#9144),
 .UNSPECIFIED.,.F.,.F.,(4,1,4),(0.,0.131606232184446,0.295937539586679),
 .UNSPECIFIED.);
#146=B_SPLINE_CURVE_WITH_KNOTS('',3,(#9156,#9157,#9158,#9159,#9160),
 .UNSPECIFIED.,.F.,.F.,(4,1,4),(0.,0.136798315052864,0.25939297024805),
 .UNSPECIFIED.);
#147=B_SPLINE_CURVE_WITH_KNOTS('',3,(#9163,#9164,#9165,#9166,#9167),
 .UNSPECIFIED.,.F.,.F.,(4,1,4),(0.,0.136798315052864,0.25939297024805),
 .UNSPECIFIED.);
#148=B_SPLINE_CURVE_WITH_KNOTS('',3,(#9179,#9180,#9181,#9182,#9183),
 .UNSPECIFIED.,.F.,.F.,(4,1,4),(0.,0.115225046395118,0.247343974221304),
 .UNSPECIFIED.);
#149=B_SPLINE_CURVE_WITH_KNOTS('',3,(#9186,#9187,#9188,#9189,#9190),
 .UNSPECIFIED.,.F.,.F.,(4,1,4),(0.,0.115225046395118,0.247343974221304),
 .UNSPECIFIED.);
#150=B_SPLINE_CURVE_WITH_KNOTS('',3,(#9202,#9203,#9204,#9205,#9206),
 .UNSPECIFIED.,.F.,.F.,(4,1,4),(0.,0.148093988714158,0.268628457712375),
 .UNSPECIFIED.);
#151=B_SPLINE_CURVE_WITH_KNOTS('',3,(#9209,#9210,#9211,#9212,#9213),
 .UNSPECIFIED.,.F.,.F.,(4,1,4),(0.,0.148093988714158,0.268628457712375),
 .UNSPECIFIED.);
#152=B_SPLINE_CURVE_WITH_KNOTS('',3,(#9250,#9251,#9252,#9253,#9254),
 .UNSPECIFIED.,.F.,.F.,(4,1,4),(0.,0.0965998542298763,0.243310324319183),
 .UNSPECIFIED.);
#153=B_SPLINE_CURVE_WITH_KNOTS('',3,(#9257,#9258,#9259,#9260,#9261),
 .UNSPECIFIED.,.F.,.F.,(4,1,4),(0.,0.0965998542298763,0.243310324319183),
 .UNSPECIFIED.);
#154=B_SPLINE_CURVE_WITH_KNOTS('',3,(#9273,#9274,#9275,#9276,#9277),
 .UNSPECIFIED.,.F.,.F.,(4,1,4),(0.,0.0497220387704436,0.0991897598175195),
 .UNSPECIFIED.);
#155=B_SPLINE_CURVE_WITH_KNOTS('',3,(#9280,#9281,#9282,#9283,#9284),
 .UNSPECIFIED.,.F.,.F.,(4,1,4),(0.,0.0497220387704436,0.0991897598175195),
 .UNSPECIFIED.);
#156=B_SPLINE_CURVE_WITH_KNOTS('',3,(#9296,#9297,#9298,#9299,#9300),
 .UNSPECIFIED.,.F.,.F.,(4,1,4),(0.,0.0465969867411345,0.0807481518455731),
 .UNSPECIFIED.);
#157=B_SPLINE_CURVE_WITH_KNOTS('',3,(#9303,#9304,#9305,#9306,#9307),
 .UNSPECIFIED.,.F.,.F.,(4,1,4),(0.,0.0465969867411345,0.0807481518455731),
 .UNSPECIFIED.);
#158=B_SPLINE_CURVE_WITH_KNOTS('',3,(#9325,#9326,#9327,#9328,#9329),
 .UNSPECIFIED.,.F.,.F.,(4,1,4),(0.,0.064996438633535,0.140714111898054),
 .UNSPECIFIED.);
#159=B_SPLINE_CURVE_WITH_KNOTS('',3,(#9332,#9333,#9334,#9335,#9336),
 .UNSPECIFIED.,.F.,.F.,(4,1,4),(0.,0.064996438633535,0.140714111898054),
 .UNSPECIFIED.);
#160=B_SPLINE_CURVE_WITH_KNOTS('',3,(#9348,#9349,#9350,#9351,#9352),
 .UNSPECIFIED.,.F.,.F.,(4,1,4),(0.,0.0496129347369611,0.104070611050978),
 .UNSPECIFIED.);
#161=B_SPLINE_CURVE_WITH_KNOTS('',3,(#9355,#9356,#9357,#9358,#9359),
 .UNSPECIFIED.,.F.,.F.,(4,1,4),(0.,0.0496129347369611,0.104070611050978),
 .UNSPECIFIED.);
#162=B_SPLINE_CURVE_WITH_KNOTS('',3,(#9371,#9372,#9373,#9374,#9375),
 .UNSPECIFIED.,.F.,.F.,(4,1,4),(0.,0.0754004653259257,0.132207672670242),
 .UNSPECIFIED.);
#163=B_SPLINE_CURVE_WITH_KNOTS('',3,(#9378,#9379,#9380,#9381,#9382),
 .UNSPECIFIED.,.F.,.F.,(4,1,4),(0.,0.0754004653259257,0.132207672670242),
 .UNSPECIFIED.);
#164=B_SPLINE_CURVE_WITH_KNOTS('',3,(#9411,#9412,#9413,#9414,#9415),
 .UNSPECIFIED.,.F.,.F.,(4,1,4),(0.,0.0456830000190575,0.10360833880883),
 .UNSPECIFIED.);
#165=B_SPLINE_CURVE_WITH_KNOTS('',3,(#9419,#9420,#9421,#9422,#9423),
 .UNSPECIFIED.,.F.,.F.,(4,1,4),(0.,0.0456830000190575,0.10360833880883),
 .UNSPECIFIED.);
#166=B_SPLINE_CURVE_WITH_KNOTS('',3,(#9436,#9437,#9438,#9439,#9440),
 .UNSPECIFIED.,.F.,.F.,(4,1,4),(0.,0.0609463351839438,0.121672243098051),
 .UNSPECIFIED.);
#167=B_SPLINE_CURVE_WITH_KNOTS('',3,(#9443,#9444,#9445,#9446,#9447),
 .UNSPECIFIED.,.F.,.F.,(4,1,4),(0.,0.0609463351839438,0.121672243098051),
 .UNSPECIFIED.);
#168=B_SPLINE_CURVE_WITH_KNOTS('',3,(#9459,#9460,#9461,#9462,#9463),
 .UNSPECIFIED.,.F.,.F.,(4,1,4),(0.,0.0483217761168747,0.10080335618952),
 .UNSPECIFIED.);
#169=B_SPLINE_CURVE_WITH_KNOTS('',3,(#9466,#9467,#9468,#9469,#9470),
 .UNSPECIFIED.,.F.,.F.,(4,1,4),(0.,0.0483217761168747,0.10080335618952),
 .UNSPECIFIED.);
#170=B_SPLINE_CURVE_WITH_KNOTS('',3,(#9482,#9483,#9484,#9485,#9486),
 .UNSPECIFIED.,.F.,.F.,(4,1,4),(0.,0.0706590046360928,0.12489923248838),
 .UNSPECIFIED.);
#171=B_SPLINE_CURVE_WITH_KNOTS('',3,(#9489,#9490,#9491,#9492,#9493),
 .UNSPECIFIED.,.F.,.F.,(4,1,4),(0.,0.0706590046360928,0.12489923248838),
 .UNSPECIFIED.);
#172=B_SPLINE_CURVE_WITH_KNOTS('',3,(#9509,#9510,#9511,#9512,#9513),
 .UNSPECIFIED.,.F.,.F.,(4,1,4),(0.,0.108720890126823,0.239028264686704),
 .UNSPECIFIED.);
#173=B_SPLINE_CURVE_WITH_KNOTS('',3,(#9517,#9518,#9519,#9520,#9521),
 .UNSPECIFIED.,.F.,.F.,(4,1,4),(0.,0.108720890126823,0.239028264686704),
 .UNSPECIFIED.);
#174=B_SPLINE_CURVE_WITH_KNOTS('',3,(#9534,#9535,#9536,#9537,#9538),
 .UNSPECIFIED.,.F.,.F.,(4,1,4),(0.,0.0980323823506154,0.195752923342385),
 .UNSPECIFIED.);
#175=B_SPLINE_CURVE_WITH_KNOTS('',3,(#9541,#9542,#9543,#9544,#9545),
 .UNSPECIFIED.,.F.,.F.,(4,1,4),(0.,0.0980323823506154,0.195752923342385),
 .UNSPECIFIED.);
#176=B_SPLINE_CURVE_WITH_KNOTS('',3,(#9557,#9558,#9559,#9560,#9561),
 .UNSPECIFIED.,.F.,.F.,(4,1,4),(0.,0.139651033407498,0.251766200232321),
 .UNSPECIFIED.);
#177=B_SPLINE_CURVE_WITH_KNOTS('',3,(#9564,#9565,#9566,#9567,#9568),
 .UNSPECIFIED.,.F.,.F.,(4,1,4),(0.,0.139651033407498,0.251766200232321),
 .UNSPECIFIED.);
#178=B_SPLINE_CURVE_WITH_KNOTS('',3,(#9580,#9581,#9582,#9583,#9584),
 .UNSPECIFIED.,.F.,.F.,(4,1,4),(0.,0.151600645394726,0.324563565166344),
 .UNSPECIFIED.);
#179=B_SPLINE_CURVE_WITH_KNOTS('',3,(#9587,#9588,#9589,#9590,#9591),
 .UNSPECIFIED.,.F.,.F.,(4,1,4),(0.,0.151600645394726,0.324563565166344),
 .UNSPECIFIED.);
#180=B_SPLINE_CURVE_WITH_KNOTS('',3,(#9603,#9604,#9605,#9606,#9607),
 .UNSPECIFIED.,.F.,.F.,(4,1,4),(0.,0.156038439720087,0.302187248787715),
 .UNSPECIFIED.);
#181=B_SPLINE_CURVE_WITH_KNOTS('',3,(#9610,#9611,#9612,#9613,#9614),
 .UNSPECIFIED.,.F.,.F.,(4,1,4),(0.,0.156038439720087,0.302187248787715),
 .UNSPECIFIED.);
#182=B_SPLINE_CURVE_WITH_KNOTS('',3,(#9626,#9627,#9628,#9629,#9630),
 .UNSPECIFIED.,.F.,.F.,(4,1,4),(0.,0.104347543888925,0.216781199291553),
 .UNSPECIFIED.);
#183=B_SPLINE_CURVE_WITH_KNOTS('',3,(#9633,#9634,#9635,#9636,#9637),
 .UNSPECIFIED.,.F.,.F.,(4,1,4),(0.,0.104347543888925,0.216781199291553),
 .UNSPECIFIED.);
#184=B_SPLINE_CURVE_WITH_KNOTS('',3,(#9649,#9650,#9651,#9652,#9653),
 .UNSPECIFIED.,.F.,.F.,(4,1,4),(0.,0.0919405085048703,0.189895278422706),
 .UNSPECIFIED.);
#185=B_SPLINE_CURVE_WITH_KNOTS('',3,(#9656,#9657,#9658,#9659,#9660),
 .UNSPECIFIED.,.F.,.F.,(4,1,4),(0.,0.0919405085048703,0.189895278422706),
 .UNSPECIFIED.);
#186=B_SPLINE_CURVE_WITH_KNOTS('',3,(#9672,#9673,#9674,#9675,#9676),
 .UNSPECIFIED.,.F.,.F.,(4,1,4),(0.,0.128980771889272,0.231490627161157),
 .UNSPECIFIED.);
#187=B_SPLINE_CURVE_WITH_KNOTS('',3,(#9679,#9680,#9681,#9682,#9683),
 .UNSPECIFIED.,.F.,.F.,(4,1,4),(0.,0.128980771889272,0.231490627161157),
 .UNSPECIFIED.);
#188=B_SPLINE_CURVE_WITH_KNOTS('',3,(#9695,#9696,#9697,#9698,#9699),
 .UNSPECIFIED.,.F.,.F.,(4,1,4),(0.,0.113651480684972,0.260616428154972),
 .UNSPECIFIED.);
#189=B_SPLINE_CURVE_WITH_KNOTS('',3,(#9702,#9703,#9704,#9705,#9706),
 .UNSPECIFIED.,.F.,.F.,(4,1,4),(0.,0.113651480684972,0.260616428154972),
 .UNSPECIFIED.);
#190=B_SPLINE_CURVE_WITH_KNOTS('',3,(#9718,#9719,#9720,#9721,#9722),
 .UNSPECIFIED.,.F.,.F.,(4,1,4),(0.,0.116511095502815,0.219977812344739),
 .UNSPECIFIED.);
#191=B_SPLINE_CURVE_WITH_KNOTS('',3,(#9725,#9726,#9727,#9728,#9729),
 .UNSPECIFIED.,.F.,.F.,(4,1,4),(0.,0.116511095502815,0.219977812344739),
 .UNSPECIFIED.);
#192=B_SPLINE_CURVE_WITH_KNOTS('',3,(#9747,#9748,#9749,#9750,#9751),
 .UNSPECIFIED.,.F.,.F.,(4,1,4),(0.,0.0294356609041088,0.0668666355898053),
 .UNSPECIFIED.);
#193=B_SPLINE_CURVE_WITH_KNOTS('',3,(#9754,#9755,#9756,#9757,#9758),
 .UNSPECIFIED.,.F.,.F.,(4,1,4),(0.,0.0294356609041088,0.0668666355898053),
 .UNSPECIFIED.);
#194=B_SPLINE_CURVE_WITH_KNOTS('',3,(#9770,#9771,#9772,#9773,#9774),
 .UNSPECIFIED.,.F.,.F.,(4,1,4),(0.,0.0402311760693841,0.0810819860233668),
 .UNSPECIFIED.);
#195=B_SPLINE_CURVE_WITH_KNOTS('',3,(#9777,#9778,#9779,#9780,#9781),
 .UNSPECIFIED.,.F.,.F.,(4,1,4),(0.,0.0402311760693841,0.0810819860233668),
 .UNSPECIFIED.);
#196=B_SPLINE_CURVE_WITH_KNOTS('',3,(#9793,#9794,#9795,#9796,#9797),
 .UNSPECIFIED.,.F.,.F.,(4,1,4),(0.,0.0582883914978505,0.118120247189239),
 .UNSPECIFIED.);
#197=B_SPLINE_CURVE_WITH_KNOTS('',3,(#9800,#9801,#9802,#9803,#9804),
 .UNSPECIFIED.,.F.,.F.,(4,1,4),(0.,0.0582883914978505,0.118120247189239),
 .UNSPECIFIED.);
#198=B_SPLINE_CURVE_WITH_KNOTS('',3,(#9816,#9817,#9818,#9819,#9820),
 .UNSPECIFIED.,.F.,.F.,(4,1,4),(0.,0.0597080536764638,0.10713022052951),
 .UNSPECIFIED.);
#199=B_SPLINE_CURVE_WITH_KNOTS('',3,(#9823,#9824,#9825,#9826,#9827),
 .UNSPECIFIED.,.F.,.F.,(4,1,4),(0.,0.0597080536764638,0.10713022052951),
 .UNSPECIFIED.);
#200=B_SPLINE_CURVE_WITH_KNOTS('',3,(#9948,#9949,#9950,#9951,#9952),
 .UNSPECIFIED.,.F.,.F.,(4,1,4),(0.,0.0456830000190575,0.103607916965844),
 .UNSPECIFIED.);
#201=B_SPLINE_CURVE_WITH_KNOTS('',3,(#9956,#9957,#9958,#9959,#9960),
 .UNSPECIFIED.,.F.,.F.,(4,1,4),(0.,0.0456830000190575,0.103607916965844),
 .UNSPECIFIED.);
#202=B_SPLINE_CURVE_WITH_KNOTS('',3,(#9973,#9974,#9975,#9976,#9977),
 .UNSPECIFIED.,.F.,.F.,(4,1,4),(0.,0.0609472150952781,0.121672706554351),
 .UNSPECIFIED.);
#203=B_SPLINE_CURVE_WITH_KNOTS('',3,(#9980,#9981,#9982,#9983,#9984),
 .UNSPECIFIED.,.F.,.F.,(4,1,4),(0.,0.0609472150952781,0.121672706554351),
 .UNSPECIFIED.);
#204=B_SPLINE_CURVE_WITH_KNOTS('',3,(#9996,#9997,#9998,#9999,#10000),
 .UNSPECIFIED.,.F.,.F.,(4,1,4),(0.,0.0483211021512828,0.100803583202207),
 .UNSPECIFIED.);
#205=B_SPLINE_CURVE_WITH_KNOTS('',3,(#10003,#10004,#10005,#10006,#10007),
 .UNSPECIFIED.,.F.,.F.,(4,1,4),(0.,0.0483211021512828,0.100803583202207),
 .UNSPECIFIED.);
#206=B_SPLINE_CURVE_WITH_KNOTS('',3,(#10019,#10020,#10021,#10022,#10023),
 .UNSPECIFIED.,.F.,.F.,(4,1,4),(0.,0.0706590046360928,0.12489873324702),
 .UNSPECIFIED.);
#207=B_SPLINE_CURVE_WITH_KNOTS('',3,(#10026,#10027,#10028,#10029,#10030),
 .UNSPECIFIED.,.F.,.F.,(4,1,4),(0.,0.0706590046360928,0.12489873324702),
 .UNSPECIFIED.);
#208=B_SPLINE_CURVE_WITH_KNOTS('',3,(#10046,#10047,#10048,#10049,#10050),
 .UNSPECIFIED.,.F.,.F.,(4,1,4),(0.,0.10872150941628,0.239028409086968),
 .UNSPECIFIED.);
#209=B_SPLINE_CURVE_WITH_KNOTS('',3,(#10054,#10055,#10056,#10057,#10058),
 .UNSPECIFIED.,.F.,.F.,(4,1,4),(0.,0.10872150941628,0.239028409086968),
 .UNSPECIFIED.);
#210=B_SPLINE_CURVE_WITH_KNOTS('',3,(#10071,#10072,#10073,#10074,#10075),
 .UNSPECIFIED.,.F.,.F.,(4,1,4),(0.,0.0980334341285107,0.1957534109363),
 .UNSPECIFIED.);
#211=B_SPLINE_CURVE_WITH_KNOTS('',3,(#10078,#10079,#10080,#10081,#10082),
 .UNSPECIFIED.,.F.,.F.,(4,1,4),(0.,0.0980334341285107,0.1957534109363),
 .UNSPECIFIED.);
#212=B_SPLINE_CURVE_WITH_KNOTS('',3,(#10094,#10095,#10096,#10097,#10098),
 .UNSPECIFIED.,.F.,.F.,(4,1,4),(0.,0.139651013319104,0.251764369806387),
 .UNSPECIFIED.);
#213=B_SPLINE_CURVE_WITH_KNOTS('',3,(#10101,#10102,#10103,#10104,#10105),
 .UNSPECIFIED.,.F.,.F.,(4,1,4),(0.,0.139651013319104,0.251764369806387),
 .UNSPECIFIED.);
#214=B_SPLINE_CURVE_WITH_KNOTS('',3,(#10117,#10118,#10119,#10120,#10121),
 .UNSPECIFIED.,.F.,.F.,(4,1,4),(0.,0.151598768038197,0.324563645445016),
 .UNSPECIFIED.);
#215=B_SPLINE_CURVE_WITH_KNOTS('',3,(#10124,#10125,#10126,#10127,#10128),
 .UNSPECIFIED.,.F.,.F.,(4,1,4),(0.,0.151598768038197,0.324563645445016),
 .UNSPECIFIED.);
#216=B_SPLINE_CURVE_WITH_KNOTS('',3,(#10140,#10141,#10142,#10143,#10144),
 .UNSPECIFIED.,.F.,.F.,(4,1,4),(0.,0.156038273477929,0.302187417209397),
 .UNSPECIFIED.);
#217=B_SPLINE_CURVE_WITH_KNOTS('',3,(#10147,#10148,#10149,#10150,#10151),
 .UNSPECIFIED.,.F.,.F.,(4,1,4),(0.,0.156038273477929,0.302187417209397),
 .UNSPECIFIED.);
#218=B_SPLINE_CURVE_WITH_KNOTS('',3,(#10163,#10164,#10165,#10166,#10167),
 .UNSPECIFIED.,.F.,.F.,(4,1,4),(0.,0.10434761129747,0.216781266700097),
 .UNSPECIFIED.);
#219=B_SPLINE_CURVE_WITH_KNOTS('',3,(#10170,#10171,#10172,#10173,#10174),
 .UNSPECIFIED.,.F.,.F.,(4,1,4),(0.,0.10434761129747,0.216781266700097),
 .UNSPECIFIED.);
#220=B_SPLINE_CURVE_WITH_KNOTS('',3,(#10186,#10187,#10188,#10189,#10190),
 .UNSPECIFIED.,.F.,.F.,(4,1,4),(0.,0.0919402360965321,0.189895006014368),
 .UNSPECIFIED.);
#221=B_SPLINE_CURVE_WITH_KNOTS('',3,(#10193,#10194,#10195,#10196,#10197),
 .UNSPECIFIED.,.F.,.F.,(4,1,4),(0.,0.0919402360965321,0.189895006014368),
 .UNSPECIFIED.);
#222=B_SPLINE_CURVE_WITH_KNOTS('',3,(#10209,#10210,#10211,#10212,#10213),
 .UNSPECIFIED.,.F.,.F.,(4,1,4),(0.,0.128980771889272,0.231490768756879),
 .UNSPECIFIED.);
#223=B_SPLINE_CURVE_WITH_KNOTS('',3,(#10216,#10217,#10218,#10219,#10220),
 .UNSPECIFIED.,.F.,.F.,(4,1,4),(0.,0.128980771889272,0.231490768756879),
 .UNSPECIFIED.);
#224=B_SPLINE_CURVE_WITH_KNOTS('',3,(#10232,#10233,#10234,#10235,#10236),
 .UNSPECIFIED.,.F.,.F.,(4,1,4),(0.,0.113651555274895,0.260617453313113),
 .UNSPECIFIED.);
#225=B_SPLINE_CURVE_WITH_KNOTS('',3,(#10239,#10240,#10241,#10242,#10243),
 .UNSPECIFIED.,.F.,.F.,(4,1,4),(0.,0.113651555274895,0.260617453313113),
 .UNSPECIFIED.);
#226=B_SPLINE_CURVE_WITH_KNOTS('',3,(#10255,#10256,#10257,#10258,#10259),
 .UNSPECIFIED.,.F.,.F.,(4,1,4),(0.,0.116510145271893,0.21997639409863),
 .UNSPECIFIED.);
#227=B_SPLINE_CURVE_WITH_KNOTS('',3,(#10262,#10263,#10264,#10265,#10266),
 .UNSPECIFIED.,.F.,.F.,(4,1,4),(0.,0.116510145271893,0.21997639409863),
 .UNSPECIFIED.);
#228=B_SPLINE_CURVE_WITH_KNOTS('',3,(#10284,#10285,#10286,#10287,#10288),
 .UNSPECIFIED.,.F.,.F.,(4,1,4),(0.,0.0294355158727676,0.0668664905584641),
 .UNSPECIFIED.);
#229=B_SPLINE_CURVE_WITH_KNOTS('',3,(#10291,#10292,#10293,#10294,#10295),
 .UNSPECIFIED.,.F.,.F.,(4,1,4),(0.,0.0294355158727676,0.0668664905584641),
 .UNSPECIFIED.);
#230=B_SPLINE_CURVE_WITH_KNOTS('',3,(#10307,#10308,#10309,#10310,#10311),
 .UNSPECIFIED.,.F.,.F.,(4,1,4),(0.,0.0402312063870959,0.0810820163410786),
 .UNSPECIFIED.);
#231=B_SPLINE_CURVE_WITH_KNOTS('',3,(#10314,#10315,#10316,#10317,#10318),
 .UNSPECIFIED.,.F.,.F.,(4,1,4),(0.,0.0402312063870959,0.0810820163410786),
 .UNSPECIFIED.);
#232=B_SPLINE_CURVE_WITH_KNOTS('',3,(#10330,#10331,#10332,#10333,#10334),
 .UNSPECIFIED.,.F.,.F.,(4,1,4),(0.,0.0582894391740289,0.118120359816198),
 .UNSPECIFIED.);
#233=B_SPLINE_CURVE_WITH_KNOTS('',3,(#10337,#10338,#10339,#10340,#10341),
 .UNSPECIFIED.,.F.,.F.,(4,1,4),(0.,0.0582894391740289,0.118120359816198),
 .UNSPECIFIED.);
#234=B_SPLINE_CURVE_WITH_KNOTS('',3,(#10353,#10354,#10355,#10356,#10357),
 .UNSPECIFIED.,.F.,.F.,(4,1,4),(0.,0.0597080536764638,0.107130745205028),
 .UNSPECIFIED.);
#235=B_SPLINE_CURVE_WITH_KNOTS('',3,(#10360,#10361,#10362,#10363,#10364),
 .UNSPECIFIED.,.F.,.F.,(4,1,4),(0.,0.0597080536764638,0.107130745205028),
 .UNSPECIFIED.);
#236=B_SPLINE_CURVE_WITH_KNOTS('',3,(#10387,#10388,#10389,#10390,#10391),
 .UNSPECIFIED.,.F.,.F.,(4,1,4),(0.,0.0498693934801062,0.100527648371557),
 .UNSPECIFIED.);
#237=B_SPLINE_CURVE_WITH_KNOTS('',3,(#10395,#10396,#10397,#10398,#10399),
 .UNSPECIFIED.,.F.,.F.,(4,1,4),(0.,0.0498693934801062,0.100527648371557),
 .UNSPECIFIED.);
#238=B_SPLINE_CURVE_WITH_KNOTS('',3,(#10412,#10413,#10414,#10415,#10416),
 .UNSPECIFIED.,.F.,.F.,(4,1,4),(0.,0.0488343973946011,0.0957701090647104),
 .UNSPECIFIED.);
#239=B_SPLINE_CURVE_WITH_KNOTS('',3,(#10419,#10420,#10421,#10422,#10423),
 .UNSPECIFIED.,.F.,.F.,(4,1,4),(0.,0.0488343973946011,0.0957701090647104),
 .UNSPECIFIED.);
#240=B_SPLINE_CURVE_WITH_KNOTS('',3,(#10435,#10436,#10437,#10438,#10439),
 .UNSPECIFIED.,.F.,.F.,(4,1,4),(0.,0.077287518247779,0.136135814460291),
 .UNSPECIFIED.);
#241=B_SPLINE_CURVE_WITH_KNOTS('',3,(#10442,#10443,#10444,#10445,#10446),
 .UNSPECIFIED.,.F.,.F.,(4,1,4),(0.,0.077287518247779,0.136135814460291),
 .UNSPECIFIED.);
#242=B_SPLINE_CURVE_WITH_KNOTS('',3,(#10458,#10459,#10460,#10461,#10462),
 .UNSPECIFIED.,.F.,.F.,(4,1,4),(0.,0.0592199540913243,0.140804555878214),
 .UNSPECIFIED.);
#243=B_SPLINE_CURVE_WITH_KNOTS('',3,(#10465,#10466,#10467,#10468,#10469),
 .UNSPECIFIED.,.F.,.F.,(4,1,4),(0.,0.0592199540913243,0.140804555878214),
 .UNSPECIFIED.);
#244=B_SPLINE_CURVE_WITH_KNOTS('',3,(#10481,#10482,#10483,#10484,#10485),
 .UNSPECIFIED.,.F.,.F.,(4,1,4),(0.,0.0456319432166708,0.0931223596708755),
 .UNSPECIFIED.);
#245=B_SPLINE_CURVE_WITH_KNOTS('',3,(#10488,#10489,#10490,#10491,#10492),
 .UNSPECIFIED.,.F.,.F.,(4,1,4),(0.,0.0456319432166708,0.0931223596708755),
 .UNSPECIFIED.);
#246=B_SPLINE_CURVE_WITH_KNOTS('',3,(#10504,#10505,#10506,#10507,#10508),
 .UNSPECIFIED.,.F.,.F.,(4,1,4),(0.,0.0516237588212612,0.103179703808883),
 .UNSPECIFIED.);
#247=B_SPLINE_CURVE_WITH_KNOTS('',3,(#10511,#10512,#10513,#10514,#10515),
 .UNSPECIFIED.,.F.,.F.,(4,1,4),(0.,0.0516237588212612,0.103179703808883),
 .UNSPECIFIED.);
#248=B_SPLINE_CURVE_WITH_KNOTS('',3,(#10527,#10528,#10529,#10530,#10531),
 .UNSPECIFIED.,.F.,.F.,(4,1,4),(0.,0.0749838754055368,0.134320914938398),
 .UNSPECIFIED.);
#249=B_SPLINE_CURVE_WITH_KNOTS('',3,(#10534,#10535,#10536,#10537,#10538),
 .UNSPECIFIED.,.F.,.F.,(4,1,4),(0.,0.0749838754055368,0.134320914938398),
 .UNSPECIFIED.);
#250=B_SPLINE_CURVE_WITH_KNOTS('',3,(#10549,#10550,#10551,#10552,#10553),
 .UNSPECIFIED.,.F.,.F.,(4,1,4),(0.,0.0608627374354458,0.142349400244259),
 .UNSPECIFIED.);
#251=B_SPLINE_CURVE_WITH_KNOTS('',3,(#10554,#10555,#10556,#10557,#10558),
 .UNSPECIFIED.,.F.,.F.,(4,1,4),(0.,0.0608627374354458,0.142349400244259),
 .UNSPECIFIED.);
#252=B_SPLINE_CURVE_WITH_KNOTS('',3,(#10579,#10580,#10581,#10582,#10583),
 .UNSPECIFIED.,.F.,.F.,(4,1,4),(0.,0.0568554427387208,0.115056968147482),
 .UNSPECIFIED.);
#253=B_SPLINE_CURVE_WITH_KNOTS('',3,(#10586,#10587,#10588,#10589,#10590),
 .UNSPECIFIED.,.F.,.F.,(4,1,4),(0.,0.0568554427387208,0.115056968147482),
 .UNSPECIFIED.);
#254=B_SPLINE_CURVE_WITH_KNOTS('',3,(#10602,#10603,#10604,#10605,#10606),
 .UNSPECIFIED.,.F.,.F.,(4,1,4),(0.,0.0620585073839788,0.120257622887269),
 .UNSPECIFIED.);
#255=B_SPLINE_CURVE_WITH_KNOTS('',3,(#10609,#10610,#10611,#10612,#10613),
 .UNSPECIFIED.,.F.,.F.,(4,1,4),(0.,0.0620585073839788,0.120257622887269),
 .UNSPECIFIED.);
#256=B_SPLINE_CURVE_WITH_KNOTS('',3,(#10625,#10626,#10627,#10628,#10629),
 .UNSPECIFIED.,.F.,.F.,(4,1,4),(0.,0.121359734283003,0.245019847695735),
 .UNSPECIFIED.);
#257=B_SPLINE_CURVE_WITH_KNOTS('',3,(#10632,#10633,#10634,#10635,#10636),
 .UNSPECIFIED.,.F.,.F.,(4,1,4),(0.,0.121359734283003,0.245019847695735),
 .UNSPECIFIED.);
#258=B_SPLINE_CURVE_WITH_KNOTS('',3,(#10648,#10649,#10650,#10651,#10652),
 .UNSPECIFIED.,.F.,.F.,(4,1,4),(0.,0.160392843111347,0.293787478342206),
 .UNSPECIFIED.);
#259=B_SPLINE_CURVE_WITH_KNOTS('',3,(#10655,#10656,#10657,#10658,#10659),
 .UNSPECIFIED.,.F.,.F.,(4,1,4),(0.,0.160392843111347,0.293787478342206),
 .UNSPECIFIED.);
#260=B_SPLINE_CURVE_WITH_KNOTS('',3,(#10671,#10672,#10673,#10674,#10675),
 .UNSPECIFIED.,.F.,.F.,(4,1,4),(0.,0.137736216606429,0.287886004921701),
 .UNSPECIFIED.);
#261=B_SPLINE_CURVE_WITH_KNOTS('',3,(#10678,#10679,#10680,#10681,#10682),
 .UNSPECIFIED.,.F.,.F.,(4,1,4),(0.,0.137736216606429,0.287886004921701),
 .UNSPECIFIED.);
#262=B_SPLINE_CURVE_WITH_KNOTS('',3,(#10694,#10695,#10696,#10697,#10698),
 .UNSPECIFIED.,.F.,.F.,(4,1,4),(0.,0.133540314791335,0.261061867541032),
 .UNSPECIFIED.);
#263=B_SPLINE_CURVE_WITH_KNOTS('',3,(#10701,#10702,#10703,#10704,#10705),
 .UNSPECIFIED.,.F.,.F.,(4,1,4),(0.,0.133540314791335,0.261061867541032),
 .UNSPECIFIED.);
#264=B_SPLINE_CURVE_WITH_KNOTS('',3,(#10717,#10718,#10719,#10720,#10721),
 .UNSPECIFIED.,.F.,.F.,(4,1,4),(0.,0.0676620447681083,0.138358174036514),
 .UNSPECIFIED.);
#265=B_SPLINE_CURVE_WITH_KNOTS('',3,(#10724,#10725,#10726,#10727,#10728),
 .UNSPECIFIED.,.F.,.F.,(4,1,4),(0.,0.0676620447681083,0.138358174036514),
 .UNSPECIFIED.);
#266=B_SPLINE_CURVE_WITH_KNOTS('',3,(#10740,#10741,#10742,#10743,#10744),
 .UNSPECIFIED.,.F.,.F.,(4,1,4),(0.,0.0773736967938401,0.13627742140279),
 .UNSPECIFIED.);
#267=B_SPLINE_CURVE_WITH_KNOTS('',3,(#10747,#10748,#10749,#10750,#10751),
 .UNSPECIFIED.,.F.,.F.,(4,1,4),(0.,0.0773736967938401,0.13627742140279),
 .UNSPECIFIED.);
#268=B_SPLINE_CURVE_WITH_KNOTS('',3,(#10786,#10787,#10788,#10789,#10790),
 .UNSPECIFIED.,.F.,.F.,(4,1,4),(0.,0.0566409435535751,0.113558109515241),
 .UNSPECIFIED.);
#269=B_SPLINE_CURVE_WITH_KNOTS('',3,(#10794,#10795,#10796,#10797,#10798),
 .UNSPECIFIED.,.F.,.F.,(4,1,4),(0.,0.0566409435535751,0.113558109515241),
 .UNSPECIFIED.);
#270=B_SPLINE_CURVE_WITH_KNOTS('',3,(#10811,#10812,#10813,#10814,#10815),
 .UNSPECIFIED.,.F.,.F.,(4,1,4),(0.,0.0555292519037291,0.109466169469244),
 .UNSPECIFIED.);
#271=B_SPLINE_CURVE_WITH_KNOTS('',3,(#10818,#10819,#10820,#10821,#10822),
 .UNSPECIFIED.,.F.,.F.,(4,1,4),(0.,0.0555292519037291,0.109466169469244),
 .UNSPECIFIED.);
#272=B_SPLINE_CURVE_WITH_KNOTS('',3,(#10834,#10835,#10836,#10837,#10838),
 .UNSPECIFIED.,.F.,.F.,(4,1,4),(0.,0.08268422847258,0.147661652627864),
 .UNSPECIFIED.);
#273=B_SPLINE_CURVE_WITH_KNOTS('',3,(#10841,#10842,#10843,#10844,#10845),
 .UNSPECIFIED.,.F.,.F.,(4,1,4),(0.,0.08268422847258,0.147661652627864),
 .UNSPECIFIED.);
#274=B_SPLINE_CURVE_WITH_KNOTS('',3,(#10857,#10858,#10859,#10860,#10861),
 .UNSPECIFIED.,.F.,.F.,(4,1,4),(0.,0.066163965555614,0.153836989996215),
 .UNSPECIFIED.);
#275=B_SPLINE_CURVE_WITH_KNOTS('',3,(#10864,#10865,#10866,#10867,#10868),
 .UNSPECIFIED.,.F.,.F.,(4,1,4),(0.,0.066163965555614,0.153836989996215),
 .UNSPECIFIED.);
#276=B_SPLINE_CURVE_WITH_KNOTS('',3,(#10880,#10881,#10882,#10883,#10884),
 .UNSPECIFIED.,.F.,.F.,(4,1,4),(0.,0.0558370064921169,0.111543093070757),
 .UNSPECIFIED.);
#277=B_SPLINE_CURVE_WITH_KNOTS('',3,(#10887,#10888,#10889,#10890,#10891),
 .UNSPECIFIED.,.F.,.F.,(4,1,4),(0.,0.0558370064921169,0.111543093070757),
 .UNSPECIFIED.);
#278=B_SPLINE_CURVE_WITH_KNOTS('',3,(#10903,#10904,#10905,#10906,#10907),
 .UNSPECIFIED.,.F.,.F.,(4,1,4),(0.,0.0562899991694855,0.1118287166832),
 .UNSPECIFIED.);
#279=B_SPLINE_CURVE_WITH_KNOTS('',3,(#10910,#10911,#10912,#10913,#10914),
 .UNSPECIFIED.,.F.,.F.,(4,1,4),(0.,0.0562899991694855,0.1118287166832),
 .UNSPECIFIED.);
#280=B_SPLINE_CURVE_WITH_KNOTS('',3,(#10926,#10927,#10928,#10929,#10930),
 .UNSPECIFIED.,.F.,.F.,(4,1,4),(0.,0.084811525407481,0.150742325059201),
 .UNSPECIFIED.);
#281=B_SPLINE_CURVE_WITH_KNOTS('',3,(#10933,#10934,#10935,#10936,#10937),
 .UNSPECIFIED.,.F.,.F.,(4,1,4),(0.,0.084811525407481,0.150742325059201),
 .UNSPECIFIED.);
#282=B_SPLINE_CURVE_WITH_KNOTS('',3,(#10948,#10949,#10950,#10951,#10952),
 .UNSPECIFIED.,.F.,.F.,(4,1,4),(0.,0.0659685634469438,0.149858586158306),
 .UNSPECIFIED.);
#283=B_SPLINE_CURVE_WITH_KNOTS('',3,(#10953,#10954,#10955,#10956,#10957),
 .UNSPECIFIED.,.F.,.F.,(4,1,4),(0.,0.0659685634469438,0.149858586158306),
 .UNSPECIFIED.);
#284=B_SPLINE_CURVE_WITH_KNOTS('',3,(#10970,#10971,#10972,#10973,#10974),
 .UNSPECIFIED.,.F.,.F.,(4,1,4),(0.,0.159460875418682,0.300601568134043),
 .UNSPECIFIED.);
#285=B_SPLINE_CURVE_WITH_KNOTS('',3,(#10978,#10979,#10980,#10981,#10982),
 .UNSPECIFIED.,.F.,.F.,(4,1,4),(0.,0.159460875418682,0.300601568134043),
 .UNSPECIFIED.);
#286=B_SPLINE_CURVE_WITH_KNOTS('',3,(#10995,#10996,#10997,#10998,#10999),
 .UNSPECIFIED.,.F.,.F.,(4,1,4),(0.,0.154450107149568,0.331018266047882),
 .UNSPECIFIED.);
#287=B_SPLINE_CURVE_WITH_KNOTS('',3,(#11002,#11003,#11004,#11005,#11006),
 .UNSPECIFIED.,.F.,.F.,(4,1,4),(0.,0.154450107149568,0.331018266047882),
 .UNSPECIFIED.);
#288=B_SPLINE_CURVE_WITH_KNOTS('',3,(#11018,#11019,#11020,#11021,#11022),
 .UNSPECIFIED.,.F.,.F.,(4,1,4),(0.,0.154533889565935,0.302038581168138),
 .UNSPECIFIED.);
#289=B_SPLINE_CURVE_WITH_KNOTS('',3,(#11025,#11026,#11027,#11028,#11029),
 .UNSPECIFIED.,.F.,.F.,(4,1,4),(0.,0.154533889565935,0.302038581168138),
 .UNSPECIFIED.);
#290=B_SPLINE_CURVE_WITH_KNOTS('',3,(#11041,#11042,#11043,#11044,#11045),
 .UNSPECIFIED.,.F.,.F.,(4,1,4),(0.,0.131726617449293,0.270474043717302),
 .UNSPECIFIED.);
#291=B_SPLINE_CURVE_WITH_KNOTS('',3,(#11048,#11049,#11050,#11051,#11052),
 .UNSPECIFIED.,.F.,.F.,(4,1,4),(0.,0.131726617449293,0.270474043717302),
 .UNSPECIFIED.);
#292=B_SPLINE_CURVE_WITH_KNOTS('',3,(#11064,#11065,#11066,#11067,#11068),
 .UNSPECIFIED.,.F.,.F.,(4,1,4),(0.,0.193583735576216,0.360748058246243),
 .UNSPECIFIED.);
#293=B_SPLINE_CURVE_WITH_KNOTS('',3,(#11071,#11072,#11073,#11074,#11075),
 .UNSPECIFIED.,.F.,.F.,(4,1,4),(0.,0.193583735576216,0.360748058246243),
 .UNSPECIFIED.);
#294=B_SPLINE_CURVE_WITH_KNOTS('',3,(#11087,#11088,#11089,#11090,#11091),
 .UNSPECIFIED.,.F.,.F.,(4,1,4),(0.,0.15420637759112,0.327009407828575),
 .UNSPECIFIED.);
#295=B_SPLINE_CURVE_WITH_KNOTS('',3,(#11094,#11095,#11096,#11097,#11098),
 .UNSPECIFIED.,.F.,.F.,(4,1,4),(0.,0.15420637759112,0.327009407828575),
 .UNSPECIFIED.);
#296=B_SPLINE_CURVE_WITH_KNOTS('',3,(#11110,#11111,#11112,#11113,#11114),
 .UNSPECIFIED.,.F.,.F.,(4,1,4),(0.,0.153741660779677,0.301820486474666),
 .UNSPECIFIED.);
#297=B_SPLINE_CURVE_WITH_KNOTS('',3,(#11117,#11118,#11119,#11120,#11121),
 .UNSPECIFIED.,.F.,.F.,(4,1,4),(0.,0.153741660779677,0.301820486474666),
 .UNSPECIFIED.);
#298=B_SPLINE_CURVE_WITH_KNOTS('',3,(#11132,#11133,#11134,#11135,#11136),
 .UNSPECIFIED.,.F.,.F.,(4,1,4),(0.,0.161083887952624,0.325430257510426),
 .UNSPECIFIED.);
#299=B_SPLINE_CURVE_WITH_KNOTS('',3,(#11137,#11138,#11139,#11140,#11141),
 .UNSPECIFIED.,.F.,.F.,(4,1,4),(0.,0.161083887952624,0.325430257510426),
 .UNSPECIFIED.);
#300=B_SPLINE_CURVE_WITH_KNOTS('',3,(#11169,#11170,#11171,#11172,#11173),
 .UNSPECIFIED.,.F.,.F.,(4,1,4),(0.,0.0965987683468938,0.2433092384362),
 .UNSPECIFIED.);
#301=B_SPLINE_CURVE_WITH_KNOTS('',3,(#11176,#11177,#11178,#11179,#11180),
 .UNSPECIFIED.,.F.,.F.,(4,1,4),(0.,0.0965987683468938,0.2433092384362),
 .UNSPECIFIED.);
#302=B_SPLINE_CURVE_WITH_KNOTS('',3,(#11192,#11193,#11194,#11195,#11196),
 .UNSPECIFIED.,.F.,.F.,(4,1,4),(0.,0.0497220387704436,0.0991911537587867),
 .UNSPECIFIED.);
#303=B_SPLINE_CURVE_WITH_KNOTS('',3,(#11199,#11200,#11201,#11202,#11203),
 .UNSPECIFIED.,.F.,.F.,(4,1,4),(0.,0.0497220387704436,0.0991911537587867),
 .UNSPECIFIED.);
#304=B_SPLINE_CURVE_WITH_KNOTS('',3,(#11215,#11216,#11217,#11218,#11219),
 .UNSPECIFIED.,.F.,.F.,(4,1,4),(0.,0.0465978872001736,0.0807481093921491),
 .UNSPECIFIED.);
#305=B_SPLINE_CURVE_WITH_KNOTS('',3,(#11222,#11223,#11224,#11225,#11226),
 .UNSPECIFIED.,.F.,.F.,(4,1,4),(0.,0.0465978872001736,0.0807481093921491),
 .UNSPECIFIED.);
#306=B_SPLINE_CURVE_WITH_KNOTS('',3,(#11244,#11245,#11246,#11247,#11248),
 .UNSPECIFIED.,.F.,.F.,(4,1,4),(0.,0.0649964036025052,0.140713194095194),
 .UNSPECIFIED.);
#307=B_SPLINE_CURVE_WITH_KNOTS('',3,(#11251,#11252,#11253,#11254,#11255),
 .UNSPECIFIED.,.F.,.F.,(4,1,4),(0.,0.0649964036025052,0.140713194095194),
 .UNSPECIFIED.);
#308=B_SPLINE_CURVE_WITH_KNOTS('',3,(#11267,#11268,#11269,#11270,#11271),
 .UNSPECIFIED.,.F.,.F.,(4,1,4),(0.,0.0496129347369611,0.104070579319694),
 .UNSPECIFIED.);
#309=B_SPLINE_CURVE_WITH_KNOTS('',3,(#11274,#11275,#11276,#11277,#11278),
 .UNSPECIFIED.,.F.,.F.,(4,1,4),(0.,0.0496129347369611,0.104070579319694),
 .UNSPECIFIED.);
#310=B_SPLINE_CURVE_WITH_KNOTS('',3,(#11290,#11291,#11292,#11293,#11294),
 .UNSPECIFIED.,.F.,.F.,(4,1,4),(0.,0.075400671040633,0.132208050514843),
 .UNSPECIFIED.);
#311=B_SPLINE_CURVE_WITH_KNOTS('',3,(#11297,#11298,#11299,#11300,#11301),
 .UNSPECIFIED.,.F.,.F.,(4,1,4),(0.,0.075400671040633,0.132208050514843),
 .UNSPECIFIED.);
#312=B_SPLINE_CURVE_WITH_KNOTS('',3,(#11330,#11331,#11332,#11333,#11334),
 .UNSPECIFIED.,.F.,.F.,(4,1,4),(0.,0.0498688773991403,0.100527279164313),
 .UNSPECIFIED.);
#313=B_SPLINE_CURVE_WITH_KNOTS('',3,(#11338,#11339,#11340,#11341,#11342),
 .UNSPECIFIED.,.F.,.F.,(4,1,4),(0.,0.0498688773991403,0.100527279164313),
 .UNSPECIFIED.);
#314=B_SPLINE_CURVE_WITH_KNOTS('',3,(#11355,#11356,#11357,#11358,#11359),
 .UNSPECIFIED.,.F.,.F.,(4,1,4),(0.,0.0488994070723119,0.0954203821457816),
 .UNSPECIFIED.);
#315=B_SPLINE_CURVE_WITH_KNOTS('',3,(#11362,#11363,#11364,#11365,#11366),
 .UNSPECIFIED.,.F.,.F.,(4,1,4),(0.,0.0488994070723119,0.0954203821457816),
 .UNSPECIFIED.);
#316=B_SPLINE_CURVE_WITH_KNOTS('',3,(#11378,#11379,#11380,#11381,#11382),
 .UNSPECIFIED.,.F.,.F.,(4,1,4),(0.,0.0767881473962716,0.135593331370014),
 .UNSPECIFIED.);
#317=B_SPLINE_CURVE_WITH_KNOTS('',3,(#11385,#11386,#11387,#11388,#11389),
 .UNSPECIFIED.,.F.,.F.,(4,1,4),(0.,0.0767881473962716,0.135593331370014),
 .UNSPECIFIED.);
#318=B_SPLINE_CURVE_WITH_KNOTS('',3,(#11401,#11402,#11403,#11404,#11405),
 .UNSPECIFIED.,.F.,.F.,(4,1,4),(0.,0.059141682450959,0.141150911284677),
 .UNSPECIFIED.);
#319=B_SPLINE_CURVE_WITH_KNOTS('',3,(#11408,#11409,#11410,#11411,#11412),
 .UNSPECIFIED.,.F.,.F.,(4,1,4),(0.,0.059141682450959,0.141150911284677),
 .UNSPECIFIED.);
#320=B_SPLINE_CURVE_WITH_KNOTS('',3,(#11424,#11425,#11426,#11427,#11428),
 .UNSPECIFIED.,.F.,.F.,(4,1,4),(0.,0.045612269167351,0.09294138953563),
 .UNSPECIFIED.);
#321=B_SPLINE_CURVE_WITH_KNOTS('',3,(#11431,#11432,#11433,#11434,#11435),
 .UNSPECIFIED.,.F.,.F.,(4,1,4),(0.,0.045612269167351,0.09294138953563),
 .UNSPECIFIED.);
#322=B_SPLINE_CURVE_WITH_KNOTS('',3,(#11447,#11448,#11449,#11450,#11451),
 .UNSPECIFIED.,.F.,.F.,(4,1,4),(0.,0.0514681849685709,0.103006931196223),
 .UNSPECIFIED.);
#323=B_SPLINE_CURVE_WITH_KNOTS('',3,(#11454,#11455,#11456,#11457,#11458),
 .UNSPECIFIED.,.F.,.F.,(4,1,4),(0.,0.0514681849685709,0.103006931196223),
 .UNSPECIFIED.);
#324=B_SPLINE_CURVE_WITH_KNOTS('',3,(#11470,#11471,#11472,#11473,#11474),
 .UNSPECIFIED.,.F.,.F.,(4,1,4),(0.,0.0754073709392472,0.13466872012525),
 .UNSPECIFIED.);
#325=B_SPLINE_CURVE_WITH_KNOTS('',3,(#11477,#11478,#11479,#11480,#11481),
 .UNSPECIFIED.,.F.,.F.,(4,1,4),(0.,0.0754073709392472,0.13466872012525),
 .UNSPECIFIED.);
#326=B_SPLINE_CURVE_WITH_KNOTS('',3,(#11492,#11493,#11494,#11495,#11496),
 .UNSPECIFIED.,.F.,.F.,(4,1,4),(0.,0.0607096639946968,0.14168792311908),
 .UNSPECIFIED.);
#327=B_SPLINE_CURVE_WITH_KNOTS('',3,(#11497,#11498,#11499,#11500,#11501),
 .UNSPECIFIED.,.F.,.F.,(4,1,4),(0.,0.0607096639946968,0.14168792311908),
 .UNSPECIFIED.);
#328=B_SPLINE_CURVE_WITH_KNOTS('',3,(#11522,#11523,#11524,#11525,#11526),
 .UNSPECIFIED.,.F.,.F.,(4,1,4),(0.,0.0569233373800243,0.115180229566005),
 .UNSPECIFIED.);
#329=B_SPLINE_CURVE_WITH_KNOTS('',3,(#11529,#11530,#11531,#11532,#11533),
 .UNSPECIFIED.,.F.,.F.,(4,1,4),(0.,0.0569233373800243,0.115180229566005),
 .UNSPECIFIED.);
#330=B_SPLINE_CURVE_WITH_KNOTS('',3,(#11545,#11546,#11547,#11548,#11549),
 .UNSPECIFIED.,.F.,.F.,(4,1,4),(0.,0.0615483844661472,0.119584620136367),
 .UNSPECIFIED.);
#331=B_SPLINE_CURVE_WITH_KNOTS('',3,(#11552,#11553,#11554,#11555,#11556),
 .UNSPECIFIED.,.F.,.F.,(4,1,4),(0.,0.0615483844661472,0.119584620136367),
 .UNSPECIFIED.);
#332=B_SPLINE_CURVE_WITH_KNOTS('',3,(#11568,#11569,#11570,#11571,#11572),
 .UNSPECIFIED.,.F.,.F.,(4,1,4),(0.,0.121276877490754,0.244503735587903),
 .UNSPECIFIED.);
#333=B_SPLINE_CURVE_WITH_KNOTS('',3,(#11575,#11576,#11577,#11578,#11579),
 .UNSPECIFIED.,.F.,.F.,(4,1,4),(0.,0.121276877490754,0.244503735587903),
 .UNSPECIFIED.);
#334=B_SPLINE_CURVE_WITH_KNOTS('',3,(#11591,#11592,#11593,#11594,#11595),
 .UNSPECIFIED.,.F.,.F.,(4,1,4),(0.,0.160827044801019,0.294271049763497),
 .UNSPECIFIED.);
#335=B_SPLINE_CURVE_WITH_KNOTS('',3,(#11598,#11599,#11600,#11601,#11602),
 .UNSPECIFIED.,.F.,.F.,(4,1,4),(0.,0.160827044801019,0.294271049763497),
 .UNSPECIFIED.);
#336=B_SPLINE_CURVE_WITH_KNOTS('',3,(#11614,#11615,#11616,#11617,#11618),
 .UNSPECIFIED.,.F.,.F.,(4,1,4),(0.,0.13786658528784,0.289751444842832),
 .UNSPECIFIED.);
#337=B_SPLINE_CURVE_WITH_KNOTS('',3,(#11621,#11622,#11623,#11624,#11625),
 .UNSPECIFIED.,.F.,.F.,(4,1,4),(0.,0.13786658528784,0.289751444842832),
 .UNSPECIFIED.);
#338=B_SPLINE_CURVE_WITH_KNOTS('',3,(#11637,#11638,#11639,#11640,#11641),
 .UNSPECIFIED.,.F.,.F.,(4,1,4),(0.,0.131802057926552,0.258905865373927),
 .UNSPECIFIED.);
#339=B_SPLINE_CURVE_WITH_KNOTS('',3,(#11644,#11645,#11646,#11647,#11648),
 .UNSPECIFIED.,.F.,.F.,(4,1,4),(0.,0.131802057926552,0.258905865373927),
 .UNSPECIFIED.);
#340=B_SPLINE_CURVE_WITH_KNOTS('',3,(#11660,#11661,#11662,#11663,#11664),
 .UNSPECIFIED.,.F.,.F.,(4,1,4),(0.,0.0683197556602722,0.13920413970883),
 .UNSPECIFIED.);
#341=B_SPLINE_CURVE_WITH_KNOTS('',3,(#11667,#11668,#11669,#11670,#11671),
 .UNSPECIFIED.,.F.,.F.,(4,1,4),(0.,0.0683197556602722,0.13920413970883),
 .UNSPECIFIED.);
#342=B_SPLINE_CURVE_WITH_KNOTS('',3,(#11683,#11684,#11685,#11686,#11687),
 .UNSPECIFIED.,.F.,.F.,(4,1,4),(0.,0.076651509037258,0.135316821518088),
 .UNSPECIFIED.);
#343=B_SPLINE_CURVE_WITH_KNOTS('',3,(#11690,#11691,#11692,#11693,#11694),
 .UNSPECIFIED.,.F.,.F.,(4,1,4),(0.,0.076651509037258,0.135316821518088),
 .UNSPECIFIED.);
#344=B_SPLINE_CURVE_WITH_KNOTS('',3,(#11729,#11730,#11731,#11732,#11733),
 .UNSPECIFIED.,.F.,.F.,(4,1,4),(0.,0.0393129149194816,0.0864798979653255),
 .UNSPECIFIED.);
#345=B_SPLINE_CURVE_WITH_KNOTS('',3,(#11737,#11738,#11739,#11740,#11741),
 .UNSPECIFIED.,.F.,.F.,(4,1,4),(0.,0.0393129149194816,0.0864798979653255),
 .UNSPECIFIED.);
#346=B_SPLINE_CURVE_WITH_KNOTS('',3,(#11754,#11755,#11756,#11757,#11758),
 .UNSPECIFIED.,.F.,.F.,(4,1,4),(0.,0.0422766874601598,0.0797257964644433),
 .UNSPECIFIED.);
#347=B_SPLINE_CURVE_WITH_KNOTS('',3,(#11761,#11762,#11763,#11764,#11765),
 .UNSPECIFIED.,.F.,.F.,(4,1,4),(0.,0.0422766874601598,0.0797257964644433),
 .UNSPECIFIED.);
#348=B_SPLINE_CURVE_WITH_KNOTS('',3,(#11777,#11778,#11779,#11780,#11781),
 .UNSPECIFIED.,.F.,.F.,(4,1,4),(0.,0.0451178209114205,0.0899433977454407),
 .UNSPECIFIED.);
#349=B_SPLINE_CURVE_WITH_KNOTS('',3,(#11784,#11785,#11786,#11787,#11788),
 .UNSPECIFIED.,.F.,.F.,(4,1,4),(0.,0.0451178209114205,0.0899433977454407),
 .UNSPECIFIED.);
#350=B_SPLINE_CURVE_WITH_KNOTS('',3,(#11800,#11801,#11802,#11803,#11804),
 .UNSPECIFIED.,.F.,.F.,(4,1,4),(0.,0.0322484728545367,0.0715602338474975),
 .UNSPECIFIED.);
#351=B_SPLINE_CURVE_WITH_KNOTS('',3,(#11807,#11808,#11809,#11810,#11811),
 .UNSPECIFIED.,.F.,.F.,(4,1,4),(0.,0.0322484728545367,0.0715602338474975),
 .UNSPECIFIED.);
#352=B_SPLINE_CURVE_WITH_KNOTS('',3,(#11823,#11824,#11825,#11826,#11827),
 .UNSPECIFIED.,.F.,.F.,(4,1,4),(0.,0.0303013189172864,0.0596215059569457),
 .UNSPECIFIED.);
#353=B_SPLINE_CURVE_WITH_KNOTS('',3,(#11830,#11831,#11832,#11833,#11834),
 .UNSPECIFIED.,.F.,.F.,(4,1,4),(0.,0.0303013189172864,0.0596215059569457),
 .UNSPECIFIED.);
#354=B_SPLINE_CURVE_WITH_KNOTS('',3,(#11846,#11847,#11848,#11849,#11850),
 .UNSPECIFIED.,.F.,.F.,(4,1,4),(0.,0.029676285506178,0.0574041923961348),
 .UNSPECIFIED.);
#355=B_SPLINE_CURVE_WITH_KNOTS('',3,(#11853,#11854,#11855,#11856,#11857),
 .UNSPECIFIED.,.F.,.F.,(4,1,4),(0.,0.029676285506178,0.0574041923961348),
 .UNSPECIFIED.);
#356=B_SPLINE_CURVE_WITH_KNOTS('',3,(#11869,#11870,#11871,#11872,#11873),
 .UNSPECIFIED.,.F.,.F.,(4,1,4),(0.,0.0725900700552129,0.116523123243173),
 .UNSPECIFIED.);
#357=B_SPLINE_CURVE_WITH_KNOTS('',3,(#11876,#11877,#11878,#11879,#11880),
 .UNSPECIFIED.,.F.,.F.,(4,1,4),(0.,0.0725900700552129,0.116523123243173),
 .UNSPECIFIED.);
#358=B_SPLINE_CURVE_WITH_KNOTS('',3,(#11892,#11893,#11894,#11895,#11896),
 .UNSPECIFIED.,.F.,.F.,(4,1,4),(0.,0.0615850797463542,0.12476145855278),
 .UNSPECIFIED.);
#359=B_SPLINE_CURVE_WITH_KNOTS('',3,(#11899,#11900,#11901,#11902,#11903),
 .UNSPECIFIED.,.F.,.F.,(4,1,4),(0.,0.0615850797463542,0.12476145855278),
 .UNSPECIFIED.);
#360=B_SPLINE_CURVE_WITH_KNOTS('',3,(#11919,#11920,#11921,#11922,#11923),
 .UNSPECIFIED.,.F.,.F.,(4,1,4),(0.,0.0599355945811387,0.105603913469416),
 .UNSPECIFIED.);
#361=B_SPLINE_CURVE_WITH_KNOTS('',3,(#11927,#11928,#11929,#11930,#11931),
 .UNSPECIFIED.,.F.,.F.,(4,1,4),(0.,0.0599355945811387,0.105603913469416),
 .UNSPECIFIED.);
#362=B_SPLINE_CURVE_WITH_KNOTS('',3,(#11944,#11945,#11946,#11947,#11948),
 .UNSPECIFIED.,.F.,.F.,(4,1,4),(0.,0.0329537578784681,0.0784332337381771),
 .UNSPECIFIED.);
#363=B_SPLINE_CURVE_WITH_KNOTS('',3,(#11951,#11952,#11953,#11954,#11955),
 .UNSPECIFIED.,.F.,.F.,(4,1,4),(0.,0.0329537578784681,0.0784332337381771),
 .UNSPECIFIED.);
#364=B_SPLINE_CURVE_WITH_KNOTS('',3,(#11967,#11968,#11969,#11970,#11971),
 .UNSPECIFIED.,.F.,.F.,(4,1,4),(0.,0.0438057656280678,0.0761047755182012),
 .UNSPECIFIED.);
#365=B_SPLINE_CURVE_WITH_KNOTS('',3,(#11974,#11975,#11976,#11977,#11978),
 .UNSPECIFIED.,.F.,.F.,(4,1,4),(0.,0.0438057656280678,0.0761047755182012),
 .UNSPECIFIED.);
#366=B_SPLINE_CURVE_WITH_KNOTS('',3,(#11990,#11991,#11992,#11993,#11994),
 .UNSPECIFIED.,.F.,.F.,(4,1,4),(0.,0.0499251055101813,0.103687331875114),
 .UNSPECIFIED.);
#367=B_SPLINE_CURVE_WITH_KNOTS('',3,(#11997,#11998,#11999,#12000,#12001),
 .UNSPECIFIED.,.F.,.F.,(4,1,4),(0.,0.0499251055101813,0.103687331875114),
 .UNSPECIFIED.);
#368=B_SPLINE_CURVE_WITH_KNOTS('',3,(#12013,#12014,#12015,#12016,#12017),
 .UNSPECIFIED.,.F.,.F.,(4,1,4),(0.,0.13148773100062,0.207329503692621),
 .UNSPECIFIED.);
#369=B_SPLINE_CURVE_WITH_KNOTS('',3,(#12020,#12021,#12022,#12023,#12024),
 .UNSPECIFIED.,.F.,.F.,(4,1,4),(0.,0.13148773100062,0.207329503692621),
 .UNSPECIFIED.);
#370=B_SPLINE_CURVE_WITH_KNOTS('',3,(#12036,#12037,#12038,#12039,#12040),
 .UNSPECIFIED.,.F.,.F.,(4,1,4),(0.,0.0830549131463417,0.197655005963998),
 .UNSPECIFIED.);
#371=B_SPLINE_CURVE_WITH_KNOTS('',3,(#12043,#12044,#12045,#12046,#12047),
 .UNSPECIFIED.,.F.,.F.,(4,1,4),(0.,0.0830549131463417,0.197655005963998),
 .UNSPECIFIED.);
#372=B_SPLINE_CURVE_WITH_KNOTS('',3,(#12059,#12060,#12061,#12062,#12063),
 .UNSPECIFIED.,.F.,.F.,(4,1,4),(0.,0.0761730496935527,0.146773131026557),
 .UNSPECIFIED.);
#373=B_SPLINE_CURVE_WITH_KNOTS('',3,(#12066,#12067,#12068,#12069,#12070),
 .UNSPECIFIED.,.F.,.F.,(4,1,4),(0.,0.0761730496935527,0.146773131026557),
 .UNSPECIFIED.);
#374=B_SPLINE_CURVE_WITH_KNOTS('',3,(#12082,#12083,#12084,#12085,#12086),
 .UNSPECIFIED.,.F.,.F.,(4,1,4),(0.,0.0838507321263902,0.166576863716644),
 .UNSPECIFIED.);
#375=B_SPLINE_CURVE_WITH_KNOTS('',3,(#12089,#12090,#12091,#12092,#12093),
 .UNSPECIFIED.,.F.,.F.,(4,1,4),(0.,0.0838507321263902,0.166576863716644),
 .UNSPECIFIED.);
#376=B_SPLINE_CURVE_WITH_KNOTS('',3,(#12105,#12106,#12107,#12108,#12109),
 .UNSPECIFIED.,.F.,.F.,(4,1,4),(0.,0.114983778717519,0.209226711911503),
 .UNSPECIFIED.);
#377=B_SPLINE_CURVE_WITH_KNOTS('',3,(#12112,#12113,#12114,#12115,#12116),
 .UNSPECIFIED.,.F.,.F.,(4,1,4),(0.,0.114983778717519,0.209226711911503),
 .UNSPECIFIED.);
#378=B_SPLINE_CURVE_WITH_KNOTS('',3,(#12128,#12129,#12130,#12131,#12132),
 .UNSPECIFIED.,.F.,.F.,(4,1,4),(0.,0.0827577078563367,0.174640226879996),
 .UNSPECIFIED.);
#379=B_SPLINE_CURVE_WITH_KNOTS('',3,(#12135,#12136,#12137,#12138,#12139),
 .UNSPECIFIED.,.F.,.F.,(4,1,4),(0.,0.0827577078563367,0.174640226879996),
 .UNSPECIFIED.);
#380=B_SPLINE_CURVE_WITH_KNOTS('',3,(#12151,#12152,#12153,#12154,#12155),
 .UNSPECIFIED.,.F.,.F.,(4,1,4),(0.,0.070613309603226,0.132445394691824),
 .UNSPECIFIED.);
#381=B_SPLINE_CURVE_WITH_KNOTS('',3,(#12158,#12159,#12160,#12161,#12162),
 .UNSPECIFIED.,.F.,.F.,(4,1,4),(0.,0.070613309603226,0.132445394691824),
 .UNSPECIFIED.);
#382=B_SPLINE_CURVE_WITH_KNOTS('',3,(#12174,#12175,#12176,#12177,#12178),
 .UNSPECIFIED.,.F.,.F.,(4,1,4),(0.,0.01943947945481,0.0470552553380714),
 .UNSPECIFIED.);
#383=B_SPLINE_CURVE_WITH_KNOTS('',3,(#12181,#12182,#12183,#12184,#12185),
 .UNSPECIFIED.,.F.,.F.,(4,1,4),(0.,0.01943947945481,0.0470552553380714),
 .UNSPECIFIED.);
#384=B_SPLINE_CURVE_WITH_KNOTS('',3,(#12197,#12198,#12199,#12200,#12201),
 .UNSPECIFIED.,.F.,.F.,(4,1,4),(0.,0.0278419796896957,0.0473347167807445),
 .UNSPECIFIED.);
#385=B_SPLINE_CURVE_WITH_KNOTS('',3,(#12204,#12205,#12206,#12207,#12208),
 .UNSPECIFIED.,.F.,.F.,(4,1,4),(0.,0.0278419796896957,0.0473347167807445),
 .UNSPECIFIED.);
#386=B_SPLINE_CURVE_WITH_KNOTS('',3,(#12226,#12227,#12228,#12229,#12230),
 .UNSPECIFIED.,.F.,.F.,(4,1,4),(0.,0.034573326820384,0.0793588693599671),
 .UNSPECIFIED.);
#387=B_SPLINE_CURVE_WITH_KNOTS('',3,(#12233,#12234,#12235,#12236,#12237),
 .UNSPECIFIED.,.F.,.F.,(4,1,4),(0.,0.034573326820384,0.0793588693599671),
 .UNSPECIFIED.);
#388=B_SPLINE_CURVE_WITH_KNOTS('',3,(#12249,#12250,#12251,#12252,#12253),
 .UNSPECIFIED.,.F.,.F.,(4,1,4),(0.,0.0456460748528584,0.0805191609354592),
 .UNSPECIFIED.);
#389=B_SPLINE_CURVE_WITH_KNOTS('',3,(#12256,#12257,#12258,#12259,#12260),
 .UNSPECIFIED.,.F.,.F.,(4,1,4),(0.,0.0456460748528584,0.0805191609354592),
 .UNSPECIFIED.);
#390=B_SPLINE_CURVE_WITH_KNOTS('',3,(#12278,#12279,#12280,#12281,#12282),
 .UNSPECIFIED.,.F.,.F.,(4,1,4),(0.,0.0570980595551674,0.109785719039644),
 .UNSPECIFIED.);
#391=B_SPLINE_CURVE_WITH_KNOTS('',3,(#12285,#12286,#12287,#12288,#12289),
 .UNSPECIFIED.,.F.,.F.,(4,1,4),(0.,0.0570980595551674,0.109785719039644),
 .UNSPECIFIED.);
#392=B_SPLINE_CURVE_WITH_KNOTS('',3,(#12301,#12302,#12303,#12304,#12305),
 .UNSPECIFIED.,.F.,.F.,(4,1,4),(0.,0.0488038553151376,0.104251926212651),
 .UNSPECIFIED.);
#393=B_SPLINE_CURVE_WITH_KNOTS('',3,(#12308,#12309,#12310,#12311,#12312),
 .UNSPECIFIED.,.F.,.F.,(4,1,4),(0.,0.0488038553151376,0.104251926212651),
 .UNSPECIFIED.);
#394=B_SPLINE_CURVE_WITH_KNOTS('',3,(#12324,#12325,#12326,#12327,#12328),
 .UNSPECIFIED.,.F.,.F.,(4,1,4),(0.,0.0726816318466831,0.140323112023385),
 .UNSPECIFIED.);
#395=B_SPLINE_CURVE_WITH_KNOTS('',3,(#12331,#12332,#12333,#12334,#12335),
 .UNSPECIFIED.,.F.,.F.,(4,1,4),(0.,0.0726816318466831,0.140323112023385),
 .UNSPECIFIED.);
#396=B_SPLINE_CURVE_WITH_KNOTS('',3,(#12347,#12348,#12349,#12350,#12351),
 .UNSPECIFIED.,.F.,.F.,(4,1,4),(0.,0.112605969060196,0.201223344099599),
 .UNSPECIFIED.);
#397=B_SPLINE_CURVE_WITH_KNOTS('',3,(#12354,#12355,#12356,#12357,#12358),
 .UNSPECIFIED.,.F.,.F.,(4,1,4),(0.,0.112605969060196,0.201223344099599),
 .UNSPECIFIED.);
#398=B_SPLINE_CURVE_WITH_KNOTS('',3,(#12370,#12371,#12372,#12373,#12374),
 .UNSPECIFIED.,.F.,.F.,(4,1,4),(0.,0.0701186969969498,0.145208817522787),
 .UNSPECIFIED.);
#399=B_SPLINE_CURVE_WITH_KNOTS('',3,(#12377,#12378,#12379,#12380,#12381),
 .UNSPECIFIED.,.F.,.F.,(4,1,4),(0.,0.0701186969969498,0.145208817522787),
 .UNSPECIFIED.);
#400=B_SPLINE_CURVE_WITH_KNOTS('',3,(#12393,#12394,#12395,#12396,#12397),
 .UNSPECIFIED.,.F.,.F.,(4,1,4),(0.,0.0490862865141323,0.110389158227741),
 .UNSPECIFIED.);
#401=B_SPLINE_CURVE_WITH_KNOTS('',3,(#12400,#12401,#12402,#12403,#12404),
 .UNSPECIFIED.,.F.,.F.,(4,1,4),(0.,0.0490862865141323,0.110389158227741),
 .UNSPECIFIED.);
#402=B_SPLINE_CURVE_WITH_KNOTS('',3,(#12416,#12417,#12418,#12419,#12420),
 .UNSPECIFIED.,.F.,.F.,(4,1,4),(0.,0.0508023583106405,0.107632614056967),
 .UNSPECIFIED.);
#403=B_SPLINE_CURVE_WITH_KNOTS('',3,(#12423,#12424,#12425,#12426,#12427),
 .UNSPECIFIED.,.F.,.F.,(4,1,4),(0.,0.0508023583106405,0.107632614056967),
 .UNSPECIFIED.);
#404=B_SPLINE_CURVE_WITH_KNOTS('',3,(#12439,#12440,#12441,#12442,#12443),
 .UNSPECIFIED.,.F.,.F.,(4,1,4),(0.,0.0648058162997264,0.118318555483316),
 .UNSPECIFIED.);
#405=B_SPLINE_CURVE_WITH_KNOTS('',3,(#12446,#12447,#12448,#12449,#12450),
 .UNSPECIFIED.,.F.,.F.,(4,1,4),(0.,0.0648058162997264,0.118318555483316),
 .UNSPECIFIED.);
#406=B_SPLINE_CURVE_WITH_KNOTS('',3,(#12467,#12468,#12469,#12470,#12471),
 .UNSPECIFIED.,.F.,.F.,(4,1,4),(0.,0.0343691117803403,0.0782274424029222),
 .UNSPECIFIED.);
#407=B_SPLINE_CURVE_WITH_KNOTS('',3,(#12472,#12473,#12474,#12475,#12476),
 .UNSPECIFIED.,.F.,.F.,(4,1,4),(0.,0.0343691117803403,0.0782274424029222),
 .UNSPECIFIED.);
#408=B_SPLINE_CURVE_WITH_KNOTS('',3,(#12529,#12530,#12531,#12532,#12533),
 .UNSPECIFIED.,.F.,.F.,(4,1,4),(0.,0.0530435644630301,0.124401716771579),
 .UNSPECIFIED.);
#409=B_SPLINE_CURVE_WITH_KNOTS('',3,(#12536,#12537,#12538,#12539,#12540),
 .UNSPECIFIED.,.F.,.F.,(4,1,4),(0.,0.0530435644630301,0.124401716771579),
 .UNSPECIFIED.);
#410=B_SPLINE_CURVE_WITH_KNOTS('',3,(#12552,#12553,#12554,#12555,#12556),
 .UNSPECIFIED.,.F.,.F.,(4,1,4),(0.,0.044566251483625,0.0889051766632443),
 .UNSPECIFIED.);
#411=B_SPLINE_CURVE_WITH_KNOTS('',3,(#12559,#12560,#12561,#12562,#12563),
 .UNSPECIFIED.,.F.,.F.,(4,1,4),(0.,0.044566251483625,0.0889051766632443),
 .UNSPECIFIED.);
#412=B_SPLINE_CURVE_WITH_KNOTS('',3,(#12575,#12576,#12577,#12578,#12579),
 .UNSPECIFIED.,.F.,.F.,(4,1,4),(0.,0.0268843508040539,0.0547458035714586),
 .UNSPECIFIED.);
#413=B_SPLINE_CURVE_WITH_KNOTS('',3,(#12582,#12583,#12584,#12585,#12586),
 .UNSPECIFIED.,.F.,.F.,(4,1,4),(0.,0.0268843508040539,0.0547458035714586),
 .UNSPECIFIED.);
#414=B_SPLINE_CURVE_WITH_KNOTS('',3,(#12598,#12599,#12600,#12601,#12602),
 .UNSPECIFIED.,.F.,.F.,(4,1,4),(0.,0.0274744507325409,0.0543547453700641),
 .UNSPECIFIED.);
#415=B_SPLINE_CURVE_WITH_KNOTS('',3,(#12605,#12606,#12607,#12608,#12609),
 .UNSPECIFIED.,.F.,.F.,(4,1,4),(0.,0.0274744507325409,0.0543547453700641),
 .UNSPECIFIED.);
#416=B_SPLINE_CURVE_WITH_KNOTS('',3,(#12621,#12622,#12623,#12624,#12625),
 .UNSPECIFIED.,.F.,.F.,(4,1,4),(0.,0.0400984562842757,0.0651646263669035),
 .UNSPECIFIED.);
#417=B_SPLINE_CURVE_WITH_KNOTS('',3,(#12628,#12629,#12630,#12631,#12632),
 .UNSPECIFIED.,.F.,.F.,(4,1,4),(0.,0.0400984562842757,0.0651646263669035),
 .UNSPECIFIED.);
#418=B_SPLINE_CURVE_WITH_KNOTS('',3,(#12662,#12663,#12664,#12665,#12666),
 .UNSPECIFIED.,.F.,.F.,(4,1,4),(0.,0.0513715705777394,0.11948467820772),
 .UNSPECIFIED.);
#419=B_SPLINE_CURVE_WITH_KNOTS('',3,(#12669,#12670,#12671,#12672,#12673),
 .UNSPECIFIED.,.F.,.F.,(4,1,4),(0.,0.0513715705777394,0.11948467820772),
 .UNSPECIFIED.);
#420=B_SPLINE_CURVE_WITH_KNOTS('',3,(#12685,#12686,#12687,#12688,#12689),
 .UNSPECIFIED.,.F.,.F.,(4,1,4),(0.,0.0450662326879655,0.08876656493443),
 .UNSPECIFIED.);
#421=B_SPLINE_CURVE_WITH_KNOTS('',3,(#12692,#12693,#12694,#12695,#12696),
 .UNSPECIFIED.,.F.,.F.,(4,1,4),(0.,0.0450662326879655,0.08876656493443),
 .UNSPECIFIED.);
#422=B_SPLINE_CURVE_WITH_KNOTS('',3,(#12708,#12709,#12710,#12711,#12712),
 .UNSPECIFIED.,.F.,.F.,(4,1,4),(0.,0.0420653970303613,0.081266980538359),
 .UNSPECIFIED.);
#423=B_SPLINE_CURVE_WITH_KNOTS('',3,(#12715,#12716,#12717,#12718,#12719),
 .UNSPECIFIED.,.F.,.F.,(4,1,4),(0.,0.0420653970303613,0.081266980538359),
 .UNSPECIFIED.);
#424=B_SPLINE_CURVE_WITH_KNOTS('',3,(#12731,#12732,#12733,#12734,#12735),
 .UNSPECIFIED.,.F.,.F.,(4,1,4),(0.,0.0430673063844783,0.0764575545618124),
 .UNSPECIFIED.);
#425=B_SPLINE_CURVE_WITH_KNOTS('',3,(#12738,#12739,#12740,#12741,#12742),
 .UNSPECIFIED.,.F.,.F.,(4,1,4),(0.,0.0430673063844783,0.0764575545618124),
 .UNSPECIFIED.);
#426=B_SPLINE_CURVE_WITH_KNOTS('',3,(#12772,#12773,#12774,#12775,#12776),
 .UNSPECIFIED.,.F.,.F.,(4,1,4),(0.,0.101410446910775,0.230265561351713),
 .UNSPECIFIED.);
#427=B_SPLINE_CURVE_WITH_KNOTS('',3,(#12779,#12780,#12781,#12782,#12783),
 .UNSPECIFIED.,.F.,.F.,(4,1,4),(0.,0.101410446910775,0.230265561351713),
 .UNSPECIFIED.);
#428=B_SPLINE_CURVE_WITH_KNOTS('',3,(#12795,#12796,#12797,#12798,#12799),
 .UNSPECIFIED.,.F.,.F.,(4,1,4),(0.,0.10514607359004,0.198988611891733),
 .UNSPECIFIED.);
#429=B_SPLINE_CURVE_WITH_KNOTS('',3,(#12802,#12803,#12804,#12805,#12806),
 .UNSPECIFIED.,.F.,.F.,(4,1,4),(0.,0.10514607359004,0.198988611891733),
 .UNSPECIFIED.);
#430=B_SPLINE_CURVE_WITH_KNOTS('',3,(#12818,#12819,#12820,#12821,#12822),
 .UNSPECIFIED.,.F.,.F.,(4,1,4),(0.,0.0631024607548305,0.136101246108831),
 .UNSPECIFIED.);
#431=B_SPLINE_CURVE_WITH_KNOTS('',3,(#12825,#12826,#12827,#12828,#12829),
 .UNSPECIFIED.,.F.,.F.,(4,1,4),(0.,0.0631024607548305,0.136101246108831),
 .UNSPECIFIED.);
#432=B_SPLINE_CURVE_WITH_KNOTS('',3,(#12841,#12842,#12843,#12844,#12845),
 .UNSPECIFIED.,.F.,.F.,(4,1,4),(0.,0.0863648945000393,0.154033862428051),
 .UNSPECIFIED.);
#433=B_SPLINE_CURVE_WITH_KNOTS('',3,(#12848,#12849,#12850,#12851,#12852),
 .UNSPECIFIED.,.F.,.F.,(4,1,4),(0.,0.0863648945000393,0.154033862428051),
 .UNSPECIFIED.);
#434=B_SPLINE_CURVE_WITH_KNOTS('',3,(#12864,#12865,#12866,#12867,#12868),
 .UNSPECIFIED.,.F.,.F.,(4,1,4),(0.,0.0597467364354432,0.124390903969248),
 .UNSPECIFIED.);
#435=B_SPLINE_CURVE_WITH_KNOTS('',3,(#12871,#12872,#12873,#12874,#12875),
 .UNSPECIFIED.,.F.,.F.,(4,1,4),(0.,0.0597467364354432,0.124390903969248),
 .UNSPECIFIED.);
#436=B_SPLINE_CURVE_WITH_KNOTS('',3,(#12887,#12888,#12889,#12890,#12891),
 .UNSPECIFIED.,.F.,.F.,(4,1,4),(0.,0.0780843438647936,0.141979559425785),
 .UNSPECIFIED.);
#437=B_SPLINE_CURVE_WITH_KNOTS('',3,(#12894,#12895,#12896,#12897,#12898),
 .UNSPECIFIED.,.F.,.F.,(4,1,4),(0.,0.0780843438647936,0.141979559425785),
 .UNSPECIFIED.);
#438=B_SPLINE_CURVE_WITH_KNOTS('',3,(#12910,#12911,#12912,#12913,#12914),
 .UNSPECIFIED.,.F.,.F.,(4,1,4),(0.,0.0663341824427061,0.141376231820103),
 .UNSPECIFIED.);
#439=B_SPLINE_CURVE_WITH_KNOTS('',3,(#12917,#12918,#12919,#12920,#12921),
 .UNSPECIFIED.,.F.,.F.,(4,1,4),(0.,0.0663341824427061,0.141376231820103),
 .UNSPECIFIED.);
#440=B_SPLINE_CURVE_WITH_KNOTS('',3,(#12933,#12934,#12935,#12936,#12937),
 .UNSPECIFIED.,.F.,.F.,(4,1,4),(0.,0.0798264981784628,0.147884284824037),
 .UNSPECIFIED.);
#441=B_SPLINE_CURVE_WITH_KNOTS('',3,(#12940,#12941,#12942,#12943,#12944),
 .UNSPECIFIED.,.F.,.F.,(4,1,4),(0.,0.0798264981784628,0.147884284824037),
 .UNSPECIFIED.);
#442=B_SPLINE_CURVE_WITH_KNOTS('',3,(#12973,#12974,#12975,#12976,#12977),
 .UNSPECIFIED.,.F.,.F.,(4,1,4),(0.,0.045682892327759,0.103608184089119),
 .UNSPECIFIED.);
#443=B_SPLINE_CURVE_WITH_KNOTS('',3,(#12981,#12982,#12983,#12984,#12985),
 .UNSPECIFIED.,.F.,.F.,(4,1,4),(0.,0.045682892327759,0.103608184089119),
 .UNSPECIFIED.);
#444=B_SPLINE_CURVE_WITH_KNOTS('',3,(#12998,#12999,#13000,#13001,#13002),
 .UNSPECIFIED.,.F.,.F.,(4,1,4),(0.,0.0609470336419646,0.121672215771585),
 .UNSPECIFIED.);
#445=B_SPLINE_CURVE_WITH_KNOTS('',3,(#13005,#13006,#13007,#13008,#13009),
 .UNSPECIFIED.,.F.,.F.,(4,1,4),(0.,0.0609470336419646,0.121672215771585),
 .UNSPECIFIED.);
#446=B_SPLINE_CURVE_WITH_KNOTS('',3,(#13021,#13022,#13023,#13024,#13025),
 .UNSPECIFIED.,.F.,.F.,(4,1,4),(0.,0.0483213747650737,0.100803425081599),
 .UNSPECIFIED.);
#447=B_SPLINE_CURVE_WITH_KNOTS('',3,(#13028,#13029,#13030,#13031,#13032),
 .UNSPECIFIED.,.F.,.F.,(4,1,4),(0.,0.0483213747650737,0.100803425081599),
 .UNSPECIFIED.);
#448=B_SPLINE_CURVE_WITH_KNOTS('',3,(#13044,#13045,#13046,#13047,#13048),
 .UNSPECIFIED.,.F.,.F.,(4,1,4),(0.,0.0706591053321854,0.124898833943112),
 .UNSPECIFIED.);
#449=B_SPLINE_CURVE_WITH_KNOTS('',3,(#13051,#13052,#13053,#13054,#13055),
 .UNSPECIFIED.,.F.,.F.,(4,1,4),(0.,0.0706591053321854,0.124898833943112),
 .UNSPECIFIED.);
#450=B_SPLINE_CURVE_WITH_KNOTS('',3,(#13071,#13072,#13073,#13074,#13075),
 .UNSPECIFIED.,.F.,.F.,(4,1,4),(0.,0.10872119976781,0.23902857432769),
 .UNSPECIFIED.);
#451=B_SPLINE_CURVE_WITH_KNOTS('',3,(#13079,#13080,#13081,#13082,#13083),
 .UNSPECIFIED.,.F.,.F.,(4,1,4),(0.,0.10872119976781,0.23902857432769),
 .UNSPECIFIED.);
#452=B_SPLINE_CURVE_WITH_KNOTS('',3,(#13096,#13097,#13098,#13099,#13100),
 .UNSPECIFIED.,.F.,.F.,(4,1,4),(0.,0.0980323823506154,0.195752923342385),
 .UNSPECIFIED.);
#453=B_SPLINE_CURVE_WITH_KNOTS('',3,(#13103,#13104,#13105,#13106,#13107),
 .UNSPECIFIED.,.F.,.F.,(4,1,4),(0.,0.0980323823506154,0.195752923342385),
 .UNSPECIFIED.);
#454=B_SPLINE_CURVE_WITH_KNOTS('',3,(#13119,#13120,#13121,#13122,#13123),
 .UNSPECIFIED.,.F.,.F.,(4,1,4),(0.,0.139650795836737,0.251765283784605),
 .UNSPECIFIED.);
#455=B_SPLINE_CURVE_WITH_KNOTS('',3,(#13126,#13127,#13128,#13129,#13130),
 .UNSPECIFIED.,.F.,.F.,(4,1,4),(0.,0.139650795836737,0.251765283784605),
 .UNSPECIFIED.);
#456=B_SPLINE_CURVE_WITH_KNOTS('',3,(#13142,#13143,#13144,#13145,#13146),
 .UNSPECIFIED.,.F.,.F.,(4,1,4),(0.,0.151599626928243,0.324563253662865),
 .UNSPECIFIED.);
#457=B_SPLINE_CURVE_WITH_KNOTS('',3,(#13149,#13150,#13151,#13152,#13153),
 .UNSPECIFIED.,.F.,.F.,(4,1,4),(0.,0.151599626928243,0.324563253662865),
 .UNSPECIFIED.);
#458=B_SPLINE_CURVE_WITH_KNOTS('',3,(#13165,#13166,#13167,#13168,#13169),
 .UNSPECIFIED.,.F.,.F.,(4,1,4),(0.,0.156038273477929,0.302187881238229),
 .UNSPECIFIED.);
#459=B_SPLINE_CURVE_WITH_KNOTS('',3,(#13172,#13173,#13174,#13175,#13176),
 .UNSPECIFIED.,.F.,.F.,(4,1,4),(0.,0.156038273477929,0.302187881238229),
 .UNSPECIFIED.);
#460=B_SPLINE_CURVE_WITH_KNOTS('',3,(#13188,#13189,#13190,#13191,#13192),
 .UNSPECIFIED.,.F.,.F.,(4,1,4),(0.,0.10434745095901,0.216781077612984),
 .UNSPECIFIED.);
#461=B_SPLINE_CURVE_WITH_KNOTS('',3,(#13195,#13196,#13197,#13198,#13199),
 .UNSPECIFIED.,.F.,.F.,(4,1,4),(0.,0.10434745095901,0.216781077612984),
 .UNSPECIFIED.);
#462=B_SPLINE_CURVE_WITH_KNOTS('',3,(#13211,#13212,#13213,#13214,#13215),
 .UNSPECIFIED.,.F.,.F.,(4,1,4),(0.,0.0919407041876984,0.189895474105534),
 .UNSPECIFIED.);
#463=B_SPLINE_CURVE_WITH_KNOTS('',3,(#13218,#13219,#13220,#13221,#13222),
 .UNSPECIFIED.,.F.,.F.,(4,1,4),(0.,0.0919407041876984,0.189895474105534),
 .UNSPECIFIED.);
#464=B_SPLINE_CURVE_WITH_KNOTS('',3,(#13234,#13235,#13236,#13237,#13238),
 .UNSPECIFIED.,.F.,.F.,(4,1,4),(0.,0.128981009568968,0.231490181847384),
 .UNSPECIFIED.);
#465=B_SPLINE_CURVE_WITH_KNOTS('',3,(#13241,#13242,#13243,#13244,#13245),
 .UNSPECIFIED.,.F.,.F.,(4,1,4),(0.,0.128981009568968,0.231490181847384),
 .UNSPECIFIED.);
#466=B_SPLINE_CURVE_WITH_KNOTS('',3,(#13257,#13258,#13259,#13260,#13261),
 .UNSPECIFIED.,.F.,.F.,(4,1,4),(0.,0.113651933585924,0.260617593982083),
 .UNSPECIFIED.);
#467=B_SPLINE_CURVE_WITH_KNOTS('',3,(#13264,#13265,#13266,#13267,#13268),
 .UNSPECIFIED.,.F.,.F.,(4,1,4),(0.,0.113651933585924,0.260617593982083),
 .UNSPECIFIED.);
#468=B_SPLINE_CURVE_WITH_KNOTS('',3,(#13280,#13281,#13282,#13283,#13284),
 .UNSPECIFIED.,.F.,.F.,(4,1,4),(0.,0.116510812142814,0.219976771357716),
 .UNSPECIFIED.);
#469=B_SPLINE_CURVE_WITH_KNOTS('',3,(#13287,#13288,#13289,#13290,#13291),
 .UNSPECIFIED.,.F.,.F.,(4,1,4),(0.,0.116510812142814,0.219976771357716),
 .UNSPECIFIED.);
#470=B_SPLINE_CURVE_WITH_KNOTS('',3,(#13309,#13310,#13311,#13312,#13313),
 .UNSPECIFIED.,.F.,.F.,(4,1,4),(0.,0.0294354716714022,0.0668664463570987),
 .UNSPECIFIED.);
#471=B_SPLINE_CURVE_WITH_KNOTS('',3,(#13316,#13317,#13318,#13319,#13320),
 .UNSPECIFIED.,.F.,.F.,(4,1,4),(0.,0.0294354716714022,0.0668664463570987),
 .UNSPECIFIED.);
#472=B_SPLINE_CURVE_WITH_KNOTS('',3,(#13332,#13333,#13334,#13335,#13336),
 .UNSPECIFIED.,.F.,.F.,(4,1,4),(0.,0.0402311760693841,0.0810819860233668),
 .UNSPECIFIED.);
#473=B_SPLINE_CURVE_WITH_KNOTS('',3,(#13339,#13340,#13341,#13342,#13343),
 .UNSPECIFIED.,.F.,.F.,(4,1,4),(0.,0.0402311760693841,0.0810819860233668),
 .UNSPECIFIED.);
#474=B_SPLINE_CURVE_WITH_KNOTS('',3,(#13355,#13356,#13357,#13358,#13359),
 .UNSPECIFIED.,.F.,.F.,(4,1,4),(0.,0.0582891504012866,0.118120538567992),
 .UNSPECIFIED.);
#475=B_SPLINE_CURVE_WITH_KNOTS('',3,(#13362,#13363,#13364,#13365,#13366),
 .UNSPECIFIED.,.F.,.F.,(4,1,4),(0.,0.0582891504012866,0.118120538567992),
 .UNSPECIFIED.);
#476=B_SPLINE_CURVE_WITH_KNOTS('',3,(#13378,#13379,#13380,#13381,#13382),
 .UNSPECIFIED.,.F.,.F.,(4,1,4),(0.,0.0597079004582196,0.107130889485286),
 .UNSPECIFIED.);
#477=B_SPLINE_CURVE_WITH_KNOTS('',3,(#13385,#13386,#13387,#13388,#13389),
 .UNSPECIFIED.,.F.,.F.,(4,1,4),(0.,0.0597079004582196,0.107130889485286),
 .UNSPECIFIED.);
#478=B_SPLINE_SURFACE_WITH_KNOTS('',3,1,((#7837,#7838),(#7839,#7840),(#7841,
#7842),(#7843,#7844),(#7845,#7846)),.UNSPECIFIED.,.F.,.F.,.F.,(4,1,4),(2,
2),(0.,0.0583342754252583,0.14243210502738),(0.,0.1),.UNSPECIFIED.);
#479=B_SPLINE_SURFACE_WITH_KNOTS('',3,1,((#7860,#7861),(#7862,#7863),(#7864,
#7865),(#7866,#7867),(#7868,#7869)),.UNSPECIFIED.,.F.,.F.,.F.,(4,1,4),(2,
2),(0.,0.046689553094111,0.0928177649925887),(0.,0.1),.UNSPECIFIED.);
#480=B_SPLINE_SURFACE_WITH_KNOTS('',3,1,((#7883,#7884),(#7885,#7886),(#7887,
#7888),(#7889,#7890),(#7891,#7892)),.UNSPECIFIED.,.F.,.F.,.F.,(4,1,4),(2,
2),(0.,0.0370427935277087,0.0782421139988825),(0.,0.1),.UNSPECIFIED.);
#481=B_SPLINE_SURFACE_WITH_KNOTS('',3,1,((#7906,#7907),(#7908,#7909),(#7910,
#7911),(#7912,#7913),(#7914,#7915)),.UNSPECIFIED.,.F.,.F.,.F.,(4,1,4),(2,
2),(0.,0.0585774220617874,0.101285890007664),(0.,0.1),.UNSPECIFIED.);
#482=B_SPLINE_SURFACE_WITH_KNOTS('',3,1,((#7947,#7948),(#7949,#7950),(#7951,
#7952),(#7953,#7954),(#7955,#7956)),.UNSPECIFIED.,.F.,.F.,.F.,(4,1,4),(2,
2),(0.,0.100052358772365,0.225263425014636),(0.,0.1),.UNSPECIFIED.);
#483=B_SPLINE_SURFACE_WITH_KNOTS('',3,1,((#7970,#7971),(#7972,#7973),(#7974,
#7975),(#7976,#7977),(#7978,#7979)),.UNSPECIFIED.,.F.,.F.,.F.,(4,1,4),(2,
2),(0.,0.102665929726239,0.195533847610991),(0.,0.1),.UNSPECIFIED.);
#484=B_SPLINE_SURFACE_WITH_KNOTS('',3,1,((#7993,#7994),(#7995,#7996),(#7997,
#7998),(#7999,#8000),(#8001,#8002)),.UNSPECIFIED.,.F.,.F.,.F.,(4,1,4),(2,
2),(0.,0.0639176062928516,0.135478710120344),(0.,0.1),.UNSPECIFIED.);
#485=B_SPLINE_SURFACE_WITH_KNOTS('',3,1,((#8016,#8017),(#8018,#8019),(#8020,
#8021),(#8022,#8023),(#8024,#8025)),.UNSPECIFIED.,.F.,.F.,.F.,(4,1,4),(2,
2),(0.,0.0756105630708986,0.141004753255188),(0.,0.1),.UNSPECIFIED.);
#486=B_SPLINE_SURFACE_WITH_KNOTS('',3,1,((#8070,#8071),(#8072,#8073),(#8074,
#8075),(#8076,#8077),(#8078,#8079)),.UNSPECIFIED.,.F.,.F.,.F.,(4,1,4),(2,
2),(0.,0.0965995638144446,0.243309964066097),(0.,0.1),.UNSPECIFIED.);
#487=B_SPLINE_SURFACE_WITH_KNOTS('',3,1,((#8093,#8094),(#8095,#8096),(#8097,
#8098),(#8099,#8100),(#8101,#8102)),.UNSPECIFIED.,.F.,.F.,.F.,(4,1,4),(2,
2),(0.,0.0497215743107349,0.0991899923241616),(0.,0.1),.UNSPECIFIED.);
#488=B_SPLINE_SURFACE_WITH_KNOTS('',3,1,((#8116,#8117),(#8118,#8119),(#8120,
#8121),(#8122,#8123),(#8124,#8125)),.UNSPECIFIED.,.F.,.F.,.F.,(4,1,4),(2,
2),(0.,0.0465974369703894,0.0807481306185217),(0.,0.1),.UNSPECIFIED.);
#489=B_SPLINE_SURFACE_WITH_KNOTS('',3,1,((#8145,#8146),(#8147,#8148),(#8149,
#8150),(#8151,#8152),(#8153,#8154)),.UNSPECIFIED.,.F.,.F.,.F.,(4,1,4),(2,
2),(0.,0.0649959319404784,0.140714046591558),(0.,0.1),.UNSPECIFIED.);
#490=B_SPLINE_SURFACE_WITH_KNOTS('',3,1,((#8168,#8169),(#8170,#8171),(#8172,
#8173),(#8174,#8175),(#8176,#8177)),.UNSPECIFIED.,.F.,.F.,.F.,(4,1,4),(2,
2),(0.,0.0496125061306077,0.10407015071334),(0.,0.1),.UNSPECIFIED.);
#491=B_SPLINE_SURFACE_WITH_KNOTS('',3,1,((#8191,#8192),(#8193,#8194),(#8195,
#8196),(#8197,#8198),(#8199,#8200)),.UNSPECIFIED.,.F.,.F.,.F.,(4,1,4),(2,
2),(0.,0.0754004300036802,0.13220846935643),(0.,0.1),.UNSPECIFIED.);
#492=B_SPLINE_SURFACE_WITH_KNOTS('',3,1,((#8230,#8231),(#8232,#8233),(#8234,
#8235),(#8236,#8237),(#8238,#8239)),.UNSPECIFIED.,.F.,.F.,.F.,(4,1,4),(2,
2),(0.,0.0393129149194816,0.0864798979653255),(0.,0.1),.UNSPECIFIED.);
#493=B_SPLINE_SURFACE_WITH_KNOTS('',3,1,((#8256,#8257),(#8258,#8259),(#8260,
#8261),(#8262,#8263),(#8264,#8265)),.UNSPECIFIED.,.F.,.F.,.F.,(4,1,4),(2,
2),(0.,0.0422778414858064,0.0797266638668792),(0.,0.1),.UNSPECIFIED.);
#494=B_SPLINE_SURFACE_WITH_KNOTS('',3,1,((#8279,#8280),(#8281,#8282),(#8283,
#8284),(#8285,#8286),(#8287,#8288)),.UNSPECIFIED.,.F.,.F.,.F.,(4,1,4),(2,
2),(0.,0.0451168746849991,0.0899424515190192),(0.,0.1),.UNSPECIFIED.);
#495=B_SPLINE_SURFACE_WITH_KNOTS('',3,1,((#8302,#8303),(#8304,#8305),(#8306,
#8307),(#8308,#8309),(#8310,#8311)),.UNSPECIFIED.,.F.,.F.,.F.,(4,1,4),(2,
2),(0.,0.0322493074609782,0.0715615410993644),(0.,0.1),.UNSPECIFIED.);
#496=B_SPLINE_SURFACE_WITH_KNOTS('',3,1,((#8325,#8326),(#8327,#8328),(#8329,
#8330),(#8331,#8332),(#8333,#8334)),.UNSPECIFIED.,.F.,.F.,.F.,(4,1,4),(2,
2),(0.,0.0303013189172864,0.0596209484864426),(0.,0.1),.UNSPECIFIED.);
#497=B_SPLINE_SURFACE_WITH_KNOTS('',3,1,((#8348,#8349),(#8350,#8351),(#8352,
#8353),(#8354,#8355),(#8356,#8357)),.UNSPECIFIED.,.F.,.F.,.F.,(4,1,4),(2,
2),(0.,0.0296768444596529,0.0574047513496096),(0.,0.1),.UNSPECIFIED.);
#498=B_SPLINE_SURFACE_WITH_KNOTS('',3,1,((#8371,#8372),(#8373,#8374),(#8375,
#8376),(#8377,#8378),(#8379,#8380)),.UNSPECIFIED.,.F.,.F.,.F.,(4,1,4),(2,
2),(0.,0.0725887089731675,0.116521349408643),(0.,0.1),.UNSPECIFIED.);
#499=B_SPLINE_SURFACE_WITH_KNOTS('',3,1,((#8394,#8395),(#8396,#8397),(#8398,
#8399),(#8400,#8401),(#8402,#8403)),.UNSPECIFIED.,.F.,.F.,.F.,(4,1,4),(2,
2),(0.,0.0615855326399002,0.124762830437527),(0.,0.1),.UNSPECIFIED.);
#500=B_SPLINE_SURFACE_WITH_KNOTS('',3,1,((#8420,#8421),(#8422,#8423),(#8424,
#8425),(#8426,#8427),(#8428,#8429)),.UNSPECIFIED.,.F.,.F.,.F.,(4,1,4),(2,
2),(0.,0.0599351197244703,0.105603438612747),(0.,0.1),.UNSPECIFIED.);
#501=B_SPLINE_SURFACE_WITH_KNOTS('',3,1,((#8446,#8447),(#8448,#8449),(#8450,
#8451),(#8452,#8453),(#8454,#8455)),.UNSPECIFIED.,.F.,.F.,.F.,(4,1,4),(2,
2),(0.,0.0329533359162784,0.0784328117759873),(0.,0.1),.UNSPECIFIED.);
#502=B_SPLINE_SURFACE_WITH_KNOTS('',3,1,((#8469,#8470),(#8471,#8472),(#8473,
#8474),(#8475,#8476),(#8477,#8478)),.UNSPECIFIED.,.F.,.F.,.F.,(4,1,4),(2,
2),(0.,0.04380582317247,0.0761053013225458),(0.,0.1),.UNSPECIFIED.);
#503=B_SPLINE_SURFACE_WITH_KNOTS('',3,1,((#8492,#8493),(#8494,#8495),(#8496,
#8497),(#8498,#8499),(#8500,#8501)),.UNSPECIFIED.,.F.,.F.,.F.,(4,1,4),(2,
2),(0.,0.0499255615592939,0.103687340216506),(0.,0.1),.UNSPECIFIED.);
#504=B_SPLINE_SURFACE_WITH_KNOTS('',3,1,((#8515,#8516),(#8517,#8518),(#8519,
#8520),(#8521,#8522),(#8523,#8524)),.UNSPECIFIED.,.F.,.F.,.F.,(4,1,4),(2,
2),(0.,0.131488664824255,0.207330901768709),(0.,0.1),.UNSPECIFIED.);
#505=B_SPLINE_SURFACE_WITH_KNOTS('',3,1,((#8538,#8539),(#8540,#8541),(#8542,
#8543),(#8544,#8545),(#8546,#8547)),.UNSPECIFIED.,.F.,.F.,.F.,(4,1,4),(2,
2),(0.,0.0830545176029425,0.197654153459484),(0.,0.1),.UNSPECIFIED.);
#506=B_SPLINE_SURFACE_WITH_KNOTS('',3,1,((#8561,#8562),(#8563,#8564),(#8565,
#8566),(#8567,#8568),(#8569,#8570)),.UNSPECIFIED.,.F.,.F.,.F.,(4,1,4),(2,
2),(0.,0.0761730496935527,0.146772885696337),(0.,0.1),.UNSPECIFIED.);
#507=B_SPLINE_SURFACE_WITH_KNOTS('',3,1,((#8584,#8585),(#8586,#8587),(#8588,
#8589),(#8590,#8591),(#8592,#8593)),.UNSPECIFIED.,.F.,.F.,.F.,(4,1,4),(2,
2),(0.,0.0838507321263902,0.166576766893419),(0.,0.1),.UNSPECIFIED.);
#508=B_SPLINE_SURFACE_WITH_KNOTS('',3,1,((#8607,#8608),(#8609,#8610),(#8611,
#8612),(#8613,#8614),(#8615,#8616)),.UNSPECIFIED.,.F.,.F.,.F.,(4,1,4),(2,
2),(0.,0.114984251476298,0.209226346850558),(0.,0.1),.UNSPECIFIED.);
#509=B_SPLINE_SURFACE_WITH_KNOTS('',3,1,((#8630,#8631),(#8632,#8633),(#8634,
#8635),(#8636,#8637),(#8638,#8639)),.UNSPECIFIED.,.F.,.F.,.F.,(4,1,4),(2,
2),(0.,0.0827586255750626,0.174641144598721),(0.,0.1),.UNSPECIFIED.);
#510=B_SPLINE_SURFACE_WITH_KNOTS('',3,1,((#8653,#8654),(#8655,#8656),(#8657,
#8658),(#8659,#8660),(#8661,#8662)),.UNSPECIFIED.,.F.,.F.,.F.,(4,1,4),(2,
2),(0.,0.0706129422488693,0.132444610445061),(0.,0.1),.UNSPECIFIED.);
#511=B_SPLINE_SURFACE_WITH_KNOTS('',3,1,((#8676,#8677),(#8678,#8679),(#8680,
#8681),(#8682,#8683),(#8684,#8685)),.UNSPECIFIED.,.F.,.F.,.F.,(4,1,4),(2,
2),(0.,0.019439128048139,0.047055068814388),(0.,0.1),.UNSPECIFIED.);
#512=B_SPLINE_SURFACE_WITH_KNOTS('',3,1,((#8699,#8700),(#8701,#8702),(#8703,
#8704),(#8705,#8706),(#8707,#8708)),.UNSPECIFIED.,.F.,.F.,.F.,(4,1,4),(2,
2),(0.,0.0278424236049581,0.0473355277754046),(0.,0.1),.UNSPECIFIED.);
#513=B_SPLINE_SURFACE_WITH_KNOTS('',3,1,((#8728,#8729),(#8730,#8731),(#8732,
#8733),(#8734,#8735),(#8736,#8737)),.UNSPECIFIED.,.F.,.F.,.F.,(4,1,4),(2,
2),(0.,0.0345731845197008,0.0793587270592839),(0.,0.1),.UNSPECIFIED.);
#514=B_SPLINE_SURFACE_WITH_KNOTS('',3,1,((#8751,#8752),(#8753,#8754),(#8755,
#8756),(#8757,#8758),(#8759,#8760)),.UNSPECIFIED.,.F.,.F.,.F.,(4,1,4),(2,
2),(0.,0.0456461086953341,0.0805191947779349),(0.,0.1),.UNSPECIFIED.);
#515=B_SPLINE_SURFACE_WITH_KNOTS('',3,1,((#8780,#8781),(#8782,#8783),(#8784,
#8785),(#8786,#8787),(#8788,#8789)),.UNSPECIFIED.,.F.,.F.,.F.,(4,1,4),(2,
2),(0.,0.057097931379211,0.109785637162525),(0.,0.1),.UNSPECIFIED.);
#516=B_SPLINE_SURFACE_WITH_KNOTS('',3,1,((#8803,#8804),(#8805,#8806),(#8807,
#8808),(#8809,#8810),(#8811,#8812)),.UNSPECIFIED.,.F.,.F.,.F.,(4,1,4),(2,
2),(0.,0.0488035454045552,0.104251616302069),(0.,0.1),.UNSPECIFIED.);
#517=B_SPLINE_SURFACE_WITH_KNOTS('',3,1,((#8826,#8827),(#8828,#8829),(#8830,
#8831),(#8832,#8833),(#8834,#8835)),.UNSPECIFIED.,.F.,.F.,.F.,(4,1,4),(2,
2),(0.,0.0726811764965231,0.140322656673225),(0.,0.1),.UNSPECIFIED.);
#518=B_SPLINE_SURFACE_WITH_KNOTS('',3,1,((#8849,#8850),(#8851,#8852),(#8853,
#8854),(#8855,#8856),(#8857,#8858)),.UNSPECIFIED.,.F.,.F.,.F.,(4,1,4),(2,
2),(0.,0.112605492452891,0.201222867492294),(0.,0.1),.UNSPECIFIED.);
#519=B_SPLINE_SURFACE_WITH_KNOTS('',3,1,((#8872,#8873),(#8874,#8875),(#8876,
#8877),(#8878,#8879),(#8880,#8881)),.UNSPECIFIED.,.F.,.F.,.F.,(4,1,4),(2,
2),(0.,0.0701186969969498,0.145208817522787),(0.,0.1),.UNSPECIFIED.);
#520=B_SPLINE_SURFACE_WITH_KNOTS('',3,1,((#8895,#8896),(#8897,#8898),(#8899,
#8900),(#8901,#8902),(#8903,#8904)),.UNSPECIFIED.,.F.,.F.,.F.,(4,1,4),(2,
2),(0.,0.0490871678045187,0.110389575252572),(0.,0.1),.UNSPECIFIED.);
#521=B_SPLINE_SURFACE_WITH_KNOTS('',3,1,((#8918,#8919),(#8920,#8921),(#8922,
#8923),(#8924,#8925),(#8926,#8927)),.UNSPECIFIED.,.F.,.F.,.F.,(4,1,4),(2,
2),(0.,0.0508026824385606,0.107632543982235),(0.,0.1),.UNSPECIFIED.);
#522=B_SPLINE_SURFACE_WITH_KNOTS('',3,1,((#8941,#8942),(#8943,#8944),(#8945,
#8946),(#8947,#8948),(#8949,#8950)),.UNSPECIFIED.,.F.,.F.,.F.,(4,1,4),(2,
2),(0.,0.064805951183579,0.118318467748637),(0.,0.1),.UNSPECIFIED.);
#523=B_SPLINE_SURFACE_WITH_KNOTS('',3,1,((#8970,#8971),(#8972,#8973),(#8974,
#8975),(#8976,#8977),(#8978,#8979)),.UNSPECIFIED.,.F.,.F.,.F.,(4,1,4),(2,
2),(0.,0.0343684445600932,0.0782269809797906),(0.,0.1),.UNSPECIFIED.);
#524=B_SPLINE_SURFACE_WITH_KNOTS('',3,1,((#9000,#9001),(#9002,#9003),(#9004,
#9005),(#9006,#9007),(#9008,#9009)),.UNSPECIFIED.,.F.,.F.,.F.,(4,1,4),(2,
2),(0.,0.0514318755683791,0.124707368882864),(0.,0.1),.UNSPECIFIED.);
#525=B_SPLINE_SURFACE_WITH_KNOTS('',3,1,((#9023,#9024),(#9025,#9026),(#9027,
#9028),(#9029,#9030),(#9031,#9032)),.UNSPECIFIED.,.F.,.F.,.F.,(4,1,4),(2,
2),(0.,0.044187598508964,0.0874676320348392),(0.,0.1),.UNSPECIFIED.);
#526=B_SPLINE_SURFACE_WITH_KNOTS('',3,1,((#9046,#9047),(#9048,#9049),(#9050,
#9051),(#9052,#9053),(#9054,#9055)),.UNSPECIFIED.,.F.,.F.,.F.,(4,1,4),(2,
2),(0.,0.0445790173400726,0.0895788113264556),(0.,0.1),.UNSPECIFIED.);
#527=B_SPLINE_SURFACE_WITH_KNOTS('',3,1,((#9069,#9070),(#9071,#9072),(#9073,
#9074),(#9075,#9076),(#9077,#9078)),.UNSPECIFIED.,.F.,.F.,.F.,(4,1,4),(2,
2),(0.,0.0764522107098438,0.131111237931002),(0.,0.1),.UNSPECIFIED.);
#528=B_SPLINE_SURFACE_WITH_KNOTS('',3,1,((#9122,#9123),(#9124,#9125),(#9126,
#9127),(#9128,#9129),(#9130,#9131)),.UNSPECIFIED.,.F.,.F.,.F.,(4,1,4),(2,
2),(0.,0.131606232184446,0.295937539586679),(0.,0.1),.UNSPECIFIED.);
#529=B_SPLINE_SURFACE_WITH_KNOTS('',3,1,((#9145,#9146),(#9147,#9148),(#9149,
#9150),(#9151,#9152),(#9153,#9154)),.UNSPECIFIED.,.F.,.F.,.F.,(4,1,4),(2,
2),(0.,0.136798315052864,0.25939297024805),(0.,0.1),.UNSPECIFIED.);
#530=B_SPLINE_SURFACE_WITH_KNOTS('',3,1,((#9168,#9169),(#9170,#9171),(#9172,
#9173),(#9174,#9175),(#9176,#9177)),.UNSPECIFIED.,.F.,.F.,.F.,(4,1,4),(2,
2),(0.,0.115225046395118,0.247343974221304),(0.,0.1),.UNSPECIFIED.);
#531=B_SPLINE_SURFACE_WITH_KNOTS('',3,1,((#9191,#9192),(#9193,#9194),(#9195,
#9196),(#9197,#9198),(#9199,#9200)),.UNSPECIFIED.,.F.,.F.,.F.,(4,1,4),(2,
2),(0.,0.148093988714158,0.268628457712375),(0.,0.1),.UNSPECIFIED.);
#532=B_SPLINE_SURFACE_WITH_KNOTS('',3,1,((#9239,#9240),(#9241,#9242),(#9243,
#9244),(#9245,#9246),(#9247,#9248)),.UNSPECIFIED.,.F.,.F.,.F.,(4,1,4),(2,
2),(0.,0.0965998542298763,0.243310324319183),(0.,0.1),.UNSPECIFIED.);
#533=B_SPLINE_SURFACE_WITH_KNOTS('',3,1,((#9262,#9263),(#9264,#9265),(#9266,
#9267),(#9268,#9269),(#9270,#9271)),.UNSPECIFIED.,.F.,.F.,.F.,(4,1,4),(2,
2),(0.,0.0497220387704436,0.0991897598175195),(0.,0.1),.UNSPECIFIED.);
#534=B_SPLINE_SURFACE_WITH_KNOTS('',3,1,((#9285,#9286),(#9287,#9288),(#9289,
#9290),(#9291,#9292),(#9293,#9294)),.UNSPECIFIED.,.F.,.F.,.F.,(4,1,4),(2,
2),(0.,0.0465969867411345,0.0807481518455731),(0.,0.1),.UNSPECIFIED.);
#535=B_SPLINE_SURFACE_WITH_KNOTS('',3,1,((#9314,#9315),(#9316,#9317),(#9318,
#9319),(#9320,#9321),(#9322,#9323)),.UNSPECIFIED.,.F.,.F.,.F.,(4,1,4),(2,
2),(0.,0.064996438633535,0.140714111898054),(0.,0.1),.UNSPECIFIED.);
#536=B_SPLINE_SURFACE_WITH_KNOTS('',3,1,((#9337,#9338),(#9339,#9340),(#9341,
#9342),(#9343,#9344),(#9345,#9346)),.UNSPECIFIED.,.F.,.F.,.F.,(4,1,4),(2,
2),(0.,0.0496129347369611,0.104070611050978),(0.,0.1),.UNSPECIFIED.);
#537=B_SPLINE_SURFACE_WITH_KNOTS('',3,1,((#9360,#9361),(#9362,#9363),(#9364,
#9365),(#9366,#9367),(#9368,#9369)),.UNSPECIFIED.,.F.,.F.,.F.,(4,1,4),(2,
2),(0.,0.0754004653259257,0.132207672670242),(0.,0.1),.UNSPECIFIED.);
#538=B_SPLINE_SURFACE_WITH_KNOTS('',3,1,((#9399,#9400),(#9401,#9402),(#9403,
#9404),(#9405,#9406),(#9407,#9408)),.UNSPECIFIED.,.F.,.F.,.F.,(4,1,4),(2,
2),(0.,0.0456830000190575,0.10360833880883),(0.,0.1),.UNSPECIFIED.);
#539=B_SPLINE_SURFACE_WITH_KNOTS('',3,1,((#9425,#9426),(#9427,#9428),(#9429,
#9430),(#9431,#9432),(#9433,#9434)),.UNSPECIFIED.,.F.,.F.,.F.,(4,1,4),(2,
2),(0.,0.0609463351839438,0.121672243098051),(0.,0.1),.UNSPECIFIED.);
#540=B_SPLINE_SURFACE_WITH_KNOTS('',3,1,((#9448,#9449),(#9450,#9451),(#9452,
#9453),(#9454,#9455),(#9456,#9457)),.UNSPECIFIED.,.F.,.F.,.F.,(4,1,4),(2,
2),(0.,0.0483217761168747,0.10080335618952),(0.,0.1),.UNSPECIFIED.);
#541=B_SPLINE_SURFACE_WITH_KNOTS('',3,1,((#9471,#9472),(#9473,#9474),(#9475,
#9476),(#9477,#9478),(#9479,#9480)),.UNSPECIFIED.,.F.,.F.,.F.,(4,1,4),(2,
2),(0.,0.0706590046360928,0.12489923248838),(0.,0.1),.UNSPECIFIED.);
#542=B_SPLINE_SURFACE_WITH_KNOTS('',3,1,((#9497,#9498),(#9499,#9500),(#9501,
#9502),(#9503,#9504),(#9505,#9506)),.UNSPECIFIED.,.F.,.F.,.F.,(4,1,4),(2,
2),(0.,0.108720890126823,0.239028264686704),(0.,0.1),.UNSPECIFIED.);
#543=B_SPLINE_SURFACE_WITH_KNOTS('',3,1,((#9523,#9524),(#9525,#9526),(#9527,
#9528),(#9529,#9530),(#9531,#9532)),.UNSPECIFIED.,.F.,.F.,.F.,(4,1,4),(2,
2),(0.,0.0980323823506154,0.195752923342385),(0.,0.1),.UNSPECIFIED.);
#544=B_SPLINE_SURFACE_WITH_KNOTS('',3,1,((#9546,#9547),(#9548,#9549),(#9550,
#9551),(#9552,#9553),(#9554,#9555)),.UNSPECIFIED.,.F.,.F.,.F.,(4,1,4),(2,
2),(0.,0.139651033407498,0.251766200232321),(0.,0.1),.UNSPECIFIED.);
#545=B_SPLINE_SURFACE_WITH_KNOTS('',3,1,((#9569,#9570),(#9571,#9572),(#9573,
#9574),(#9575,#9576),(#9577,#9578)),.UNSPECIFIED.,.F.,.F.,.F.,(4,1,4),(2,
2),(0.,0.151600645394726,0.324563565166344),(0.,0.1),.UNSPECIFIED.);
#546=B_SPLINE_SURFACE_WITH_KNOTS('',3,1,((#9592,#9593),(#9594,#9595),(#9596,
#9597),(#9598,#9599),(#9600,#9601)),.UNSPECIFIED.,.F.,.F.,.F.,(4,1,4),(2,
2),(0.,0.156038439720087,0.302187248787715),(0.,0.1),.UNSPECIFIED.);
#547=B_SPLINE_SURFACE_WITH_KNOTS('',3,1,((#9615,#9616),(#9617,#9618),(#9619,
#9620),(#9621,#9622),(#9623,#9624)),.UNSPECIFIED.,.F.,.F.,.F.,(4,1,4),(2,
2),(0.,0.104347543888925,0.216781199291553),(0.,0.1),.UNSPECIFIED.);
#548=B_SPLINE_SURFACE_WITH_KNOTS('',3,1,((#9638,#9639),(#9640,#9641),(#9642,
#9643),(#9644,#9645),(#9646,#9647)),.UNSPECIFIED.,.F.,.F.,.F.,(4,1,4),(2,
2),(0.,0.0919405085048703,0.189895278422706),(0.,0.1),.UNSPECIFIED.);
#549=B_SPLINE_SURFACE_WITH_KNOTS('',3,1,((#9661,#9662),(#9663,#9664),(#9665,
#9666),(#9667,#9668),(#9669,#9670)),.UNSPECIFIED.,.F.,.F.,.F.,(4,1,4),(2,
2),(0.,0.128980771889272,0.231490627161157),(0.,0.1),.UNSPECIFIED.);
#550=B_SPLINE_SURFACE_WITH_KNOTS('',3,1,((#9684,#9685),(#9686,#9687),(#9688,
#9689),(#9690,#9691),(#9692,#9693)),.UNSPECIFIED.,.F.,.F.,.F.,(4,1,4),(2,
2),(0.,0.113651480684972,0.260616428154972),(0.,0.1),.UNSPECIFIED.);
#551=B_SPLINE_SURFACE_WITH_KNOTS('',3,1,((#9707,#9708),(#9709,#9710),(#9711,
#9712),(#9713,#9714),(#9715,#9716)),.UNSPECIFIED.,.F.,.F.,.F.,(4,1,4),(2,
2),(0.,0.116511095502815,0.219977812344739),(0.,0.1),.UNSPECIFIED.);
#552=B_SPLINE_SURFACE_WITH_KNOTS('',3,1,((#9736,#9737),(#9738,#9739),(#9740,
#9741),(#9742,#9743),(#9744,#9745)),.UNSPECIFIED.,.F.,.F.,.F.,(4,1,4),(2,
2),(0.,0.0294356609041088,0.0668666355898053),(0.,0.1),.UNSPECIFIED.);
#553=B_SPLINE_SURFACE_WITH_KNOTS('',3,1,((#9759,#9760),(#9761,#9762),(#9763,
#9764),(#9765,#9766),(#9767,#9768)),.UNSPECIFIED.,.F.,.F.,.F.,(4,1,4),(2,
2),(0.,0.0402311760693841,0.0810819860233668),(0.,0.1),.UNSPECIFIED.);
#554=B_SPLINE_SURFACE_WITH_KNOTS('',3,1,((#9782,#9783),(#9784,#9785),(#9786,
#9787),(#9788,#9789),(#9790,#9791)),.UNSPECIFIED.,.F.,.F.,.F.,(4,1,4),(2,
2),(0.,0.0582883914978505,0.118120247189239),(0.,0.1),.UNSPECIFIED.);
#555=B_SPLINE_SURFACE_WITH_KNOTS('',3,1,((#9805,#9806),(#9807,#9808),(#9809,
#9810),(#9811,#9812),(#9813,#9814)),.UNSPECIFIED.,.F.,.F.,.F.,(4,1,4),(2,
2),(0.,0.0597080536764638,0.10713022052951),(0.,0.1),.UNSPECIFIED.);
#556=B_SPLINE_SURFACE_WITH_KNOTS('',3,1,((#9936,#9937),(#9938,#9939),(#9940,
#9941),(#9942,#9943),(#9944,#9945)),.UNSPECIFIED.,.F.,.F.,.F.,(4,1,4),(2,
2),(0.,0.0456830000190575,0.103607916965844),(0.,0.1),.UNSPECIFIED.);
#557=B_SPLINE_SURFACE_WITH_KNOTS('',3,1,((#9962,#9963),(#9964,#9965),(#9966,
#9967),(#9968,#9969),(#9970,#9971)),.UNSPECIFIED.,.F.,.F.,.F.,(4,1,4),(2,
2),(0.,0.0609472150952781,0.121672706554351),(0.,0.1),.UNSPECIFIED.);
#558=B_SPLINE_SURFACE_WITH_KNOTS('',3,1,((#9985,#9986),(#9987,#9988),(#9989,
#9990),(#9991,#9992),(#9993,#9994)),.UNSPECIFIED.,.F.,.F.,.F.,(4,1,4),(2,
2),(0.,0.0483211021512828,0.100803583202207),(0.,0.1),.UNSPECIFIED.);
#559=B_SPLINE_SURFACE_WITH_KNOTS('',3,1,((#10008,#10009),(#10010,#10011),
(#10012,#10013),(#10014,#10015),(#10016,#10017)),.UNSPECIFIED.,.F.,.F.,
 .F.,(4,1,4),(2,2),(0.,0.0706590046360928,0.12489873324702),(0.,0.1),
 .UNSPECIFIED.);
#560=B_SPLINE_SURFACE_WITH_KNOTS('',3,1,((#10034,#10035),(#10036,#10037),
(#10038,#10039),(#10040,#10041),(#10042,#10043)),.UNSPECIFIED.,.F.,.F.,
 .F.,(4,1,4),(2,2),(0.,0.10872150941628,0.239028409086968),(0.,0.1),
 .UNSPECIFIED.);
#561=B_SPLINE_SURFACE_WITH_KNOTS('',3,1,((#10060,#10061),(#10062,#10063),
(#10064,#10065),(#10066,#10067),(#10068,#10069)),.UNSPECIFIED.,.F.,.F.,
 .F.,(4,1,4),(2,2),(0.,0.0980334341285107,0.1957534109363),(0.,0.1),
 .UNSPECIFIED.);
#562=B_SPLINE_SURFACE_WITH_KNOTS('',3,1,((#10083,#10084),(#10085,#10086),
(#10087,#10088),(#10089,#10090),(#10091,#10092)),.UNSPECIFIED.,.F.,.F.,
 .F.,(4,1,4),(2,2),(0.,0.139651013319104,0.251764369806387),(0.,0.1),
 .UNSPECIFIED.);
#563=B_SPLINE_SURFACE_WITH_KNOTS('',3,1,((#10106,#10107),(#10108,#10109),
(#10110,#10111),(#10112,#10113),(#10114,#10115)),.UNSPECIFIED.,.F.,.F.,
 .F.,(4,1,4),(2,2),(0.,0.151598768038197,0.324563645445016),(0.,0.1),
 .UNSPECIFIED.);
#564=B_SPLINE_SURFACE_WITH_KNOTS('',3,1,((#10129,#10130),(#10131,#10132),
(#10133,#10134),(#10135,#10136),(#10137,#10138)),.UNSPECIFIED.,.F.,.F.,
 .F.,(4,1,4),(2,2),(0.,0.156038273477929,0.302187417209397),(0.,0.1),
 .UNSPECIFIED.);
#565=B_SPLINE_SURFACE_WITH_KNOTS('',3,1,((#10152,#10153),(#10154,#10155),
(#10156,#10157),(#10158,#10159),(#10160,#10161)),.UNSPECIFIED.,.F.,.F.,
 .F.,(4,1,4),(2,2),(0.,0.10434761129747,0.216781266700097),(0.,0.1),
 .UNSPECIFIED.);
#566=B_SPLINE_SURFACE_WITH_KNOTS('',3,1,((#10175,#10176),(#10177,#10178),
(#10179,#10180),(#10181,#10182),(#10183,#10184)),.UNSPECIFIED.,.F.,.F.,
 .F.,(4,1,4),(2,2),(0.,0.0919402360965321,0.189895006014368),(0.,0.1),
 .UNSPECIFIED.);
#567=B_SPLINE_SURFACE_WITH_KNOTS('',3,1,((#10198,#10199),(#10200,#10201),
(#10202,#10203),(#10204,#10205),(#10206,#10207)),.UNSPECIFIED.,.F.,.F.,
 .F.,(4,1,4),(2,2),(0.,0.128980771889272,0.231490768756879),(0.,0.1),
 .UNSPECIFIED.);
#568=B_SPLINE_SURFACE_WITH_KNOTS('',3,1,((#10221,#10222),(#10223,#10224),
(#10225,#10226),(#10227,#10228),(#10229,#10230)),.UNSPECIFIED.,.F.,.F.,
 .F.,(4,1,4),(2,2),(0.,0.113651555274895,0.260617453313113),(0.,0.1),
 .UNSPECIFIED.);
#569=B_SPLINE_SURFACE_WITH_KNOTS('',3,1,((#10244,#10245),(#10246,#10247),
(#10248,#10249),(#10250,#10251),(#10252,#10253)),.UNSPECIFIED.,.F.,.F.,
 .F.,(4,1,4),(2,2),(0.,0.116510145271893,0.21997639409863),(0.,0.1),
 .UNSPECIFIED.);
#570=B_SPLINE_SURFACE_WITH_KNOTS('',3,1,((#10273,#10274),(#10275,#10276),
(#10277,#10278),(#10279,#10280),(#10281,#10282)),.UNSPECIFIED.,.F.,.F.,
 .F.,(4,1,4),(2,2),(0.,0.0294355158727676,0.0668664905584641),(0.,0.1),
 .UNSPECIFIED.);
#571=B_SPLINE_SURFACE_WITH_KNOTS('',3,1,((#10296,#10297),(#10298,#10299),
(#10300,#10301),(#10302,#10303),(#10304,#10305)),.UNSPECIFIED.,.F.,.F.,
 .F.,(4,1,4),(2,2),(0.,0.0402312063870959,0.0810820163410786),(0.,0.1),
 .UNSPECIFIED.);
#572=B_SPLINE_SURFACE_WITH_KNOTS('',3,1,((#10319,#10320),(#10321,#10322),
(#10323,#10324),(#10325,#10326),(#10327,#10328)),.UNSPECIFIED.,.F.,.F.,
 .F.,(4,1,4),(2,2),(0.,0.0582894391740289,0.118120359816198),(0.,0.1),
 .UNSPECIFIED.);
#573=B_SPLINE_SURFACE_WITH_KNOTS('',3,1,((#10342,#10343),(#10344,#10345),
(#10346,#10347),(#10348,#10349),(#10350,#10351)),.UNSPECIFIED.,.F.,.F.,
 .F.,(4,1,4),(2,2),(0.,0.0597080536764638,0.107130745205028),(0.,0.1),
 .UNSPECIFIED.);
#574=B_SPLINE_SURFACE_WITH_KNOTS('',3,1,((#10375,#10376),(#10377,#10378),
(#10379,#10380),(#10381,#10382),(#10383,#10384)),.UNSPECIFIED.,.F.,.F.,
 .F.,(4,1,4),(2,2),(0.,0.0498693934801062,0.100527648371557),(0.,0.1),
 .UNSPECIFIED.);
#575=B_SPLINE_SURFACE_WITH_KNOTS('',3,1,((#10401,#10402),(#10403,#10404),
(#10405,#10406),(#10407,#10408),(#10409,#10410)),.UNSPECIFIED.,.F.,.F.,
 .F.,(4,1,4),(2,2),(0.,0.0488343973946011,0.0957701090647104),(0.,0.1),
 .UNSPECIFIED.);
#576=B_SPLINE_SURFACE_WITH_KNOTS('',3,1,((#10424,#10425),(#10426,#10427),
(#10428,#10429),(#10430,#10431),(#10432,#10433)),.UNSPECIFIED.,.F.,.F.,
 .F.,(4,1,4),(2,2),(0.,0.077287518247779,0.136135814460291),(0.,0.1),
 .UNSPECIFIED.);
#577=B_SPLINE_SURFACE_WITH_KNOTS('',3,1,((#10447,#10448),(#10449,#10450),
(#10451,#10452),(#10453,#10454),(#10455,#10456)),.UNSPECIFIED.,.F.,.F.,
 .F.,(4,1,4),(2,2),(0.,0.0592199540913243,0.140804555878214),(0.,0.1),
 .UNSPECIFIED.);
#578=B_SPLINE_SURFACE_WITH_KNOTS('',3,1,((#10470,#10471),(#10472,#10473),
(#10474,#10475),(#10476,#10477),(#10478,#10479)),.UNSPECIFIED.,.F.,.F.,
 .F.,(4,1,4),(2,2),(0.,0.0456319432166708,0.0931223596708755),(0.,0.1),
 .UNSPECIFIED.);
#579=B_SPLINE_SURFACE_WITH_KNOTS('',3,1,((#10493,#10494),(#10495,#10496),
(#10497,#10498),(#10499,#10500),(#10501,#10502)),.UNSPECIFIED.,.F.,.F.,
 .F.,(4,1,4),(2,2),(0.,0.0516237588212612,0.103179703808883),(0.,0.1),
 .UNSPECIFIED.);
#580=B_SPLINE_SURFACE_WITH_KNOTS('',3,1,((#10516,#10517),(#10518,#10519),
(#10520,#10521),(#10522,#10523),(#10524,#10525)),.UNSPECIFIED.,.F.,.F.,
 .F.,(4,1,4),(2,2),(0.,0.0749838754055368,0.134320914938398),(0.,0.1),
 .UNSPECIFIED.);
#581=B_SPLINE_SURFACE_WITH_KNOTS('',3,1,((#10539,#10540),(#10541,#10542),
(#10543,#10544),(#10545,#10546),(#10547,#10548)),.UNSPECIFIED.,.F.,.F.,
 .F.,(4,1,4),(2,2),(0.,0.0608627374354458,0.142349400244259),(0.,0.1),
 .UNSPECIFIED.);
#582=B_SPLINE_SURFACE_WITH_KNOTS('',3,1,((#10568,#10569),(#10570,#10571),
(#10572,#10573),(#10574,#10575),(#10576,#10577)),.UNSPECIFIED.,.F.,.F.,
 .F.,(4,1,4),(2,2),(0.,0.0568554427387208,0.115056968147482),(0.,0.1),
 .UNSPECIFIED.);
#583=B_SPLINE_SURFACE_WITH_KNOTS('',3,1,((#10591,#10592),(#10593,#10594),
(#10595,#10596),(#10597,#10598),(#10599,#10600)),.UNSPECIFIED.,.F.,.F.,
 .F.,(4,1,4),(2,2),(0.,0.0620585073839788,0.120257622887269),(0.,0.1),
 .UNSPECIFIED.);
#584=B_SPLINE_SURFACE_WITH_KNOTS('',3,1,((#10614,#10615),(#10616,#10617),
(#10618,#10619),(#10620,#10621),(#10622,#10623)),.UNSPECIFIED.,.F.,.F.,
 .F.,(4,1,4),(2,2),(0.,0.121359734283003,0.245019847695735),(0.,0.1),
 .UNSPECIFIED.);
#585=B_SPLINE_SURFACE_WITH_KNOTS('',3,1,((#10637,#10638),(#10639,#10640),
(#10641,#10642),(#10643,#10644),(#10645,#10646)),.UNSPECIFIED.,.F.,.F.,
 .F.,(4,1,4),(2,2),(0.,0.160392843111347,0.293787478342206),(0.,0.1),
 .UNSPECIFIED.);
#586=B_SPLINE_SURFACE_WITH_KNOTS('',3,1,((#10660,#10661),(#10662,#10663),
(#10664,#10665),(#10666,#10667),(#10668,#10669)),.UNSPECIFIED.,.F.,.F.,
 .F.,(4,1,4),(2,2),(0.,0.137736216606429,0.287886004921701),(0.,0.1),
 .UNSPECIFIED.);
#587=B_SPLINE_SURFACE_WITH_KNOTS('',3,1,((#10683,#10684),(#10685,#10686),
(#10687,#10688),(#10689,#10690),(#10691,#10692)),.UNSPECIFIED.,.F.,.F.,
 .F.,(4,1,4),(2,2),(0.,0.133540314791335,0.261061867541032),(0.,0.1),
 .UNSPECIFIED.);
#588=B_SPLINE_SURFACE_WITH_KNOTS('',3,1,((#10706,#10707),(#10708,#10709),
(#10710,#10711),(#10712,#10713),(#10714,#10715)),.UNSPECIFIED.,.F.,.F.,
 .F.,(4,1,4),(2,2),(0.,0.0676620447681083,0.138358174036514),(0.,0.1),
 .UNSPECIFIED.);
#589=B_SPLINE_SURFACE_WITH_KNOTS('',3,1,((#10729,#10730),(#10731,#10732),
(#10733,#10734),(#10735,#10736),(#10737,#10738)),.UNSPECIFIED.,.F.,.F.,
 .F.,(4,1,4),(2,2),(0.,0.0773736967938401,0.13627742140279),(0.,0.1),
 .UNSPECIFIED.);
#590=B_SPLINE_SURFACE_WITH_KNOTS('',3,1,((#10774,#10775),(#10776,#10777),
(#10778,#10779),(#10780,#10781),(#10782,#10783)),.UNSPECIFIED.,.F.,.F.,
 .F.,(4,1,4),(2,2),(0.,0.0566409435535751,0.113558109515241),(0.,0.1),
 .UNSPECIFIED.);
#591=B_SPLINE_SURFACE_WITH_KNOTS('',3,1,((#10800,#10801),(#10802,#10803),
(#10804,#10805),(#10806,#10807),(#10808,#10809)),.UNSPECIFIED.,.F.,.F.,
 .F.,(4,1,4),(2,2),(0.,0.0555292519037291,0.109466169469244),(0.,0.1),
 .UNSPECIFIED.);
#592=B_SPLINE_SURFACE_WITH_KNOTS('',3,1,((#10823,#10824),(#10825,#10826),
(#10827,#10828),(#10829,#10830),(#10831,#10832)),.UNSPECIFIED.,.F.,.F.,
 .F.,(4,1,4),(2,2),(0.,0.08268422847258,0.147661652627864),(0.,0.1),
 .UNSPECIFIED.);
#593=B_SPLINE_SURFACE_WITH_KNOTS('',3,1,((#10846,#10847),(#10848,#10849),
(#10850,#10851),(#10852,#10853),(#10854,#10855)),.UNSPECIFIED.,.F.,.F.,
 .F.,(4,1,4),(2,2),(0.,0.066163965555614,0.153836989996215),(0.,0.1),
 .UNSPECIFIED.);
#594=B_SPLINE_SURFACE_WITH_KNOTS('',3,1,((#10869,#10870),(#10871,#10872),
(#10873,#10874),(#10875,#10876),(#10877,#10878)),.UNSPECIFIED.,.F.,.F.,
 .F.,(4,1,4),(2,2),(0.,0.0558370064921169,0.111543093070757),(0.,0.1),
 .UNSPECIFIED.);
#595=B_SPLINE_SURFACE_WITH_KNOTS('',3,1,((#10892,#10893),(#10894,#10895),
(#10896,#10897),(#10898,#10899),(#10900,#10901)),.UNSPECIFIED.,.F.,.F.,
 .F.,(4,1,4),(2,2),(0.,0.0562899991694855,0.1118287166832),(0.,0.1),
 .UNSPECIFIED.);
#596=B_SPLINE_SURFACE_WITH_KNOTS('',3,1,((#10915,#10916),(#10917,#10918),
(#10919,#10920),(#10921,#10922),(#10923,#10924)),.UNSPECIFIED.,.F.,.F.,
 .F.,(4,1,4),(2,2),(0.,0.084811525407481,0.150742325059201),(0.,0.1),
 .UNSPECIFIED.);
#597=B_SPLINE_SURFACE_WITH_KNOTS('',3,1,((#10938,#10939),(#10940,#10941),
(#10942,#10943),(#10944,#10945),(#10946,#10947)),.UNSPECIFIED.,.F.,.F.,
 .F.,(4,1,4),(2,2),(0.,0.0659685634469438,0.149858586158306),(0.,0.1),
 .UNSPECIFIED.);
#598=B_SPLINE_SURFACE_WITH_KNOTS('',3,1,((#10958,#10959),(#10960,#10961),
(#10962,#10963),(#10964,#10965),(#10966,#10967)),.UNSPECIFIED.,.F.,.F.,
 .F.,(4,1,4),(2,2),(0.,0.159460875418682,0.300601568134043),(0.,0.1),
 .UNSPECIFIED.);
#599=B_SPLINE_SURFACE_WITH_KNOTS('',3,1,((#10984,#10985),(#10986,#10987),
(#10988,#10989),(#10990,#10991),(#10992,#10993)),.UNSPECIFIED.,.F.,.F.,
 .F.,(4,1,4),(2,2),(0.,0.154450107149568,0.331018266047882),(0.,0.1),
 .UNSPECIFIED.);
#600=B_SPLINE_SURFACE_WITH_KNOTS('',3,1,((#11007,#11008),(#11009,#11010),
(#11011,#11012),(#11013,#11014),(#11015,#11016)),.UNSPECIFIED.,.F.,.F.,
 .F.,(4,1,4),(2,2),(0.,0.154533889565935,0.302038581168138),(0.,0.1),
 .UNSPECIFIED.);
#601=B_SPLINE_SURFACE_WITH_KNOTS('',3,1,((#11030,#11031),(#11032,#11033),
(#11034,#11035),(#11036,#11037),(#11038,#11039)),.UNSPECIFIED.,.F.,.F.,
 .F.,(4,1,4),(2,2),(0.,0.131726617449293,0.270474043717302),(0.,0.1),
 .UNSPECIFIED.);
#602=B_SPLINE_SURFACE_WITH_KNOTS('',3,1,((#11053,#11054),(#11055,#11056),
(#11057,#11058),(#11059,#11060),(#11061,#11062)),.UNSPECIFIED.,.F.,.F.,
 .F.,(4,1,4),(2,2),(0.,0.193583735576216,0.360748058246243),(0.,0.1),
 .UNSPECIFIED.);
#603=B_SPLINE_SURFACE_WITH_KNOTS('',3,1,((#11076,#11077),(#11078,#11079),
(#11080,#11081),(#11082,#11083),(#11084,#11085)),.UNSPECIFIED.,.F.,.F.,
 .F.,(4,1,4),(2,2),(0.,0.15420637759112,0.327009407828575),(0.,0.1),
 .UNSPECIFIED.);
#604=B_SPLINE_SURFACE_WITH_KNOTS('',3,1,((#11099,#11100),(#11101,#11102),
(#11103,#11104),(#11105,#11106),(#11107,#11108)),.UNSPECIFIED.,.F.,.F.,
 .F.,(4,1,4),(2,2),(0.,0.153741660779677,0.301820486474666),(0.,0.1),
 .UNSPECIFIED.);
#605=B_SPLINE_SURFACE_WITH_KNOTS('',3,1,((#11122,#11123),(#11124,#11125),
(#11126,#11127),(#11128,#11129),(#11130,#11131)),.UNSPECIFIED.,.F.,.F.,
 .F.,(4,1,4),(2,2),(0.,0.161083887952624,0.325430257510426),(0.,0.1),
 .UNSPECIFIED.);
#606=B_SPLINE_SURFACE_WITH_KNOTS('',3,1,((#11158,#11159),(#11160,#11161),
(#11162,#11163),(#11164,#11165),(#11166,#11167)),.UNSPECIFIED.,.F.,.F.,
 .F.,(4,1,4),(2,2),(0.,0.0965987683468938,0.2433092384362),(0.,0.1),
 .UNSPECIFIED.);
#607=B_SPLINE_SURFACE_WITH_KNOTS('',3,1,((#11181,#11182),(#11183,#11184),
(#11185,#11186),(#11187,#11188),(#11189,#11190)),.UNSPECIFIED.,.F.,.F.,
 .F.,(4,1,4),(2,2),(0.,0.0497220387704436,0.0991911537587867),(0.,0.1),
 .UNSPECIFIED.);
#608=B_SPLINE_SURFACE_WITH_KNOTS('',3,1,((#11204,#11205),(#11206,#11207),
(#11208,#11209),(#11210,#11211),(#11212,#11213)),.UNSPECIFIED.,.F.,.F.,
 .F.,(4,1,4),(2,2),(0.,0.0465978872001736,0.0807481093921491),(0.,0.1),
 .UNSPECIFIED.);
#609=B_SPLINE_SURFACE_WITH_KNOTS('',3,1,((#11233,#11234),(#11235,#11236),
(#11237,#11238),(#11239,#11240),(#11241,#11242)),.UNSPECIFIED.,.F.,.F.,
 .F.,(4,1,4),(2,2),(0.,0.0649964036025052,0.140713194095194),(0.,0.1),
 .UNSPECIFIED.);
#610=B_SPLINE_SURFACE_WITH_KNOTS('',3,1,((#11256,#11257),(#11258,#11259),
(#11260,#11261),(#11262,#11263),(#11264,#11265)),.UNSPECIFIED.,.F.,.F.,
 .F.,(4,1,4),(2,2),(0.,0.0496129347369611,0.104070579319694),(0.,0.1),
 .UNSPECIFIED.);
#611=B_SPLINE_SURFACE_WITH_KNOTS('',3,1,((#11279,#11280),(#11281,#11282),
(#11283,#11284),(#11285,#11286),(#11287,#11288)),.UNSPECIFIED.,.F.,.F.,
 .F.,(4,1,4),(2,2),(0.,0.075400671040633,0.132208050514843),(0.,0.1),
 .UNSPECIFIED.);
#612=B_SPLINE_SURFACE_WITH_KNOTS('',3,1,((#11318,#11319),(#11320,#11321),
(#11322,#11323),(#11324,#11325),(#11326,#11327)),.UNSPECIFIED.,.F.,.F.,
 .F.,(4,1,4),(2,2),(0.,0.0498688773991403,0.100527279164313),(0.,0.1),
 .UNSPECIFIED.);
#613=B_SPLINE_SURFACE_WITH_KNOTS('',3,1,((#11344,#11345),(#11346,#11347),
(#11348,#11349),(#11350,#11351),(#11352,#11353)),.UNSPECIFIED.,.F.,.F.,
 .F.,(4,1,4),(2,2),(0.,0.0488994070723119,0.0954203821457816),(0.,0.1),
 .UNSPECIFIED.);
#614=B_SPLINE_SURFACE_WITH_KNOTS('',3,1,((#11367,#11368),(#11369,#11370),
(#11371,#11372),(#11373,#11374),(#11375,#11376)),.UNSPECIFIED.,.F.,.F.,
 .F.,(4,1,4),(2,2),(0.,0.0767881473962716,0.135593331370014),(0.,0.1),
 .UNSPECIFIED.);
#615=B_SPLINE_SURFACE_WITH_KNOTS('',3,1,((#11390,#11391),(#11392,#11393),
(#11394,#11395),(#11396,#11397),(#11398,#11399)),.UNSPECIFIED.,.F.,.F.,
 .F.,(4,1,4),(2,2),(0.,0.059141682450959,0.141150911284677),(0.,0.1),
 .UNSPECIFIED.);
#616=B_SPLINE_SURFACE_WITH_KNOTS('',3,1,((#11413,#11414),(#11415,#11416),
(#11417,#11418),(#11419,#11420),(#11421,#11422)),.UNSPECIFIED.,.F.,.F.,
 .F.,(4,1,4),(2,2),(0.,0.045612269167351,0.09294138953563),(0.,0.1),
 .UNSPECIFIED.);
#617=B_SPLINE_SURFACE_WITH_KNOTS('',3,1,((#11436,#11437),(#11438,#11439),
(#11440,#11441),(#11442,#11443),(#11444,#11445)),.UNSPECIFIED.,.F.,.F.,
 .F.,(4,1,4),(2,2),(0.,0.0514681849685709,0.103006931196223),(0.,0.1),
 .UNSPECIFIED.);
#618=B_SPLINE_SURFACE_WITH_KNOTS('',3,1,((#11459,#11460),(#11461,#11462),
(#11463,#11464),(#11465,#11466),(#11467,#11468)),.UNSPECIFIED.,.F.,.F.,
 .F.,(4,1,4),(2,2),(0.,0.0754073709392472,0.13466872012525),(0.,0.1),
 .UNSPECIFIED.);
#619=B_SPLINE_SURFACE_WITH_KNOTS('',3,1,((#11482,#11483),(#11484,#11485),
(#11486,#11487),(#11488,#11489),(#11490,#11491)),.UNSPECIFIED.,.F.,.F.,
 .F.,(4,1,4),(2,2),(0.,0.0607096639946968,0.14168792311908),(0.,0.1),
 .UNSPECIFIED.);
#620=B_SPLINE_SURFACE_WITH_KNOTS('',3,1,((#11511,#11512),(#11513,#11514),
(#11515,#11516),(#11517,#11518),(#11519,#11520)),.UNSPECIFIED.,.F.,.F.,
 .F.,(4,1,4),(2,2),(0.,0.0569233373800243,0.115180229566005),(0.,0.1),
 .UNSPECIFIED.);
#621=B_SPLINE_SURFACE_WITH_KNOTS('',3,1,((#11534,#11535),(#11536,#11537),
(#11538,#11539),(#11540,#11541),(#11542,#11543)),.UNSPECIFIED.,.F.,.F.,
 .F.,(4,1,4),(2,2),(0.,0.0615483844661472,0.119584620136367),(0.,0.1),
 .UNSPECIFIED.);
#622=B_SPLINE_SURFACE_WITH_KNOTS('',3,1,((#11557,#11558),(#11559,#11560),
(#11561,#11562),(#11563,#11564),(#11565,#11566)),.UNSPECIFIED.,.F.,.F.,
 .F.,(4,1,4),(2,2),(0.,0.121276877490754,0.244503735587903),(0.,0.1),
 .UNSPECIFIED.);
#623=B_SPLINE_SURFACE_WITH_KNOTS('',3,1,((#11580,#11581),(#11582,#11583),
(#11584,#11585),(#11586,#11587),(#11588,#11589)),.UNSPECIFIED.,.F.,.F.,
 .F.,(4,1,4),(2,2),(0.,0.160827044801019,0.294271049763497),(0.,0.1),
 .UNSPECIFIED.);
#624=B_SPLINE_SURFACE_WITH_KNOTS('',3,1,((#11603,#11604),(#11605,#11606),
(#11607,#11608),(#11609,#11610),(#11611,#11612)),.UNSPECIFIED.,.F.,.F.,
 .F.,(4,1,4),(2,2),(0.,0.13786658528784,0.289751444842832),(0.,0.1),
 .UNSPECIFIED.);
#625=B_SPLINE_SURFACE_WITH_KNOTS('',3,1,((#11626,#11627),(#11628,#11629),
(#11630,#11631),(#11632,#11633),(#11634,#11635)),.UNSPECIFIED.,.F.,.F.,
 .F.,(4,1,4),(2,2),(0.,0.131802057926552,0.258905865373927),(0.,0.1),
 .UNSPECIFIED.);
#626=B_SPLINE_SURFACE_WITH_KNOTS('',3,1,((#11649,#11650),(#11651,#11652),
(#11653,#11654),(#11655,#11656),(#11657,#11658)),.UNSPECIFIED.,.F.,.F.,
 .F.,(4,1,4),(2,2),(0.,0.0683197556602722,0.13920413970883),(0.,0.1),
 .UNSPECIFIED.);
#627=B_SPLINE_SURFACE_WITH_KNOTS('',3,1,((#11672,#11673),(#11674,#11675),
(#11676,#11677),(#11678,#11679),(#11680,#11681)),.UNSPECIFIED.,.F.,.F.,
 .F.,(4,1,4),(2,2),(0.,0.076651509037258,0.135316821518088),(0.,0.1),
 .UNSPECIFIED.);
#628=B_SPLINE_SURFACE_WITH_KNOTS('',3,1,((#11717,#11718),(#11719,#11720),
(#11721,#11722),(#11723,#11724),(#11725,#11726)),.UNSPECIFIED.,.F.,.F.,
 .F.,(4,1,4),(2,2),(0.,0.0393129149194816,0.0864798979653255),(0.,0.1),
 .UNSPECIFIED.);
#629=B_SPLINE_SURFACE_WITH_KNOTS('',3,1,((#11743,#11744),(#11745,#11746),
(#11747,#11748),(#11749,#11750),(#11751,#11752)),.UNSPECIFIED.,.F.,.F.,
 .F.,(4,1,4),(2,2),(0.,0.0422766874601598,0.0797257964644433),(0.,0.1),
 .UNSPECIFIED.);
#630=B_SPLINE_SURFACE_WITH_KNOTS('',3,1,((#11766,#11767),(#11768,#11769),
(#11770,#11771),(#11772,#11773),(#11774,#11775)),.UNSPECIFIED.,.F.,.F.,
 .F.,(4,1,4),(2,2),(0.,0.0451178209114205,0.0899433977454407),(0.,0.1),
 .UNSPECIFIED.);
#631=B_SPLINE_SURFACE_WITH_KNOTS('',3,1,((#11789,#11790),(#11791,#11792),
(#11793,#11794),(#11795,#11796),(#11797,#11798)),.UNSPECIFIED.,.F.,.F.,
 .F.,(4,1,4),(2,2),(0.,0.0322484728545367,0.0715602338474975),(0.,0.1),
 .UNSPECIFIED.);
#632=B_SPLINE_SURFACE_WITH_KNOTS('',3,1,((#11812,#11813),(#11814,#11815),
(#11816,#11817),(#11818,#11819),(#11820,#11821)),.UNSPECIFIED.,.F.,.F.,
 .F.,(4,1,4),(2,2),(0.,0.0303013189172864,0.0596215059569457),(0.,0.1),
 .UNSPECIFIED.);
#633=B_SPLINE_SURFACE_WITH_KNOTS('',3,1,((#11835,#11836),(#11837,#11838),
(#11839,#11840),(#11841,#11842),(#11843,#11844)),.UNSPECIFIED.,.F.,.F.,
 .F.,(4,1,4),(2,2),(0.,0.029676285506178,0.0574041923961348),(0.,0.1),
 .UNSPECIFIED.);
#634=B_SPLINE_SURFACE_WITH_KNOTS('',3,1,((#11858,#11859),(#11860,#11861),
(#11862,#11863),(#11864,#11865),(#11866,#11867)),.UNSPECIFIED.,.F.,.F.,
 .F.,(4,1,4),(2,2),(0.,0.0725900700552129,0.116523123243173),(0.,0.1),
 .UNSPECIFIED.);
#635=B_SPLINE_SURFACE_WITH_KNOTS('',3,1,((#11881,#11882),(#11883,#11884),
(#11885,#11886),(#11887,#11888),(#11889,#11890)),.UNSPECIFIED.,.F.,.F.,
 .F.,(4,1,4),(2,2),(0.,0.0615850797463542,0.12476145855278),(0.,0.1),
 .UNSPECIFIED.);
#636=B_SPLINE_SURFACE_WITH_KNOTS('',3,1,((#11907,#11908),(#11909,#11910),
(#11911,#11912),(#11913,#11914),(#11915,#11916)),.UNSPECIFIED.,.F.,.F.,
 .F.,(4,1,4),(2,2),(0.,0.0599355945811387,0.105603913469416),(0.,0.1),
 .UNSPECIFIED.);
#637=B_SPLINE_SURFACE_WITH_KNOTS('',3,1,((#11933,#11934),(#11935,#11936),
(#11937,#11938),(#11939,#11940),(#11941,#11942)),.UNSPECIFIED.,.F.,.F.,
 .F.,(4,1,4),(2,2),(0.,0.0329537578784681,0.0784332337381771),(0.,0.1),
 .UNSPECIFIED.);
#638=B_SPLINE_SURFACE_WITH_KNOTS('',3,1,((#11956,#11957),(#11958,#11959),
(#11960,#11961),(#11962,#11963),(#11964,#11965)),.UNSPECIFIED.,.F.,.F.,
 .F.,(4,1,4),(2,2),(0.,0.0438057656280678,0.0761047755182012),(0.,0.1),
 .UNSPECIFIED.);
#639=B_SPLINE_SURFACE_WITH_KNOTS('',3,1,((#11979,#11980),(#11981,#11982),
(#11983,#11984),(#11985,#11986),(#11987,#11988)),.UNSPECIFIED.,.F.,.F.,
 .F.,(4,1,4),(2,2),(0.,0.0499251055101813,0.103687331875114),(0.,0.1),
 .UNSPECIFIED.);
#640=B_SPLINE_SURFACE_WITH_KNOTS('',3,1,((#12002,#12003),(#12004,#12005),
(#12006,#12007),(#12008,#12009),(#12010,#12011)),.UNSPECIFIED.,.F.,.F.,
 .F.,(4,1,4),(2,2),(0.,0.13148773100062,0.207329503692621),(0.,0.1),
 .UNSPECIFIED.);
#641=B_SPLINE_SURFACE_WITH_KNOTS('',3,1,((#12025,#12026),(#12027,#12028),
(#12029,#12030),(#12031,#12032),(#12033,#12034)),.UNSPECIFIED.,.F.,.F.,
 .F.,(4,1,4),(2,2),(0.,0.0830549131463417,0.197655005963998),(0.,0.1),
 .UNSPECIFIED.);
#642=B_SPLINE_SURFACE_WITH_KNOTS('',3,1,((#12048,#12049),(#12050,#12051),
(#12052,#12053),(#12054,#12055),(#12056,#12057)),.UNSPECIFIED.,.F.,.F.,
 .F.,(4,1,4),(2,2),(0.,0.0761730496935527,0.146773131026557),(0.,0.1),
 .UNSPECIFIED.);
#643=B_SPLINE_SURFACE_WITH_KNOTS('',3,1,((#12071,#12072),(#12073,#12074),
(#12075,#12076),(#12077,#12078),(#12079,#12080)),.UNSPECIFIED.,.F.,.F.,
 .F.,(4,1,4),(2,2),(0.,0.0838507321263902,0.166576863716644),(0.,0.1),
 .UNSPECIFIED.);
#644=B_SPLINE_SURFACE_WITH_KNOTS('',3,1,((#12094,#12095),(#12096,#12097),
(#12098,#12099),(#12100,#12101),(#12102,#12103)),.UNSPECIFIED.,.F.,.F.,
 .F.,(4,1,4),(2,2),(0.,0.114983778717519,0.209226711911503),(0.,0.1),
 .UNSPECIFIED.);
#645=B_SPLINE_SURFACE_WITH_KNOTS('',3,1,((#12117,#12118),(#12119,#12120),
(#12121,#12122),(#12123,#12124),(#12125,#12126)),.UNSPECIFIED.,.F.,.F.,
 .F.,(4,1,4),(2,2),(0.,0.0827577078563367,0.174640226879996),(0.,0.1),
 .UNSPECIFIED.);
#646=B_SPLINE_SURFACE_WITH_KNOTS('',3,1,((#12140,#12141),(#12142,#12143),
(#12144,#12145),(#12146,#12147),(#12148,#12149)),.UNSPECIFIED.,.F.,.F.,
 .F.,(4,1,4),(2,2),(0.,0.070613309603226,0.132445394691824),(0.,0.1),
 .UNSPECIFIED.);
#647=B_SPLINE_SURFACE_WITH_KNOTS('',3,1,((#12163,#12164),(#12165,#12166),
(#12167,#12168),(#12169,#12170),(#12171,#12172)),.UNSPECIFIED.,.F.,.F.,
 .F.,(4,1,4),(2,2),(0.,0.01943947945481,0.0470552553380714),(0.,0.1),
 .UNSPECIFIED.);
#648=B_SPLINE_SURFACE_WITH_KNOTS('',3,1,((#12186,#12187),(#12188,#12189),
(#12190,#12191),(#12192,#12193),(#12194,#12195)),.UNSPECIFIED.,.F.,.F.,
 .F.,(4,1,4),(2,2),(0.,0.0278419796896957,0.0473347167807445),(0.,0.1),
 .UNSPECIFIED.);
#649=B_SPLINE_SURFACE_WITH_KNOTS('',3,1,((#12215,#12216),(#12217,#12218),
(#12219,#12220),(#12221,#12222),(#12223,#12224)),.UNSPECIFIED.,.F.,.F.,
 .F.,(4,1,4),(2,2),(0.,0.034573326820384,0.0793588693599671),(0.,0.1),
 .UNSPECIFIED.);
#650=B_SPLINE_SURFACE_WITH_KNOTS('',3,1,((#12238,#12239),(#12240,#12241),
(#12242,#12243),(#12244,#12245),(#12246,#12247)),.UNSPECIFIED.,.F.,.F.,
 .F.,(4,1,4),(2,2),(0.,0.0456460748528584,0.0805191609354592),(0.,0.1),
 .UNSPECIFIED.);
#651=B_SPLINE_SURFACE_WITH_KNOTS('',3,1,((#12267,#12268),(#12269,#12270),
(#12271,#12272),(#12273,#12274),(#12275,#12276)),.UNSPECIFIED.,.F.,.F.,
 .F.,(4,1,4),(2,2),(0.,0.0570980595551674,0.109785719039644),(0.,0.1),
 .UNSPECIFIED.);
#652=B_SPLINE_SURFACE_WITH_KNOTS('',3,1,((#12290,#12291),(#12292,#12293),
(#12294,#12295),(#12296,#12297),(#12298,#12299)),.UNSPECIFIED.,.F.,.F.,
 .F.,(4,1,4),(2,2),(0.,0.0488038553151376,0.104251926212651),(0.,0.1),
 .UNSPECIFIED.);
#653=B_SPLINE_SURFACE_WITH_KNOTS('',3,1,((#12313,#12314),(#12315,#12316),
(#12317,#12318),(#12319,#12320),(#12321,#12322)),.UNSPECIFIED.,.F.,.F.,
 .F.,(4,1,4),(2,2),(0.,0.0726816318466831,0.140323112023385),(0.,0.1),
 .UNSPECIFIED.);
#654=B_SPLINE_SURFACE_WITH_KNOTS('',3,1,((#12336,#12337),(#12338,#12339),
(#12340,#12341),(#12342,#12343),(#12344,#12345)),.UNSPECIFIED.,.F.,.F.,
 .F.,(4,1,4),(2,2),(0.,0.112605969060196,0.201223344099599),(0.,0.1),
 .UNSPECIFIED.);
#655=B_SPLINE_SURFACE_WITH_KNOTS('',3,1,((#12359,#12360),(#12361,#12362),
(#12363,#12364),(#12365,#12366),(#12367,#12368)),.UNSPECIFIED.,.F.,.F.,
 .F.,(4,1,4),(2,2),(0.,0.0701186969969498,0.145208817522787),(0.,0.1),
 .UNSPECIFIED.);
#656=B_SPLINE_SURFACE_WITH_KNOTS('',3,1,((#12382,#12383),(#12384,#12385),
(#12386,#12387),(#12388,#12389),(#12390,#12391)),.UNSPECIFIED.,.F.,.F.,
 .F.,(4,1,4),(2,2),(0.,0.0490862865141323,0.110389158227741),(0.,0.1),
 .UNSPECIFIED.);
#657=B_SPLINE_SURFACE_WITH_KNOTS('',3,1,((#12405,#12406),(#12407,#12408),
(#12409,#12410),(#12411,#12412),(#12413,#12414)),.UNSPECIFIED.,.F.,.F.,
 .F.,(4,1,4),(2,2),(0.,0.0508023583106405,0.107632614056967),(0.,0.1),
 .UNSPECIFIED.);
#658=B_SPLINE_SURFACE_WITH_KNOTS('',3,1,((#12428,#12429),(#12430,#12431),
(#12432,#12433),(#12434,#12435),(#12436,#12437)),.UNSPECIFIED.,.F.,.F.,
 .F.,(4,1,4),(2,2),(0.,0.0648058162997264,0.118318555483316),(0.,0.1),
 .UNSPECIFIED.);
#659=B_SPLINE_SURFACE_WITH_KNOTS('',3,1,((#12457,#12458),(#12459,#12460),
(#12461,#12462),(#12463,#12464),(#12465,#12466)),.UNSPECIFIED.,.F.,.F.,
 .F.,(4,1,4),(2,2),(0.,0.0343691117803403,0.0782274424029222),(0.,0.1),
 .UNSPECIFIED.);
#660=B_SPLINE_SURFACE_WITH_KNOTS('',3,1,((#12518,#12519),(#12520,#12521),
(#12522,#12523),(#12524,#12525),(#12526,#12527)),.UNSPECIFIED.,.F.,.F.,
 .F.,(4,1,4),(2,2),(0.,0.0530435644630301,0.124401716771579),(0.,0.1),
 .UNSPECIFIED.);
#661=B_SPLINE_SURFACE_WITH_KNOTS('',3,1,((#12541,#12542),(#12543,#12544),
(#12545,#12546),(#12547,#12548),(#12549,#12550)),.UNSPECIFIED.,.F.,.F.,
 .F.,(4,1,4),(2,2),(0.,0.044566251483625,0.0889051766632443),(0.,0.1),
 .UNSPECIFIED.);
#662=B_SPLINE_SURFACE_WITH_KNOTS('',3,1,((#12564,#12565),(#12566,#12567),
(#12568,#12569),(#12570,#12571),(#12572,#12573)),.UNSPECIFIED.,.F.,.F.,
 .F.,(4,1,4),(2,2),(0.,0.0268843508040539,0.0547458035714586),(0.,0.1),
 .UNSPECIFIED.);
#663=B_SPLINE_SURFACE_WITH_KNOTS('',3,1,((#12587,#12588),(#12589,#12590),
(#12591,#12592),(#12593,#12594),(#12595,#12596)),.UNSPECIFIED.,.F.,.F.,
 .F.,(4,1,4),(2,2),(0.,0.0274744507325409,0.0543547453700641),(0.,0.1),
 .UNSPECIFIED.);
#664=B_SPLINE_SURFACE_WITH_KNOTS('',3,1,((#12610,#12611),(#12612,#12613),
(#12614,#12615),(#12616,#12617),(#12618,#12619)),.UNSPECIFIED.,.F.,.F.,
 .F.,(4,1,4),(2,2),(0.,0.0400984562842757,0.0651646263669035),(0.,0.1),
 .UNSPECIFIED.);
#665=B_SPLINE_SURFACE_WITH_KNOTS('',3,1,((#12651,#12652),(#12653,#12654),
(#12655,#12656),(#12657,#12658),(#12659,#12660)),.UNSPECIFIED.,.F.,.F.,
 .F.,(4,1,4),(2,2),(0.,0.0513715705777394,0.11948467820772),(0.,0.1),
 .UNSPECIFIED.);
#666=B_SPLINE_SURFACE_WITH_KNOTS('',3,1,((#12674,#12675),(#12676,#12677),
(#12678,#12679),(#12680,#12681),(#12682,#12683)),.UNSPECIFIED.,.F.,.F.,
 .F.,(4,1,4),(2,2),(0.,0.0450662326879655,0.08876656493443),(0.,0.1),
 .UNSPECIFIED.);
#667=B_SPLINE_SURFACE_WITH_KNOTS('',3,1,((#12697,#12698),(#12699,#12700),
(#12701,#12702),(#12703,#12704),(#12705,#12706)),.UNSPECIFIED.,.F.,.F.,
 .F.,(4,1,4),(2,2),(0.,0.0420653970303613,0.081266980538359),(0.,0.1),
 .UNSPECIFIED.);
#668=B_SPLINE_SURFACE_WITH_KNOTS('',3,1,((#12720,#12721),(#12722,#12723),
(#12724,#12725),(#12726,#12727),(#12728,#12729)),.UNSPECIFIED.,.F.,.F.,
 .F.,(4,1,4),(2,2),(0.,0.0430673063844783,0.0764575545618124),(0.,0.1),
 .UNSPECIFIED.);
#669=B_SPLINE_SURFACE_WITH_KNOTS('',3,1,((#12761,#12762),(#12763,#12764),
(#12765,#12766),(#12767,#12768),(#12769,#12770)),.UNSPECIFIED.,.F.,.F.,
 .F.,(4,1,4),(2,2),(0.,0.101410446910775,0.230265561351713),(0.,0.1),
 .UNSPECIFIED.);
#670=B_SPLINE_SURFACE_WITH_KNOTS('',3,1,((#12784,#12785),(#12786,#12787),
(#12788,#12789),(#12790,#12791),(#12792,#12793)),.UNSPECIFIED.,.F.,.F.,
 .F.,(4,1,4),(2,2),(0.,0.10514607359004,0.198988611891733),(0.,0.1),
 .UNSPECIFIED.);
#671=B_SPLINE_SURFACE_WITH_KNOTS('',3,1,((#12807,#12808),(#12809,#12810),
(#12811,#12812),(#12813,#12814),(#12815,#12816)),.UNSPECIFIED.,.F.,.F.,
 .F.,(4,1,4),(2,2),(0.,0.0631024607548305,0.136101246108831),(0.,0.1),
 .UNSPECIFIED.);
#672=B_SPLINE_SURFACE_WITH_KNOTS('',3,1,((#12830,#12831),(#12832,#12833),
(#12834,#12835),(#12836,#12837),(#12838,#12839)),.UNSPECIFIED.,.F.,.F.,
 .F.,(4,1,4),(2,2),(0.,0.0863648945000393,0.154033862428051),(0.,0.1),
 .UNSPECIFIED.);
#673=B_SPLINE_SURFACE_WITH_KNOTS('',3,1,((#12853,#12854),(#12855,#12856),
(#12857,#12858),(#12859,#12860),(#12861,#12862)),.UNSPECIFIED.,.F.,.F.,
 .F.,(4,1,4),(2,2),(0.,0.0597467364354432,0.124390903969248),(0.,0.1),
 .UNSPECIFIED.);
#674=B_SPLINE_SURFACE_WITH_KNOTS('',3,1,((#12876,#12877),(#12878,#12879),
(#12880,#12881),(#12882,#12883),(#12884,#12885)),.UNSPECIFIED.,.F.,.F.,
 .F.,(4,1,4),(2,2),(0.,0.0780843438647936,0.141979559425785),(0.,0.1),
 .UNSPECIFIED.);
#675=B_SPLINE_SURFACE_WITH_KNOTS('',3,1,((#12899,#12900),(#12901,#12902),
(#12903,#12904),(#12905,#12906),(#12907,#12908)),.UNSPECIFIED.,.F.,.F.,
 .F.,(4,1,4),(2,2),(0.,0.0663341824427061,0.141376231820103),(0.,0.1),
 .UNSPECIFIED.);
#676=B_SPLINE_SURFACE_WITH_KNOTS('',3,1,((#12922,#12923),(#12924,#12925),
(#12926,#12927),(#12928,#12929),(#12930,#12931)),.UNSPECIFIED.,.F.,.F.,
 .F.,(4,1,4),(2,2),(0.,0.0798264981784628,0.147884284824037),(0.,0.1),
 .UNSPECIFIED.);
#677=B_SPLINE_SURFACE_WITH_KNOTS('',3,1,((#12961,#12962),(#12963,#12964),
(#12965,#12966),(#12967,#12968),(#12969,#12970)),.UNSPECIFIED.,.F.,.F.,
 .F.,(4,1,4),(2,2),(0.,0.045682892327759,0.103608184089119),(0.,0.1),
 .UNSPECIFIED.);
#678=B_SPLINE_SURFACE_WITH_KNOTS('',3,1,((#12987,#12988),(#12989,#12990),
(#12991,#12992),(#12993,#12994),(#12995,#12996)),.UNSPECIFIED.,.F.,.F.,
 .F.,(4,1,4),(2,2),(0.,0.0609470336419646,0.121672215771585),(0.,0.1),
 .UNSPECIFIED.);
#679=B_SPLINE_SURFACE_WITH_KNOTS('',3,1,((#13010,#13011),(#13012,#13013),
(#13014,#13015),(#13016,#13017),(#13018,#13019)),.UNSPECIFIED.,.F.,.F.,
 .F.,(4,1,4),(2,2),(0.,0.0483213747650737,0.100803425081599),(0.,0.1),
 .UNSPECIFIED.);
#680=B_SPLINE_SURFACE_WITH_KNOTS('',3,1,((#13033,#13034),(#13035,#13036),
(#13037,#13038),(#13039,#13040),(#13041,#13042)),.UNSPECIFIED.,.F.,.F.,
 .F.,(4,1,4),(2,2),(0.,0.0706591053321854,0.124898833943112),(0.,0.1),
 .UNSPECIFIED.);
#681=B_SPLINE_SURFACE_WITH_KNOTS('',3,1,((#13059,#13060),(#13061,#13062),
(#13063,#13064),(#13065,#13066),(#13067,#13068)),.UNSPECIFIED.,.F.,.F.,
 .F.,(4,1,4),(2,2),(0.,0.10872119976781,0.23902857432769),(0.,0.1),
 .UNSPECIFIED.);
#682=B_SPLINE_SURFACE_WITH_KNOTS('',3,1,((#13085,#13086),(#13087,#13088),
(#13089,#13090),(#13091,#13092),(#13093,#13094)),.UNSPECIFIED.,.F.,.F.,
 .F.,(4,1,4),(2,2),(0.,0.0980323823506154,0.195752923342385),(0.,0.1),
 .UNSPECIFIED.);
#683=B_SPLINE_SURFACE_WITH_KNOTS('',3,1,((#13108,#13109),(#13110,#13111),
(#13112,#13113),(#13114,#13115),(#13116,#13117)),.UNSPECIFIED.,.F.,.F.,
 .F.,(4,1,4),(2,2),(0.,0.139650795836737,0.251765283784605),(0.,0.1),
 .UNSPECIFIED.);
#684=B_SPLINE_SURFACE_WITH_KNOTS('',3,1,((#13131,#13132),(#13133,#13134),
(#13135,#13136),(#13137,#13138),(#13139,#13140)),.UNSPECIFIED.,.F.,.F.,
 .F.,(4,1,4),(2,2),(0.,0.151599626928243,0.324563253662865),(0.,0.1),
 .UNSPECIFIED.);
#685=B_SPLINE_SURFACE_WITH_KNOTS('',3,1,((#13154,#13155),(#13156,#13157),
(#13158,#13159),(#13160,#13161),(#13162,#13163)),.UNSPECIFIED.,.F.,.F.,
 .F.,(4,1,4),(2,2),(0.,0.156038273477929,0.302187881238229),(0.,0.1),
 .UNSPECIFIED.);
#686=B_SPLINE_SURFACE_WITH_KNOTS('',3,1,((#13177,#13178),(#13179,#13180),
(#13181,#13182),(#13183,#13184),(#13185,#13186)),.UNSPECIFIED.,.F.,.F.,
 .F.,(4,1,4),(2,2),(0.,0.10434745095901,0.216781077612984),(0.,0.1),
 .UNSPECIFIED.);
#687=B_SPLINE_SURFACE_WITH_KNOTS('',3,1,((#13200,#13201),(#13202,#13203),
(#13204,#13205),(#13206,#13207),(#13208,#13209)),.UNSPECIFIED.,.F.,.F.,
 .F.,(4,1,4),(2,2),(0.,0.0919407041876984,0.189895474105534),(0.,0.1),
 .UNSPECIFIED.);
#688=B_SPLINE_SURFACE_WITH_KNOTS('',3,1,((#13223,#13224),(#13225,#13226),
(#13227,#13228),(#13229,#13230),(#13231,#13232)),.UNSPECIFIED.,.F.,.F.,
 .F.,(4,1,4),(2,2),(0.,0.128981009568968,0.231490181847384),(0.,0.1),
 .UNSPECIFIED.);
#689=B_SPLINE_SURFACE_WITH_KNOTS('',3,1,((#13246,#13247),(#13248,#13249),
(#13250,#13251),(#13252,#13253),(#13254,#13255)),.UNSPECIFIED.,.F.,.F.,
 .F.,(4,1,4),(2,2),(0.,0.113651933585924,0.260617593982083),(0.,0.1),
 .UNSPECIFIED.);
#690=B_SPLINE_SURFACE_WITH_KNOTS('',3,1,((#13269,#13270),(#13271,#13272),
(#13273,#13274),(#13275,#13276),(#13277,#13278)),.UNSPECIFIED.,.F.,.F.,
 .F.,(4,1,4),(2,2),(0.,0.116510812142814,0.219976771357716),(0.,0.1),
 .UNSPECIFIED.);
#691=B_SPLINE_SURFACE_WITH_KNOTS('',3,1,((#13298,#13299),(#13300,#13301),
(#13302,#13303),(#13304,#13305),(#13306,#13307)),.UNSPECIFIED.,.F.,.F.,
 .F.,(4,1,4),(2,2),(0.,0.0294354716714022,0.0668664463570987),(0.,0.1),
 .UNSPECIFIED.);
#692=B_SPLINE_SURFACE_WITH_KNOTS('',3,1,((#13321,#13322),(#13323,#13324),
(#13325,#13326),(#13327,#13328),(#13329,#13330)),.UNSPECIFIED.,.F.,.F.,
 .F.,(4,1,4),(2,2),(0.,0.0402311760693841,0.0810819860233668),(0.,0.1),
 .UNSPECIFIED.);
#693=B_SPLINE_SURFACE_WITH_KNOTS('',3,1,((#13344,#13345),(#13346,#13347),
(#13348,#13349),(#13350,#13351),(#13352,#13353)),.UNSPECIFIED.,.F.,.F.,
 .F.,(4,1,4),(2,2),(0.,0.0582891504012866,0.118120538567992),(0.,0.1),
 .UNSPECIFIED.);
#694=B_SPLINE_SURFACE_WITH_KNOTS('',3,1,((#13367,#13368),(#13369,#13370),
(#13371,#13372),(#13373,#13374),(#13375,#13376)),.UNSPECIFIED.,.F.,.F.,
 .F.,(4,1,4),(2,2),(0.,0.0597079004582196,0.107130889485286),(0.,0.1),
 .UNSPECIFIED.);
#695=PLANE('',#6726);
#696=PLANE('',#6732);
#697=PLANE('',#6733);
#698=PLANE('',#6734);
#699=PLANE('',#6735);
#700=PLANE('',#6736);
#701=PLANE('',#6737);
#702=PLANE('',#6738);
#703=PLANE('',#6739);
#704=PLANE('',#6740);
#705=PLANE('',#6741);
#706=PLANE('',#6742);
#707=PLANE('',#6743);
#708=PLANE('',#6744);
#709=PLANE('',#6745);
#710=PLANE('',#6746);
#711=PLANE('',#6747);
#712=PLANE('',#6748);
#713=PLANE('',#6749);
#714=PLANE('',#6750);
#715=PLANE('',#6751);
#716=PLANE('',#6752);
#717=PLANE('',#6753);
#718=PLANE('',#6754);
#719=PLANE('',#6755);
#720=PLANE('',#6756);
#721=PLANE('',#6757);
#722=PLANE('',#6758);
#723=PLANE('',#6759);
#724=PLANE('',#6760);
#725=PLANE('',#6761);
#726=PLANE('',#6762);
#727=PLANE('',#6763);
#728=PLANE('',#6764);
#729=PLANE('',#6765);
#730=PLANE('',#6766);
#731=PLANE('',#6767);
#732=PLANE('',#6768);
#733=PLANE('',#6769);
#734=PLANE('',#6770);
#735=PLANE('',#6771);
#736=PLANE('',#6772);
#737=PLANE('',#6773);
#738=PLANE('',#6774);
#739=PLANE('',#6775);
#740=PLANE('',#6776);
#741=PLANE('',#6777);
#742=PLANE('',#6778);
#743=PLANE('',#6779);
#744=PLANE('',#6780);
#745=PLANE('',#6781);
#746=PLANE('',#6782);
#747=PLANE('',#6783);
#748=PLANE('',#6784);
#749=PLANE('',#6785);
#750=PLANE('',#6786);
#751=PLANE('',#6787);
#752=PLANE('',#6788);
#753=PLANE('',#6789);
#754=PLANE('',#6790);
#755=PLANE('',#6791);
#756=PLANE('',#6792);
#757=PLANE('',#6793);
#758=PLANE('',#6794);
#759=PLANE('',#6795);
#760=PLANE('',#6796);
#761=PLANE('',#6797);
#762=PLANE('',#6798);
#763=PLANE('',#6799);
#764=PLANE('',#6800);
#765=PLANE('',#6801);
#766=PLANE('',#6802);
#767=PLANE('',#6803);
#768=PLANE('',#6804);
#769=PLANE('',#6805);
#770=PLANE('',#6806);
#771=PLANE('',#6807);
#772=PLANE('',#6808);
#773=PLANE('',#6809);
#774=PLANE('',#6810);
#775=PLANE('',#6811);
#776=PLANE('',#6812);
#777=PLANE('',#6813);
#778=PLANE('',#6814);
#779=PLANE('',#6815);
#780=PLANE('',#6816);
#781=PLANE('',#6817);
#782=PLANE('',#6818);
#783=PLANE('',#6819);
#784=PLANE('',#6820);
#785=PLANE('',#6821);
#786=PLANE('',#6822);
#787=PLANE('',#6823);
#788=PLANE('',#6824);
#789=PLANE('',#6825);
#790=PLANE('',#6826);
#791=PLANE('',#6827);
#792=PLANE('',#6828);
#793=PLANE('',#6829);
#794=PLANE('',#6830);
#795=PLANE('',#6831);
#796=PLANE('',#6832);
#797=PLANE('',#6833);
#798=PLANE('',#6834);
#799=PLANE('',#6835);
#800=PLANE('',#6836);
#801=PLANE('',#6837);
#802=PLANE('',#6838);
#803=PLANE('',#6839);
#804=PLANE('',#6840);
#805=PLANE('',#6841);
#806=PLANE('',#6842);
#807=PLANE('',#6843);
#808=PLANE('',#6844);
#809=PLANE('',#6845);
#810=PLANE('',#6846);
#811=PLANE('',#6847);
#812=PLANE('',#6848);
#813=PLANE('',#6849);
#814=PLANE('',#6850);
#815=PLANE('',#6851);
#816=PLANE('',#6852);
#817=PLANE('',#6853);
#818=PLANE('',#6854);
#819=PLANE('',#6855);
#820=PLANE('',#6856);
#821=PLANE('',#6857);
#822=PLANE('',#6858);
#823=PLANE('',#6859);
#824=PLANE('',#6860);
#825=PLANE('',#6861);
#826=PLANE('',#6862);
#827=PLANE('',#6866);
#828=PLANE('',#6867);
#829=PLANE('',#6873);
#830=PLANE('',#6876);
#831=PLANE('',#6879);
#832=PLANE('',#6880);
#833=LINE('',#7782,#1377);
#834=LINE('',#7819,#1378);
#835=LINE('',#7825,#1379);
#836=LINE('',#7827,#1380);
#837=LINE('',#7829,#1381);
#838=LINE('',#7830,#1382);
#839=LINE('',#7833,#1383);
#840=LINE('',#7835,#1384);
#841=LINE('',#7836,#1385);
#842=LINE('',#7854,#1386);
#843=LINE('',#7877,#1387);
#844=LINE('',#7900,#1388);
#845=LINE('',#7923,#1389);
#846=LINE('',#7931,#1390);
#847=LINE('',#7933,#1391);
#848=LINE('',#7934,#1392);
#849=LINE('',#7937,#1393);
#850=LINE('',#7939,#1394);
#851=LINE('',#7940,#1395);
#852=LINE('',#7943,#1396);
#853=LINE('',#7945,#1397);
#854=LINE('',#7946,#1398);
#855=LINE('',#7964,#1399);
#856=LINE('',#7987,#1400);
#857=LINE('',#8010,#1401);
#858=LINE('',#8033,#1402);
#859=LINE('',#8041,#1403);
#860=LINE('',#8043,#1404);
#861=LINE('',#8044,#1405);
#862=LINE('',#8047,#1406);
#863=LINE('',#8049,#1407);
#864=LINE('',#8050,#1408);
#865=LINE('',#8052,#1409);
#866=LINE('',#8053,#1410);
#867=LINE('',#8058,#1411);
#868=LINE('',#8060,#1412);
#869=LINE('',#8062,#1413);
#870=LINE('',#8063,#1414);
#871=LINE('',#8066,#1415);
#872=LINE('',#8068,#1416);
#873=LINE('',#8069,#1417);
#874=LINE('',#8087,#1418);
#875=LINE('',#8110,#1419);
#876=LINE('',#8133,#1420);
#877=LINE('',#8141,#1421);
#878=LINE('',#8143,#1422);
#879=LINE('',#8144,#1423);
#880=LINE('',#8162,#1424);
#881=LINE('',#8185,#1425);
#882=LINE('',#8208,#1426);
#883=LINE('',#8216,#1427);
#884=LINE('',#8218,#1428);
#885=LINE('',#8219,#1429);
#886=LINE('',#8222,#1430);
#887=LINE('',#8224,#1431);
#888=LINE('',#8225,#1432);
#889=LINE('',#8227,#1433);
#890=LINE('',#8228,#1434);
#891=LINE('',#8248,#1435);
#892=LINE('',#8255,#1436);
#893=LINE('',#8273,#1437);
#894=LINE('',#8296,#1438);
#895=LINE('',#8319,#1439);
#896=LINE('',#8342,#1440);
#897=LINE('',#8365,#1441);
#898=LINE('',#8388,#1442);
#899=LINE('',#8411,#1443);
#900=LINE('',#8418,#1444);
#901=LINE('',#8419,#1445);
#902=LINE('',#8438,#1446);
#903=LINE('',#8445,#1447);
#904=LINE('',#8463,#1448);
#905=LINE('',#8486,#1449);
#906=LINE('',#8509,#1450);
#907=LINE('',#8532,#1451);
#908=LINE('',#8555,#1452);
#909=LINE('',#8578,#1453);
#910=LINE('',#8601,#1454);
#911=LINE('',#8624,#1455);
#912=LINE('',#8647,#1456);
#913=LINE('',#8670,#1457);
#914=LINE('',#8693,#1458);
#915=LINE('',#8716,#1459);
#916=LINE('',#8724,#1460);
#917=LINE('',#8726,#1461);
#918=LINE('',#8727,#1462);
#919=LINE('',#8745,#1463);
#920=LINE('',#8768,#1464);
#921=LINE('',#8776,#1465);
#922=LINE('',#8778,#1466);
#923=LINE('',#8779,#1467);
#924=LINE('',#8797,#1468);
#925=LINE('',#8820,#1469);
#926=LINE('',#8843,#1470);
#927=LINE('',#8866,#1471);
#928=LINE('',#8889,#1472);
#929=LINE('',#8912,#1473);
#930=LINE('',#8935,#1474);
#931=LINE('',#8958,#1475);
#932=LINE('',#8966,#1476);
#933=LINE('',#8968,#1477);
#934=LINE('',#8969,#1478);
#935=LINE('',#8994,#1479);
#936=LINE('',#8996,#1480);
#937=LINE('',#8998,#1481);
#938=LINE('',#8999,#1482);
#939=LINE('',#9017,#1483);
#940=LINE('',#9040,#1484);
#941=LINE('',#9063,#1485);
#942=LINE('',#9086,#1486);
#943=LINE('',#9094,#1487);
#944=LINE('',#9096,#1488);
#945=LINE('',#9097,#1489);
#946=LINE('',#9099,#1490);
#947=LINE('',#9100,#1491);
#948=LINE('',#9104,#1492);
#949=LINE('',#9106,#1493);
#950=LINE('',#9108,#1494);
#951=LINE('',#9109,#1495);
#952=LINE('',#9112,#1496);
#953=LINE('',#9114,#1497);
#954=LINE('',#9115,#1498);
#955=LINE('',#9118,#1499);
#956=LINE('',#9120,#1500);
#957=LINE('',#9121,#1501);
#958=LINE('',#9139,#1502);
#959=LINE('',#9162,#1503);
#960=LINE('',#9185,#1504);
#961=LINE('',#9208,#1505);
#962=LINE('',#9216,#1506);
#963=LINE('',#9218,#1507);
#964=LINE('',#9219,#1508);
#965=LINE('',#9221,#1509);
#966=LINE('',#9222,#1510);
#967=LINE('',#9227,#1511);
#968=LINE('',#9229,#1512);
#969=LINE('',#9231,#1513);
#970=LINE('',#9232,#1514);
#971=LINE('',#9235,#1515);
#972=LINE('',#9237,#1516);
#973=LINE('',#9238,#1517);
#974=LINE('',#9256,#1518);
#975=LINE('',#9279,#1519);
#976=LINE('',#9302,#1520);
#977=LINE('',#9310,#1521);
#978=LINE('',#9312,#1522);
#979=LINE('',#9313,#1523);
#980=LINE('',#9331,#1524);
#981=LINE('',#9354,#1525);
#982=LINE('',#9377,#1526);
#983=LINE('',#9385,#1527);
#984=LINE('',#9387,#1528);
#985=LINE('',#9388,#1529);
#986=LINE('',#9391,#1530);
#987=LINE('',#9393,#1531);
#988=LINE('',#9394,#1532);
#989=LINE('',#9396,#1533);
#990=LINE('',#9397,#1534);
#991=LINE('',#9417,#1535);
#992=LINE('',#9424,#1536);
#993=LINE('',#9442,#1537);
#994=LINE('',#9465,#1538);
#995=LINE('',#9488,#1539);
#996=LINE('',#9495,#1540);
#997=LINE('',#9496,#1541);
#998=LINE('',#9515,#1542);
#999=LINE('',#9522,#1543);
#1000=LINE('',#9540,#1544);
#1001=LINE('',#9563,#1545);
#1002=LINE('',#9586,#1546);
#1003=LINE('',#9609,#1547);
#1004=LINE('',#9632,#1548);
#1005=LINE('',#9655,#1549);
#1006=LINE('',#9678,#1550);
#1007=LINE('',#9701,#1551);
#1008=LINE('',#9724,#1552);
#1009=LINE('',#9732,#1553);
#1010=LINE('',#9734,#1554);
#1011=LINE('',#9735,#1555);
#1012=LINE('',#9753,#1556);
#1013=LINE('',#9776,#1557);
#1014=LINE('',#9799,#1558);
#1015=LINE('',#9822,#1559);
#1016=LINE('',#9830,#1560);
#1017=LINE('',#9832,#1561);
#1018=LINE('',#9833,#1562);
#1019=LINE('',#9835,#1563);
#1020=LINE('',#9836,#1564);
#1021=LINE('',#9841,#1565);
#1022=LINE('',#9843,#1566);
#1023=LINE('',#9845,#1567);
#1024=LINE('',#9846,#1568);
#1025=LINE('',#9849,#1569);
#1026=LINE('',#9851,#1570);
#1027=LINE('',#9852,#1571);
#1028=LINE('',#9855,#1572);
#1029=LINE('',#9857,#1573);
#1030=LINE('',#9858,#1574);
#1031=LINE('',#9861,#1575);
#1032=LINE('',#9863,#1576);
#1033=LINE('',#9864,#1577);
#1034=LINE('',#9867,#1578);
#1035=LINE('',#9869,#1579);
#1036=LINE('',#9870,#1580);
#1037=LINE('',#9873,#1581);
#1038=LINE('',#9875,#1582);
#1039=LINE('',#9876,#1583);
#1040=LINE('',#9879,#1584);
#1041=LINE('',#9881,#1585);
#1042=LINE('',#9882,#1586);
#1043=LINE('',#9885,#1587);
#1044=LINE('',#9887,#1588);
#1045=LINE('',#9888,#1589);
#1046=LINE('',#9891,#1590);
#1047=LINE('',#9893,#1591);
#1048=LINE('',#9894,#1592);
#1049=LINE('',#9897,#1593);
#1050=LINE('',#9899,#1594);
#1051=LINE('',#9900,#1595);
#1052=LINE('',#9903,#1596);
#1053=LINE('',#9905,#1597);
#1054=LINE('',#9906,#1598);
#1055=LINE('',#9908,#1599);
#1056=LINE('',#9909,#1600);
#1057=LINE('',#9914,#1601);
#1058=LINE('',#9916,#1602);
#1059=LINE('',#9918,#1603);
#1060=LINE('',#9919,#1604);
#1061=LINE('',#9922,#1605);
#1062=LINE('',#9924,#1606);
#1063=LINE('',#9925,#1607);
#1064=LINE('',#9928,#1608);
#1065=LINE('',#9930,#1609);
#1066=LINE('',#9931,#1610);
#1067=LINE('',#9933,#1611);
#1068=LINE('',#9934,#1612);
#1069=LINE('',#9954,#1613);
#1070=LINE('',#9961,#1614);
#1071=LINE('',#9979,#1615);
#1072=LINE('',#10002,#1616);
#1073=LINE('',#10025,#1617);
#1074=LINE('',#10032,#1618);
#1075=LINE('',#10033,#1619);
#1076=LINE('',#10052,#1620);
#1077=LINE('',#10059,#1621);
#1078=LINE('',#10077,#1622);
#1079=LINE('',#10100,#1623);
#1080=LINE('',#10123,#1624);
#1081=LINE('',#10146,#1625);
#1082=LINE('',#10169,#1626);
#1083=LINE('',#10192,#1627);
#1084=LINE('',#10215,#1628);
#1085=LINE('',#10238,#1629);
#1086=LINE('',#10261,#1630);
#1087=LINE('',#10269,#1631);
#1088=LINE('',#10271,#1632);
#1089=LINE('',#10272,#1633);
#1090=LINE('',#10290,#1634);
#1091=LINE('',#10313,#1635);
#1092=LINE('',#10336,#1636);
#1093=LINE('',#10359,#1637);
#1094=LINE('',#10367,#1638);
#1095=LINE('',#10369,#1639);
#1096=LINE('',#10370,#1640);
#1097=LINE('',#10372,#1641);
#1098=LINE('',#10373,#1642);
#1099=LINE('',#10393,#1643);
#1100=LINE('',#10400,#1644);
#1101=LINE('',#10418,#1645);
#1102=LINE('',#10441,#1646);
#1103=LINE('',#10464,#1647);
#1104=LINE('',#10487,#1648);
#1105=LINE('',#10510,#1649);
#1106=LINE('',#10533,#1650);
#1107=LINE('',#10562,#1651);
#1108=LINE('',#10564,#1652);
#1109=LINE('',#10566,#1653);
#1110=LINE('',#10567,#1654);
#1111=LINE('',#10585,#1655);
#1112=LINE('',#10608,#1656);
#1113=LINE('',#10631,#1657);
#1114=LINE('',#10654,#1658);
#1115=LINE('',#10677,#1659);
#1116=LINE('',#10700,#1660);
#1117=LINE('',#10723,#1661);
#1118=LINE('',#10746,#1662);
#1119=LINE('',#10754,#1663);
#1120=LINE('',#10756,#1664);
#1121=LINE('',#10757,#1665);
#1122=LINE('',#10760,#1666);
#1123=LINE('',#10762,#1667);
#1124=LINE('',#10763,#1668);
#1125=LINE('',#10766,#1669);
#1126=LINE('',#10768,#1670);
#1127=LINE('',#10769,#1671);
#1128=LINE('',#10771,#1672);
#1129=LINE('',#10772,#1673);
#1130=LINE('',#10792,#1674);
#1131=LINE('',#10799,#1675);
#1132=LINE('',#10817,#1676);
#1133=LINE('',#10840,#1677);
#1134=LINE('',#10863,#1678);
#1135=LINE('',#10886,#1679);
#1136=LINE('',#10909,#1680);
#1137=LINE('',#10932,#1681);
#1138=LINE('',#10976,#1682);
#1139=LINE('',#10983,#1683);
#1140=LINE('',#11001,#1684);
#1141=LINE('',#11024,#1685);
#1142=LINE('',#11047,#1686);
#1143=LINE('',#11070,#1687);
#1144=LINE('',#11093,#1688);
#1145=LINE('',#11116,#1689);
#1146=LINE('',#11146,#1690);
#1147=LINE('',#11148,#1691);
#1148=LINE('',#11150,#1692);
#1149=LINE('',#11151,#1693);
#1150=LINE('',#11154,#1694);
#1151=LINE('',#11156,#1695);
#1152=LINE('',#11157,#1696);
#1153=LINE('',#11175,#1697);
#1154=LINE('',#11198,#1698);
#1155=LINE('',#11221,#1699);
#1156=LINE('',#11229,#1700);
#1157=LINE('',#11231,#1701);
#1158=LINE('',#11232,#1702);
#1159=LINE('',#11250,#1703);
#1160=LINE('',#11273,#1704);
#1161=LINE('',#11296,#1705);
#1162=LINE('',#11304,#1706);
#1163=LINE('',#11306,#1707);
#1164=LINE('',#11307,#1708);
#1165=LINE('',#11310,#1709);
#1166=LINE('',#11312,#1710);
#1167=LINE('',#11313,#1711);
#1168=LINE('',#11315,#1712);
#1169=LINE('',#11316,#1713);
#1170=LINE('',#11336,#1714);
#1171=LINE('',#11343,#1715);
#1172=LINE('',#11361,#1716);
#1173=LINE('',#11384,#1717);
#1174=LINE('',#11407,#1718);
#1175=LINE('',#11430,#1719);
#1176=LINE('',#11453,#1720);
#1177=LINE('',#11476,#1721);
#1178=LINE('',#11505,#1722);
#1179=LINE('',#11507,#1723);
#1180=LINE('',#11509,#1724);
#1181=LINE('',#11510,#1725);
#1182=LINE('',#11528,#1726);
#1183=LINE('',#11551,#1727);
#1184=LINE('',#11574,#1728);
#1185=LINE('',#11597,#1729);
#1186=LINE('',#11620,#1730);
#1187=LINE('',#11643,#1731);
#1188=LINE('',#11666,#1732);
#1189=LINE('',#11689,#1733);
#1190=LINE('',#11697,#1734);
#1191=LINE('',#11699,#1735);
#1192=LINE('',#11700,#1736);
#1193=LINE('',#11703,#1737);
#1194=LINE('',#11705,#1738);
#1195=LINE('',#11706,#1739);
#1196=LINE('',#11709,#1740);
#1197=LINE('',#11711,#1741);
#1198=LINE('',#11712,#1742);
#1199=LINE('',#11714,#1743);
#1200=LINE('',#11715,#1744);
#1201=LINE('',#11735,#1745);
#1202=LINE('',#11742,#1746);
#1203=LINE('',#11760,#1747);
#1204=LINE('',#11783,#1748);
#1205=LINE('',#11806,#1749);
#1206=LINE('',#11829,#1750);
#1207=LINE('',#11852,#1751);
#1208=LINE('',#11875,#1752);
#1209=LINE('',#11898,#1753);
#1210=LINE('',#11905,#1754);
#1211=LINE('',#11906,#1755);
#1212=LINE('',#11925,#1756);
#1213=LINE('',#11932,#1757);
#1214=LINE('',#11950,#1758);
#1215=LINE('',#11973,#1759);
#1216=LINE('',#11996,#1760);
#1217=LINE('',#12019,#1761);
#1218=LINE('',#12042,#1762);
#1219=LINE('',#12065,#1763);
#1220=LINE('',#12088,#1764);
#1221=LINE('',#12111,#1765);
#1222=LINE('',#12134,#1766);
#1223=LINE('',#12157,#1767);
#1224=LINE('',#12180,#1768);
#1225=LINE('',#12203,#1769);
#1226=LINE('',#12211,#1770);
#1227=LINE('',#12213,#1771);
#1228=LINE('',#12214,#1772);
#1229=LINE('',#12232,#1773);
#1230=LINE('',#12255,#1774);
#1231=LINE('',#12263,#1775);
#1232=LINE('',#12265,#1776);
#1233=LINE('',#12266,#1777);
#1234=LINE('',#12284,#1778);
#1235=LINE('',#12307,#1779);
#1236=LINE('',#12330,#1780);
#1237=LINE('',#12353,#1781);
#1238=LINE('',#12376,#1782);
#1239=LINE('',#12399,#1783);
#1240=LINE('',#12422,#1784);
#1241=LINE('',#12445,#1785);
#1242=LINE('',#12453,#1786);
#1243=LINE('',#12455,#1787);
#1244=LINE('',#12456,#1788);
#1245=LINE('',#12481,#1789);
#1246=LINE('',#12483,#1790);
#1247=LINE('',#12485,#1791);
#1248=LINE('',#12486,#1792);
#1249=LINE('',#12489,#1793);
#1250=LINE('',#12491,#1794);
#1251=LINE('',#12492,#1795);
#1252=LINE('',#12495,#1796);
#1253=LINE('',#12497,#1797);
#1254=LINE('',#12498,#1798);
#1255=LINE('',#12500,#1799);
#1256=LINE('',#12501,#1800);
#1257=LINE('',#12506,#1801);
#1258=LINE('',#12508,#1802);
#1259=LINE('',#12510,#1803);
#1260=LINE('',#12511,#1804);
#1261=LINE('',#12514,#1805);
#1262=LINE('',#12516,#1806);
#1263=LINE('',#12517,#1807);
#1264=LINE('',#12535,#1808);
#1265=LINE('',#12558,#1809);
#1266=LINE('',#12581,#1810);
#1267=LINE('',#12604,#1811);
#1268=LINE('',#12627,#1812);
#1269=LINE('',#12635,#1813);
#1270=LINE('',#12637,#1814);
#1271=LINE('',#12638,#1815);
#1272=LINE('',#12641,#1816);
#1273=LINE('',#12643,#1817);
#1274=LINE('',#12644,#1818);
#1275=LINE('',#12647,#1819);
#1276=LINE('',#12649,#1820);
#1277=LINE('',#12650,#1821);
#1278=LINE('',#12668,#1822);
#1279=LINE('',#12691,#1823);
#1280=LINE('',#12714,#1824);
#1281=LINE('',#12737,#1825);
#1282=LINE('',#12745,#1826);
#1283=LINE('',#12747,#1827);
#1284=LINE('',#12748,#1828);
#1285=LINE('',#12751,#1829);
#1286=LINE('',#12753,#1830);
#1287=LINE('',#12754,#1831);
#1288=LINE('',#12757,#1832);
#1289=LINE('',#12759,#1833);
#1290=LINE('',#12760,#1834);
#1291=LINE('',#12778,#1835);
#1292=LINE('',#12801,#1836);
#1293=LINE('',#12824,#1837);
#1294=LINE('',#12847,#1838);
#1295=LINE('',#12870,#1839);
#1296=LINE('',#12893,#1840);
#1297=LINE('',#12916,#1841);
#1298=LINE('',#12939,#1842);
#1299=LINE('',#12947,#1843);
#1300=LINE('',#12949,#1844);
#1301=LINE('',#12950,#1845);
#1302=LINE('',#12953,#1846);
#1303=LINE('',#12955,#1847);
#1304=LINE('',#12956,#1848);
#1305=LINE('',#12958,#1849);
#1306=LINE('',#12959,#1850);
#1307=LINE('',#12979,#1851);
#1308=LINE('',#12986,#1852);
#1309=LINE('',#13004,#1853);
#1310=LINE('',#13027,#1854);
#1311=LINE('',#13050,#1855);
#1312=LINE('',#13057,#1856);
#1313=LINE('',#13058,#1857);
#1314=LINE('',#13077,#1858);
#1315=LINE('',#13084,#1859);
#1316=LINE('',#13102,#1860);
#1317=LINE('',#13125,#1861);
#1318=LINE('',#13148,#1862);
#1319=LINE('',#13171,#1863);
#1320=LINE('',#13194,#1864);
#1321=LINE('',#13217,#1865);
#1322=LINE('',#13240,#1866);
#1323=LINE('',#13263,#1867);
#1324=LINE('',#13286,#1868);
#1325=LINE('',#13294,#1869);
#1326=LINE('',#13296,#1870);
#1327=LINE('',#13297,#1871);
#1328=LINE('',#13315,#1872);
#1329=LINE('',#13338,#1873);
#1330=LINE('',#13361,#1874);
#1331=LINE('',#13384,#1875);
#1332=LINE('',#13392,#1876);
#1333=LINE('',#13394,#1877);
#1334=LINE('',#13395,#1878);
#1335=LINE('',#13397,#1879);
#1336=LINE('',#13398,#1880);
#1337=LINE('',#13403,#1881);
#1338=LINE('',#13405,#1882);
#1339=LINE('',#13407,#1883);
#1340=LINE('',#13408,#1884);
#1341=LINE('',#13411,#1885);
#1342=LINE('',#13413,#1886);
#1343=LINE('',#13414,#1887);
#1344=LINE('',#13417,#1888);
#1345=LINE('',#13419,#1889);
#1346=LINE('',#13420,#1890);
#1347=LINE('',#13423,#1891);
#1348=LINE('',#13425,#1892);
#1349=LINE('',#13426,#1893);
#1350=LINE('',#13429,#1894);
#1351=LINE('',#13431,#1895);
#1352=LINE('',#13432,#1896);
#1353=LINE('',#13435,#1897);
#1354=LINE('',#13437,#1898);
#1355=LINE('',#13438,#1899);
#1356=LINE('',#13441,#1900);
#1357=LINE('',#13443,#1901);
#1358=LINE('',#13444,#1902);
#1359=LINE('',#13446,#1903);
#1360=LINE('',#13447,#1904);
#1361=LINE('',#13463,#1905);
#1362=LINE('',#13466,#1906);
#1363=LINE('',#13469,#1907);
#1364=LINE('',#13471,#1908);
#1365=LINE('',#13472,#1909);
#1366=LINE('',#13475,#1910);
#1367=LINE('',#13479,#1911);
#1368=LINE('',#13483,#1912);
#1369=LINE('',#13487,#1913);
#1370=LINE('',#13491,#1914);
#1371=LINE('',#13492,#1915);
#1372=LINE('',#13495,#1916);
#1373=LINE('',#13498,#1917);
#1374=LINE('',#13500,#1918);
#1375=LINE('',#13503,#1919);
#1376=LINE('',#13506,#1920);
#1377=VECTOR('',#6891,12.5);
#1378=VECTOR('',#6904,12.5);
#1379=VECTOR('',#6911,10.);
#1380=VECTOR('',#6912,10.);
#1381=VECTOR('',#6913,10.);
#1382=VECTOR('',#6914,10.);
#1383=VECTOR('',#6917,10.);
#1384=VECTOR('',#6918,10.);
#1385=VECTOR('',#6919,10.);
#1386=VECTOR('',#6920,10.);
#1387=VECTOR('',#6921,10.);
#1388=VECTOR('',#6922,10.);
#1389=VECTOR('',#6923,10.);
#1390=VECTOR('',#6926,10.);
#1391=VECTOR('',#6927,10.);
#1392=VECTOR('',#6928,10.);
#1393=VECTOR('',#6931,10.);
#1394=VECTOR('',#6932,10.);
#1395=VECTOR('',#6933,10.);
#1396=VECTOR('',#6936,10.);
#1397=VECTOR('',#6937,10.);
#1398=VECTOR('',#6938,10.);
#1399=VECTOR('',#6939,10.);
#1400=VECTOR('',#6940,10.);
#1401=VECTOR('',#6941,10.);
#1402=VECTOR('',#6942,10.);
#1403=VECTOR('',#6945,10.);
#1404=VECTOR('',#6946,10.);
#1405=VECTOR('',#6947,10.);
#1406=VECTOR('',#6950,10.);
#1407=VECTOR('',#6951,10.);
#1408=VECTOR('',#6952,10.);
#1409=VECTOR('',#6955,10.);
#1410=VECTOR('',#6956,10.);
#1411=VECTOR('',#6961,10.);
#1412=VECTOR('',#6962,10.);
#1413=VECTOR('',#6963,10.);
#1414=VECTOR('',#6964,10.);
#1415=VECTOR('',#6967,10.);
#1416=VECTOR('',#6968,10.);
#1417=VECTOR('',#6969,10.);
#1418=VECTOR('',#6970,10.);
#1419=VECTOR('',#6971,10.);
#1420=VECTOR('',#6972,10.);
#1421=VECTOR('',#6975,10.);
#1422=VECTOR('',#6976,10.);
#1423=VECTOR('',#6977,10.);
#1424=VECTOR('',#6978,10.);
#1425=VECTOR('',#6979,10.);
#1426=VECTOR('',#6980,10.);
#1427=VECTOR('',#6983,10.);
#1428=VECTOR('',#6984,10.);
#1429=VECTOR('',#6985,10.);
#1430=VECTOR('',#6988,10.);
#1431=VECTOR('',#6989,10.);
#1432=VECTOR('',#6990,10.);
#1433=VECTOR('',#6993,10.);
#1434=VECTOR('',#6994,10.);
#1435=VECTOR('',#6997,10.);
#1436=VECTOR('',#6998,10.);
#1437=VECTOR('',#6999,10.);
#1438=VECTOR('',#7000,10.);
#1439=VECTOR('',#7001,10.);
#1440=VECTOR('',#7002,10.);
#1441=VECTOR('',#7003,10.);
#1442=VECTOR('',#7004,10.);
#1443=VECTOR('',#7005,10.);
#1444=VECTOR('',#7008,10.);
#1445=VECTOR('',#7009,10.);
#1446=VECTOR('',#7010,10.);
#1447=VECTOR('',#7011,10.);
#1448=VECTOR('',#7012,10.);
#1449=VECTOR('',#7013,10.);
#1450=VECTOR('',#7014,10.);
#1451=VECTOR('',#7015,10.);
#1452=VECTOR('',#7016,10.);
#1453=VECTOR('',#7017,10.);
#1454=VECTOR('',#7018,10.);
#1455=VECTOR('',#7019,10.);
#1456=VECTOR('',#7020,10.);
#1457=VECTOR('',#7021,10.);
#1458=VECTOR('',#7022,10.);
#1459=VECTOR('',#7023,10.);
#1460=VECTOR('',#7026,10.);
#1461=VECTOR('',#7027,10.);
#1462=VECTOR('',#7028,10.);
#1463=VECTOR('',#7029,10.);
#1464=VECTOR('',#7030,10.);
#1465=VECTOR('',#7033,10.);
#1466=VECTOR('',#7034,10.);
#1467=VECTOR('',#7035,10.);
#1468=VECTOR('',#7036,10.);
#1469=VECTOR('',#7037,10.);
#1470=VECTOR('',#7038,10.);
#1471=VECTOR('',#7039,10.);
#1472=VECTOR('',#7040,10.);
#1473=VECTOR('',#7041,10.);
#1474=VECTOR('',#7042,10.);
#1475=VECTOR('',#7043,10.);
#1476=VECTOR('',#7046,10.);
#1477=VECTOR('',#7047,10.);
#1478=VECTOR('',#7048,10.);
#1479=VECTOR('',#7053,10.);
#1480=VECTOR('',#7054,10.);
#1481=VECTOR('',#7055,10.);
#1482=VECTOR('',#7056,10.);
#1483=VECTOR('',#7057,10.);
#1484=VECTOR('',#7058,10.);
#1485=VECTOR('',#7059,10.);
#1486=VECTOR('',#7060,10.);
#1487=VECTOR('',#7063,10.);
#1488=VECTOR('',#7064,10.);
#1489=VECTOR('',#7065,10.);
#1490=VECTOR('',#7068,10.);
#1491=VECTOR('',#7069,10.);
#1492=VECTOR('',#7072,10.);
#1493=VECTOR('',#7073,10.);
#1494=VECTOR('',#7074,10.);
#1495=VECTOR('',#7075,10.);
#1496=VECTOR('',#7078,10.);
#1497=VECTOR('',#7079,10.);
#1498=VECTOR('',#7080,10.);
#1499=VECTOR('',#7083,10.);
#1500=VECTOR('',#7084,10.);
#1501=VECTOR('',#7085,10.);
#1502=VECTOR('',#7086,10.);
#1503=VECTOR('',#7087,10.);
#1504=VECTOR('',#7088,10.);
#1505=VECTOR('',#7089,10.);
#1506=VECTOR('',#7092,10.);
#1507=VECTOR('',#7093,10.);
#1508=VECTOR('',#7094,10.);
#1509=VECTOR('',#7097,10.);
#1510=VECTOR('',#7098,10.);
#1511=VECTOR('',#7103,10.);
#1512=VECTOR('',#7104,10.);
#1513=VECTOR('',#7105,10.);
#1514=VECTOR('',#7106,10.);
#1515=VECTOR('',#7109,10.);
#1516=VECTOR('',#7110,10.);
#1517=VECTOR('',#7111,10.);
#1518=VECTOR('',#7112,10.);
#1519=VECTOR('',#7113,10.);
#1520=VECTOR('',#7114,10.);
#1521=VECTOR('',#7117,10.);
#1522=VECTOR('',#7118,10.);
#1523=VECTOR('',#7119,10.);
#1524=VECTOR('',#7120,10.);
#1525=VECTOR('',#7121,10.);
#1526=VECTOR('',#7122,10.);
#1527=VECTOR('',#7125,10.);
#1528=VECTOR('',#7126,10.);
#1529=VECTOR('',#7127,10.);
#1530=VECTOR('',#7130,10.);
#1531=VECTOR('',#7131,10.);
#1532=VECTOR('',#7132,10.);
#1533=VECTOR('',#7135,10.);
#1534=VECTOR('',#7136,10.);
#1535=VECTOR('',#7139,10.);
#1536=VECTOR('',#7140,10.);
#1537=VECTOR('',#7141,10.);
#1538=VECTOR('',#7142,10.);
#1539=VECTOR('',#7143,10.);
#1540=VECTOR('',#7146,10.);
#1541=VECTOR('',#7147,10.);
#1542=VECTOR('',#7148,10.);
#1543=VECTOR('',#7149,10.);
#1544=VECTOR('',#7150,10.);
#1545=VECTOR('',#7151,10.);
#1546=VECTOR('',#7152,10.);
#1547=VECTOR('',#7153,10.);
#1548=VECTOR('',#7154,10.);
#1549=VECTOR('',#7155,10.);
#1550=VECTOR('',#7156,10.);
#1551=VECTOR('',#7157,10.);
#1552=VECTOR('',#7158,10.);
#1553=VECTOR('',#7161,10.);
#1554=VECTOR('',#7162,10.);
#1555=VECTOR('',#7163,10.);
#1556=VECTOR('',#7164,10.);
#1557=VECTOR('',#7165,10.);
#1558=VECTOR('',#7166,10.);
#1559=VECTOR('',#7167,10.);
#1560=VECTOR('',#7170,10.);
#1561=VECTOR('',#7171,10.);
#1562=VECTOR('',#7172,10.);
#1563=VECTOR('',#7175,10.);
#1564=VECTOR('',#7176,10.);
#1565=VECTOR('',#7181,10.);
#1566=VECTOR('',#7182,10.);
#1567=VECTOR('',#7183,10.);
#1568=VECTOR('',#7184,10.);
#1569=VECTOR('',#7187,10.);
#1570=VECTOR('',#7188,10.);
#1571=VECTOR('',#7189,10.);
#1572=VECTOR('',#7192,10.);
#1573=VECTOR('',#7193,10.);
#1574=VECTOR('',#7194,10.);
#1575=VECTOR('',#7197,10.);
#1576=VECTOR('',#7198,10.);
#1577=VECTOR('',#7199,10.);
#1578=VECTOR('',#7202,10.);
#1579=VECTOR('',#7203,10.);
#1580=VECTOR('',#7204,10.);
#1581=VECTOR('',#7207,10.);
#1582=VECTOR('',#7208,10.);
#1583=VECTOR('',#7209,10.);
#1584=VECTOR('',#7212,10.);
#1585=VECTOR('',#7213,10.);
#1586=VECTOR('',#7214,10.);
#1587=VECTOR('',#7217,10.);
#1588=VECTOR('',#7218,10.);
#1589=VECTOR('',#7219,10.);
#1590=VECTOR('',#7222,10.);
#1591=VECTOR('',#7223,10.);
#1592=VECTOR('',#7224,10.);
#1593=VECTOR('',#7227,10.);
#1594=VECTOR('',#7228,10.);
#1595=VECTOR('',#7229,10.);
#1596=VECTOR('',#7232,10.);
#1597=VECTOR('',#7233,10.);
#1598=VECTOR('',#7234,10.);
#1599=VECTOR('',#7237,10.);
#1600=VECTOR('',#7238,10.);
#1601=VECTOR('',#7243,10.);
#1602=VECTOR('',#7244,10.);
#1603=VECTOR('',#7245,10.);
#1604=VECTOR('',#7246,10.);
#1605=VECTOR('',#7249,10.);
#1606=VECTOR('',#7250,10.);
#1607=VECTOR('',#7251,10.);
#1608=VECTOR('',#7254,10.);
#1609=VECTOR('',#7255,10.);
#1610=VECTOR('',#7256,10.);
#1611=VECTOR('',#7259,10.);
#1612=VECTOR('',#7260,10.);
#1613=VECTOR('',#7263,10.);
#1614=VECTOR('',#7264,10.);
#1615=VECTOR('',#7265,10.);
#1616=VECTOR('',#7266,10.);
#1617=VECTOR('',#7267,10.);
#1618=VECTOR('',#7270,10.);
#1619=VECTOR('',#7271,10.);
#1620=VECTOR('',#7272,10.);
#1621=VECTOR('',#7273,10.);
#1622=VECTOR('',#7274,10.);
#1623=VECTOR('',#7275,10.);
#1624=VECTOR('',#7276,10.);
#1625=VECTOR('',#7277,10.);
#1626=VECTOR('',#7278,10.);
#1627=VECTOR('',#7279,10.);
#1628=VECTOR('',#7280,10.);
#1629=VECTOR('',#7281,10.);
#1630=VECTOR('',#7282,10.);
#1631=VECTOR('',#7285,10.);
#1632=VECTOR('',#7286,10.);
#1633=VECTOR('',#7287,10.);
#1634=VECTOR('',#7288,10.);
#1635=VECTOR('',#7289,10.);
#1636=VECTOR('',#7290,10.);
#1637=VECTOR('',#7291,10.);
#1638=VECTOR('',#7294,10.);
#1639=VECTOR('',#7295,10.);
#1640=VECTOR('',#7296,10.);
#1641=VECTOR('',#7299,10.);
#1642=VECTOR('',#7300,10.);
#1643=VECTOR('',#7303,10.);
#1644=VECTOR('',#7304,10.);
#1645=VECTOR('',#7305,10.);
#1646=VECTOR('',#7306,10.);
#1647=VECTOR('',#7307,10.);
#1648=VECTOR('',#7308,10.);
#1649=VECTOR('',#7309,10.);
#1650=VECTOR('',#7310,10.);
#1651=VECTOR('',#7313,10.);
#1652=VECTOR('',#7314,10.);
#1653=VECTOR('',#7315,10.);
#1654=VECTOR('',#7316,10.);
#1655=VECTOR('',#7317,10.);
#1656=VECTOR('',#7318,10.);
#1657=VECTOR('',#7319,10.);
#1658=VECTOR('',#7320,10.);
#1659=VECTOR('',#7321,10.);
#1660=VECTOR('',#7322,10.);
#1661=VECTOR('',#7323,10.);
#1662=VECTOR('',#7324,10.);
#1663=VECTOR('',#7327,10.);
#1664=VECTOR('',#7328,10.);
#1665=VECTOR('',#7329,10.);
#1666=VECTOR('',#7332,10.);
#1667=VECTOR('',#7333,10.);
#1668=VECTOR('',#7334,10.);
#1669=VECTOR('',#7337,10.);
#1670=VECTOR('',#7338,10.);
#1671=VECTOR('',#7339,10.);
#1672=VECTOR('',#7342,10.);
#1673=VECTOR('',#7343,10.);
#1674=VECTOR('',#7346,10.);
#1675=VECTOR('',#7347,10.);
#1676=VECTOR('',#7348,10.);
#1677=VECTOR('',#7349,10.);
#1678=VECTOR('',#7350,10.);
#1679=VECTOR('',#7351,10.);
#1680=VECTOR('',#7352,10.);
#1681=VECTOR('',#7353,10.);
#1682=VECTOR('',#7354,10.);
#1683=VECTOR('',#7355,10.);
#1684=VECTOR('',#7356,10.);
#1685=VECTOR('',#7357,10.);
#1686=VECTOR('',#7358,10.);
#1687=VECTOR('',#7359,10.);
#1688=VECTOR('',#7360,10.);
#1689=VECTOR('',#7361,10.);
#1690=VECTOR('',#7366,10.);
#1691=VECTOR('',#7367,10.);
#1692=VECTOR('',#7368,10.);
#1693=VECTOR('',#7369,10.);
#1694=VECTOR('',#7372,10.);
#1695=VECTOR('',#7373,10.);
#1696=VECTOR('',#7374,10.);
#1697=VECTOR('',#7375,10.);
#1698=VECTOR('',#7376,10.);
#1699=VECTOR('',#7377,10.);
#1700=VECTOR('',#7380,10.);
#1701=VECTOR('',#7381,10.);
#1702=VECTOR('',#7382,10.);
#1703=VECTOR('',#7383,10.);
#1704=VECTOR('',#7384,10.);
#1705=VECTOR('',#7385,10.);
#1706=VECTOR('',#7388,10.);
#1707=VECTOR('',#7389,10.);
#1708=VECTOR('',#7390,10.);
#1709=VECTOR('',#7393,10.);
#1710=VECTOR('',#7394,10.);
#1711=VECTOR('',#7395,10.);
#1712=VECTOR('',#7398,10.);
#1713=VECTOR('',#7399,10.);
#1714=VECTOR('',#7402,10.);
#1715=VECTOR('',#7403,10.);
#1716=VECTOR('',#7404,10.);
#1717=VECTOR('',#7405,10.);
#1718=VECTOR('',#7406,10.);
#1719=VECTOR('',#7407,10.);
#1720=VECTOR('',#7408,10.);
#1721=VECTOR('',#7409,10.);
#1722=VECTOR('',#7412,10.);
#1723=VECTOR('',#7413,10.);
#1724=VECTOR('',#7414,10.);
#1725=VECTOR('',#7415,10.);
#1726=VECTOR('',#7416,10.);
#1727=VECTOR('',#7417,10.);
#1728=VECTOR('',#7418,10.);
#1729=VECTOR('',#7419,10.);
#1730=VECTOR('',#7420,10.);
#1731=VECTOR('',#7421,10.);
#1732=VECTOR('',#7422,10.);
#1733=VECTOR('',#7423,10.);
#1734=VECTOR('',#7426,10.);
#1735=VECTOR('',#7427,10.);
#1736=VECTOR('',#7428,10.);
#1737=VECTOR('',#7431,10.);
#1738=VECTOR('',#7432,10.);
#1739=VECTOR('',#7433,10.);
#1740=VECTOR('',#7436,10.);
#1741=VECTOR('',#7437,10.);
#1742=VECTOR('',#7438,10.);
#1743=VECTOR('',#7441,10.);
#1744=VECTOR('',#7442,10.);
#1745=VECTOR('',#7445,10.);
#1746=VECTOR('',#7446,10.);
#1747=VECTOR('',#7447,10.);
#1748=VECTOR('',#7448,10.);
#1749=VECTOR('',#7449,10.);
#1750=VECTOR('',#7450,10.);
#1751=VECTOR('',#7451,10.);
#1752=VECTOR('',#7452,10.);
#1753=VECTOR('',#7453,10.);
#1754=VECTOR('',#7456,10.);
#1755=VECTOR('',#7457,10.);
#1756=VECTOR('',#7458,10.);
#1757=VECTOR('',#7459,10.);
#1758=VECTOR('',#7460,10.);
#1759=VECTOR('',#7461,10.);
#1760=VECTOR('',#7462,10.);
#1761=VECTOR('',#7463,10.);
#1762=VECTOR('',#7464,10.);
#1763=VECTOR('',#7465,10.);
#1764=VECTOR('',#7466,10.);
#1765=VECTOR('',#7467,10.);
#1766=VECTOR('',#7468,10.);
#1767=VECTOR('',#7469,10.);
#1768=VECTOR('',#7470,10.);
#1769=VECTOR('',#7471,10.);
#1770=VECTOR('',#7474,10.);
#1771=VECTOR('',#7475,10.);
#1772=VECTOR('',#7476,10.);
#1773=VECTOR('',#7477,10.);
#1774=VECTOR('',#7478,10.);
#1775=VECTOR('',#7481,10.);
#1776=VECTOR('',#7482,10.);
#1777=VECTOR('',#7483,10.);
#1778=VECTOR('',#7484,10.);
#1779=VECTOR('',#7485,10.);
#1780=VECTOR('',#7486,10.);
#1781=VECTOR('',#7487,10.);
#1782=VECTOR('',#7488,10.);
#1783=VECTOR('',#7489,10.);
#1784=VECTOR('',#7490,10.);
#1785=VECTOR('',#7491,10.);
#1786=VECTOR('',#7494,10.);
#1787=VECTOR('',#7495,10.);
#1788=VECTOR('',#7496,10.);
#1789=VECTOR('',#7501,10.);
#1790=VECTOR('',#7502,10.);
#1791=VECTOR('',#7503,10.);
#1792=VECTOR('',#7504,10.);
#1793=VECTOR('',#7507,10.);
#1794=VECTOR('',#7508,10.);
#1795=VECTOR('',#7509,10.);
#1796=VECTOR('',#7512,10.);
#1797=VECTOR('',#7513,10.);
#1798=VECTOR('',#7514,10.);
#1799=VECTOR('',#7517,10.);
#1800=VECTOR('',#7518,10.);
#1801=VECTOR('',#7523,10.);
#1802=VECTOR('',#7524,10.);
#1803=VECTOR('',#7525,10.);
#1804=VECTOR('',#7526,10.);
#1805=VECTOR('',#7529,10.);
#1806=VECTOR('',#7530,10.);
#1807=VECTOR('',#7531,10.);
#1808=VECTOR('',#7532,10.);
#1809=VECTOR('',#7533,10.);
#1810=VECTOR('',#7534,10.);
#1811=VECTOR('',#7535,10.);
#1812=VECTOR('',#7536,10.);
#1813=VECTOR('',#7539,10.);
#1814=VECTOR('',#7540,10.);
#1815=VECTOR('',#7541,10.);
#1816=VECTOR('',#7544,10.);
#1817=VECTOR('',#7545,10.);
#1818=VECTOR('',#7546,10.);
#1819=VECTOR('',#7549,10.);
#1820=VECTOR('',#7550,10.);
#1821=VECTOR('',#7551,10.);
#1822=VECTOR('',#7552,10.);
#1823=VECTOR('',#7553,10.);
#1824=VECTOR('',#7554,10.);
#1825=VECTOR('',#7555,10.);
#1826=VECTOR('',#7558,10.);
#1827=VECTOR('',#7559,10.);
#1828=VECTOR('',#7560,10.);
#1829=VECTOR('',#7563,10.);
#1830=VECTOR('',#7564,10.);
#1831=VECTOR('',#7565,10.);
#1832=VECTOR('',#7568,10.);
#1833=VECTOR('',#7569,10.);
#1834=VECTOR('',#7570,10.);
#1835=VECTOR('',#7571,10.);
#1836=VECTOR('',#7572,10.);
#1837=VECTOR('',#7573,10.);
#1838=VECTOR('',#7574,10.);
#1839=VECTOR('',#7575,10.);
#1840=VECTOR('',#7576,10.);
#1841=VECTOR('',#7577,10.);
#1842=VECTOR('',#7578,10.);
#1843=VECTOR('',#7581,10.);
#1844=VECTOR('',#7582,10.);
#1845=VECTOR('',#7583,10.);
#1846=VECTOR('',#7586,10.);
#1847=VECTOR('',#7587,10.);
#1848=VECTOR('',#7588,10.);
#1849=VECTOR('',#7591,10.);
#1850=VECTOR('',#7592,10.);
#1851=VECTOR('',#7595,10.);
#1852=VECTOR('',#7596,10.);
#1853=VECTOR('',#7597,10.);
#1854=VECTOR('',#7598,10.);
#1855=VECTOR('',#7599,10.);
#1856=VECTOR('',#7602,10.);
#1857=VECTOR('',#7603,10.);
#1858=VECTOR('',#7604,10.);
#1859=VECTOR('',#7605,10.);
#1860=VECTOR('',#7606,10.);
#1861=VECTOR('',#7607,10.);
#1862=VECTOR('',#7608,10.);
#1863=VECTOR('',#7609,10.);
#1864=VECTOR('',#7610,10.);
#1865=VECTOR('',#7611,10.);
#1866=VECTOR('',#7612,10.);
#1867=VECTOR('',#7613,10.);
#1868=VECTOR('',#7614,10.);
#1869=VECTOR('',#7617,10.);
#1870=VECTOR('',#7618,10.);
#1871=VECTOR('',#7619,10.);
#1872=VECTOR('',#7620,10.);
#1873=VECTOR('',#7621,10.);
#1874=VECTOR('',#7622,10.);
#1875=VECTOR('',#7623,10.);
#1876=VECTOR('',#7626,10.);
#1877=VECTOR('',#7627,10.);
#1878=VECTOR('',#7628,10.);
#1879=VECTOR('',#7631,10.);
#1880=VECTOR('',#7632,10.);
#1881=VECTOR('',#7637,10.);
#1882=VECTOR('',#7638,10.);
#1883=VECTOR('',#7639,10.);
#1884=VECTOR('',#7640,10.);
#1885=VECTOR('',#7643,10.);
#1886=VECTOR('',#7644,10.);
#1887=VECTOR('',#7645,10.);
#1888=VECTOR('',#7648,10.);
#1889=VECTOR('',#7649,10.);
#1890=VECTOR('',#7650,10.);
#1891=VECTOR('',#7653,10.);
#1892=VECTOR('',#7654,10.);
#1893=VECTOR('',#7655,10.);
#1894=VECTOR('',#7658,10.);
#1895=VECTOR('',#7659,10.);
#1896=VECTOR('',#7660,10.);
#1897=VECTOR('',#7663,10.);
#1898=VECTOR('',#7664,10.);
#1899=VECTOR('',#7665,10.);
#1900=VECTOR('',#7668,10.);
#1901=VECTOR('',#7669,10.);
#1902=VECTOR('',#7670,10.);
#1903=VECTOR('',#7673,10.);
#1904=VECTOR('',#7674,10.);
#1905=VECTOR('',#7699,10.);
#1906=VECTOR('',#7702,10.);
#1907=VECTOR('',#7705,10.);
#1908=VECTOR('',#7706,10.);
#1909=VECTOR('',#7707,10.);
#1910=VECTOR('',#7710,10.);
#1911=VECTOR('',#7713,10.);
#1912=VECTOR('',#7716,10.);
#1913=VECTOR('',#7721,10.);
#1914=VECTOR('',#7726,10.);
#1915=VECTOR('',#7727,10.);
#1916=VECTOR('',#7730,10.);
#1917=VECTOR('',#7733,10.);
#1918=VECTOR('',#7736,10.);
#1919=VECTOR('',#7739,10.);
#1920=VECTOR('',#7744,10.);
#1921=CYLINDRICAL_SURFACE('',#6724,12.5);
#1922=CYLINDRICAL_SURFACE('',#6730,12.5);
#1923=CYLINDRICAL_SURFACE('',#6863,10.);
#1924=CYLINDRICAL_SURFACE('',#6871,10.);
#1925=CYLINDRICAL_SURFACE('',#6874,10.);
#1926=CYLINDRICAL_SURFACE('',#6877,10.);
#1927=FACE_OUTER_BOUND('',#2290,.T.);
#1928=FACE_OUTER_BOUND('',#2291,.T.);
#1929=FACE_OUTER_BOUND('',#2292,.T.);
#1930=FACE_OUTER_BOUND('',#2293,.T.);
#1931=FACE_OUTER_BOUND('',#2294,.T.);
#1932=FACE_OUTER_BOUND('',#2295,.T.);
#1933=FACE_OUTER_BOUND('',#2296,.T.);
#1934=FACE_OUTER_BOUND('',#2297,.T.);
#1935=FACE_OUTER_BOUND('',#2298,.T.);
#1936=FACE_OUTER_BOUND('',#2299,.T.);
#1937=FACE_OUTER_BOUND('',#2300,.T.);
#1938=FACE_OUTER_BOUND('',#2301,.T.);
#1939=FACE_OUTER_BOUND('',#2302,.T.);
#1940=FACE_OUTER_BOUND('',#2303,.T.);
#1941=FACE_OUTER_BOUND('',#2304,.T.);
#1942=FACE_OUTER_BOUND('',#2305,.T.);
#1943=FACE_OUTER_BOUND('',#2306,.T.);
#1944=FACE_OUTER_BOUND('',#2307,.T.);
#1945=FACE_OUTER_BOUND('',#2308,.T.);
#1946=FACE_OUTER_BOUND('',#2309,.T.);
#1947=FACE_OUTER_BOUND('',#2310,.T.);
#1948=FACE_OUTER_BOUND('',#2311,.T.);
#1949=FACE_OUTER_BOUND('',#2312,.T.);
#1950=FACE_OUTER_BOUND('',#2313,.T.);
#1951=FACE_OUTER_BOUND('',#2314,.T.);
#1952=FACE_OUTER_BOUND('',#2315,.T.);
#1953=FACE_OUTER_BOUND('',#2316,.T.);
#1954=FACE_OUTER_BOUND('',#2317,.T.);
#1955=FACE_OUTER_BOUND('',#2318,.T.);
#1956=FACE_OUTER_BOUND('',#2319,.T.);
#1957=FACE_OUTER_BOUND('',#2320,.T.);
#1958=FACE_OUTER_BOUND('',#2321,.T.);
#1959=FACE_OUTER_BOUND('',#2322,.T.);
#1960=FACE_OUTER_BOUND('',#2323,.T.);
#1961=FACE_OUTER_BOUND('',#2324,.T.);
#1962=FACE_OUTER_BOUND('',#2325,.T.);
#1963=FACE_OUTER_BOUND('',#2326,.T.);
#1964=FACE_OUTER_BOUND('',#2327,.T.);
#1965=FACE_OUTER_BOUND('',#2328,.T.);
#1966=FACE_OUTER_BOUND('',#2329,.T.);
#1967=FACE_OUTER_BOUND('',#2330,.T.);
#1968=FACE_OUTER_BOUND('',#2331,.T.);
#1969=FACE_OUTER_BOUND('',#2332,.T.);
#1970=FACE_OUTER_BOUND('',#2333,.T.);
#1971=FACE_OUTER_BOUND('',#2334,.T.);
#1972=FACE_OUTER_BOUND('',#2335,.T.);
#1973=FACE_OUTER_BOUND('',#2336,.T.);
#1974=FACE_OUTER_BOUND('',#2337,.T.);
#1975=FACE_OUTER_BOUND('',#2338,.T.);
#1976=FACE_OUTER_BOUND('',#2339,.T.);
#1977=FACE_OUTER_BOUND('',#2340,.T.);
#1978=FACE_OUTER_BOUND('',#2341,.T.);
#1979=FACE_OUTER_BOUND('',#2342,.T.);
#1980=FACE_OUTER_BOUND('',#2343,.T.);
#1981=FACE_OUTER_BOUND('',#2344,.T.);
#1982=FACE_OUTER_BOUND('',#2345,.T.);
#1983=FACE_OUTER_BOUND('',#2346,.T.);
#1984=FACE_OUTER_BOUND('',#2347,.T.);
#1985=FACE_OUTER_BOUND('',#2348,.T.);
#1986=FACE_OUTER_BOUND('',#2349,.T.);
#1987=FACE_OUTER_BOUND('',#2350,.T.);
#1988=FACE_OUTER_BOUND('',#2351,.T.);
#1989=FACE_OUTER_BOUND('',#2352,.T.);
#1990=FACE_OUTER_BOUND('',#2353,.T.);
#1991=FACE_OUTER_BOUND('',#2354,.T.);
#1992=FACE_OUTER_BOUND('',#2355,.T.);
#1993=FACE_OUTER_BOUND('',#2356,.T.);
#1994=FACE_OUTER_BOUND('',#2357,.T.);
#1995=FACE_OUTER_BOUND('',#2358,.T.);
#1996=FACE_OUTER_BOUND('',#2359,.T.);
#1997=FACE_OUTER_BOUND('',#2360,.T.);
#1998=FACE_OUTER_BOUND('',#2361,.T.);
#1999=FACE_OUTER_BOUND('',#2362,.T.);
#2000=FACE_OUTER_BOUND('',#2364,.T.);
#2001=FACE_OUTER_BOUND('',#2365,.T.);
#2002=FACE_OUTER_BOUND('',#2366,.T.);
#2003=FACE_OUTER_BOUND('',#2367,.T.);
#2004=FACE_OUTER_BOUND('',#2368,.T.);
#2005=FACE_OUTER_BOUND('',#2369,.T.);
#2006=FACE_OUTER_BOUND('',#2370,.T.);
#2007=FACE_OUTER_BOUND('',#2371,.T.);
#2008=FACE_OUTER_BOUND('',#2372,.T.);
#2009=FACE_OUTER_BOUND('',#2373,.T.);
#2010=FACE_OUTER_BOUND('',#2374,.T.);
#2011=FACE_OUTER_BOUND('',#2375,.T.);
#2012=FACE_OUTER_BOUND('',#2376,.T.);
#2013=FACE_OUTER_BOUND('',#2377,.T.);
#2014=FACE_OUTER_BOUND('',#2378,.T.);
#2015=FACE_OUTER_BOUND('',#2379,.T.);
#2016=FACE_OUTER_BOUND('',#2380,.T.);
#2017=FACE_OUTER_BOUND('',#2382,.T.);
#2018=FACE_OUTER_BOUND('',#2383,.T.);
#2019=FACE_OUTER_BOUND('',#2384,.T.);
#2020=FACE_OUTER_BOUND('',#2385,.T.);
#2021=FACE_OUTER_BOUND('',#2386,.T.);
#2022=FACE_OUTER_BOUND('',#2387,.T.);
#2023=FACE_OUTER_BOUND('',#2388,.T.);
#2024=FACE_OUTER_BOUND('',#2389,.T.);
#2025=FACE_OUTER_BOUND('',#2390,.T.);
#2026=FACE_OUTER_BOUND('',#2391,.T.);
#2027=FACE_OUTER_BOUND('',#2392,.T.);
#2028=FACE_OUTER_BOUND('',#2393,.T.);
#2029=FACE_OUTER_BOUND('',#2394,.T.);
#2030=FACE_OUTER_BOUND('',#2395,.T.);
#2031=FACE_OUTER_BOUND('',#2396,.T.);
#2032=FACE_OUTER_BOUND('',#2397,.T.);
#2033=FACE_OUTER_BOUND('',#2398,.T.);
#2034=FACE_OUTER_BOUND('',#2399,.T.);
#2035=FACE_OUTER_BOUND('',#2400,.T.);
#2036=FACE_OUTER_BOUND('',#2401,.T.);
#2037=FACE_OUTER_BOUND('',#2402,.T.);
#2038=FACE_OUTER_BOUND('',#2403,.T.);
#2039=FACE_OUTER_BOUND('',#2404,.T.);
#2040=FACE_OUTER_BOUND('',#2405,.T.);
#2041=FACE_OUTER_BOUND('',#2406,.T.);
#2042=FACE_OUTER_BOUND('',#2407,.T.);
#2043=FACE_OUTER_BOUND('',#2408,.T.);
#2044=FACE_OUTER_BOUND('',#2409,.T.);
#2045=FACE_OUTER_BOUND('',#2410,.T.);
#2046=FACE_OUTER_BOUND('',#2411,.T.);
#2047=FACE_OUTER_BOUND('',#2412,.T.);
#2048=FACE_OUTER_BOUND('',#2413,.T.);
#2049=FACE_OUTER_BOUND('',#2414,.T.);
#2050=FACE_OUTER_BOUND('',#2415,.T.);
#2051=FACE_OUTER_BOUND('',#2416,.T.);
#2052=FACE_OUTER_BOUND('',#2417,.T.);
#2053=FACE_OUTER_BOUND('',#2419,.T.);
#2054=FACE_OUTER_BOUND('',#2420,.T.);
#2055=FACE_OUTER_BOUND('',#2421,.T.);
#2056=FACE_OUTER_BOUND('',#2422,.T.);
#2057=FACE_OUTER_BOUND('',#2423,.T.);
#2058=FACE_OUTER_BOUND('',#2424,.T.);
#2059=FACE_OUTER_BOUND('',#2425,.T.);
#2060=FACE_OUTER_BOUND('',#2426,.T.);
#2061=FACE_OUTER_BOUND('',#2427,.T.);
#2062=FACE_OUTER_BOUND('',#2428,.T.);
#2063=FACE_OUTER_BOUND('',#2429,.T.);
#2064=FACE_OUTER_BOUND('',#2430,.T.);
#2065=FACE_OUTER_BOUND('',#2431,.T.);
#2066=FACE_OUTER_BOUND('',#2432,.T.);
#2067=FACE_OUTER_BOUND('',#2433,.T.);
#2068=FACE_OUTER_BOUND('',#2434,.T.);
#2069=FACE_OUTER_BOUND('',#2435,.T.);
#2070=FACE_OUTER_BOUND('',#2436,.T.);
#2071=FACE_OUTER_BOUND('',#2437,.T.);
#2072=FACE_OUTER_BOUND('',#2438,.T.);
#2073=FACE_OUTER_BOUND('',#2439,.T.);
#2074=FACE_OUTER_BOUND('',#2440,.T.);
#2075=FACE_OUTER_BOUND('',#2441,.T.);
#2076=FACE_OUTER_BOUND('',#2442,.T.);
#2077=FACE_OUTER_BOUND('',#2443,.T.);
#2078=FACE_OUTER_BOUND('',#2444,.T.);
#2079=FACE_OUTER_BOUND('',#2445,.T.);
#2080=FACE_OUTER_BOUND('',#2446,.T.);
#2081=FACE_OUTER_BOUND('',#2447,.T.);
#2082=FACE_OUTER_BOUND('',#2448,.T.);
#2083=FACE_OUTER_BOUND('',#2449,.T.);
#2084=FACE_OUTER_BOUND('',#2450,.T.);
#2085=FACE_OUTER_BOUND('',#2451,.T.);
#2086=FACE_OUTER_BOUND('',#2452,.T.);
#2087=FACE_OUTER_BOUND('',#2453,.T.);
#2088=FACE_OUTER_BOUND('',#2454,.T.);
#2089=FACE_OUTER_BOUND('',#2455,.T.);
#2090=FACE_OUTER_BOUND('',#2456,.T.);
#2091=FACE_OUTER_BOUND('',#2457,.T.);
#2092=FACE_OUTER_BOUND('',#2458,.T.);
#2093=FACE_OUTER_BOUND('',#2459,.T.);
#2094=FACE_OUTER_BOUND('',#2461,.T.);
#2095=FACE_OUTER_BOUND('',#2462,.T.);
#2096=FACE_OUTER_BOUND('',#2463,.T.);
#2097=FACE_OUTER_BOUND('',#2464,.T.);
#2098=FACE_OUTER_BOUND('',#2465,.T.);
#2099=FACE_OUTER_BOUND('',#2466,.T.);
#2100=FACE_OUTER_BOUND('',#2467,.T.);
#2101=FACE_OUTER_BOUND('',#2468,.T.);
#2102=FACE_OUTER_BOUND('',#2469,.T.);
#2103=FACE_OUTER_BOUND('',#2470,.T.);
#2104=FACE_OUTER_BOUND('',#2471,.T.);
#2105=FACE_OUTER_BOUND('',#2472,.T.);
#2106=FACE_OUTER_BOUND('',#2473,.T.);
#2107=FACE_OUTER_BOUND('',#2474,.T.);
#2108=FACE_OUTER_BOUND('',#2475,.T.);
#2109=FACE_OUTER_BOUND('',#2476,.T.);
#2110=FACE_OUTER_BOUND('',#2477,.T.);
#2111=FACE_OUTER_BOUND('',#2478,.T.);
#2112=FACE_OUTER_BOUND('',#2479,.T.);
#2113=FACE_OUTER_BOUND('',#2480,.T.);
#2114=FACE_OUTER_BOUND('',#2481,.T.);
#2115=FACE_OUTER_BOUND('',#2482,.T.);
#2116=FACE_OUTER_BOUND('',#2484,.T.);
#2117=FACE_OUTER_BOUND('',#2485,.T.);
#2118=FACE_OUTER_BOUND('',#2486,.T.);
#2119=FACE_OUTER_BOUND('',#2487,.T.);
#2120=FACE_OUTER_BOUND('',#2488,.T.);
#2121=FACE_OUTER_BOUND('',#2489,.T.);
#2122=FACE_OUTER_BOUND('',#2490,.T.);
#2123=FACE_OUTER_BOUND('',#2491,.T.);
#2124=FACE_OUTER_BOUND('',#2492,.T.);
#2125=FACE_OUTER_BOUND('',#2493,.T.);
#2126=FACE_OUTER_BOUND('',#2494,.T.);
#2127=FACE_OUTER_BOUND('',#2495,.T.);
#2128=FACE_OUTER_BOUND('',#2496,.T.);
#2129=FACE_OUTER_BOUND('',#2497,.T.);
#2130=FACE_OUTER_BOUND('',#2498,.T.);
#2131=FACE_OUTER_BOUND('',#2499,.T.);
#2132=FACE_OUTER_BOUND('',#2500,.T.);
#2133=FACE_OUTER_BOUND('',#2502,.T.);
#2134=FACE_OUTER_BOUND('',#2503,.T.);
#2135=FACE_OUTER_BOUND('',#2504,.T.);
#2136=FACE_OUTER_BOUND('',#2505,.T.);
#2137=FACE_OUTER_BOUND('',#2506,.T.);
#2138=FACE_OUTER_BOUND('',#2507,.T.);
#2139=FACE_OUTER_BOUND('',#2508,.T.);
#2140=FACE_OUTER_BOUND('',#2509,.T.);
#2141=FACE_OUTER_BOUND('',#2510,.T.);
#2142=FACE_OUTER_BOUND('',#2511,.T.);
#2143=FACE_OUTER_BOUND('',#2512,.T.);
#2144=FACE_OUTER_BOUND('',#2513,.T.);
#2145=FACE_OUTER_BOUND('',#2514,.T.);
#2146=FACE_OUTER_BOUND('',#2515,.T.);
#2147=FACE_OUTER_BOUND('',#2516,.T.);
#2148=FACE_OUTER_BOUND('',#2517,.T.);
#2149=FACE_OUTER_BOUND('',#2518,.T.);
#2150=FACE_OUTER_BOUND('',#2519,.T.);
#2151=FACE_OUTER_BOUND('',#2520,.T.);
#2152=FACE_OUTER_BOUND('',#2521,.T.);
#2153=FACE_OUTER_BOUND('',#2522,.T.);
#2154=FACE_OUTER_BOUND('',#2523,.T.);
#2155=FACE_OUTER_BOUND('',#2524,.T.);
#2156=FACE_OUTER_BOUND('',#2525,.T.);
#2157=FACE_OUTER_BOUND('',#2526,.T.);
#2158=FACE_OUTER_BOUND('',#2527,.T.);
#2159=FACE_OUTER_BOUND('',#2528,.T.);
#2160=FACE_OUTER_BOUND('',#2529,.T.);
#2161=FACE_OUTER_BOUND('',#2530,.T.);
#2162=FACE_OUTER_BOUND('',#2531,.T.);
#2163=FACE_OUTER_BOUND('',#2532,.T.);
#2164=FACE_OUTER_BOUND('',#2533,.T.);
#2165=FACE_OUTER_BOUND('',#2534,.T.);
#2166=FACE_OUTER_BOUND('',#2535,.T.);
#2167=FACE_OUTER_BOUND('',#2536,.T.);
#2168=FACE_OUTER_BOUND('',#2538,.T.);
#2169=FACE_OUTER_BOUND('',#2539,.T.);
#2170=FACE_OUTER_BOUND('',#2540,.T.);
#2171=FACE_OUTER_BOUND('',#2541,.T.);
#2172=FACE_OUTER_BOUND('',#2542,.T.);
#2173=FACE_OUTER_BOUND('',#2543,.T.);
#2174=FACE_OUTER_BOUND('',#2544,.T.);
#2175=FACE_OUTER_BOUND('',#2545,.T.);
#2176=FACE_OUTER_BOUND('',#2546,.T.);
#2177=FACE_OUTER_BOUND('',#2547,.T.);
#2178=FACE_OUTER_BOUND('',#2548,.T.);
#2179=FACE_OUTER_BOUND('',#2549,.T.);
#2180=FACE_OUTER_BOUND('',#2550,.T.);
#2181=FACE_OUTER_BOUND('',#2551,.T.);
#2182=FACE_OUTER_BOUND('',#2552,.T.);
#2183=FACE_OUTER_BOUND('',#2553,.T.);
#2184=FACE_OUTER_BOUND('',#2554,.T.);
#2185=FACE_OUTER_BOUND('',#2555,.T.);
#2186=FACE_OUTER_BOUND('',#2556,.T.);
#2187=FACE_OUTER_BOUND('',#2557,.T.);
#2188=FACE_OUTER_BOUND('',#2558,.T.);
#2189=FACE_OUTER_BOUND('',#2559,.T.);
#2190=FACE_OUTER_BOUND('',#2560,.T.);
#2191=FACE_OUTER_BOUND('',#2561,.T.);
#2192=FACE_OUTER_BOUND('',#2562,.T.);
#2193=FACE_OUTER_BOUND('',#2563,.T.);
#2194=FACE_OUTER_BOUND('',#2564,.T.);
#2195=FACE_OUTER_BOUND('',#2565,.T.);
#2196=FACE_OUTER_BOUND('',#2566,.T.);
#2197=FACE_OUTER_BOUND('',#2567,.T.);
#2198=FACE_OUTER_BOUND('',#2568,.T.);
#2199=FACE_OUTER_BOUND('',#2569,.T.);
#2200=FACE_OUTER_BOUND('',#2570,.T.);
#2201=FACE_OUTER_BOUND('',#2571,.T.);
#2202=FACE_OUTER_BOUND('',#2572,.T.);
#2203=FACE_OUTER_BOUND('',#2573,.T.);
#2204=FACE_OUTER_BOUND('',#2574,.T.);
#2205=FACE_OUTER_BOUND('',#2576,.T.);
#2206=FACE_OUTER_BOUND('',#2577,.T.);
#2207=FACE_OUTER_BOUND('',#2578,.T.);
#2208=FACE_OUTER_BOUND('',#2579,.T.);
#2209=FACE_OUTER_BOUND('',#2580,.T.);
#2210=FACE_OUTER_BOUND('',#2581,.T.);
#2211=FACE_OUTER_BOUND('',#2582,.T.);
#2212=FACE_OUTER_BOUND('',#2583,.T.);
#2213=FACE_OUTER_BOUND('',#2584,.T.);
#2214=FACE_OUTER_BOUND('',#2585,.T.);
#2215=FACE_OUTER_BOUND('',#2586,.T.);
#2216=FACE_OUTER_BOUND('',#2587,.T.);
#2217=FACE_OUTER_BOUND('',#2588,.T.);
#2218=FACE_OUTER_BOUND('',#2589,.T.);
#2219=FACE_OUTER_BOUND('',#2590,.T.);
#2220=FACE_OUTER_BOUND('',#2591,.T.);
#2221=FACE_OUTER_BOUND('',#2592,.T.);
#2222=FACE_OUTER_BOUND('',#2593,.T.);
#2223=FACE_OUTER_BOUND('',#2594,.T.);
#2224=FACE_OUTER_BOUND('',#2595,.T.);
#2225=FACE_OUTER_BOUND('',#2596,.T.);
#2226=FACE_OUTER_BOUND('',#2597,.T.);
#2227=FACE_OUTER_BOUND('',#2598,.T.);
#2228=FACE_OUTER_BOUND('',#2599,.T.);
#2229=FACE_OUTER_BOUND('',#2600,.T.);
#2230=FACE_OUTER_BOUND('',#2601,.T.);
#2231=FACE_OUTER_BOUND('',#2602,.T.);
#2232=FACE_OUTER_BOUND('',#2603,.T.);
#2233=FACE_OUTER_BOUND('',#2604,.T.);
#2234=FACE_OUTER_BOUND('',#2605,.T.);
#2235=FACE_OUTER_BOUND('',#2606,.T.);
#2236=FACE_OUTER_BOUND('',#2607,.T.);
#2237=FACE_OUTER_BOUND('',#2608,.T.);
#2238=FACE_OUTER_BOUND('',#2609,.T.);
#2239=FACE_OUTER_BOUND('',#2610,.T.);
#2240=FACE_OUTER_BOUND('',#2611,.T.);
#2241=FACE_OUTER_BOUND('',#2612,.T.);
#2242=FACE_OUTER_BOUND('',#2613,.T.);
#2243=FACE_OUTER_BOUND('',#2614,.T.);
#2244=FACE_OUTER_BOUND('',#2615,.T.);
#2245=FACE_OUTER_BOUND('',#2616,.T.);
#2246=FACE_OUTER_BOUND('',#2617,.T.);
#2247=FACE_OUTER_BOUND('',#2618,.T.);
#2248=FACE_OUTER_BOUND('',#2619,.T.);
#2249=FACE_OUTER_BOUND('',#2620,.T.);
#2250=FACE_OUTER_BOUND('',#2621,.T.);
#2251=FACE_OUTER_BOUND('',#2622,.T.);
#2252=FACE_OUTER_BOUND('',#2623,.T.);
#2253=FACE_OUTER_BOUND('',#2624,.T.);
#2254=FACE_OUTER_BOUND('',#2625,.T.);
#2255=FACE_OUTER_BOUND('',#2626,.T.);
#2256=FACE_OUTER_BOUND('',#2627,.T.);
#2257=FACE_OUTER_BOUND('',#2628,.T.);
#2258=FACE_OUTER_BOUND('',#2629,.T.);
#2259=FACE_OUTER_BOUND('',#2630,.T.);
#2260=FACE_OUTER_BOUND('',#2631,.T.);
#2261=FACE_OUTER_BOUND('',#2632,.T.);
#2262=FACE_OUTER_BOUND('',#2634,.T.);
#2263=FACE_OUTER_BOUND('',#2635,.T.);
#2264=FACE_OUTER_BOUND('',#2636,.T.);
#2265=FACE_OUTER_BOUND('',#2637,.T.);
#2266=FACE_OUTER_BOUND('',#2638,.T.);
#2267=FACE_OUTER_BOUND('',#2639,.T.);
#2268=FACE_OUTER_BOUND('',#2640,.T.);
#2269=FACE_OUTER_BOUND('',#2641,.T.);
#2270=FACE_OUTER_BOUND('',#2642,.T.);
#2271=FACE_OUTER_BOUND('',#2643,.T.);
#2272=FACE_OUTER_BOUND('',#2644,.T.);
#2273=FACE_OUTER_BOUND('',#2645,.T.);
#2274=FACE_OUTER_BOUND('',#2646,.T.);
#2275=FACE_OUTER_BOUND('',#2647,.T.);
#2276=FACE_OUTER_BOUND('',#2648,.T.);
#2277=FACE_OUTER_BOUND('',#2649,.T.);
#2278=FACE_OUTER_BOUND('',#2650,.T.);
#2279=FACE_OUTER_BOUND('',#2651,.T.);
#2280=FACE_OUTER_BOUND('',#2652,.T.);
#2281=FACE_OUTER_BOUND('',#2653,.T.);
#2282=FACE_OUTER_BOUND('',#2654,.T.);
#2283=FACE_OUTER_BOUND('',#2657,.T.);
#2284=FACE_OUTER_BOUND('',#2658,.T.);
#2285=FACE_OUTER_BOUND('',#2659,.T.);
#2286=FACE_OUTER_BOUND('',#2660,.T.);
#2287=FACE_OUTER_BOUND('',#2661,.T.);
#2288=FACE_OUTER_BOUND('',#2662,.T.);
#2289=FACE_OUTER_BOUND('',#2663,.T.);
#2290=EDGE_LOOP('',(#4354,#4355,#4356,#4357));
#2291=EDGE_LOOP('',(#4358,#4359,#4360,#4361));
#2292=EDGE_LOOP('',(#4362));
#2293=EDGE_LOOP('',(#4363,#4364,#4365,#4366));
#2294=EDGE_LOOP('',(#4367,#4368,#4369,#4370));
#2295=EDGE_LOOP('',(#4371));
#2296=EDGE_LOOP('',(#4372,#4373,#4374,#4375));
#2297=EDGE_LOOP('',(#4376,#4377,#4378,#4379));
#2298=EDGE_LOOP('',(#4380,#4381,#4382,#4383));
#2299=EDGE_LOOP('',(#4384,#4385,#4386,#4387));
#2300=EDGE_LOOP('',(#4388,#4389,#4390,#4391));
#2301=EDGE_LOOP('',(#4392,#4393,#4394,#4395));
#2302=EDGE_LOOP('',(#4396,#4397,#4398,#4399));
#2303=EDGE_LOOP('',(#4400,#4401,#4402,#4403));
#2304=EDGE_LOOP('',(#4404,#4405,#4406,#4407));
#2305=EDGE_LOOP('',(#4408,#4409,#4410,#4411));
#2306=EDGE_LOOP('',(#4412,#4413,#4414,#4415));
#2307=EDGE_LOOP('',(#4416,#4417,#4418,#4419));
#2308=EDGE_LOOP('',(#4420,#4421,#4422,#4423));
#2309=EDGE_LOOP('',(#4424,#4425,#4426,#4427));
#2310=EDGE_LOOP('',(#4428,#4429,#4430,#4431));
#2311=EDGE_LOOP('',(#4432,#4433,#4434,#4435));
#2312=EDGE_LOOP('',(#4436,#4437,#4438,#4439,#4440,#4441,#4442,#4443,#4444,
#4445,#4446,#4447,#4448,#4449,#4450,#4451));
#2313=EDGE_LOOP('',(#4452,#4453,#4454,#4455));
#2314=EDGE_LOOP('',(#4456,#4457,#4458,#4459));
#2315=EDGE_LOOP('',(#4460,#4461,#4462,#4463));
#2316=EDGE_LOOP('',(#4464,#4465,#4466,#4467));
#2317=EDGE_LOOP('',(#4468,#4469,#4470,#4471));
#2318=EDGE_LOOP('',(#4472,#4473,#4474,#4475));
#2319=EDGE_LOOP('',(#4476,#4477,#4478,#4479));
#2320=EDGE_LOOP('',(#4480,#4481,#4482,#4483));
#2321=EDGE_LOOP('',(#4484,#4485,#4486,#4487));
#2322=EDGE_LOOP('',(#4488,#4489,#4490,#4491));
#2323=EDGE_LOOP('',(#4492,#4493,#4494,#4495));
#2324=EDGE_LOOP('',(#4496,#4497,#4498,#4499));
#2325=EDGE_LOOP('',(#4500,#4501,#4502,#4503,#4504,#4505,#4506,#4507,#4508,
#4509,#4510,#4511));
#2326=EDGE_LOOP('',(#4512,#4513,#4514,#4515));
#2327=EDGE_LOOP('',(#4516,#4517,#4518,#4519));
#2328=EDGE_LOOP('',(#4520,#4521,#4522,#4523));
#2329=EDGE_LOOP('',(#4524,#4525,#4526,#4527));
#2330=EDGE_LOOP('',(#4528,#4529,#4530,#4531));
#2331=EDGE_LOOP('',(#4532,#4533,#4534,#4535));
#2332=EDGE_LOOP('',(#4536,#4537,#4538,#4539));
#2333=EDGE_LOOP('',(#4540,#4541,#4542,#4543));
#2334=EDGE_LOOP('',(#4544,#4545,#4546,#4547));
#2335=EDGE_LOOP('',(#4548,#4549,#4550,#4551));
#2336=EDGE_LOOP('',(#4552,#4553,#4554,#4555));
#2337=EDGE_LOOP('',(#4556,#4557,#4558,#4559));
#2338=EDGE_LOOP('',(#4560,#4561,#4562,#4563));
#2339=EDGE_LOOP('',(#4564,#4565,#4566,#4567));
#2340=EDGE_LOOP('',(#4568,#4569,#4570,#4571));
#2341=EDGE_LOOP('',(#4572,#4573,#4574,#4575));
#2342=EDGE_LOOP('',(#4576,#4577,#4578,#4579));
#2343=EDGE_LOOP('',(#4580,#4581,#4582,#4583));
#2344=EDGE_LOOP('',(#4584,#4585,#4586,#4587));
#2345=EDGE_LOOP('',(#4588,#4589,#4590,#4591));
#2346=EDGE_LOOP('',(#4592,#4593,#4594,#4595));
#2347=EDGE_LOOP('',(#4596,#4597,#4598,#4599));
#2348=EDGE_LOOP('',(#4600,#4601,#4602,#4603));
#2349=EDGE_LOOP('',(#4604,#4605,#4606,#4607));
#2350=EDGE_LOOP('',(#4608,#4609,#4610,#4611));
#2351=EDGE_LOOP('',(#4612,#4613,#4614,#4615));
#2352=EDGE_LOOP('',(#4616,#4617,#4618,#4619));
#2353=EDGE_LOOP('',(#4620,#4621,#4622,#4623));
#2354=EDGE_LOOP('',(#4624,#4625,#4626,#4627));
#2355=EDGE_LOOP('',(#4628,#4629,#4630,#4631));
#2356=EDGE_LOOP('',(#4632,#4633,#4634,#4635));
#2357=EDGE_LOOP('',(#4636,#4637,#4638,#4639));
#2358=EDGE_LOOP('',(#4640,#4641,#4642,#4643));
#2359=EDGE_LOOP('',(#4644,#4645,#4646,#4647));
#2360=EDGE_LOOP('',(#4648,#4649,#4650,#4651));
#2361=EDGE_LOOP('',(#4652,#4653,#4654,#4655));
#2362=EDGE_LOOP('',(#4656,#4657,#4658,#4659,#4660,#4661,#4662,#4663,#4664,
#4665,#4666,#4667,#4668,#4669,#4670,#4671,#4672,#4673,#4674,#4675,#4676,
#4677,#4678,#4679,#4680,#4681,#4682));
#2363=EDGE_LOOP('',(#4683,#4684,#4685,#4686,#4687,#4688,#4689,#4690,#4691));
#2364=EDGE_LOOP('',(#4692,#4693,#4694,#4695));
#2365=EDGE_LOOP('',(#4696,#4697,#4698,#4699));
#2366=EDGE_LOOP('',(#4700,#4701,#4702,#4703));
#2367=EDGE_LOOP('',(#4704,#4705,#4706,#4707));
#2368=EDGE_LOOP('',(#4708,#4709,#4710,#4711));
#2369=EDGE_LOOP('',(#4712,#4713,#4714,#4715));
#2370=EDGE_LOOP('',(#4716,#4717,#4718,#4719));
#2371=EDGE_LOOP('',(#4720,#4721,#4722,#4723));
#2372=EDGE_LOOP('',(#4724,#4725,#4726,#4727));
#2373=EDGE_LOOP('',(#4728,#4729,#4730,#4731));
#2374=EDGE_LOOP('',(#4732,#4733,#4734,#4735));
#2375=EDGE_LOOP('',(#4736,#4737,#4738,#4739));
#2376=EDGE_LOOP('',(#4740,#4741,#4742,#4743));
#2377=EDGE_LOOP('',(#4744,#4745,#4746,#4747));
#2378=EDGE_LOOP('',(#4748,#4749,#4750,#4751));
#2379=EDGE_LOOP('',(#4752,#4753,#4754,#4755));
#2380=EDGE_LOOP('',(#4756,#4757,#4758,#4759,#4760,#4761,#4762,#4763,#4764));
#2381=EDGE_LOOP('',(#4765,#4766,#4767,#4768,#4769,#4770,#4771));
#2382=EDGE_LOOP('',(#4772,#4773,#4774,#4775));
#2383=EDGE_LOOP('',(#4776,#4777,#4778,#4779));
#2384=EDGE_LOOP('',(#4780,#4781,#4782,#4783));
#2385=EDGE_LOOP('',(#4784,#4785,#4786,#4787));
#2386=EDGE_LOOP('',(#4788,#4789,#4790,#4791));
#2387=EDGE_LOOP('',(#4792,#4793,#4794,#4795));
#2388=EDGE_LOOP('',(#4796,#4797,#4798,#4799));
#2389=EDGE_LOOP('',(#4800,#4801,#4802,#4803));
#2390=EDGE_LOOP('',(#4804,#4805,#4806,#4807));
#2391=EDGE_LOOP('',(#4808,#4809,#4810,#4811));
#2392=EDGE_LOOP('',(#4812,#4813,#4814,#4815));
#2393=EDGE_LOOP('',(#4816,#4817,#4818,#4819));
#2394=EDGE_LOOP('',(#4820,#4821,#4822,#4823,#4824,#4825,#4826,#4827,#4828,
#4829,#4830,#4831));
#2395=EDGE_LOOP('',(#4832,#4833,#4834,#4835));
#2396=EDGE_LOOP('',(#4836,#4837,#4838,#4839));
#2397=EDGE_LOOP('',(#4840,#4841,#4842,#4843));
#2398=EDGE_LOOP('',(#4844,#4845,#4846,#4847));
#2399=EDGE_LOOP('',(#4848,#4849,#4850,#4851));
#2400=EDGE_LOOP('',(#4852,#4853,#4854,#4855));
#2401=EDGE_LOOP('',(#4856,#4857,#4858,#4859));
#2402=EDGE_LOOP('',(#4860,#4861,#4862,#4863));
#2403=EDGE_LOOP('',(#4864,#4865,#4866,#4867));
#2404=EDGE_LOOP('',(#4868,#4869,#4870,#4871));
#2405=EDGE_LOOP('',(#4872,#4873,#4874,#4875));
#2406=EDGE_LOOP('',(#4876,#4877,#4878,#4879));
#2407=EDGE_LOOP('',(#4880,#4881,#4882,#4883));
#2408=EDGE_LOOP('',(#4884,#4885,#4886,#4887));
#2409=EDGE_LOOP('',(#4888,#4889,#4890,#4891));
#2410=EDGE_LOOP('',(#4892,#4893,#4894,#4895));
#2411=EDGE_LOOP('',(#4896,#4897,#4898,#4899));
#2412=EDGE_LOOP('',(#4900,#4901,#4902,#4903));
#2413=EDGE_LOOP('',(#4904,#4905,#4906,#4907));
#2414=EDGE_LOOP('',(#4908,#4909,#4910,#4911));
#2415=EDGE_LOOP('',(#4912,#4913,#4914,#4915));
#2416=EDGE_LOOP('',(#4916,#4917,#4918,#4919));
#2417=EDGE_LOOP('',(#4920,#4921,#4922,#4923,#4924,#4925,#4926,#4927,#4928,
#4929,#4930,#4931,#4932,#4933,#4934,#4935,#4936));
#2418=EDGE_LOOP('',(#4937,#4938,#4939,#4940,#4941));
#2419=EDGE_LOOP('',(#4942,#4943,#4944,#4945));
#2420=EDGE_LOOP('',(#4946,#4947,#4948,#4949));
#2421=EDGE_LOOP('',(#4950,#4951,#4952,#4953));
#2422=EDGE_LOOP('',(#4954,#4955,#4956,#4957));
#2423=EDGE_LOOP('',(#4958,#4959,#4960,#4961));
#2424=EDGE_LOOP('',(#4962,#4963,#4964,#4965));
#2425=EDGE_LOOP('',(#4966,#4967,#4968,#4969));
#2426=EDGE_LOOP('',(#4970,#4971,#4972,#4973));
#2427=EDGE_LOOP('',(#4974,#4975,#4976,#4977));
#2428=EDGE_LOOP('',(#4978,#4979,#4980,#4981));
#2429=EDGE_LOOP('',(#4982,#4983,#4984,#4985));
#2430=EDGE_LOOP('',(#4986,#4987,#4988,#4989));
#2431=EDGE_LOOP('',(#4990,#4991,#4992,#4993,#4994,#4995,#4996,#4997,#4998,
#4999,#5000,#5001));
#2432=EDGE_LOOP('',(#5002,#5003,#5004,#5005));
#2433=EDGE_LOOP('',(#5006,#5007,#5008,#5009));
#2434=EDGE_LOOP('',(#5010,#5011,#5012,#5013));
#2435=EDGE_LOOP('',(#5014,#5015,#5016,#5017));
#2436=EDGE_LOOP('',(#5018,#5019,#5020,#5021));
#2437=EDGE_LOOP('',(#5022,#5023,#5024,#5025));
#2438=EDGE_LOOP('',(#5026,#5027,#5028,#5029));
#2439=EDGE_LOOP('',(#5030,#5031,#5032,#5033));
#2440=EDGE_LOOP('',(#5034,#5035,#5036,#5037));
#2441=EDGE_LOOP('',(#5038,#5039,#5040,#5041));
#2442=EDGE_LOOP('',(#5042,#5043,#5044,#5045));
#2443=EDGE_LOOP('',(#5046,#5047,#5048,#5049));
#2444=EDGE_LOOP('',(#5050,#5051,#5052,#5053));
#2445=EDGE_LOOP('',(#5054,#5055,#5056,#5057));
#2446=EDGE_LOOP('',(#5058,#5059,#5060,#5061));
#2447=EDGE_LOOP('',(#5062,#5063,#5064,#5065));
#2448=EDGE_LOOP('',(#5066,#5067,#5068,#5069));
#2449=EDGE_LOOP('',(#5070,#5071,#5072,#5073));
#2450=EDGE_LOOP('',(#5074,#5075,#5076,#5077));
#2451=EDGE_LOOP('',(#5078,#5079,#5080,#5081));
#2452=EDGE_LOOP('',(#5082,#5083,#5084,#5085));
#2453=EDGE_LOOP('',(#5086,#5087,#5088,#5089));
#2454=EDGE_LOOP('',(#5090,#5091,#5092,#5093));
#2455=EDGE_LOOP('',(#5094,#5095,#5096,#5097));
#2456=EDGE_LOOP('',(#5098,#5099,#5100,#5101));
#2457=EDGE_LOOP('',(#5102,#5103,#5104,#5105));
#2458=EDGE_LOOP('',(#5106,#5107,#5108,#5109));
#2459=EDGE_LOOP('',(#5110,#5111,#5112,#5113,#5114,#5115,#5116,#5117,#5118,
#5119,#5120,#5121,#5122,#5123,#5124,#5125,#5126));
#2460=EDGE_LOOP('',(#5127,#5128,#5129,#5130,#5131));
#2461=EDGE_LOOP('',(#5132,#5133,#5134,#5135));
#2462=EDGE_LOOP('',(#5136,#5137,#5138,#5139));
#2463=EDGE_LOOP('',(#5140,#5141,#5142,#5143));
#2464=EDGE_LOOP('',(#5144,#5145,#5146,#5147));
#2465=EDGE_LOOP('',(#5148,#5149,#5150,#5151));
#2466=EDGE_LOOP('',(#5152,#5153,#5154,#5155));
#2467=EDGE_LOOP('',(#5156,#5157,#5158,#5159));
#2468=EDGE_LOOP('',(#5160,#5161,#5162,#5163));
#2469=EDGE_LOOP('',(#5164,#5165,#5166,#5167));
#2470=EDGE_LOOP('',(#5168,#5169,#5170,#5171));
#2471=EDGE_LOOP('',(#5172,#5173,#5174,#5175));
#2472=EDGE_LOOP('',(#5176,#5177,#5178,#5179));
#2473=EDGE_LOOP('',(#5180,#5181,#5182,#5183));
#2474=EDGE_LOOP('',(#5184,#5185,#5186,#5187));
#2475=EDGE_LOOP('',(#5188,#5189,#5190,#5191));
#2476=EDGE_LOOP('',(#5192,#5193,#5194,#5195));
#2477=EDGE_LOOP('',(#5196,#5197,#5198,#5199));
#2478=EDGE_LOOP('',(#5200,#5201,#5202,#5203));
#2479=EDGE_LOOP('',(#5204,#5205,#5206,#5207));
#2480=EDGE_LOOP('',(#5208,#5209,#5210,#5211));
#2481=EDGE_LOOP('',(#5212,#5213,#5214,#5215));
#2482=EDGE_LOOP('',(#5216,#5217,#5218,#5219,#5220,#5221,#5222,#5223,#5224,
#5225,#5226,#5227,#5228));
#2483=EDGE_LOOP('',(#5229,#5230,#5231,#5232,#5233,#5234,#5235,#5236));
#2484=EDGE_LOOP('',(#5237,#5238,#5239,#5240));
#2485=EDGE_LOOP('',(#5241,#5242,#5243,#5244));
#2486=EDGE_LOOP('',(#5245,#5246,#5247,#5248));
#2487=EDGE_LOOP('',(#5249,#5250,#5251,#5252));
#2488=EDGE_LOOP('',(#5253,#5254,#5255,#5256));
#2489=EDGE_LOOP('',(#5257,#5258,#5259,#5260));
#2490=EDGE_LOOP('',(#5261,#5262,#5263,#5264));
#2491=EDGE_LOOP('',(#5265,#5266,#5267,#5268));
#2492=EDGE_LOOP('',(#5269,#5270,#5271,#5272));
#2493=EDGE_LOOP('',(#5273,#5274,#5275,#5276));
#2494=EDGE_LOOP('',(#5277,#5278,#5279,#5280));
#2495=EDGE_LOOP('',(#5281,#5282,#5283,#5284));
#2496=EDGE_LOOP('',(#5285,#5286,#5287,#5288));
#2497=EDGE_LOOP('',(#5289,#5290,#5291,#5292));
#2498=EDGE_LOOP('',(#5293,#5294,#5295,#5296));
#2499=EDGE_LOOP('',(#5297,#5298,#5299,#5300));
#2500=EDGE_LOOP('',(#5301,#5302,#5303,#5304,#5305,#5306,#5307,#5308));
#2501=EDGE_LOOP('',(#5309,#5310,#5311,#5312,#5313,#5314,#5315,#5316));
#2502=EDGE_LOOP('',(#5317,#5318,#5319,#5320));
#2503=EDGE_LOOP('',(#5321,#5322,#5323,#5324));
#2504=EDGE_LOOP('',(#5325,#5326,#5327,#5328));
#2505=EDGE_LOOP('',(#5329,#5330,#5331,#5332));
#2506=EDGE_LOOP('',(#5333,#5334,#5335,#5336));
#2507=EDGE_LOOP('',(#5337,#5338,#5339,#5340));
#2508=EDGE_LOOP('',(#5341,#5342,#5343,#5344));
#2509=EDGE_LOOP('',(#5345,#5346,#5347,#5348));
#2510=EDGE_LOOP('',(#5349,#5350,#5351,#5352));
#2511=EDGE_LOOP('',(#5353,#5354,#5355,#5356));
#2512=EDGE_LOOP('',(#5357,#5358,#5359,#5360));
#2513=EDGE_LOOP('',(#5361,#5362,#5363,#5364));
#2514=EDGE_LOOP('',(#5365,#5366,#5367,#5368,#5369,#5370,#5371,#5372,#5373,
#5374,#5375,#5376));
#2515=EDGE_LOOP('',(#5377,#5378,#5379,#5380));
#2516=EDGE_LOOP('',(#5381,#5382,#5383,#5384));
#2517=EDGE_LOOP('',(#5385,#5386,#5387,#5388));
#2518=EDGE_LOOP('',(#5389,#5390,#5391,#5392));
#2519=EDGE_LOOP('',(#5393,#5394,#5395,#5396));
#2520=EDGE_LOOP('',(#5397,#5398,#5399,#5400));
#2521=EDGE_LOOP('',(#5401,#5402,#5403,#5404));
#2522=EDGE_LOOP('',(#5405,#5406,#5407,#5408));
#2523=EDGE_LOOP('',(#5409,#5410,#5411,#5412));
#2524=EDGE_LOOP('',(#5413,#5414,#5415,#5416));
#2525=EDGE_LOOP('',(#5417,#5418,#5419,#5420));
#2526=EDGE_LOOP('',(#5421,#5422,#5423,#5424));
#2527=EDGE_LOOP('',(#5425,#5426,#5427,#5428));
#2528=EDGE_LOOP('',(#5429,#5430,#5431,#5432));
#2529=EDGE_LOOP('',(#5433,#5434,#5435,#5436));
#2530=EDGE_LOOP('',(#5437,#5438,#5439,#5440));
#2531=EDGE_LOOP('',(#5441,#5442,#5443,#5444));
#2532=EDGE_LOOP('',(#5445,#5446,#5447,#5448));
#2533=EDGE_LOOP('',(#5449,#5450,#5451,#5452));
#2534=EDGE_LOOP('',(#5453,#5454,#5455,#5456));
#2535=EDGE_LOOP('',(#5457,#5458,#5459,#5460));
#2536=EDGE_LOOP('',(#5461,#5462,#5463,#5464,#5465,#5466,#5467,#5468,#5469,
#5470,#5471,#5472,#5473));
#2537=EDGE_LOOP('',(#5474,#5475,#5476,#5477,#5478,#5479,#5480,#5481));
#2538=EDGE_LOOP('',(#5482,#5483,#5484,#5485));
#2539=EDGE_LOOP('',(#5486,#5487,#5488,#5489));
#2540=EDGE_LOOP('',(#5490,#5491,#5492,#5493));
#2541=EDGE_LOOP('',(#5494,#5495,#5496,#5497));
#2542=EDGE_LOOP('',(#5498,#5499,#5500,#5501));
#2543=EDGE_LOOP('',(#5502,#5503,#5504,#5505));
#2544=EDGE_LOOP('',(#5506,#5507,#5508,#5509));
#2545=EDGE_LOOP('',(#5510,#5511,#5512,#5513));
#2546=EDGE_LOOP('',(#5514,#5515,#5516,#5517));
#2547=EDGE_LOOP('',(#5518,#5519,#5520,#5521));
#2548=EDGE_LOOP('',(#5522,#5523,#5524,#5525));
#2549=EDGE_LOOP('',(#5526,#5527,#5528,#5529));
#2550=EDGE_LOOP('',(#5530,#5531,#5532,#5533));
#2551=EDGE_LOOP('',(#5534,#5535,#5536,#5537));
#2552=EDGE_LOOP('',(#5538,#5539,#5540,#5541));
#2553=EDGE_LOOP('',(#5542,#5543,#5544,#5545));
#2554=EDGE_LOOP('',(#5546,#5547,#5548,#5549));
#2555=EDGE_LOOP('',(#5550,#5551,#5552,#5553));
#2556=EDGE_LOOP('',(#5554,#5555,#5556,#5557));
#2557=EDGE_LOOP('',(#5558,#5559,#5560,#5561));
#2558=EDGE_LOOP('',(#5562,#5563,#5564,#5565));
#2559=EDGE_LOOP('',(#5566,#5567,#5568,#5569));
#2560=EDGE_LOOP('',(#5570,#5571,#5572,#5573));
#2561=EDGE_LOOP('',(#5574,#5575,#5576,#5577));
#2562=EDGE_LOOP('',(#5578,#5579,#5580,#5581));
#2563=EDGE_LOOP('',(#5582,#5583,#5584,#5585));
#2564=EDGE_LOOP('',(#5586,#5587,#5588,#5589));
#2565=EDGE_LOOP('',(#5590,#5591,#5592,#5593));
#2566=EDGE_LOOP('',(#5594,#5595,#5596,#5597));
#2567=EDGE_LOOP('',(#5598,#5599,#5600,#5601));
#2568=EDGE_LOOP('',(#5602,#5603,#5604,#5605));
#2569=EDGE_LOOP('',(#5606,#5607,#5608,#5609));
#2570=EDGE_LOOP('',(#5610,#5611,#5612,#5613));
#2571=EDGE_LOOP('',(#5614,#5615,#5616,#5617));
#2572=EDGE_LOOP('',(#5618,#5619,#5620,#5621));
#2573=EDGE_LOOP('',(#5622,#5623,#5624,#5625));
#2574=EDGE_LOOP('',(#5626,#5627,#5628,#5629,#5630,#5631,#5632,#5633,#5634,
#5635,#5636,#5637,#5638,#5639,#5640,#5641,#5642,#5643,#5644,#5645,#5646,
#5647,#5648,#5649,#5650,#5651,#5652));
#2575=EDGE_LOOP('',(#5653,#5654,#5655,#5656,#5657,#5658,#5659,#5660,#5661));
#2576=EDGE_LOOP('',(#5662,#5663,#5664,#5665));
#2577=EDGE_LOOP('',(#5666,#5667,#5668,#5669));
#2578=EDGE_LOOP('',(#5670,#5671,#5672,#5673));
#2579=EDGE_LOOP('',(#5674,#5675,#5676,#5677));
#2580=EDGE_LOOP('',(#5678,#5679,#5680,#5681));
#2581=EDGE_LOOP('',(#5682,#5683,#5684,#5685));
#2582=EDGE_LOOP('',(#5686,#5687,#5688,#5689));
#2583=EDGE_LOOP('',(#5690,#5691,#5692,#5693));
#2584=EDGE_LOOP('',(#5694,#5695,#5696,#5697));
#2585=EDGE_LOOP('',(#5698,#5699,#5700,#5701));
#2586=EDGE_LOOP('',(#5702,#5703,#5704,#5705));
#2587=EDGE_LOOP('',(#5706,#5707,#5708,#5709));
#2588=EDGE_LOOP('',(#5710,#5711,#5712,#5713));
#2589=EDGE_LOOP('',(#5714,#5715,#5716,#5717));
#2590=EDGE_LOOP('',(#5718,#5719,#5720,#5721));
#2591=EDGE_LOOP('',(#5722,#5723,#5724,#5725));
#2592=EDGE_LOOP('',(#5726,#5727,#5728,#5729));
#2593=EDGE_LOOP('',(#5730,#5731,#5732,#5733));
#2594=EDGE_LOOP('',(#5734,#5735,#5736,#5737));
#2595=EDGE_LOOP('',(#5738,#5739,#5740,#5741));
#2596=EDGE_LOOP('',(#5742,#5743,#5744,#5745));
#2597=EDGE_LOOP('',(#5746,#5747,#5748,#5749));
#2598=EDGE_LOOP('',(#5750,#5751,#5752,#5753));
#2599=EDGE_LOOP('',(#5754,#5755,#5756,#5757));
#2600=EDGE_LOOP('',(#5758,#5759,#5760,#5761));
#2601=EDGE_LOOP('',(#5762,#5763,#5764,#5765));
#2602=EDGE_LOOP('',(#5766,#5767,#5768,#5769));
#2603=EDGE_LOOP('',(#5770,#5771,#5772,#5773));
#2604=EDGE_LOOP('',(#5774,#5775,#5776,#5777));
#2605=EDGE_LOOP('',(#5778,#5779,#5780,#5781));
#2606=EDGE_LOOP('',(#5782,#5783,#5784,#5785));
#2607=EDGE_LOOP('',(#5786,#5787,#5788,#5789));
#2608=EDGE_LOOP('',(#5790,#5791,#5792,#5793));
#2609=EDGE_LOOP('',(#5794,#5795,#5796,#5797,#5798,#5799,#5800,#5801,#5802,
#5803,#5804,#5805,#5806,#5807,#5808,#5809,#5810,#5811,#5812,#5813,#5814,
#5815,#5816,#5817,#5818,#5819,#5820,#5821));
#2610=EDGE_LOOP('',(#5822,#5823,#5824,#5825));
#2611=EDGE_LOOP('',(#5826,#5827,#5828,#5829));
#2612=EDGE_LOOP('',(#5830,#5831,#5832,#5833));
#2613=EDGE_LOOP('',(#5834,#5835,#5836,#5837));
#2614=EDGE_LOOP('',(#5838,#5839,#5840,#5841));
#2615=EDGE_LOOP('',(#5842,#5843,#5844,#5845));
#2616=EDGE_LOOP('',(#5846,#5847,#5848,#5849));
#2617=EDGE_LOOP('',(#5850,#5851,#5852,#5853));
#2618=EDGE_LOOP('',(#5854,#5855,#5856,#5857));
#2619=EDGE_LOOP('',(#5858,#5859,#5860,#5861));
#2620=EDGE_LOOP('',(#5862,#5863,#5864,#5865));
#2621=EDGE_LOOP('',(#5866,#5867,#5868,#5869));
#2622=EDGE_LOOP('',(#5870,#5871,#5872,#5873));
#2623=EDGE_LOOP('',(#5874,#5875,#5876,#5877));
#2624=EDGE_LOOP('',(#5878,#5879,#5880,#5881));
#2625=EDGE_LOOP('',(#5882,#5883,#5884,#5885));
#2626=EDGE_LOOP('',(#5886,#5887,#5888,#5889));
#2627=EDGE_LOOP('',(#5890,#5891,#5892,#5893));
#2628=EDGE_LOOP('',(#5894,#5895,#5896,#5897));
#2629=EDGE_LOOP('',(#5898,#5899,#5900,#5901));
#2630=EDGE_LOOP('',(#5902,#5903,#5904,#5905));
#2631=EDGE_LOOP('',(#5906,#5907,#5908,#5909));
#2632=EDGE_LOOP('',(#5910,#5911,#5912,#5913,#5914,#5915,#5916,#5917,#5918,
#5919,#5920,#5921,#5922,#5923,#5924,#5925,#5926));
#2633=EDGE_LOOP('',(#5927,#5928,#5929,#5930,#5931));
#2634=EDGE_LOOP('',(#5932,#5933,#5934,#5935));
#2635=EDGE_LOOP('',(#5936,#5937,#5938,#5939));
#2636=EDGE_LOOP('',(#5940,#5941,#5942,#5943));
#2637=EDGE_LOOP('',(#5944,#5945,#5946,#5947));
#2638=EDGE_LOOP('',(#5948,#5949,#5950,#5951));
#2639=EDGE_LOOP('',(#5952,#5953,#5954,#5955));
#2640=EDGE_LOOP('',(#5956,#5957,#5958,#5959));
#2641=EDGE_LOOP('',(#5960,#5961,#5962,#5963));
#2642=EDGE_LOOP('',(#5964,#5965,#5966,#5967,#5968,#5969,#5970,#5971));
#2643=EDGE_LOOP('',(#5972,#5973,#5974,#5975,#5976));
#2644=EDGE_LOOP('',(#5977,#5978,#5979,#5980,#5981,#5982,#5983,#5984,#5985));
#2645=EDGE_LOOP('',(#5986,#5987,#5988,#5989,#5990,#5991,#5992,#5993));
#2646=EDGE_LOOP('',(#5994,#5995,#5996,#5997,#5998,#5999,#6000,#6001));
#2647=EDGE_LOOP('',(#6002,#6003,#6004,#6005,#6006,#6007,#6008,#6009));
#2648=EDGE_LOOP('',(#6010,#6011,#6012,#6013,#6014));
#2649=EDGE_LOOP('',(#6015,#6016,#6017,#6018,#6019));
#2650=EDGE_LOOP('',(#6020,#6021,#6022,#6023,#6024,#6025,#6026));
#2651=EDGE_LOOP('',(#6027,#6028,#6029,#6030,#6031,#6032,#6033,#6034,#6035));
#2652=EDGE_LOOP('',(#6036,#6037,#6038,#6039));
#2653=EDGE_LOOP('',(#6040,#6041,#6042,#6043));
#2654=EDGE_LOOP('',(#6044,#6045,#6046,#6047,#6048,#6049,#6050,#6051));
#2655=EDGE_LOOP('',(#6052));
#2656=EDGE_LOOP('',(#6053));
#2657=EDGE_LOOP('',(#6054,#6055,#6056,#6057));
#2658=EDGE_LOOP('',(#6058,#6059,#6060,#6061));
#2659=EDGE_LOOP('',(#6062,#6063,#6064,#6065));
#2660=EDGE_LOOP('',(#6066,#6067,#6068,#6069));
#2661=EDGE_LOOP('',(#6070,#6071,#6072,#6073));
#2662=EDGE_LOOP('',(#6074,#6075,#6076,#6077));
#2663=EDGE_LOOP('',(#6078,#6079,#6080,#6081,#6082,#6083,#6084,#6085));
#2664=EDGE_LOOP('',(#6086,#6087,#6088,#6089,#6090,#6091,#6092,#6093));
#2665=EDGE_LOOP('',(#6094,#6095,#6096,#6097,#6098,#6099,#6100,#6101,#6102,
#6103,#6104,#6105,#6106,#6107,#6108,#6109,#6110));
#2666=EDGE_LOOP('',(#6111,#6112,#6113,#6114,#6115,#6116,#6117,#6118,#6119,
#6120,#6121,#6122,#6123,#6124,#6125,#6126,#6127,#6128,#6129,#6130,#6131,
#6132,#6133,#6134,#6135,#6136,#6137,#6138));
#2667=EDGE_LOOP('',(#6139,#6140,#6141,#6142));
#2668=EDGE_LOOP('',(#6143,#6144,#6145,#6146,#6147,#6148,#6149,#6150,#6151,
#6152,#6153,#6154,#6155,#6156,#6157,#6158,#6159,#6160,#6161,#6162,#6163,
#6164,#6165,#6166,#6167,#6168,#6169));
#2669=EDGE_LOOP('',(#6170,#6171,#6172,#6173,#6174,#6175,#6176,#6177,#6178,
#6179,#6180,#6181,#6182));
#2670=EDGE_LOOP('',(#6183,#6184,#6185,#6186,#6187,#6188,#6189,#6190,#6191,
#6192,#6193,#6194));
#2671=EDGE_LOOP('',(#6195,#6196,#6197,#6198,#6199,#6200,#6201,#6202));
#2672=EDGE_LOOP('',(#6203,#6204,#6205,#6206,#6207,#6208,#6209,#6210,#6211,
#6212,#6213,#6214,#6215));
#2673=EDGE_LOOP('',(#6216,#6217,#6218,#6219,#6220,#6221,#6222,#6223,#6224,
#6225,#6226,#6227,#6228,#6229,#6230,#6231,#6232));
#2674=EDGE_LOOP('',(#6233,#6234,#6235,#6236));
#2675=EDGE_LOOP('',(#6237,#6238,#6239,#6240,#6241,#6242,#6243,#6244,#6245,
#6246,#6247,#6248));
#2676=EDGE_LOOP('',(#6249,#6250,#6251,#6252,#6253,#6254,#6255,#6256,#6257,
#6258,#6259,#6260,#6261,#6262,#6263,#6264,#6265));
#2677=EDGE_LOOP('',(#6266,#6267,#6268,#6269,#6270,#6271,#6272,#6273,#6274,
#6275,#6276,#6277));
#2678=EDGE_LOOP('',(#6278,#6279,#6280,#6281,#6282,#6283,#6284,#6285,#6286));
#2679=EDGE_LOOP('',(#6287,#6288,#6289,#6290,#6291,#6292,#6293,#6294,#6295,
#6296,#6297,#6298,#6299,#6300,#6301,#6302,#6303,#6304,#6305,#6306,#6307,
#6308,#6309,#6310,#6311,#6312,#6313));
#2680=EDGE_LOOP('',(#6314,#6315,#6316,#6317,#6318,#6319,#6320,#6321,#6322,
#6323,#6324,#6325));
#2681=EDGE_LOOP('',(#6326,#6327,#6328,#6329,#6330,#6331,#6332,#6333,#6334,
#6335,#6336,#6337,#6338,#6339,#6340,#6341));
#2682=CIRCLE('',#6721,0.499999999999998);
#2683=CIRCLE('',#6722,12.);
#2684=CIRCLE('',#6723,12.5);
#2685=CIRCLE('',#6725,12.5);
#2686=CIRCLE('',#6727,0.499999999999998);
#2687=CIRCLE('',#6728,12.);
#2688=CIRCLE('',#6729,12.5);
#2689=CIRCLE('',#6731,12.5);
#2690=CIRCLE('',#6864,10.);
#2691=CIRCLE('',#6865,10.);
#2692=CIRCLE('',#6868,10.);
#2693=CIRCLE('',#6869,10.);
#2694=CIRCLE('',#6870,10.);
#2695=CIRCLE('',#6872,10.);
#2696=CIRCLE('',#6875,10.);
#2697=CIRCLE('',#6878,10.);
#2698=VERTEX_POINT('',#7775);
#2699=VERTEX_POINT('',#7777);
#2700=VERTEX_POINT('',#7781);
#2701=VERTEX_POINT('',#7812);
#2702=VERTEX_POINT('',#7814);
#2703=VERTEX_POINT('',#7818);
#2704=VERTEX_POINT('',#7823);
#2705=VERTEX_POINT('',#7824);
#2706=VERTEX_POINT('',#7826);
#2707=VERTEX_POINT('',#7828);
#2708=VERTEX_POINT('',#7832);
#2709=VERTEX_POINT('',#7834);
#2710=VERTEX_POINT('',#7847);
#2711=VERTEX_POINT('',#7853);
#2712=VERTEX_POINT('',#7870);
#2713=VERTEX_POINT('',#7876);
#2714=VERTEX_POINT('',#7893);
#2715=VERTEX_POINT('',#7899);
#2716=VERTEX_POINT('',#7916);
#2717=VERTEX_POINT('',#7922);
#2718=VERTEX_POINT('',#7930);
#2719=VERTEX_POINT('',#7932);
#2720=VERTEX_POINT('',#7936);
#2721=VERTEX_POINT('',#7938);
#2722=VERTEX_POINT('',#7942);
#2723=VERTEX_POINT('',#7944);
#2724=VERTEX_POINT('',#7957);
#2725=VERTEX_POINT('',#7963);
#2726=VERTEX_POINT('',#7980);
#2727=VERTEX_POINT('',#7986);
#2728=VERTEX_POINT('',#8003);
#2729=VERTEX_POINT('',#8009);
#2730=VERTEX_POINT('',#8026);
#2731=VERTEX_POINT('',#8032);
#2732=VERTEX_POINT('',#8040);
#2733=VERTEX_POINT('',#8042);
#2734=VERTEX_POINT('',#8046);
#2735=VERTEX_POINT('',#8048);
#2736=VERTEX_POINT('',#8056);
#2737=VERTEX_POINT('',#8057);
#2738=VERTEX_POINT('',#8059);
#2739=VERTEX_POINT('',#8061);
#2740=VERTEX_POINT('',#8065);
#2741=VERTEX_POINT('',#8067);
#2742=VERTEX_POINT('',#8080);
#2743=VERTEX_POINT('',#8086);
#2744=VERTEX_POINT('',#8103);
#2745=VERTEX_POINT('',#8109);
#2746=VERTEX_POINT('',#8126);
#2747=VERTEX_POINT('',#8132);
#2748=VERTEX_POINT('',#8140);
#2749=VERTEX_POINT('',#8142);
#2750=VERTEX_POINT('',#8155);
#2751=VERTEX_POINT('',#8161);
#2752=VERTEX_POINT('',#8178);
#2753=VERTEX_POINT('',#8184);
#2754=VERTEX_POINT('',#8201);
#2755=VERTEX_POINT('',#8207);
#2756=VERTEX_POINT('',#8215);
#2757=VERTEX_POINT('',#8217);
#2758=VERTEX_POINT('',#8221);
#2759=VERTEX_POINT('',#8223);
#2760=VERTEX_POINT('',#8240);
#2761=VERTEX_POINT('',#8241);
#2762=VERTEX_POINT('',#8247);
#2763=VERTEX_POINT('',#8249);
#2764=VERTEX_POINT('',#8266);
#2765=VERTEX_POINT('',#8272);
#2766=VERTEX_POINT('',#8289);
#2767=VERTEX_POINT('',#8295);
#2768=VERTEX_POINT('',#8312);
#2769=VERTEX_POINT('',#8318);
#2770=VERTEX_POINT('',#8335);
#2771=VERTEX_POINT('',#8341);
#2772=VERTEX_POINT('',#8358);
#2773=VERTEX_POINT('',#8364);
#2774=VERTEX_POINT('',#8381);
#2775=VERTEX_POINT('',#8387);
#2776=VERTEX_POINT('',#8404);
#2777=VERTEX_POINT('',#8410);
#2778=VERTEX_POINT('',#8430);
#2779=VERTEX_POINT('',#8431);
#2780=VERTEX_POINT('',#8437);
#2781=VERTEX_POINT('',#8439);
#2782=VERTEX_POINT('',#8456);
#2783=VERTEX_POINT('',#8462);
#2784=VERTEX_POINT('',#8479);
#2785=VERTEX_POINT('',#8485);
#2786=VERTEX_POINT('',#8502);
#2787=VERTEX_POINT('',#8508);
#2788=VERTEX_POINT('',#8525);
#2789=VERTEX_POINT('',#8531);
#2790=VERTEX_POINT('',#8548);
#2791=VERTEX_POINT('',#8554);
#2792=VERTEX_POINT('',#8571);
#2793=VERTEX_POINT('',#8577);
#2794=VERTEX_POINT('',#8594);
#2795=VERTEX_POINT('',#8600);
#2796=VERTEX_POINT('',#8617);
#2797=VERTEX_POINT('',#8623);
#2798=VERTEX_POINT('',#8640);
#2799=VERTEX_POINT('',#8646);
#2800=VERTEX_POINT('',#8663);
#2801=VERTEX_POINT('',#8669);
#2802=VERTEX_POINT('',#8686);
#2803=VERTEX_POINT('',#8692);
#2804=VERTEX_POINT('',#8709);
#2805=VERTEX_POINT('',#8715);
#2806=VERTEX_POINT('',#8723);
#2807=VERTEX_POINT('',#8725);
#2808=VERTEX_POINT('',#8738);
#2809=VERTEX_POINT('',#8744);
#2810=VERTEX_POINT('',#8761);
#2811=VERTEX_POINT('',#8767);
#2812=VERTEX_POINT('',#8775);
#2813=VERTEX_POINT('',#8777);
#2814=VERTEX_POINT('',#8790);
#2815=VERTEX_POINT('',#8796);
#2816=VERTEX_POINT('',#8813);
#2817=VERTEX_POINT('',#8819);
#2818=VERTEX_POINT('',#8836);
#2819=VERTEX_POINT('',#8842);
#2820=VERTEX_POINT('',#8859);
#2821=VERTEX_POINT('',#8865);
#2822=VERTEX_POINT('',#8882);
#2823=VERTEX_POINT('',#8888);
#2824=VERTEX_POINT('',#8905);
#2825=VERTEX_POINT('',#8911);
#2826=VERTEX_POINT('',#8928);
#2827=VERTEX_POINT('',#8934);
#2828=VERTEX_POINT('',#8951);
#2829=VERTEX_POINT('',#8957);
#2830=VERTEX_POINT('',#8965);
#2831=VERTEX_POINT('',#8967);
#2832=VERTEX_POINT('',#8992);
#2833=VERTEX_POINT('',#8993);
#2834=VERTEX_POINT('',#8995);
#2835=VERTEX_POINT('',#8997);
#2836=VERTEX_POINT('',#9010);
#2837=VERTEX_POINT('',#9016);
#2838=VERTEX_POINT('',#9033);
#2839=VERTEX_POINT('',#9039);
#2840=VERTEX_POINT('',#9056);
#2841=VERTEX_POINT('',#9062);
#2842=VERTEX_POINT('',#9079);
#2843=VERTEX_POINT('',#9085);
#2844=VERTEX_POINT('',#9093);
#2845=VERTEX_POINT('',#9095);
#2846=VERTEX_POINT('',#9102);
#2847=VERTEX_POINT('',#9103);
#2848=VERTEX_POINT('',#9105);
#2849=VERTEX_POINT('',#9107);
#2850=VERTEX_POINT('',#9111);
#2851=VERTEX_POINT('',#9113);
#2852=VERTEX_POINT('',#9117);
#2853=VERTEX_POINT('',#9119);
#2854=VERTEX_POINT('',#9132);
#2855=VERTEX_POINT('',#9138);
#2856=VERTEX_POINT('',#9155);
#2857=VERTEX_POINT('',#9161);
#2858=VERTEX_POINT('',#9178);
#2859=VERTEX_POINT('',#9184);
#2860=VERTEX_POINT('',#9201);
#2861=VERTEX_POINT('',#9207);
#2862=VERTEX_POINT('',#9215);
#2863=VERTEX_POINT('',#9217);
#2864=VERTEX_POINT('',#9225);
#2865=VERTEX_POINT('',#9226);
#2866=VERTEX_POINT('',#9228);
#2867=VERTEX_POINT('',#9230);
#2868=VERTEX_POINT('',#9234);
#2869=VERTEX_POINT('',#9236);
#2870=VERTEX_POINT('',#9249);
#2871=VERTEX_POINT('',#9255);
#2872=VERTEX_POINT('',#9272);
#2873=VERTEX_POINT('',#9278);
#2874=VERTEX_POINT('',#9295);
#2875=VERTEX_POINT('',#9301);
#2876=VERTEX_POINT('',#9309);
#2877=VERTEX_POINT('',#9311);
#2878=VERTEX_POINT('',#9324);
#2879=VERTEX_POINT('',#9330);
#2880=VERTEX_POINT('',#9347);
#2881=VERTEX_POINT('',#9353);
#2882=VERTEX_POINT('',#9370);
#2883=VERTEX_POINT('',#9376);
#2884=VERTEX_POINT('',#9384);
#2885=VERTEX_POINT('',#9386);
#2886=VERTEX_POINT('',#9390);
#2887=VERTEX_POINT('',#9392);
#2888=VERTEX_POINT('',#9409);
#2889=VERTEX_POINT('',#9410);
#2890=VERTEX_POINT('',#9416);
#2891=VERTEX_POINT('',#9418);
#2892=VERTEX_POINT('',#9435);
#2893=VERTEX_POINT('',#9441);
#2894=VERTEX_POINT('',#9458);
#2895=VERTEX_POINT('',#9464);
#2896=VERTEX_POINT('',#9481);
#2897=VERTEX_POINT('',#9487);
#2898=VERTEX_POINT('',#9507);
#2899=VERTEX_POINT('',#9508);
#2900=VERTEX_POINT('',#9514);
#2901=VERTEX_POINT('',#9516);
#2902=VERTEX_POINT('',#9533);
#2903=VERTEX_POINT('',#9539);
#2904=VERTEX_POINT('',#9556);
#2905=VERTEX_POINT('',#9562);
#2906=VERTEX_POINT('',#9579);
#2907=VERTEX_POINT('',#9585);
#2908=VERTEX_POINT('',#9602);
#2909=VERTEX_POINT('',#9608);
#2910=VERTEX_POINT('',#9625);
#2911=VERTEX_POINT('',#9631);
#2912=VERTEX_POINT('',#9648);
#2913=VERTEX_POINT('',#9654);
#2914=VERTEX_POINT('',#9671);
#2915=VERTEX_POINT('',#9677);
#2916=VERTEX_POINT('',#9694);
#2917=VERTEX_POINT('',#9700);
#2918=VERTEX_POINT('',#9717);
#2919=VERTEX_POINT('',#9723);
#2920=VERTEX_POINT('',#9731);
#2921=VERTEX_POINT('',#9733);
#2922=VERTEX_POINT('',#9746);
#2923=VERTEX_POINT('',#9752);
#2924=VERTEX_POINT('',#9769);
#2925=VERTEX_POINT('',#9775);
#2926=VERTEX_POINT('',#9792);
#2927=VERTEX_POINT('',#9798);
#2928=VERTEX_POINT('',#9815);
#2929=VERTEX_POINT('',#9821);
#2930=VERTEX_POINT('',#9829);
#2931=VERTEX_POINT('',#9831);
#2932=VERTEX_POINT('',#9839);
#2933=VERTEX_POINT('',#9840);
#2934=VERTEX_POINT('',#9842);
#2935=VERTEX_POINT('',#9844);
#2936=VERTEX_POINT('',#9848);
#2937=VERTEX_POINT('',#9850);
#2938=VERTEX_POINT('',#9854);
#2939=VERTEX_POINT('',#9856);
#2940=VERTEX_POINT('',#9860);
#2941=VERTEX_POINT('',#9862);
#2942=VERTEX_POINT('',#9866);
#2943=VERTEX_POINT('',#9868);
#2944=VERTEX_POINT('',#9872);
#2945=VERTEX_POINT('',#9874);
#2946=VERTEX_POINT('',#9878);
#2947=VERTEX_POINT('',#9880);
#2948=VERTEX_POINT('',#9884);
#2949=VERTEX_POINT('',#9886);
#2950=VERTEX_POINT('',#9890);
#2951=VERTEX_POINT('',#9892);
#2952=VERTEX_POINT('',#9896);
#2953=VERTEX_POINT('',#9898);
#2954=VERTEX_POINT('',#9902);
#2955=VERTEX_POINT('',#9904);
#2956=VERTEX_POINT('',#9912);
#2957=VERTEX_POINT('',#9913);
#2958=VERTEX_POINT('',#9915);
#2959=VERTEX_POINT('',#9917);
#2960=VERTEX_POINT('',#9921);
#2961=VERTEX_POINT('',#9923);
#2962=VERTEX_POINT('',#9927);
#2963=VERTEX_POINT('',#9929);
#2964=VERTEX_POINT('',#9946);
#2965=VERTEX_POINT('',#9947);
#2966=VERTEX_POINT('',#9953);
#2967=VERTEX_POINT('',#9955);
#2968=VERTEX_POINT('',#9972);
#2969=VERTEX_POINT('',#9978);
#2970=VERTEX_POINT('',#9995);
#2971=VERTEX_POINT('',#10001);
#2972=VERTEX_POINT('',#10018);
#2973=VERTEX_POINT('',#10024);
#2974=VERTEX_POINT('',#10044);
#2975=VERTEX_POINT('',#10045);
#2976=VERTEX_POINT('',#10051);
#2977=VERTEX_POINT('',#10053);
#2978=VERTEX_POINT('',#10070);
#2979=VERTEX_POINT('',#10076);
#2980=VERTEX_POINT('',#10093);
#2981=VERTEX_POINT('',#10099);
#2982=VERTEX_POINT('',#10116);
#2983=VERTEX_POINT('',#10122);
#2984=VERTEX_POINT('',#10139);
#2985=VERTEX_POINT('',#10145);
#2986=VERTEX_POINT('',#10162);
#2987=VERTEX_POINT('',#10168);
#2988=VERTEX_POINT('',#10185);
#2989=VERTEX_POINT('',#10191);
#2990=VERTEX_POINT('',#10208);
#2991=VERTEX_POINT('',#10214);
#2992=VERTEX_POINT('',#10231);
#2993=VERTEX_POINT('',#10237);
#2994=VERTEX_POINT('',#10254);
#2995=VERTEX_POINT('',#10260);
#2996=VERTEX_POINT('',#10268);
#2997=VERTEX_POINT('',#10270);
#2998=VERTEX_POINT('',#10283);
#2999=VERTEX_POINT('',#10289);
#3000=VERTEX_POINT('',#10306);
#3001=VERTEX_POINT('',#10312);
#3002=VERTEX_POINT('',#10329);
#3003=VERTEX_POINT('',#10335);
#3004=VERTEX_POINT('',#10352);
#3005=VERTEX_POINT('',#10358);
#3006=VERTEX_POINT('',#10366);
#3007=VERTEX_POINT('',#10368);
#3008=VERTEX_POINT('',#10385);
#3009=VERTEX_POINT('',#10386);
#3010=VERTEX_POINT('',#10392);
#3011=VERTEX_POINT('',#10394);
#3012=VERTEX_POINT('',#10411);
#3013=VERTEX_POINT('',#10417);
#3014=VERTEX_POINT('',#10434);
#3015=VERTEX_POINT('',#10440);
#3016=VERTEX_POINT('',#10457);
#3017=VERTEX_POINT('',#10463);
#3018=VERTEX_POINT('',#10480);
#3019=VERTEX_POINT('',#10486);
#3020=VERTEX_POINT('',#10503);
#3021=VERTEX_POINT('',#10509);
#3022=VERTEX_POINT('',#10526);
#3023=VERTEX_POINT('',#10532);
#3024=VERTEX_POINT('',#10560);
#3025=VERTEX_POINT('',#10561);
#3026=VERTEX_POINT('',#10563);
#3027=VERTEX_POINT('',#10565);
#3028=VERTEX_POINT('',#10578);
#3029=VERTEX_POINT('',#10584);
#3030=VERTEX_POINT('',#10601);
#3031=VERTEX_POINT('',#10607);
#3032=VERTEX_POINT('',#10624);
#3033=VERTEX_POINT('',#10630);
#3034=VERTEX_POINT('',#10647);
#3035=VERTEX_POINT('',#10653);
#3036=VERTEX_POINT('',#10670);
#3037=VERTEX_POINT('',#10676);
#3038=VERTEX_POINT('',#10693);
#3039=VERTEX_POINT('',#10699);
#3040=VERTEX_POINT('',#10716);
#3041=VERTEX_POINT('',#10722);
#3042=VERTEX_POINT('',#10739);
#3043=VERTEX_POINT('',#10745);
#3044=VERTEX_POINT('',#10753);
#3045=VERTEX_POINT('',#10755);
#3046=VERTEX_POINT('',#10759);
#3047=VERTEX_POINT('',#10761);
#3048=VERTEX_POINT('',#10765);
#3049=VERTEX_POINT('',#10767);
#3050=VERTEX_POINT('',#10784);
#3051=VERTEX_POINT('',#10785);
#3052=VERTEX_POINT('',#10791);
#3053=VERTEX_POINT('',#10793);
#3054=VERTEX_POINT('',#10810);
#3055=VERTEX_POINT('',#10816);
#3056=VERTEX_POINT('',#10833);
#3057=VERTEX_POINT('',#10839);
#3058=VERTEX_POINT('',#10856);
#3059=VERTEX_POINT('',#10862);
#3060=VERTEX_POINT('',#10879);
#3061=VERTEX_POINT('',#10885);
#3062=VERTEX_POINT('',#10902);
#3063=VERTEX_POINT('',#10908);
#3064=VERTEX_POINT('',#10925);
#3065=VERTEX_POINT('',#10931);
#3066=VERTEX_POINT('',#10968);
#3067=VERTEX_POINT('',#10969);
#3068=VERTEX_POINT('',#10975);
#3069=VERTEX_POINT('',#10977);
#3070=VERTEX_POINT('',#10994);
#3071=VERTEX_POINT('',#11000);
#3072=VERTEX_POINT('',#11017);
#3073=VERTEX_POINT('',#11023);
#3074=VERTEX_POINT('',#11040);
#3075=VERTEX_POINT('',#11046);
#3076=VERTEX_POINT('',#11063);
#3077=VERTEX_POINT('',#11069);
#3078=VERTEX_POINT('',#11086);
#3079=VERTEX_POINT('',#11092);
#3080=VERTEX_POINT('',#11109);
#3081=VERTEX_POINT('',#11115);
#3082=VERTEX_POINT('',#11144);
#3083=VERTEX_POINT('',#11145);
#3084=VERTEX_POINT('',#11147);
#3085=VERTEX_POINT('',#11149);
#3086=VERTEX_POINT('',#11153);
#3087=VERTEX_POINT('',#11155);
#3088=VERTEX_POINT('',#11168);
#3089=VERTEX_POINT('',#11174);
#3090=VERTEX_POINT('',#11191);
#3091=VERTEX_POINT('',#11197);
#3092=VERTEX_POINT('',#11214);
#3093=VERTEX_POINT('',#11220);
#3094=VERTEX_POINT('',#11228);
#3095=VERTEX_POINT('',#11230);
#3096=VERTEX_POINT('',#11243);
#3097=VERTEX_POINT('',#11249);
#3098=VERTEX_POINT('',#11266);
#3099=VERTEX_POINT('',#11272);
#3100=VERTEX_POINT('',#11289);
#3101=VERTEX_POINT('',#11295);
#3102=VERTEX_POINT('',#11303);
#3103=VERTEX_POINT('',#11305);
#3104=VERTEX_POINT('',#11309);
#3105=VERTEX_POINT('',#11311);
#3106=VERTEX_POINT('',#11328);
#3107=VERTEX_POINT('',#11329);
#3108=VERTEX_POINT('',#11335);
#3109=VERTEX_POINT('',#11337);
#3110=VERTEX_POINT('',#11354);
#3111=VERTEX_POINT('',#11360);
#3112=VERTEX_POINT('',#11377);
#3113=VERTEX_POINT('',#11383);
#3114=VERTEX_POINT('',#11400);
#3115=VERTEX_POINT('',#11406);
#3116=VERTEX_POINT('',#11423);
#3117=VERTEX_POINT('',#11429);
#3118=VERTEX_POINT('',#11446);
#3119=VERTEX_POINT('',#11452);
#3120=VERTEX_POINT('',#11469);
#3121=VERTEX_POINT('',#11475);
#3122=VERTEX_POINT('',#11503);
#3123=VERTEX_POINT('',#11504);
#3124=VERTEX_POINT('',#11506);
#3125=VERTEX_POINT('',#11508);
#3126=VERTEX_POINT('',#11521);
#3127=VERTEX_POINT('',#11527);
#3128=VERTEX_POINT('',#11544);
#3129=VERTEX_POINT('',#11550);
#3130=VERTEX_POINT('',#11567);
#3131=VERTEX_POINT('',#11573);
#3132=VERTEX_POINT('',#11590);
#3133=VERTEX_POINT('',#11596);
#3134=VERTEX_POINT('',#11613);
#3135=VERTEX_POINT('',#11619);
#3136=VERTEX_POINT('',#11636);
#3137=VERTEX_POINT('',#11642);
#3138=VERTEX_POINT('',#11659);
#3139=VERTEX_POINT('',#11665);
#3140=VERTEX_POINT('',#11682);
#3141=VERTEX_POINT('',#11688);
#3142=VERTEX_POINT('',#11696);
#3143=VERTEX_POINT('',#11698);
#3144=VERTEX_POINT('',#11702);
#3145=VERTEX_POINT('',#11704);
#3146=VERTEX_POINT('',#11708);
#3147=VERTEX_POINT('',#11710);
#3148=VERTEX_POINT('',#11727);
#3149=VERTEX_POINT('',#11728);
#3150=VERTEX_POINT('',#11734);
#3151=VERTEX_POINT('',#11736);
#3152=VERTEX_POINT('',#11753);
#3153=VERTEX_POINT('',#11759);
#3154=VERTEX_POINT('',#11776);
#3155=VERTEX_POINT('',#11782);
#3156=VERTEX_POINT('',#11799);
#3157=VERTEX_POINT('',#11805);
#3158=VERTEX_POINT('',#11822);
#3159=VERTEX_POINT('',#11828);
#3160=VERTEX_POINT('',#11845);
#3161=VERTEX_POINT('',#11851);
#3162=VERTEX_POINT('',#11868);
#3163=VERTEX_POINT('',#11874);
#3164=VERTEX_POINT('',#11891);
#3165=VERTEX_POINT('',#11897);
#3166=VERTEX_POINT('',#11917);
#3167=VERTEX_POINT('',#11918);
#3168=VERTEX_POINT('',#11924);
#3169=VERTEX_POINT('',#11926);
#3170=VERTEX_POINT('',#11943);
#3171=VERTEX_POINT('',#11949);
#3172=VERTEX_POINT('',#11966);
#3173=VERTEX_POINT('',#11972);
#3174=VERTEX_POINT('',#11989);
#3175=VERTEX_POINT('',#11995);
#3176=VERTEX_POINT('',#12012);
#3177=VERTEX_POINT('',#12018);
#3178=VERTEX_POINT('',#12035);
#3179=VERTEX_POINT('',#12041);
#3180=VERTEX_POINT('',#12058);
#3181=VERTEX_POINT('',#12064);
#3182=VERTEX_POINT('',#12081);
#3183=VERTEX_POINT('',#12087);
#3184=VERTEX_POINT('',#12104);
#3185=VERTEX_POINT('',#12110);
#3186=VERTEX_POINT('',#12127);
#3187=VERTEX_POINT('',#12133);
#3188=VERTEX_POINT('',#12150);
#3189=VERTEX_POINT('',#12156);
#3190=VERTEX_POINT('',#12173);
#3191=VERTEX_POINT('',#12179);
#3192=VERTEX_POINT('',#12196);
#3193=VERTEX_POINT('',#12202);
#3194=VERTEX_POINT('',#12210);
#3195=VERTEX_POINT('',#12212);
#3196=VERTEX_POINT('',#12225);
#3197=VERTEX_POINT('',#12231);
#3198=VERTEX_POINT('',#12248);
#3199=VERTEX_POINT('',#12254);
#3200=VERTEX_POINT('',#12262);
#3201=VERTEX_POINT('',#12264);
#3202=VERTEX_POINT('',#12277);
#3203=VERTEX_POINT('',#12283);
#3204=VERTEX_POINT('',#12300);
#3205=VERTEX_POINT('',#12306);
#3206=VERTEX_POINT('',#12323);
#3207=VERTEX_POINT('',#12329);
#3208=VERTEX_POINT('',#12346);
#3209=VERTEX_POINT('',#12352);
#3210=VERTEX_POINT('',#12369);
#3211=VERTEX_POINT('',#12375);
#3212=VERTEX_POINT('',#12392);
#3213=VERTEX_POINT('',#12398);
#3214=VERTEX_POINT('',#12415);
#3215=VERTEX_POINT('',#12421);
#3216=VERTEX_POINT('',#12438);
#3217=VERTEX_POINT('',#12444);
#3218=VERTEX_POINT('',#12452);
#3219=VERTEX_POINT('',#12454);
#3220=VERTEX_POINT('',#12479);
#3221=VERTEX_POINT('',#12480);
#3222=VERTEX_POINT('',#12482);
#3223=VERTEX_POINT('',#12484);
#3224=VERTEX_POINT('',#12488);
#3225=VERTEX_POINT('',#12490);
#3226=VERTEX_POINT('',#12494);
#3227=VERTEX_POINT('',#12496);
#3228=VERTEX_POINT('',#12504);
#3229=VERTEX_POINT('',#12505);
#3230=VERTEX_POINT('',#12507);
#3231=VERTEX_POINT('',#12509);
#3232=VERTEX_POINT('',#12513);
#3233=VERTEX_POINT('',#12515);
#3234=VERTEX_POINT('',#12528);
#3235=VERTEX_POINT('',#12534);
#3236=VERTEX_POINT('',#12551);
#3237=VERTEX_POINT('',#12557);
#3238=VERTEX_POINT('',#12574);
#3239=VERTEX_POINT('',#12580);
#3240=VERTEX_POINT('',#12597);
#3241=VERTEX_POINT('',#12603);
#3242=VERTEX_POINT('',#12620);
#3243=VERTEX_POINT('',#12626);
#3244=VERTEX_POINT('',#12634);
#3245=VERTEX_POINT('',#12636);
#3246=VERTEX_POINT('',#12640);
#3247=VERTEX_POINT('',#12642);
#3248=VERTEX_POINT('',#12646);
#3249=VERTEX_POINT('',#12648);
#3250=VERTEX_POINT('',#12661);
#3251=VERTEX_POINT('',#12667);
#3252=VERTEX_POINT('',#12684);
#3253=VERTEX_POINT('',#12690);
#3254=VERTEX_POINT('',#12707);
#3255=VERTEX_POINT('',#12713);
#3256=VERTEX_POINT('',#12730);
#3257=VERTEX_POINT('',#12736);
#3258=VERTEX_POINT('',#12744);
#3259=VERTEX_POINT('',#12746);
#3260=VERTEX_POINT('',#12750);
#3261=VERTEX_POINT('',#12752);
#3262=VERTEX_POINT('',#12756);
#3263=VERTEX_POINT('',#12758);
#3264=VERTEX_POINT('',#12771);
#3265=VERTEX_POINT('',#12777);
#3266=VERTEX_POINT('',#12794);
#3267=VERTEX_POINT('',#12800);
#3268=VERTEX_POINT('',#12817);
#3269=VERTEX_POINT('',#12823);
#3270=VERTEX_POINT('',#12840);
#3271=VERTEX_POINT('',#12846);
#3272=VERTEX_POINT('',#12863);
#3273=VERTEX_POINT('',#12869);
#3274=VERTEX_POINT('',#12886);
#3275=VERTEX_POINT('',#12892);
#3276=VERTEX_POINT('',#12909);
#3277=VERTEX_POINT('',#12915);
#3278=VERTEX_POINT('',#12932);
#3279=VERTEX_POINT('',#12938);
#3280=VERTEX_POINT('',#12946);
#3281=VERTEX_POINT('',#12948);
#3282=VERTEX_POINT('',#12952);
#3283=VERTEX_POINT('',#12954);
#3284=VERTEX_POINT('',#12971);
#3285=VERTEX_POINT('',#12972);
#3286=VERTEX_POINT('',#12978);
#3287=VERTEX_POINT('',#12980);
#3288=VERTEX_POINT('',#12997);
#3289=VERTEX_POINT('',#13003);
#3290=VERTEX_POINT('',#13020);
#3291=VERTEX_POINT('',#13026);
#3292=VERTEX_POINT('',#13043);
#3293=VERTEX_POINT('',#13049);
#3294=VERTEX_POINT('',#13069);
#3295=VERTEX_POINT('',#13070);
#3296=VERTEX_POINT('',#13076);
#3297=VERTEX_POINT('',#13078);
#3298=VERTEX_POINT('',#13095);
#3299=VERTEX_POINT('',#13101);
#3300=VERTEX_POINT('',#13118);
#3301=VERTEX_POINT('',#13124);
#3302=VERTEX_POINT('',#13141);
#3303=VERTEX_POINT('',#13147);
#3304=VERTEX_POINT('',#13164);
#3305=VERTEX_POINT('',#13170);
#3306=VERTEX_POINT('',#13187);
#3307=VERTEX_POINT('',#13193);
#3308=VERTEX_POINT('',#13210);
#3309=VERTEX_POINT('',#13216);
#3310=VERTEX_POINT('',#13233);
#3311=VERTEX_POINT('',#13239);
#3312=VERTEX_POINT('',#13256);
#3313=VERTEX_POINT('',#13262);
#3314=VERTEX_POINT('',#13279);
#3315=VERTEX_POINT('',#13285);
#3316=VERTEX_POINT('',#13293);
#3317=VERTEX_POINT('',#13295);
#3318=VERTEX_POINT('',#13308);
#3319=VERTEX_POINT('',#13314);
#3320=VERTEX_POINT('',#13331);
#3321=VERTEX_POINT('',#13337);
#3322=VERTEX_POINT('',#13354);
#3323=VERTEX_POINT('',#13360);
#3324=VERTEX_POINT('',#13377);
#3325=VERTEX_POINT('',#13383);
#3326=VERTEX_POINT('',#13391);
#3327=VERTEX_POINT('',#13393);
#3328=VERTEX_POINT('',#13401);
#3329=VERTEX_POINT('',#13402);
#3330=VERTEX_POINT('',#13404);
#3331=VERTEX_POINT('',#13406);
#3332=VERTEX_POINT('',#13410);
#3333=VERTEX_POINT('',#13412);
#3334=VERTEX_POINT('',#13416);
#3335=VERTEX_POINT('',#13418);
#3336=VERTEX_POINT('',#13422);
#3337=VERTEX_POINT('',#13424);
#3338=VERTEX_POINT('',#13428);
#3339=VERTEX_POINT('',#13430);
#3340=VERTEX_POINT('',#13434);
#3341=VERTEX_POINT('',#13436);
#3342=VERTEX_POINT('',#13440);
#3343=VERTEX_POINT('',#13442);
#3344=VERTEX_POINT('',#13459);
#3345=VERTEX_POINT('',#13460);
#3346=VERTEX_POINT('',#13462);
#3347=VERTEX_POINT('',#13464);
#3348=VERTEX_POINT('',#13468);
#3349=VERTEX_POINT('',#13470);
#3350=VERTEX_POINT('',#13474);
#3351=VERTEX_POINT('',#13476);
#3352=VERTEX_POINT('',#13478);
#3353=VERTEX_POINT('',#13480);
#3354=VERTEX_POINT('',#13482);
#3355=VERTEX_POINT('',#13486);
#3356=VERTEX_POINT('',#13490);
#3357=VERTEX_POINT('',#13494);
#3358=VERTEX_POINT('',#13496);
#3359=VERTEX_POINT('',#13502);
#3360=EDGE_CURVE('',#2698,#2698,#2682,.T.);
#3361=EDGE_CURVE('',#2698,#2699,#2683,.T.);
#3362=EDGE_CURVE('',#2699,#2699,#2684,.T.);
#3363=EDGE_CURVE('',#2699,#2700,#833,.T.);
#3364=EDGE_CURVE('',#2700,#2700,#2685,.T.);
#3365=EDGE_CURVE('',#2701,#2701,#2686,.T.);
#3366=EDGE_CURVE('',#2701,#2702,#2687,.T.);
#3367=EDGE_CURVE('',#2702,#2702,#2688,.T.);
#3368=EDGE_CURVE('',#2702,#2703,#834,.T.);
#3369=EDGE_CURVE('',#2703,#2703,#2689,.T.);
#3370=EDGE_CURVE('',#2704,#2705,#835,.T.);
#3371=EDGE_CURVE('',#2704,#2706,#836,.T.);
#3372=EDGE_CURVE('',#2706,#2707,#837,.T.);
#3373=EDGE_CURVE('',#2705,#2707,#838,.T.);
#3374=EDGE_CURVE('',#2708,#2704,#839,.T.);
#3375=EDGE_CURVE('',#2708,#2709,#840,.T.);
#3376=EDGE_CURVE('',#2709,#2706,#841,.T.);
#3377=EDGE_CURVE('',#2710,#2708,#44,.T.);
#3378=EDGE_CURVE('',#2710,#2711,#842,.T.);
#3379=EDGE_CURVE('',#2711,#2709,#45,.T.);
#3380=EDGE_CURVE('',#2712,#2710,#46,.T.);
#3381=EDGE_CURVE('',#2712,#2713,#843,.T.);
#3382=EDGE_CURVE('',#2713,#2711,#47,.T.);
#3383=EDGE_CURVE('',#2714,#2712,#48,.T.);
#3384=EDGE_CURVE('',#2714,#2715,#844,.T.);
#3385=EDGE_CURVE('',#2715,#2713,#49,.T.);
#3386=EDGE_CURVE('',#2716,#2714,#50,.T.);
#3387=EDGE_CURVE('',#2716,#2717,#845,.T.);
#3388=EDGE_CURVE('',#2717,#2715,#51,.T.);
#3389=EDGE_CURVE('',#2718,#2716,#846,.T.);
#3390=EDGE_CURVE('',#2718,#2719,#847,.T.);
#3391=EDGE_CURVE('',#2719,#2717,#848,.T.);
#3392=EDGE_CURVE('',#2720,#2718,#849,.T.);
#3393=EDGE_CURVE('',#2720,#2721,#850,.T.);
#3394=EDGE_CURVE('',#2721,#2719,#851,.T.);
#3395=EDGE_CURVE('',#2722,#2720,#852,.T.);
#3396=EDGE_CURVE('',#2722,#2723,#853,.T.);
#3397=EDGE_CURVE('',#2723,#2721,#854,.T.);
#3398=EDGE_CURVE('',#2724,#2722,#52,.T.);
#3399=EDGE_CURVE('',#2724,#2725,#855,.T.);
#3400=EDGE_CURVE('',#2725,#2723,#53,.T.);
#3401=EDGE_CURVE('',#2726,#2724,#54,.T.);
#3402=EDGE_CURVE('',#2726,#2727,#856,.T.);
#3403=EDGE_CURVE('',#2727,#2725,#55,.T.);
#3404=EDGE_CURVE('',#2728,#2726,#56,.T.);
#3405=EDGE_CURVE('',#2728,#2729,#857,.T.);
#3406=EDGE_CURVE('',#2729,#2727,#57,.T.);
#3407=EDGE_CURVE('',#2730,#2728,#58,.T.);
#3408=EDGE_CURVE('',#2730,#2731,#858,.T.);
#3409=EDGE_CURVE('',#2731,#2729,#59,.T.);
#3410=EDGE_CURVE('',#2732,#2730,#859,.T.);
#3411=EDGE_CURVE('',#2732,#2733,#860,.T.);
#3412=EDGE_CURVE('',#2733,#2731,#861,.T.);
#3413=EDGE_CURVE('',#2734,#2732,#862,.T.);
#3414=EDGE_CURVE('',#2734,#2735,#863,.T.);
#3415=EDGE_CURVE('',#2735,#2733,#864,.T.);
#3416=EDGE_CURVE('',#2705,#2734,#865,.T.);
#3417=EDGE_CURVE('',#2707,#2735,#866,.T.);
#3418=EDGE_CURVE('',#2736,#2737,#867,.T.);
#3419=EDGE_CURVE('',#2736,#2738,#868,.T.);
#3420=EDGE_CURVE('',#2738,#2739,#869,.T.);
#3421=EDGE_CURVE('',#2737,#2739,#870,.T.);
#3422=EDGE_CURVE('',#2740,#2736,#871,.T.);
#3423=EDGE_CURVE('',#2740,#2741,#872,.T.);
#3424=EDGE_CURVE('',#2741,#2738,#873,.T.);
#3425=EDGE_CURVE('',#2742,#2740,#60,.T.);
#3426=EDGE_CURVE('',#2742,#2743,#874,.T.);
#3427=EDGE_CURVE('',#2743,#2741,#61,.T.);
#3428=EDGE_CURVE('',#2744,#2742,#62,.T.);
#3429=EDGE_CURVE('',#2744,#2745,#875,.T.);
#3430=EDGE_CURVE('',#2745,#2743,#63,.T.);
#3431=EDGE_CURVE('',#2746,#2744,#64,.T.);
#3432=EDGE_CURVE('',#2746,#2747,#876,.T.);
#3433=EDGE_CURVE('',#2747,#2745,#65,.T.);
#3434=EDGE_CURVE('',#2748,#2746,#877,.T.);
#3435=EDGE_CURVE('',#2748,#2749,#878,.T.);
#3436=EDGE_CURVE('',#2749,#2747,#879,.T.);
#3437=EDGE_CURVE('',#2750,#2748,#66,.T.);
#3438=EDGE_CURVE('',#2750,#2751,#880,.T.);
#3439=EDGE_CURVE('',#2751,#2749,#67,.T.);
#3440=EDGE_CURVE('',#2752,#2750,#68,.T.);
#3441=EDGE_CURVE('',#2752,#2753,#881,.T.);
#3442=EDGE_CURVE('',#2753,#2751,#69,.T.);
#3443=EDGE_CURVE('',#2754,#2752,#70,.T.);
#3444=EDGE_CURVE('',#2754,#2755,#882,.T.);
#3445=EDGE_CURVE('',#2755,#2753,#71,.T.);
#3446=EDGE_CURVE('',#2756,#2754,#883,.T.);
#3447=EDGE_CURVE('',#2756,#2757,#884,.T.);
#3448=EDGE_CURVE('',#2757,#2755,#885,.T.);
#3449=EDGE_CURVE('',#2758,#2756,#886,.T.);
#3450=EDGE_CURVE('',#2758,#2759,#887,.T.);
#3451=EDGE_CURVE('',#2759,#2757,#888,.T.);
#3452=EDGE_CURVE('',#2737,#2758,#889,.T.);
#3453=EDGE_CURVE('',#2739,#2759,#890,.T.);
#3454=EDGE_CURVE('',#2760,#2761,#72,.T.);
#3455=EDGE_CURVE('',#2760,#2762,#891,.T.);
#3456=EDGE_CURVE('',#2762,#2763,#73,.T.);
#3457=EDGE_CURVE('',#2761,#2763,#892,.T.);
#3458=EDGE_CURVE('',#2764,#2760,#74,.T.);
#3459=EDGE_CURVE('',#2764,#2765,#893,.T.);
#3460=EDGE_CURVE('',#2765,#2762,#75,.T.);
#3461=EDGE_CURVE('',#2766,#2764,#76,.T.);
#3462=EDGE_CURVE('',#2766,#2767,#894,.T.);
#3463=EDGE_CURVE('',#2767,#2765,#77,.T.);
#3464=EDGE_CURVE('',#2768,#2766,#78,.T.);
#3465=EDGE_CURVE('',#2768,#2769,#895,.T.);
#3466=EDGE_CURVE('',#2769,#2767,#79,.T.);
#3467=EDGE_CURVE('',#2770,#2768,#80,.T.);
#3468=EDGE_CURVE('',#2770,#2771,#896,.T.);
#3469=EDGE_CURVE('',#2771,#2769,#81,.T.);
#3470=EDGE_CURVE('',#2772,#2770,#82,.T.);
#3471=EDGE_CURVE('',#2772,#2773,#897,.T.);
#3472=EDGE_CURVE('',#2773,#2771,#83,.T.);
#3473=EDGE_CURVE('',#2774,#2772,#84,.T.);
#3474=EDGE_CURVE('',#2774,#2775,#898,.T.);
#3475=EDGE_CURVE('',#2775,#2773,#85,.T.);
#3476=EDGE_CURVE('',#2776,#2774,#86,.T.);
#3477=EDGE_CURVE('',#2776,#2777,#899,.T.);
#3478=EDGE_CURVE('',#2777,#2775,#87,.T.);
#3479=EDGE_CURVE('',#2761,#2776,#900,.T.);
#3480=EDGE_CURVE('',#2763,#2777,#901,.T.);
#3481=EDGE_CURVE('',#2778,#2779,#88,.T.);
#3482=EDGE_CURVE('',#2778,#2780,#902,.T.);
#3483=EDGE_CURVE('',#2780,#2781,#89,.T.);
#3484=EDGE_CURVE('',#2779,#2781,#903,.T.);
#3485=EDGE_CURVE('',#2782,#2778,#90,.T.);
#3486=EDGE_CURVE('',#2782,#2783,#904,.T.);
#3487=EDGE_CURVE('',#2783,#2780,#91,.T.);
#3488=EDGE_CURVE('',#2784,#2782,#92,.T.);
#3489=EDGE_CURVE('',#2784,#2785,#905,.T.);
#3490=EDGE_CURVE('',#2785,#2783,#93,.T.);
#3491=EDGE_CURVE('',#2786,#2784,#94,.T.);
#3492=EDGE_CURVE('',#2786,#2787,#906,.T.);
#3493=EDGE_CURVE('',#2787,#2785,#95,.T.);
#3494=EDGE_CURVE('',#2788,#2786,#96,.T.);
#3495=EDGE_CURVE('',#2788,#2789,#907,.T.);
#3496=EDGE_CURVE('',#2789,#2787,#97,.T.);
#3497=EDGE_CURVE('',#2790,#2788,#98,.T.);
#3498=EDGE_CURVE('',#2790,#2791,#908,.T.);
#3499=EDGE_CURVE('',#2791,#2789,#99,.T.);
#3500=EDGE_CURVE('',#2792,#2790,#100,.T.);
#3501=EDGE_CURVE('',#2792,#2793,#909,.T.);
#3502=EDGE_CURVE('',#2793,#2791,#101,.T.);
#3503=EDGE_CURVE('',#2794,#2792,#102,.T.);
#3504=EDGE_CURVE('',#2794,#2795,#910,.T.);
#3505=EDGE_CURVE('',#2795,#2793,#103,.T.);
#3506=EDGE_CURVE('',#2796,#2794,#104,.T.);
#3507=EDGE_CURVE('',#2796,#2797,#911,.T.);
#3508=EDGE_CURVE('',#2797,#2795,#105,.T.);
#3509=EDGE_CURVE('',#2798,#2796,#106,.T.);
#3510=EDGE_CURVE('',#2798,#2799,#912,.T.);
#3511=EDGE_CURVE('',#2799,#2797,#107,.T.);
#3512=EDGE_CURVE('',#2800,#2798,#108,.T.);
#3513=EDGE_CURVE('',#2800,#2801,#913,.T.);
#3514=EDGE_CURVE('',#2801,#2799,#109,.T.);
#3515=EDGE_CURVE('',#2802,#2800,#110,.T.);
#3516=EDGE_CURVE('',#2802,#2803,#914,.T.);
#3517=EDGE_CURVE('',#2803,#2801,#111,.T.);
#3518=EDGE_CURVE('',#2804,#2802,#112,.T.);
#3519=EDGE_CURVE('',#2804,#2805,#915,.T.);
#3520=EDGE_CURVE('',#2805,#2803,#113,.T.);
#3521=EDGE_CURVE('',#2806,#2804,#916,.T.);
#3522=EDGE_CURVE('',#2806,#2807,#917,.T.);
#3523=EDGE_CURVE('',#2807,#2805,#918,.T.);
#3524=EDGE_CURVE('',#2808,#2806,#114,.T.);
#3525=EDGE_CURVE('',#2808,#2809,#919,.T.);
#3526=EDGE_CURVE('',#2809,#2807,#115,.T.);
#3527=EDGE_CURVE('',#2810,#2808,#116,.T.);
#3528=EDGE_CURVE('',#2810,#2811,#920,.T.);
#3529=EDGE_CURVE('',#2811,#2809,#117,.T.);
#3530=EDGE_CURVE('',#2812,#2810,#921,.T.);
#3531=EDGE_CURVE('',#2812,#2813,#922,.T.);
#3532=EDGE_CURVE('',#2813,#2811,#923,.T.);
#3533=EDGE_CURVE('',#2814,#2812,#118,.T.);
#3534=EDGE_CURVE('',#2814,#2815,#924,.T.);
#3535=EDGE_CURVE('',#2815,#2813,#119,.T.);
#3536=EDGE_CURVE('',#2816,#2814,#120,.T.);
#3537=EDGE_CURVE('',#2816,#2817,#925,.T.);
#3538=EDGE_CURVE('',#2817,#2815,#121,.T.);
#3539=EDGE_CURVE('',#2818,#2816,#122,.T.);
#3540=EDGE_CURVE('',#2818,#2819,#926,.T.);
#3541=EDGE_CURVE('',#2819,#2817,#123,.T.);
#3542=EDGE_CURVE('',#2820,#2818,#124,.T.);
#3543=EDGE_CURVE('',#2820,#2821,#927,.T.);
#3544=EDGE_CURVE('',#2821,#2819,#125,.T.);
#3545=EDGE_CURVE('',#2822,#2820,#126,.T.);
#3546=EDGE_CURVE('',#2822,#2823,#928,.T.);
#3547=EDGE_CURVE('',#2823,#2821,#127,.T.);
#3548=EDGE_CURVE('',#2824,#2822,#128,.T.);
#3549=EDGE_CURVE('',#2824,#2825,#929,.T.);
#3550=EDGE_CURVE('',#2825,#2823,#129,.T.);
#3551=EDGE_CURVE('',#2826,#2824,#130,.T.);
#3552=EDGE_CURVE('',#2826,#2827,#930,.T.);
#3553=EDGE_CURVE('',#2827,#2825,#131,.T.);
#3554=EDGE_CURVE('',#2828,#2826,#132,.T.);
#3555=EDGE_CURVE('',#2828,#2829,#931,.T.);
#3556=EDGE_CURVE('',#2829,#2827,#133,.T.);
#3557=EDGE_CURVE('',#2830,#2828,#932,.T.);
#3558=EDGE_CURVE('',#2830,#2831,#933,.T.);
#3559=EDGE_CURVE('',#2831,#2829,#934,.T.);
#3560=EDGE_CURVE('',#2779,#2830,#134,.T.);
#3561=EDGE_CURVE('',#2781,#2831,#135,.T.);
#3562=EDGE_CURVE('',#2832,#2833,#935,.T.);
#3563=EDGE_CURVE('',#2832,#2834,#936,.T.);
#3564=EDGE_CURVE('',#2834,#2835,#937,.T.);
#3565=EDGE_CURVE('',#2833,#2835,#938,.T.);
#3566=EDGE_CURVE('',#2836,#2832,#136,.T.);
#3567=EDGE_CURVE('',#2836,#2837,#939,.T.);
#3568=EDGE_CURVE('',#2837,#2834,#137,.T.);
#3569=EDGE_CURVE('',#2838,#2836,#138,.T.);
#3570=EDGE_CURVE('',#2838,#2839,#940,.T.);
#3571=EDGE_CURVE('',#2839,#2837,#139,.T.);
#3572=EDGE_CURVE('',#2840,#2838,#140,.T.);
#3573=EDGE_CURVE('',#2840,#2841,#941,.T.);
#3574=EDGE_CURVE('',#2841,#2839,#141,.T.);
#3575=EDGE_CURVE('',#2842,#2840,#142,.T.);
#3576=EDGE_CURVE('',#2842,#2843,#942,.T.);
#3577=EDGE_CURVE('',#2843,#2841,#143,.T.);
#3578=EDGE_CURVE('',#2844,#2842,#943,.T.);
#3579=EDGE_CURVE('',#2844,#2845,#944,.T.);
#3580=EDGE_CURVE('',#2845,#2843,#945,.T.);
#3581=EDGE_CURVE('',#2833,#2844,#946,.T.);
#3582=EDGE_CURVE('',#2835,#2845,#947,.T.);
#3583=EDGE_CURVE('',#2846,#2847,#948,.T.);
#3584=EDGE_CURVE('',#2846,#2848,#949,.T.);
#3585=EDGE_CURVE('',#2848,#2849,#950,.T.);
#3586=EDGE_CURVE('',#2847,#2849,#951,.T.);
#3587=EDGE_CURVE('',#2850,#2846,#952,.T.);
#3588=EDGE_CURVE('',#2850,#2851,#953,.T.);
#3589=EDGE_CURVE('',#2851,#2848,#954,.T.);
#3590=EDGE_CURVE('',#2852,#2850,#955,.T.);
#3591=EDGE_CURVE('',#2852,#2853,#956,.T.);
#3592=EDGE_CURVE('',#2853,#2851,#957,.T.);
#3593=EDGE_CURVE('',#2854,#2852,#144,.T.);
#3594=EDGE_CURVE('',#2854,#2855,#958,.T.);
#3595=EDGE_CURVE('',#2855,#2853,#145,.T.);
#3596=EDGE_CURVE('',#2856,#2854,#146,.T.);
#3597=EDGE_CURVE('',#2856,#2857,#959,.T.);
#3598=EDGE_CURVE('',#2857,#2855,#147,.T.);
#3599=EDGE_CURVE('',#2858,#2856,#148,.T.);
#3600=EDGE_CURVE('',#2858,#2859,#960,.T.);
#3601=EDGE_CURVE('',#2859,#2857,#149,.T.);
#3602=EDGE_CURVE('',#2860,#2858,#150,.T.);
#3603=EDGE_CURVE('',#2860,#2861,#961,.T.);
#3604=EDGE_CURVE('',#2861,#2859,#151,.T.);
#3605=EDGE_CURVE('',#2862,#2860,#962,.T.);
#3606=EDGE_CURVE('',#2862,#2863,#963,.T.);
#3607=EDGE_CURVE('',#2863,#2861,#964,.T.);
#3608=EDGE_CURVE('',#2847,#2862,#965,.T.);
#3609=EDGE_CURVE('',#2849,#2863,#966,.T.);
#3610=EDGE_CURVE('',#2864,#2865,#967,.T.);
#3611=EDGE_CURVE('',#2864,#2866,#968,.T.);
#3612=EDGE_CURVE('',#2866,#2867,#969,.T.);
#3613=EDGE_CURVE('',#2865,#2867,#970,.T.);
#3614=EDGE_CURVE('',#2868,#2864,#971,.T.);
#3615=EDGE_CURVE('',#2868,#2869,#972,.T.);
#3616=EDGE_CURVE('',#2869,#2866,#973,.T.);
#3617=EDGE_CURVE('',#2870,#2868,#152,.T.);
#3618=EDGE_CURVE('',#2870,#2871,#974,.T.);
#3619=EDGE_CURVE('',#2871,#2869,#153,.T.);
#3620=EDGE_CURVE('',#2872,#2870,#154,.T.);
#3621=EDGE_CURVE('',#2872,#2873,#975,.T.);
#3622=EDGE_CURVE('',#2873,#2871,#155,.T.);
#3623=EDGE_CURVE('',#2874,#2872,#156,.T.);
#3624=EDGE_CURVE('',#2874,#2875,#976,.T.);
#3625=EDGE_CURVE('',#2875,#2873,#157,.T.);
#3626=EDGE_CURVE('',#2876,#2874,#977,.T.);
#3627=EDGE_CURVE('',#2876,#2877,#978,.T.);
#3628=EDGE_CURVE('',#2877,#2875,#979,.T.);
#3629=EDGE_CURVE('',#2878,#2876,#158,.T.);
#3630=EDGE_CURVE('',#2878,#2879,#980,.T.);
#3631=EDGE_CURVE('',#2879,#2877,#159,.T.);
#3632=EDGE_CURVE('',#2880,#2878,#160,.T.);
#3633=EDGE_CURVE('',#2880,#2881,#981,.T.);
#3634=EDGE_CURVE('',#2881,#2879,#161,.T.);
#3635=EDGE_CURVE('',#2882,#2880,#162,.T.);
#3636=EDGE_CURVE('',#2882,#2883,#982,.T.);
#3637=EDGE_CURVE('',#2883,#2881,#163,.T.);
#3638=EDGE_CURVE('',#2884,#2882,#983,.T.);
#3639=EDGE_CURVE('',#2884,#2885,#984,.T.);
#3640=EDGE_CURVE('',#2885,#2883,#985,.T.);
#3641=EDGE_CURVE('',#2886,#2884,#986,.T.);
#3642=EDGE_CURVE('',#2886,#2887,#987,.T.);
#3643=EDGE_CURVE('',#2887,#2885,#988,.T.);
#3644=EDGE_CURVE('',#2865,#2886,#989,.T.);
#3645=EDGE_CURVE('',#2867,#2887,#990,.T.);
#3646=EDGE_CURVE('',#2888,#2889,#164,.T.);
#3647=EDGE_CURVE('',#2888,#2890,#991,.T.);
#3648=EDGE_CURVE('',#2890,#2891,#165,.T.);
#3649=EDGE_CURVE('',#2889,#2891,#992,.T.);
#3650=EDGE_CURVE('',#2892,#2888,#166,.T.);
#3651=EDGE_CURVE('',#2892,#2893,#993,.T.);
#3652=EDGE_CURVE('',#2893,#2890,#167,.T.);
#3653=EDGE_CURVE('',#2894,#2892,#168,.T.);
#3654=EDGE_CURVE('',#2894,#2895,#994,.T.);
#3655=EDGE_CURVE('',#2895,#2893,#169,.T.);
#3656=EDGE_CURVE('',#2896,#2894,#170,.T.);
#3657=EDGE_CURVE('',#2896,#2897,#995,.T.);
#3658=EDGE_CURVE('',#2897,#2895,#171,.T.);
#3659=EDGE_CURVE('',#2889,#2896,#996,.T.);
#3660=EDGE_CURVE('',#2891,#2897,#997,.T.);
#3661=EDGE_CURVE('',#2898,#2899,#172,.T.);
#3662=EDGE_CURVE('',#2898,#2900,#998,.T.);
#3663=EDGE_CURVE('',#2900,#2901,#173,.T.);
#3664=EDGE_CURVE('',#2899,#2901,#999,.T.);
#3665=EDGE_CURVE('',#2902,#2898,#174,.T.);
#3666=EDGE_CURVE('',#2902,#2903,#1000,.T.);
#3667=EDGE_CURVE('',#2903,#2900,#175,.T.);
#3668=EDGE_CURVE('',#2904,#2902,#176,.T.);
#3669=EDGE_CURVE('',#2904,#2905,#1001,.T.);
#3670=EDGE_CURVE('',#2905,#2903,#177,.T.);
#3671=EDGE_CURVE('',#2906,#2904,#178,.T.);
#3672=EDGE_CURVE('',#2906,#2907,#1002,.T.);
#3673=EDGE_CURVE('',#2907,#2905,#179,.T.);
#3674=EDGE_CURVE('',#2908,#2906,#180,.T.);
#3675=EDGE_CURVE('',#2908,#2909,#1003,.T.);
#3676=EDGE_CURVE('',#2909,#2907,#181,.T.);
#3677=EDGE_CURVE('',#2910,#2908,#182,.T.);
#3678=EDGE_CURVE('',#2910,#2911,#1004,.T.);
#3679=EDGE_CURVE('',#2911,#2909,#183,.T.);
#3680=EDGE_CURVE('',#2912,#2910,#184,.T.);
#3681=EDGE_CURVE('',#2912,#2913,#1005,.T.);
#3682=EDGE_CURVE('',#2913,#2911,#185,.T.);
#3683=EDGE_CURVE('',#2914,#2912,#186,.T.);
#3684=EDGE_CURVE('',#2914,#2915,#1006,.T.);
#3685=EDGE_CURVE('',#2915,#2913,#187,.T.);
#3686=EDGE_CURVE('',#2916,#2914,#188,.T.);
#3687=EDGE_CURVE('',#2916,#2917,#1007,.T.);
#3688=EDGE_CURVE('',#2917,#2915,#189,.T.);
#3689=EDGE_CURVE('',#2918,#2916,#190,.T.);
#3690=EDGE_CURVE('',#2918,#2919,#1008,.T.);
#3691=EDGE_CURVE('',#2919,#2917,#191,.T.);
#3692=EDGE_CURVE('',#2920,#2918,#1009,.T.);
#3693=EDGE_CURVE('',#2920,#2921,#1010,.T.);
#3694=EDGE_CURVE('',#2921,#2919,#1011,.T.);
#3695=EDGE_CURVE('',#2922,#2920,#192,.T.);
#3696=EDGE_CURVE('',#2922,#2923,#1012,.T.);
#3697=EDGE_CURVE('',#2923,#2921,#193,.T.);
#3698=EDGE_CURVE('',#2924,#2922,#194,.T.);
#3699=EDGE_CURVE('',#2924,#2925,#1013,.T.);
#3700=EDGE_CURVE('',#2925,#2923,#195,.T.);
#3701=EDGE_CURVE('',#2926,#2924,#196,.T.);
#3702=EDGE_CURVE('',#2926,#2927,#1014,.T.);
#3703=EDGE_CURVE('',#2927,#2925,#197,.T.);
#3704=EDGE_CURVE('',#2928,#2926,#198,.T.);
#3705=EDGE_CURVE('',#2928,#2929,#1015,.T.);
#3706=EDGE_CURVE('',#2929,#2927,#199,.T.);
#3707=EDGE_CURVE('',#2930,#2928,#1016,.T.);
#3708=EDGE_CURVE('',#2930,#2931,#1017,.T.);
#3709=EDGE_CURVE('',#2931,#2929,#1018,.T.);
#3710=EDGE_CURVE('',#2899,#2930,#1019,.T.);
#3711=EDGE_CURVE('',#2901,#2931,#1020,.T.);
#3712=EDGE_CURVE('',#2932,#2933,#1021,.T.);
#3713=EDGE_CURVE('',#2932,#2934,#1022,.T.);
#3714=EDGE_CURVE('',#2934,#2935,#1023,.T.);
#3715=EDGE_CURVE('',#2933,#2935,#1024,.T.);
#3716=EDGE_CURVE('',#2936,#2932,#1025,.T.);
#3717=EDGE_CURVE('',#2936,#2937,#1026,.T.);
#3718=EDGE_CURVE('',#2937,#2934,#1027,.T.);
#3719=EDGE_CURVE('',#2938,#2936,#1028,.T.);
#3720=EDGE_CURVE('',#2938,#2939,#1029,.T.);
#3721=EDGE_CURVE('',#2939,#2937,#1030,.T.);
#3722=EDGE_CURVE('',#2940,#2938,#1031,.T.);
#3723=EDGE_CURVE('',#2940,#2941,#1032,.T.);
#3724=EDGE_CURVE('',#2941,#2939,#1033,.T.);
#3725=EDGE_CURVE('',#2942,#2940,#1034,.T.);
#3726=EDGE_CURVE('',#2942,#2943,#1035,.T.);
#3727=EDGE_CURVE('',#2943,#2941,#1036,.T.);
#3728=EDGE_CURVE('',#2944,#2942,#1037,.T.);
#3729=EDGE_CURVE('',#2944,#2945,#1038,.T.);
#3730=EDGE_CURVE('',#2945,#2943,#1039,.T.);
#3731=EDGE_CURVE('',#2946,#2944,#1040,.T.);
#3732=EDGE_CURVE('',#2946,#2947,#1041,.T.);
#3733=EDGE_CURVE('',#2947,#2945,#1042,.T.);
#3734=EDGE_CURVE('',#2948,#2946,#1043,.T.);
#3735=EDGE_CURVE('',#2948,#2949,#1044,.T.);
#3736=EDGE_CURVE('',#2949,#2947,#1045,.T.);
#3737=EDGE_CURVE('',#2950,#2948,#1046,.T.);
#3738=EDGE_CURVE('',#2950,#2951,#1047,.T.);
#3739=EDGE_CURVE('',#2951,#2949,#1048,.T.);
#3740=EDGE_CURVE('',#2952,#2950,#1049,.T.);
#3741=EDGE_CURVE('',#2952,#2953,#1050,.T.);
#3742=EDGE_CURVE('',#2953,#2951,#1051,.T.);
#3743=EDGE_CURVE('',#2954,#2952,#1052,.T.);
#3744=EDGE_CURVE('',#2954,#2955,#1053,.T.);
#3745=EDGE_CURVE('',#2955,#2953,#1054,.T.);
#3746=EDGE_CURVE('',#2933,#2954,#1055,.T.);
#3747=EDGE_CURVE('',#2935,#2955,#1056,.T.);
#3748=EDGE_CURVE('',#2956,#2957,#1057,.T.);
#3749=EDGE_CURVE('',#2956,#2958,#1058,.T.);
#3750=EDGE_CURVE('',#2958,#2959,#1059,.T.);
#3751=EDGE_CURVE('',#2957,#2959,#1060,.T.);
#3752=EDGE_CURVE('',#2960,#2956,#1061,.T.);
#3753=EDGE_CURVE('',#2960,#2961,#1062,.T.);
#3754=EDGE_CURVE('',#2961,#2958,#1063,.T.);
#3755=EDGE_CURVE('',#2962,#2960,#1064,.T.);
#3756=EDGE_CURVE('',#2962,#2963,#1065,.T.);
#3757=EDGE_CURVE('',#2963,#2961,#1066,.T.);
#3758=EDGE_CURVE('',#2957,#2962,#1067,.T.);
#3759=EDGE_CURVE('',#2959,#2963,#1068,.T.);
#3760=EDGE_CURVE('',#2964,#2965,#200,.T.);
#3761=EDGE_CURVE('',#2964,#2966,#1069,.T.);
#3762=EDGE_CURVE('',#2966,#2967,#201,.T.);
#3763=EDGE_CURVE('',#2965,#2967,#1070,.T.);
#3764=EDGE_CURVE('',#2968,#2964,#202,.T.);
#3765=EDGE_CURVE('',#2968,#2969,#1071,.T.);
#3766=EDGE_CURVE('',#2969,#2966,#203,.T.);
#3767=EDGE_CURVE('',#2970,#2968,#204,.T.);
#3768=EDGE_CURVE('',#2970,#2971,#1072,.T.);
#3769=EDGE_CURVE('',#2971,#2969,#205,.T.);
#3770=EDGE_CURVE('',#2972,#2970,#206,.T.);
#3771=EDGE_CURVE('',#2972,#2973,#1073,.T.);
#3772=EDGE_CURVE('',#2973,#2971,#207,.T.);
#3773=EDGE_CURVE('',#2965,#2972,#1074,.T.);
#3774=EDGE_CURVE('',#2967,#2973,#1075,.T.);
#3775=EDGE_CURVE('',#2974,#2975,#208,.T.);
#3776=EDGE_CURVE('',#2974,#2976,#1076,.T.);
#3777=EDGE_CURVE('',#2976,#2977,#209,.T.);
#3778=EDGE_CURVE('',#2975,#2977,#1077,.T.);
#3779=EDGE_CURVE('',#2978,#2974,#210,.T.);
#3780=EDGE_CURVE('',#2978,#2979,#1078,.T.);
#3781=EDGE_CURVE('',#2979,#2976,#211,.T.);
#3782=EDGE_CURVE('',#2980,#2978,#212,.T.);
#3783=EDGE_CURVE('',#2980,#2981,#1079,.T.);
#3784=EDGE_CURVE('',#2981,#2979,#213,.T.);
#3785=EDGE_CURVE('',#2982,#2980,#214,.T.);
#3786=EDGE_CURVE('',#2982,#2983,#1080,.T.);
#3787=EDGE_CURVE('',#2983,#2981,#215,.T.);
#3788=EDGE_CURVE('',#2984,#2982,#216,.T.);
#3789=EDGE_CURVE('',#2984,#2985,#1081,.T.);
#3790=EDGE_CURVE('',#2985,#2983,#217,.T.);
#3791=EDGE_CURVE('',#2986,#2984,#218,.T.);
#3792=EDGE_CURVE('',#2986,#2987,#1082,.T.);
#3793=EDGE_CURVE('',#2987,#2985,#219,.T.);
#3794=EDGE_CURVE('',#2988,#2986,#220,.T.);
#3795=EDGE_CURVE('',#2988,#2989,#1083,.T.);
#3796=EDGE_CURVE('',#2989,#2987,#221,.T.);
#3797=EDGE_CURVE('',#2990,#2988,#222,.T.);
#3798=EDGE_CURVE('',#2990,#2991,#1084,.T.);
#3799=EDGE_CURVE('',#2991,#2989,#223,.T.);
#3800=EDGE_CURVE('',#2992,#2990,#224,.T.);
#3801=EDGE_CURVE('',#2992,#2993,#1085,.T.);
#3802=EDGE_CURVE('',#2993,#2991,#225,.T.);
#3803=EDGE_CURVE('',#2994,#2992,#226,.T.);
#3804=EDGE_CURVE('',#2994,#2995,#1086,.T.);
#3805=EDGE_CURVE('',#2995,#2993,#227,.T.);
#3806=EDGE_CURVE('',#2996,#2994,#1087,.T.);
#3807=EDGE_CURVE('',#2996,#2997,#1088,.T.);
#3808=EDGE_CURVE('',#2997,#2995,#1089,.T.);
#3809=EDGE_CURVE('',#2998,#2996,#228,.T.);
#3810=EDGE_CURVE('',#2998,#2999,#1090,.T.);
#3811=EDGE_CURVE('',#2999,#2997,#229,.T.);
#3812=EDGE_CURVE('',#3000,#2998,#230,.T.);
#3813=EDGE_CURVE('',#3000,#3001,#1091,.T.);
#3814=EDGE_CURVE('',#3001,#2999,#231,.T.);
#3815=EDGE_CURVE('',#3002,#3000,#232,.T.);
#3816=EDGE_CURVE('',#3002,#3003,#1092,.T.);
#3817=EDGE_CURVE('',#3003,#3001,#233,.T.);
#3818=EDGE_CURVE('',#3004,#3002,#234,.T.);
#3819=EDGE_CURVE('',#3004,#3005,#1093,.T.);
#3820=EDGE_CURVE('',#3005,#3003,#235,.T.);
#3821=EDGE_CURVE('',#3006,#3004,#1094,.T.);
#3822=EDGE_CURVE('',#3006,#3007,#1095,.T.);
#3823=EDGE_CURVE('',#3007,#3005,#1096,.T.);
#3824=EDGE_CURVE('',#2975,#3006,#1097,.T.);
#3825=EDGE_CURVE('',#2977,#3007,#1098,.T.);
#3826=EDGE_CURVE('',#3008,#3009,#236,.T.);
#3827=EDGE_CURVE('',#3008,#3010,#1099,.T.);
#3828=EDGE_CURVE('',#3010,#3011,#237,.T.);
#3829=EDGE_CURVE('',#3009,#3011,#1100,.T.);
#3830=EDGE_CURVE('',#3012,#3008,#238,.T.);
#3831=EDGE_CURVE('',#3012,#3013,#1101,.T.);
#3832=EDGE_CURVE('',#3013,#3010,#239,.T.);
#3833=EDGE_CURVE('',#3014,#3012,#240,.T.);
#3834=EDGE_CURVE('',#3014,#3015,#1102,.T.);
#3835=EDGE_CURVE('',#3015,#3013,#241,.T.);
#3836=EDGE_CURVE('',#3016,#3014,#242,.T.);
#3837=EDGE_CURVE('',#3016,#3017,#1103,.T.);
#3838=EDGE_CURVE('',#3017,#3015,#243,.T.);
#3839=EDGE_CURVE('',#3018,#3016,#244,.T.);
#3840=EDGE_CURVE('',#3018,#3019,#1104,.T.);
#3841=EDGE_CURVE('',#3019,#3017,#245,.T.);
#3842=EDGE_CURVE('',#3020,#3018,#246,.T.);
#3843=EDGE_CURVE('',#3020,#3021,#1105,.T.);
#3844=EDGE_CURVE('',#3021,#3019,#247,.T.);
#3845=EDGE_CURVE('',#3022,#3020,#248,.T.);
#3846=EDGE_CURVE('',#3022,#3023,#1106,.T.);
#3847=EDGE_CURVE('',#3023,#3021,#249,.T.);
#3848=EDGE_CURVE('',#3009,#3022,#250,.T.);
#3849=EDGE_CURVE('',#3011,#3023,#251,.T.);
#3850=EDGE_CURVE('',#3024,#3025,#1107,.T.);
#3851=EDGE_CURVE('',#3024,#3026,#1108,.T.);
#3852=EDGE_CURVE('',#3026,#3027,#1109,.T.);
#3853=EDGE_CURVE('',#3025,#3027,#1110,.T.);
#3854=EDGE_CURVE('',#3028,#3024,#252,.T.);
#3855=EDGE_CURVE('',#3028,#3029,#1111,.T.);
#3856=EDGE_CURVE('',#3029,#3026,#253,.T.);
#3857=EDGE_CURVE('',#3030,#3028,#254,.T.);
#3858=EDGE_CURVE('',#3030,#3031,#1112,.T.);
#3859=EDGE_CURVE('',#3031,#3029,#255,.T.);
#3860=EDGE_CURVE('',#3032,#3030,#256,.T.);
#3861=EDGE_CURVE('',#3032,#3033,#1113,.T.);
#3862=EDGE_CURVE('',#3033,#3031,#257,.T.);
#3863=EDGE_CURVE('',#3034,#3032,#258,.T.);
#3864=EDGE_CURVE('',#3034,#3035,#1114,.T.);
#3865=EDGE_CURVE('',#3035,#3033,#259,.T.);
#3866=EDGE_CURVE('',#3036,#3034,#260,.T.);
#3867=EDGE_CURVE('',#3036,#3037,#1115,.T.);
#3868=EDGE_CURVE('',#3037,#3035,#261,.T.);
#3869=EDGE_CURVE('',#3038,#3036,#262,.T.);
#3870=EDGE_CURVE('',#3038,#3039,#1116,.T.);
#3871=EDGE_CURVE('',#3039,#3037,#263,.T.);
#3872=EDGE_CURVE('',#3040,#3038,#264,.T.);
#3873=EDGE_CURVE('',#3040,#3041,#1117,.T.);
#3874=EDGE_CURVE('',#3041,#3039,#265,.T.);
#3875=EDGE_CURVE('',#3042,#3040,#266,.T.);
#3876=EDGE_CURVE('',#3042,#3043,#1118,.T.);
#3877=EDGE_CURVE('',#3043,#3041,#267,.T.);
#3878=EDGE_CURVE('',#3044,#3042,#1119,.T.);
#3879=EDGE_CURVE('',#3044,#3045,#1120,.T.);
#3880=EDGE_CURVE('',#3045,#3043,#1121,.T.);
#3881=EDGE_CURVE('',#3046,#3044,#1122,.T.);
#3882=EDGE_CURVE('',#3046,#3047,#1123,.T.);
#3883=EDGE_CURVE('',#3047,#3045,#1124,.T.);
#3884=EDGE_CURVE('',#3048,#3046,#1125,.T.);
#3885=EDGE_CURVE('',#3048,#3049,#1126,.T.);
#3886=EDGE_CURVE('',#3049,#3047,#1127,.T.);
#3887=EDGE_CURVE('',#3025,#3048,#1128,.T.);
#3888=EDGE_CURVE('',#3027,#3049,#1129,.T.);
#3889=EDGE_CURVE('',#3050,#3051,#268,.T.);
#3890=EDGE_CURVE('',#3050,#3052,#1130,.T.);
#3891=EDGE_CURVE('',#3052,#3053,#269,.T.);
#3892=EDGE_CURVE('',#3051,#3053,#1131,.T.);
#3893=EDGE_CURVE('',#3054,#3050,#270,.T.);
#3894=EDGE_CURVE('',#3054,#3055,#1132,.T.);
#3895=EDGE_CURVE('',#3055,#3052,#271,.T.);
#3896=EDGE_CURVE('',#3056,#3054,#272,.T.);
#3897=EDGE_CURVE('',#3056,#3057,#1133,.T.);
#3898=EDGE_CURVE('',#3057,#3055,#273,.T.);
#3899=EDGE_CURVE('',#3058,#3056,#274,.T.);
#3900=EDGE_CURVE('',#3058,#3059,#1134,.T.);
#3901=EDGE_CURVE('',#3059,#3057,#275,.T.);
#3902=EDGE_CURVE('',#3060,#3058,#276,.T.);
#3903=EDGE_CURVE('',#3060,#3061,#1135,.T.);
#3904=EDGE_CURVE('',#3061,#3059,#277,.T.);
#3905=EDGE_CURVE('',#3062,#3060,#278,.T.);
#3906=EDGE_CURVE('',#3062,#3063,#1136,.T.);
#3907=EDGE_CURVE('',#3063,#3061,#279,.T.);
#3908=EDGE_CURVE('',#3064,#3062,#280,.T.);
#3909=EDGE_CURVE('',#3064,#3065,#1137,.T.);
#3910=EDGE_CURVE('',#3065,#3063,#281,.T.);
#3911=EDGE_CURVE('',#3051,#3064,#282,.T.);
#3912=EDGE_CURVE('',#3053,#3065,#283,.T.);
#3913=EDGE_CURVE('',#3066,#3067,#284,.T.);
#3914=EDGE_CURVE('',#3066,#3068,#1138,.T.);
#3915=EDGE_CURVE('',#3068,#3069,#285,.T.);
#3916=EDGE_CURVE('',#3067,#3069,#1139,.T.);
#3917=EDGE_CURVE('',#3070,#3066,#286,.T.);
#3918=EDGE_CURVE('',#3070,#3071,#1140,.T.);
#3919=EDGE_CURVE('',#3071,#3068,#287,.T.);
#3920=EDGE_CURVE('',#3072,#3070,#288,.T.);
#3921=EDGE_CURVE('',#3072,#3073,#1141,.T.);
#3922=EDGE_CURVE('',#3073,#3071,#289,.T.);
#3923=EDGE_CURVE('',#3074,#3072,#290,.T.);
#3924=EDGE_CURVE('',#3074,#3075,#1142,.T.);
#3925=EDGE_CURVE('',#3075,#3073,#291,.T.);
#3926=EDGE_CURVE('',#3076,#3074,#292,.T.);
#3927=EDGE_CURVE('',#3076,#3077,#1143,.T.);
#3928=EDGE_CURVE('',#3077,#3075,#293,.T.);
#3929=EDGE_CURVE('',#3078,#3076,#294,.T.);
#3930=EDGE_CURVE('',#3078,#3079,#1144,.T.);
#3931=EDGE_CURVE('',#3079,#3077,#295,.T.);
#3932=EDGE_CURVE('',#3080,#3078,#296,.T.);
#3933=EDGE_CURVE('',#3080,#3081,#1145,.T.);
#3934=EDGE_CURVE('',#3081,#3079,#297,.T.);
#3935=EDGE_CURVE('',#3067,#3080,#298,.T.);
#3936=EDGE_CURVE('',#3069,#3081,#299,.T.);
#3937=EDGE_CURVE('',#3082,#3083,#1146,.T.);
#3938=EDGE_CURVE('',#3082,#3084,#1147,.T.);
#3939=EDGE_CURVE('',#3084,#3085,#1148,.T.);
#3940=EDGE_CURVE('',#3083,#3085,#1149,.T.);
#3941=EDGE_CURVE('',#3086,#3082,#1150,.T.);
#3942=EDGE_CURVE('',#3086,#3087,#1151,.T.);
#3943=EDGE_CURVE('',#3087,#3084,#1152,.T.);
#3944=EDGE_CURVE('',#3088,#3086,#300,.T.);
#3945=EDGE_CURVE('',#3088,#3089,#1153,.T.);
#3946=EDGE_CURVE('',#3089,#3087,#301,.T.);
#3947=EDGE_CURVE('',#3090,#3088,#302,.T.);
#3948=EDGE_CURVE('',#3090,#3091,#1154,.T.);
#3949=EDGE_CURVE('',#3091,#3089,#303,.T.);
#3950=EDGE_CURVE('',#3092,#3090,#304,.T.);
#3951=EDGE_CURVE('',#3092,#3093,#1155,.T.);
#3952=EDGE_CURVE('',#3093,#3091,#305,.T.);
#3953=EDGE_CURVE('',#3094,#3092,#1156,.T.);
#3954=EDGE_CURVE('',#3094,#3095,#1157,.T.);
#3955=EDGE_CURVE('',#3095,#3093,#1158,.T.);
#3956=EDGE_CURVE('',#3096,#3094,#306,.T.);
#3957=EDGE_CURVE('',#3096,#3097,#1159,.T.);
#3958=EDGE_CURVE('',#3097,#3095,#307,.T.);
#3959=EDGE_CURVE('',#3098,#3096,#308,.T.);
#3960=EDGE_CURVE('',#3098,#3099,#1160,.T.);
#3961=EDGE_CURVE('',#3099,#3097,#309,.T.);
#3962=EDGE_CURVE('',#3100,#3098,#310,.T.);
#3963=EDGE_CURVE('',#3100,#3101,#1161,.T.);
#3964=EDGE_CURVE('',#3101,#3099,#311,.T.);
#3965=EDGE_CURVE('',#3102,#3100,#1162,.T.);
#3966=EDGE_CURVE('',#3102,#3103,#1163,.T.);
#3967=EDGE_CURVE('',#3103,#3101,#1164,.T.);
#3968=EDGE_CURVE('',#3104,#3102,#1165,.T.);
#3969=EDGE_CURVE('',#3104,#3105,#1166,.T.);
#3970=EDGE_CURVE('',#3105,#3103,#1167,.T.);
#3971=EDGE_CURVE('',#3083,#3104,#1168,.T.);
#3972=EDGE_CURVE('',#3085,#3105,#1169,.T.);
#3973=EDGE_CURVE('',#3106,#3107,#312,.T.);
#3974=EDGE_CURVE('',#3106,#3108,#1170,.T.);
#3975=EDGE_CURVE('',#3108,#3109,#313,.T.);
#3976=EDGE_CURVE('',#3107,#3109,#1171,.T.);
#3977=EDGE_CURVE('',#3110,#3106,#314,.T.);
#3978=EDGE_CURVE('',#3110,#3111,#1172,.T.);
#3979=EDGE_CURVE('',#3111,#3108,#315,.T.);
#3980=EDGE_CURVE('',#3112,#3110,#316,.T.);
#3981=EDGE_CURVE('',#3112,#3113,#1173,.T.);
#3982=EDGE_CURVE('',#3113,#3111,#317,.T.);
#3983=EDGE_CURVE('',#3114,#3112,#318,.T.);
#3984=EDGE_CURVE('',#3114,#3115,#1174,.T.);
#3985=EDGE_CURVE('',#3115,#3113,#319,.T.);
#3986=EDGE_CURVE('',#3116,#3114,#320,.T.);
#3987=EDGE_CURVE('',#3116,#3117,#1175,.T.);
#3988=EDGE_CURVE('',#3117,#3115,#321,.T.);
#3989=EDGE_CURVE('',#3118,#3116,#322,.T.);
#3990=EDGE_CURVE('',#3118,#3119,#1176,.T.);
#3991=EDGE_CURVE('',#3119,#3117,#323,.T.);
#3992=EDGE_CURVE('',#3120,#3118,#324,.T.);
#3993=EDGE_CURVE('',#3120,#3121,#1177,.T.);
#3994=EDGE_CURVE('',#3121,#3119,#325,.T.);
#3995=EDGE_CURVE('',#3107,#3120,#326,.T.);
#3996=EDGE_CURVE('',#3109,#3121,#327,.T.);
#3997=EDGE_CURVE('',#3122,#3123,#1178,.T.);
#3998=EDGE_CURVE('',#3122,#3124,#1179,.T.);
#3999=EDGE_CURVE('',#3124,#3125,#1180,.T.);
#4000=EDGE_CURVE('',#3123,#3125,#1181,.T.);
#4001=EDGE_CURVE('',#3126,#3122,#328,.T.);
#4002=EDGE_CURVE('',#3126,#3127,#1182,.T.);
#4003=EDGE_CURVE('',#3127,#3124,#329,.T.);
#4004=EDGE_CURVE('',#3128,#3126,#330,.T.);
#4005=EDGE_CURVE('',#3128,#3129,#1183,.T.);
#4006=EDGE_CURVE('',#3129,#3127,#331,.T.);
#4007=EDGE_CURVE('',#3130,#3128,#332,.T.);
#4008=EDGE_CURVE('',#3130,#3131,#1184,.T.);
#4009=EDGE_CURVE('',#3131,#3129,#333,.T.);
#4010=EDGE_CURVE('',#3132,#3130,#334,.T.);
#4011=EDGE_CURVE('',#3132,#3133,#1185,.T.);
#4012=EDGE_CURVE('',#3133,#3131,#335,.T.);
#4013=EDGE_CURVE('',#3134,#3132,#336,.T.);
#4014=EDGE_CURVE('',#3134,#3135,#1186,.T.);
#4015=EDGE_CURVE('',#3135,#3133,#337,.T.);
#4016=EDGE_CURVE('',#3136,#3134,#338,.T.);
#4017=EDGE_CURVE('',#3136,#3137,#1187,.T.);
#4018=EDGE_CURVE('',#3137,#3135,#339,.T.);
#4019=EDGE_CURVE('',#3138,#3136,#340,.T.);
#4020=EDGE_CURVE('',#3138,#3139,#1188,.T.);
#4021=EDGE_CURVE('',#3139,#3137,#341,.T.);
#4022=EDGE_CURVE('',#3140,#3138,#342,.T.);
#4023=EDGE_CURVE('',#3140,#3141,#1189,.T.);
#4024=EDGE_CURVE('',#3141,#3139,#343,.T.);
#4025=EDGE_CURVE('',#3142,#3140,#1190,.T.);
#4026=EDGE_CURVE('',#3142,#3143,#1191,.T.);
#4027=EDGE_CURVE('',#3143,#3141,#1192,.T.);
#4028=EDGE_CURVE('',#3144,#3142,#1193,.T.);
#4029=EDGE_CURVE('',#3144,#3145,#1194,.T.);
#4030=EDGE_CURVE('',#3145,#3143,#1195,.T.);
#4031=EDGE_CURVE('',#3146,#3144,#1196,.T.);
#4032=EDGE_CURVE('',#3146,#3147,#1197,.T.);
#4033=EDGE_CURVE('',#3147,#3145,#1198,.T.);
#4034=EDGE_CURVE('',#3123,#3146,#1199,.T.);
#4035=EDGE_CURVE('',#3125,#3147,#1200,.T.);
#4036=EDGE_CURVE('',#3148,#3149,#344,.T.);
#4037=EDGE_CURVE('',#3148,#3150,#1201,.T.);
#4038=EDGE_CURVE('',#3150,#3151,#345,.T.);
#4039=EDGE_CURVE('',#3149,#3151,#1202,.T.);
#4040=EDGE_CURVE('',#3152,#3148,#346,.T.);
#4041=EDGE_CURVE('',#3152,#3153,#1203,.T.);
#4042=EDGE_CURVE('',#3153,#3150,#347,.T.);
#4043=EDGE_CURVE('',#3154,#3152,#348,.T.);
#4044=EDGE_CURVE('',#3154,#3155,#1204,.T.);
#4045=EDGE_CURVE('',#3155,#3153,#349,.T.);
#4046=EDGE_CURVE('',#3156,#3154,#350,.T.);
#4047=EDGE_CURVE('',#3156,#3157,#1205,.T.);
#4048=EDGE_CURVE('',#3157,#3155,#351,.T.);
#4049=EDGE_CURVE('',#3158,#3156,#352,.T.);
#4050=EDGE_CURVE('',#3158,#3159,#1206,.T.);
#4051=EDGE_CURVE('',#3159,#3157,#353,.T.);
#4052=EDGE_CURVE('',#3160,#3158,#354,.T.);
#4053=EDGE_CURVE('',#3160,#3161,#1207,.T.);
#4054=EDGE_CURVE('',#3161,#3159,#355,.T.);
#4055=EDGE_CURVE('',#3162,#3160,#356,.T.);
#4056=EDGE_CURVE('',#3162,#3163,#1208,.T.);
#4057=EDGE_CURVE('',#3163,#3161,#357,.T.);
#4058=EDGE_CURVE('',#3164,#3162,#358,.T.);
#4059=EDGE_CURVE('',#3164,#3165,#1209,.T.);
#4060=EDGE_CURVE('',#3165,#3163,#359,.T.);
#4061=EDGE_CURVE('',#3149,#3164,#1210,.T.);
#4062=EDGE_CURVE('',#3151,#3165,#1211,.T.);
#4063=EDGE_CURVE('',#3166,#3167,#360,.T.);
#4064=EDGE_CURVE('',#3166,#3168,#1212,.T.);
#4065=EDGE_CURVE('',#3168,#3169,#361,.T.);
#4066=EDGE_CURVE('',#3167,#3169,#1213,.T.);
#4067=EDGE_CURVE('',#3170,#3166,#362,.T.);
#4068=EDGE_CURVE('',#3170,#3171,#1214,.T.);
#4069=EDGE_CURVE('',#3171,#3168,#363,.T.);
#4070=EDGE_CURVE('',#3172,#3170,#364,.T.);
#4071=EDGE_CURVE('',#3172,#3173,#1215,.T.);
#4072=EDGE_CURVE('',#3173,#3171,#365,.T.);
#4073=EDGE_CURVE('',#3174,#3172,#366,.T.);
#4074=EDGE_CURVE('',#3174,#3175,#1216,.T.);
#4075=EDGE_CURVE('',#3175,#3173,#367,.T.);
#4076=EDGE_CURVE('',#3176,#3174,#368,.T.);
#4077=EDGE_CURVE('',#3176,#3177,#1217,.T.);
#4078=EDGE_CURVE('',#3177,#3175,#369,.T.);
#4079=EDGE_CURVE('',#3178,#3176,#370,.T.);
#4080=EDGE_CURVE('',#3178,#3179,#1218,.T.);
#4081=EDGE_CURVE('',#3179,#3177,#371,.T.);
#4082=EDGE_CURVE('',#3180,#3178,#372,.T.);
#4083=EDGE_CURVE('',#3180,#3181,#1219,.T.);
#4084=EDGE_CURVE('',#3181,#3179,#373,.T.);
#4085=EDGE_CURVE('',#3182,#3180,#374,.T.);
#4086=EDGE_CURVE('',#3182,#3183,#1220,.T.);
#4087=EDGE_CURVE('',#3183,#3181,#375,.T.);
#4088=EDGE_CURVE('',#3184,#3182,#376,.T.);
#4089=EDGE_CURVE('',#3184,#3185,#1221,.T.);
#4090=EDGE_CURVE('',#3185,#3183,#377,.T.);
#4091=EDGE_CURVE('',#3186,#3184,#378,.T.);
#4092=EDGE_CURVE('',#3186,#3187,#1222,.T.);
#4093=EDGE_CURVE('',#3187,#3185,#379,.T.);
#4094=EDGE_CURVE('',#3188,#3186,#380,.T.);
#4095=EDGE_CURVE('',#3188,#3189,#1223,.T.);
#4096=EDGE_CURVE('',#3189,#3187,#381,.T.);
#4097=EDGE_CURVE('',#3190,#3188,#382,.T.);
#4098=EDGE_CURVE('',#3190,#3191,#1224,.T.);
#4099=EDGE_CURVE('',#3191,#3189,#383,.T.);
#4100=EDGE_CURVE('',#3192,#3190,#384,.T.);
#4101=EDGE_CURVE('',#3192,#3193,#1225,.T.);
#4102=EDGE_CURVE('',#3193,#3191,#385,.T.);
#4103=EDGE_CURVE('',#3194,#3192,#1226,.T.);
#4104=EDGE_CURVE('',#3194,#3195,#1227,.T.);
#4105=EDGE_CURVE('',#3195,#3193,#1228,.T.);
#4106=EDGE_CURVE('',#3196,#3194,#386,.T.);
#4107=EDGE_CURVE('',#3196,#3197,#1229,.T.);
#4108=EDGE_CURVE('',#3197,#3195,#387,.T.);
#4109=EDGE_CURVE('',#3198,#3196,#388,.T.);
#4110=EDGE_CURVE('',#3198,#3199,#1230,.T.);
#4111=EDGE_CURVE('',#3199,#3197,#389,.T.);
#4112=EDGE_CURVE('',#3200,#3198,#1231,.T.);
#4113=EDGE_CURVE('',#3200,#3201,#1232,.T.);
#4114=EDGE_CURVE('',#3201,#3199,#1233,.T.);
#4115=EDGE_CURVE('',#3202,#3200,#390,.T.);
#4116=EDGE_CURVE('',#3202,#3203,#1234,.T.);
#4117=EDGE_CURVE('',#3203,#3201,#391,.T.);
#4118=EDGE_CURVE('',#3204,#3202,#392,.T.);
#4119=EDGE_CURVE('',#3204,#3205,#1235,.T.);
#4120=EDGE_CURVE('',#3205,#3203,#393,.T.);
#4121=EDGE_CURVE('',#3206,#3204,#394,.T.);
#4122=EDGE_CURVE('',#3206,#3207,#1236,.T.);
#4123=EDGE_CURVE('',#3207,#3205,#395,.T.);
#4124=EDGE_CURVE('',#3208,#3206,#396,.T.);
#4125=EDGE_CURVE('',#3208,#3209,#1237,.T.);
#4126=EDGE_CURVE('',#3209,#3207,#397,.T.);
#4127=EDGE_CURVE('',#3210,#3208,#398,.T.);
#4128=EDGE_CURVE('',#3210,#3211,#1238,.T.);
#4129=EDGE_CURVE('',#3211,#3209,#399,.T.);
#4130=EDGE_CURVE('',#3212,#3210,#400,.T.);
#4131=EDGE_CURVE('',#3212,#3213,#1239,.T.);
#4132=EDGE_CURVE('',#3213,#3211,#401,.T.);
#4133=EDGE_CURVE('',#3214,#3212,#402,.T.);
#4134=EDGE_CURVE('',#3214,#3215,#1240,.T.);
#4135=EDGE_CURVE('',#3215,#3213,#403,.T.);
#4136=EDGE_CURVE('',#3216,#3214,#404,.T.);
#4137=EDGE_CURVE('',#3216,#3217,#1241,.T.);
#4138=EDGE_CURVE('',#3217,#3215,#405,.T.);
#4139=EDGE_CURVE('',#3218,#3216,#1242,.T.);
#4140=EDGE_CURVE('',#3218,#3219,#1243,.T.);
#4141=EDGE_CURVE('',#3219,#3217,#1244,.T.);
#4142=EDGE_CURVE('',#3167,#3218,#406,.T.);
#4143=EDGE_CURVE('',#3169,#3219,#407,.T.);
#4144=EDGE_CURVE('',#3220,#3221,#1245,.T.);
#4145=EDGE_CURVE('',#3220,#3222,#1246,.T.);
#4146=EDGE_CURVE('',#3222,#3223,#1247,.T.);
#4147=EDGE_CURVE('',#3221,#3223,#1248,.T.);
#4148=EDGE_CURVE('',#3224,#3220,#1249,.T.);
#4149=EDGE_CURVE('',#3224,#3225,#1250,.T.);
#4150=EDGE_CURVE('',#3225,#3222,#1251,.T.);
#4151=EDGE_CURVE('',#3226,#3224,#1252,.T.);
#4152=EDGE_CURVE('',#3226,#3227,#1253,.T.);
#4153=EDGE_CURVE('',#3227,#3225,#1254,.T.);
#4154=EDGE_CURVE('',#3221,#3226,#1255,.T.);
#4155=EDGE_CURVE('',#3223,#3227,#1256,.T.);
#4156=EDGE_CURVE('',#3228,#3229,#1257,.T.);
#4157=EDGE_CURVE('',#3228,#3230,#1258,.T.);
#4158=EDGE_CURVE('',#3230,#3231,#1259,.T.);
#4159=EDGE_CURVE('',#3229,#3231,#1260,.T.);
#4160=EDGE_CURVE('',#3232,#3228,#1261,.T.);
#4161=EDGE_CURVE('',#3232,#3233,#1262,.T.);
#4162=EDGE_CURVE('',#3233,#3230,#1263,.T.);
#4163=EDGE_CURVE('',#3234,#3232,#408,.T.);
#4164=EDGE_CURVE('',#3234,#3235,#1264,.T.);
#4165=EDGE_CURVE('',#3235,#3233,#409,.T.);
#4166=EDGE_CURVE('',#3236,#3234,#410,.T.);
#4167=EDGE_CURVE('',#3236,#3237,#1265,.T.);
#4168=EDGE_CURVE('',#3237,#3235,#411,.T.);
#4169=EDGE_CURVE('',#3238,#3236,#412,.T.);
#4170=EDGE_CURVE('',#3238,#3239,#1266,.T.);
#4171=EDGE_CURVE('',#3239,#3237,#413,.T.);
#4172=EDGE_CURVE('',#3240,#3238,#414,.T.);
#4173=EDGE_CURVE('',#3240,#3241,#1267,.T.);
#4174=EDGE_CURVE('',#3241,#3239,#415,.T.);
#4175=EDGE_CURVE('',#3242,#3240,#416,.T.);
#4176=EDGE_CURVE('',#3242,#3243,#1268,.T.);
#4177=EDGE_CURVE('',#3243,#3241,#417,.T.);
#4178=EDGE_CURVE('',#3244,#3242,#1269,.T.);
#4179=EDGE_CURVE('',#3244,#3245,#1270,.T.);
#4180=EDGE_CURVE('',#3245,#3243,#1271,.T.);
#4181=EDGE_CURVE('',#3246,#3244,#1272,.T.);
#4182=EDGE_CURVE('',#3246,#3247,#1273,.T.);
#4183=EDGE_CURVE('',#3247,#3245,#1274,.T.);
#4184=EDGE_CURVE('',#3248,#3246,#1275,.T.);
#4185=EDGE_CURVE('',#3248,#3249,#1276,.T.);
#4186=EDGE_CURVE('',#3249,#3247,#1277,.T.);
#4187=EDGE_CURVE('',#3250,#3248,#418,.T.);
#4188=EDGE_CURVE('',#3250,#3251,#1278,.T.);
#4189=EDGE_CURVE('',#3251,#3249,#419,.T.);
#4190=EDGE_CURVE('',#3252,#3250,#420,.T.);
#4191=EDGE_CURVE('',#3252,#3253,#1279,.T.);
#4192=EDGE_CURVE('',#3253,#3251,#421,.T.);
#4193=EDGE_CURVE('',#3254,#3252,#422,.T.);
#4194=EDGE_CURVE('',#3254,#3255,#1280,.T.);
#4195=EDGE_CURVE('',#3255,#3253,#423,.T.);
#4196=EDGE_CURVE('',#3256,#3254,#424,.T.);
#4197=EDGE_CURVE('',#3256,#3257,#1281,.T.);
#4198=EDGE_CURVE('',#3257,#3255,#425,.T.);
#4199=EDGE_CURVE('',#3258,#3256,#1282,.T.);
#4200=EDGE_CURVE('',#3258,#3259,#1283,.T.);
#4201=EDGE_CURVE('',#3259,#3257,#1284,.T.);
#4202=EDGE_CURVE('',#3260,#3258,#1285,.T.);
#4203=EDGE_CURVE('',#3260,#3261,#1286,.T.);
#4204=EDGE_CURVE('',#3261,#3259,#1287,.T.);
#4205=EDGE_CURVE('',#3262,#3260,#1288,.T.);
#4206=EDGE_CURVE('',#3262,#3263,#1289,.T.);
#4207=EDGE_CURVE('',#3263,#3261,#1290,.T.);
#4208=EDGE_CURVE('',#3264,#3262,#426,.T.);
#4209=EDGE_CURVE('',#3264,#3265,#1291,.T.);
#4210=EDGE_CURVE('',#3265,#3263,#427,.T.);
#4211=EDGE_CURVE('',#3266,#3264,#428,.T.);
#4212=EDGE_CURVE('',#3266,#3267,#1292,.T.);
#4213=EDGE_CURVE('',#3267,#3265,#429,.T.);
#4214=EDGE_CURVE('',#3268,#3266,#430,.T.);
#4215=EDGE_CURVE('',#3268,#3269,#1293,.T.);
#4216=EDGE_CURVE('',#3269,#3267,#431,.T.);
#4217=EDGE_CURVE('',#3270,#3268,#432,.T.);
#4218=EDGE_CURVE('',#3270,#3271,#1294,.T.);
#4219=EDGE_CURVE('',#3271,#3269,#433,.T.);
#4220=EDGE_CURVE('',#3272,#3270,#434,.T.);
#4221=EDGE_CURVE('',#3272,#3273,#1295,.T.);
#4222=EDGE_CURVE('',#3273,#3271,#435,.T.);
#4223=EDGE_CURVE('',#3274,#3272,#436,.T.);
#4224=EDGE_CURVE('',#3274,#3275,#1296,.T.);
#4225=EDGE_CURVE('',#3275,#3273,#437,.T.);
#4226=EDGE_CURVE('',#3276,#3274,#438,.T.);
#4227=EDGE_CURVE('',#3276,#3277,#1297,.T.);
#4228=EDGE_CURVE('',#3277,#3275,#439,.T.);
#4229=EDGE_CURVE('',#3278,#3276,#440,.T.);
#4230=EDGE_CURVE('',#3278,#3279,#1298,.T.);
#4231=EDGE_CURVE('',#3279,#3277,#441,.T.);
#4232=EDGE_CURVE('',#3280,#3278,#1299,.T.);
#4233=EDGE_CURVE('',#3280,#3281,#1300,.T.);
#4234=EDGE_CURVE('',#3281,#3279,#1301,.T.);
#4235=EDGE_CURVE('',#3282,#3280,#1302,.T.);
#4236=EDGE_CURVE('',#3282,#3283,#1303,.T.);
#4237=EDGE_CURVE('',#3283,#3281,#1304,.T.);
#4238=EDGE_CURVE('',#3229,#3282,#1305,.T.);
#4239=EDGE_CURVE('',#3231,#3283,#1306,.T.);
#4240=EDGE_CURVE('',#3284,#3285,#442,.T.);
#4241=EDGE_CURVE('',#3284,#3286,#1307,.T.);
#4242=EDGE_CURVE('',#3286,#3287,#443,.T.);
#4243=EDGE_CURVE('',#3285,#3287,#1308,.T.);
#4244=EDGE_CURVE('',#3288,#3284,#444,.T.);
#4245=EDGE_CURVE('',#3288,#3289,#1309,.T.);
#4246=EDGE_CURVE('',#3289,#3286,#445,.T.);
#4247=EDGE_CURVE('',#3290,#3288,#446,.T.);
#4248=EDGE_CURVE('',#3290,#3291,#1310,.T.);
#4249=EDGE_CURVE('',#3291,#3289,#447,.T.);
#4250=EDGE_CURVE('',#3292,#3290,#448,.T.);
#4251=EDGE_CURVE('',#3292,#3293,#1311,.T.);
#4252=EDGE_CURVE('',#3293,#3291,#449,.T.);
#4253=EDGE_CURVE('',#3285,#3292,#1312,.T.);
#4254=EDGE_CURVE('',#3287,#3293,#1313,.T.);
#4255=EDGE_CURVE('',#3294,#3295,#450,.T.);
#4256=EDGE_CURVE('',#3294,#3296,#1314,.T.);
#4257=EDGE_CURVE('',#3296,#3297,#451,.T.);
#4258=EDGE_CURVE('',#3295,#3297,#1315,.T.);
#4259=EDGE_CURVE('',#3298,#3294,#452,.T.);
#4260=EDGE_CURVE('',#3298,#3299,#1316,.T.);
#4261=EDGE_CURVE('',#3299,#3296,#453,.T.);
#4262=EDGE_CURVE('',#3300,#3298,#454,.T.);
#4263=EDGE_CURVE('',#3300,#3301,#1317,.T.);
#4264=EDGE_CURVE('',#3301,#3299,#455,.T.);
#4265=EDGE_CURVE('',#3302,#3300,#456,.T.);
#4266=EDGE_CURVE('',#3302,#3303,#1318,.T.);
#4267=EDGE_CURVE('',#3303,#3301,#457,.T.);
#4268=EDGE_CURVE('',#3304,#3302,#458,.T.);
#4269=EDGE_CURVE('',#3304,#3305,#1319,.T.);
#4270=EDGE_CURVE('',#3305,#3303,#459,.T.);
#4271=EDGE_CURVE('',#3306,#3304,#460,.T.);
#4272=EDGE_CURVE('',#3306,#3307,#1320,.T.);
#4273=EDGE_CURVE('',#3307,#3305,#461,.T.);
#4274=EDGE_CURVE('',#3308,#3306,#462,.T.);
#4275=EDGE_CURVE('',#3308,#3309,#1321,.T.);
#4276=EDGE_CURVE('',#3309,#3307,#463,.T.);
#4277=EDGE_CURVE('',#3310,#3308,#464,.T.);
#4278=EDGE_CURVE('',#3310,#3311,#1322,.T.);
#4279=EDGE_CURVE('',#3311,#3309,#465,.T.);
#4280=EDGE_CURVE('',#3312,#3310,#466,.T.);
#4281=EDGE_CURVE('',#3312,#3313,#1323,.T.);
#4282=EDGE_CURVE('',#3313,#3311,#467,.T.);
#4283=EDGE_CURVE('',#3314,#3312,#468,.T.);
#4284=EDGE_CURVE('',#3314,#3315,#1324,.T.);
#4285=EDGE_CURVE('',#3315,#3313,#469,.T.);
#4286=EDGE_CURVE('',#3316,#3314,#1325,.T.);
#4287=EDGE_CURVE('',#3316,#3317,#1326,.T.);
#4288=EDGE_CURVE('',#3317,#3315,#1327,.T.);
#4289=EDGE_CURVE('',#3318,#3316,#470,.T.);
#4290=EDGE_CURVE('',#3318,#3319,#1328,.T.);
#4291=EDGE_CURVE('',#3319,#3317,#471,.T.);
#4292=EDGE_CURVE('',#3320,#3318,#472,.T.);
#4293=EDGE_CURVE('',#3320,#3321,#1329,.T.);
#4294=EDGE_CURVE('',#3321,#3319,#473,.T.);
#4295=EDGE_CURVE('',#3322,#3320,#474,.T.);
#4296=EDGE_CURVE('',#3322,#3323,#1330,.T.);
#4297=EDGE_CURVE('',#3323,#3321,#475,.T.);
#4298=EDGE_CURVE('',#3324,#3322,#476,.T.);
#4299=EDGE_CURVE('',#3324,#3325,#1331,.T.);
#4300=EDGE_CURVE('',#3325,#3323,#477,.T.);
#4301=EDGE_CURVE('',#3326,#3324,#1332,.T.);
#4302=EDGE_CURVE('',#3326,#3327,#1333,.T.);
#4303=EDGE_CURVE('',#3327,#3325,#1334,.T.);
#4304=EDGE_CURVE('',#3295,#3326,#1335,.T.);
#4305=EDGE_CURVE('',#3297,#3327,#1336,.T.);
#4306=EDGE_CURVE('',#3328,#3329,#1337,.T.);
#4307=EDGE_CURVE('',#3328,#3330,#1338,.T.);
#4308=EDGE_CURVE('',#3330,#3331,#1339,.T.);
#4309=EDGE_CURVE('',#3329,#3331,#1340,.T.);
#4310=EDGE_CURVE('',#3332,#3328,#1341,.T.);
#4311=EDGE_CURVE('',#3332,#3333,#1342,.T.);
#4312=EDGE_CURVE('',#3333,#3330,#1343,.T.);
#4313=EDGE_CURVE('',#3334,#3332,#1344,.T.);
#4314=EDGE_CURVE('',#3334,#3335,#1345,.T.);
#4315=EDGE_CURVE('',#3335,#3333,#1346,.T.);
#4316=EDGE_CURVE('',#3336,#3334,#1347,.T.);
#4317=EDGE_CURVE('',#3336,#3337,#1348,.T.);
#4318=EDGE_CURVE('',#3337,#3335,#1349,.T.);
#4319=EDGE_CURVE('',#3338,#3336,#1350,.T.);
#4320=EDGE_CURVE('',#3338,#3339,#1351,.T.);
#4321=EDGE_CURVE('',#3339,#3337,#1352,.T.);
#4322=EDGE_CURVE('',#3340,#3338,#1353,.T.);
#4323=EDGE_CURVE('',#3340,#3341,#1354,.T.);
#4324=EDGE_CURVE('',#3341,#3339,#1355,.T.);
#4325=EDGE_CURVE('',#3342,#3340,#1356,.T.);
#4326=EDGE_CURVE('',#3342,#3343,#1357,.T.);
#4327=EDGE_CURVE('',#3343,#3341,#1358,.T.);
#4328=EDGE_CURVE('',#3329,#3342,#1359,.T.);
#4329=EDGE_CURVE('',#3331,#3343,#1360,.T.);
#4330=EDGE_CURVE('',#3344,#3345,#2690,.T.);
#4331=EDGE_CURVE('',#3345,#3346,#1361,.T.);
#4332=EDGE_CURVE('',#3346,#3347,#2691,.T.);
#4333=EDGE_CURVE('',#3347,#3344,#1362,.T.);
#4334=EDGE_CURVE('',#3348,#3345,#1363,.T.);
#4335=EDGE_CURVE('',#3349,#3348,#1364,.T.);
#4336=EDGE_CURVE('',#3346,#3349,#1365,.T.);
#4337=EDGE_CURVE('',#3344,#3350,#1366,.T.);
#4338=EDGE_CURVE('',#3351,#3350,#2692,.T.);
#4339=EDGE_CURVE('',#3351,#3352,#1367,.T.);
#4340=EDGE_CURVE('',#3353,#3352,#2693,.T.);
#4341=EDGE_CURVE('',#3353,#3354,#1368,.T.);
#4342=EDGE_CURVE('',#3348,#3354,#2694,.T.);
#4343=EDGE_CURVE('',#3354,#3355,#1369,.T.);
#4344=EDGE_CURVE('',#3355,#3349,#2695,.T.);
#4345=EDGE_CURVE('',#3356,#3353,#1370,.T.);
#4346=EDGE_CURVE('',#3355,#3356,#1371,.T.);
#4347=EDGE_CURVE('',#3350,#3357,#1372,.T.);
#4348=EDGE_CURVE('',#3357,#3358,#2696,.T.);
#4349=EDGE_CURVE('',#3358,#3351,#1373,.T.);
#4350=EDGE_CURVE('',#3357,#3347,#1374,.T.);
#4351=EDGE_CURVE('',#3352,#3359,#1375,.T.);
#4352=EDGE_CURVE('',#3359,#3356,#2697,.T.);
#4353=EDGE_CURVE('',#3359,#3358,#1376,.T.);
#4354=ORIENTED_EDGE('',*,*,#3360,.T.);
#4355=ORIENTED_EDGE('',*,*,#3361,.T.);
#4356=ORIENTED_EDGE('',*,*,#3362,.T.);
#4357=ORIENTED_EDGE('',*,*,#3361,.F.);
#4358=ORIENTED_EDGE('',*,*,#3362,.F.);
#4359=ORIENTED_EDGE('',*,*,#3363,.T.);
#4360=ORIENTED_EDGE('',*,*,#3364,.F.);
#4361=ORIENTED_EDGE('',*,*,#3363,.F.);
#4362=ORIENTED_EDGE('',*,*,#3360,.F.);
#4363=ORIENTED_EDGE('',*,*,#3365,.T.);
#4364=ORIENTED_EDGE('',*,*,#3366,.T.);
#4365=ORIENTED_EDGE('',*,*,#3367,.T.);
#4366=ORIENTED_EDGE('',*,*,#3366,.F.);
#4367=ORIENTED_EDGE('',*,*,#3367,.F.);
#4368=ORIENTED_EDGE('',*,*,#3368,.T.);
#4369=ORIENTED_EDGE('',*,*,#3369,.F.);
#4370=ORIENTED_EDGE('',*,*,#3368,.F.);
#4371=ORIENTED_EDGE('',*,*,#3365,.F.);
#4372=ORIENTED_EDGE('',*,*,#3370,.F.);
#4373=ORIENTED_EDGE('',*,*,#3371,.T.);
#4374=ORIENTED_EDGE('',*,*,#3372,.T.);
#4375=ORIENTED_EDGE('',*,*,#3373,.F.);
#4376=ORIENTED_EDGE('',*,*,#3374,.F.);
#4377=ORIENTED_EDGE('',*,*,#3375,.T.);
#4378=ORIENTED_EDGE('',*,*,#3376,.T.);
#4379=ORIENTED_EDGE('',*,*,#3371,.F.);
#4380=ORIENTED_EDGE('',*,*,#3377,.F.);
#4381=ORIENTED_EDGE('',*,*,#3378,.T.);
#4382=ORIENTED_EDGE('',*,*,#3379,.T.);
#4383=ORIENTED_EDGE('',*,*,#3375,.F.);
#4384=ORIENTED_EDGE('',*,*,#3380,.F.);
#4385=ORIENTED_EDGE('',*,*,#3381,.T.);
#4386=ORIENTED_EDGE('',*,*,#3382,.T.);
#4387=ORIENTED_EDGE('',*,*,#3378,.F.);
#4388=ORIENTED_EDGE('',*,*,#3383,.F.);
#4389=ORIENTED_EDGE('',*,*,#3384,.T.);
#4390=ORIENTED_EDGE('',*,*,#3385,.T.);
#4391=ORIENTED_EDGE('',*,*,#3381,.F.);
#4392=ORIENTED_EDGE('',*,*,#3386,.F.);
#4393=ORIENTED_EDGE('',*,*,#3387,.T.);
#4394=ORIENTED_EDGE('',*,*,#3388,.T.);
#4395=ORIENTED_EDGE('',*,*,#3384,.F.);
#4396=ORIENTED_EDGE('',*,*,#3389,.F.);
#4397=ORIENTED_EDGE('',*,*,#3390,.T.);
#4398=ORIENTED_EDGE('',*,*,#3391,.T.);
#4399=ORIENTED_EDGE('',*,*,#3387,.F.);
#4400=ORIENTED_EDGE('',*,*,#3392,.F.);
#4401=ORIENTED_EDGE('',*,*,#3393,.T.);
#4402=ORIENTED_EDGE('',*,*,#3394,.T.);
#4403=ORIENTED_EDGE('',*,*,#3390,.F.);
#4404=ORIENTED_EDGE('',*,*,#3395,.F.);
#4405=ORIENTED_EDGE('',*,*,#3396,.T.);
#4406=ORIENTED_EDGE('',*,*,#3397,.T.);
#4407=ORIENTED_EDGE('',*,*,#3393,.F.);
#4408=ORIENTED_EDGE('',*,*,#3398,.F.);
#4409=ORIENTED_EDGE('',*,*,#3399,.T.);
#4410=ORIENTED_EDGE('',*,*,#3400,.T.);
#4411=ORIENTED_EDGE('',*,*,#3396,.F.);
#4412=ORIENTED_EDGE('',*,*,#3401,.F.);
#4413=ORIENTED_EDGE('',*,*,#3402,.T.);
#4414=ORIENTED_EDGE('',*,*,#3403,.T.);
#4415=ORIENTED_EDGE('',*,*,#3399,.F.);
#4416=ORIENTED_EDGE('',*,*,#3404,.F.);
#4417=ORIENTED_EDGE('',*,*,#3405,.T.);
#4418=ORIENTED_EDGE('',*,*,#3406,.T.);
#4419=ORIENTED_EDGE('',*,*,#3402,.F.);
#4420=ORIENTED_EDGE('',*,*,#3407,.F.);
#4421=ORIENTED_EDGE('',*,*,#3408,.T.);
#4422=ORIENTED_EDGE('',*,*,#3409,.T.);
#4423=ORIENTED_EDGE('',*,*,#3405,.F.);
#4424=ORIENTED_EDGE('',*,*,#3410,.F.);
#4425=ORIENTED_EDGE('',*,*,#3411,.T.);
#4426=ORIENTED_EDGE('',*,*,#3412,.T.);
#4427=ORIENTED_EDGE('',*,*,#3408,.F.);
#4428=ORIENTED_EDGE('',*,*,#3413,.F.);
#4429=ORIENTED_EDGE('',*,*,#3414,.T.);
#4430=ORIENTED_EDGE('',*,*,#3415,.T.);
#4431=ORIENTED_EDGE('',*,*,#3411,.F.);
#4432=ORIENTED_EDGE('',*,*,#3416,.F.);
#4433=ORIENTED_EDGE('',*,*,#3373,.T.);
#4434=ORIENTED_EDGE('',*,*,#3417,.T.);
#4435=ORIENTED_EDGE('',*,*,#3414,.F.);
#4436=ORIENTED_EDGE('',*,*,#3417,.F.);
#4437=ORIENTED_EDGE('',*,*,#3372,.F.);
#4438=ORIENTED_EDGE('',*,*,#3376,.F.);
#4439=ORIENTED_EDGE('',*,*,#3379,.F.);
#4440=ORIENTED_EDGE('',*,*,#3382,.F.);
#4441=ORIENTED_EDGE('',*,*,#3385,.F.);
#4442=ORIENTED_EDGE('',*,*,#3388,.F.);
#4443=ORIENTED_EDGE('',*,*,#3391,.F.);
#4444=ORIENTED_EDGE('',*,*,#3394,.F.);
#4445=ORIENTED_EDGE('',*,*,#3397,.F.);
#4446=ORIENTED_EDGE('',*,*,#3400,.F.);
#4447=ORIENTED_EDGE('',*,*,#3403,.F.);
#4448=ORIENTED_EDGE('',*,*,#3406,.F.);
#4449=ORIENTED_EDGE('',*,*,#3409,.F.);
#4450=ORIENTED_EDGE('',*,*,#3412,.F.);
#4451=ORIENTED_EDGE('',*,*,#3415,.F.);
#4452=ORIENTED_EDGE('',*,*,#3418,.F.);
#4453=ORIENTED_EDGE('',*,*,#3419,.T.);
#4454=ORIENTED_EDGE('',*,*,#3420,.T.);
#4455=ORIENTED_EDGE('',*,*,#3421,.F.);
#4456=ORIENTED_EDGE('',*,*,#3422,.F.);
#4457=ORIENTED_EDGE('',*,*,#3423,.T.);
#4458=ORIENTED_EDGE('',*,*,#3424,.T.);
#4459=ORIENTED_EDGE('',*,*,#3419,.F.);
#4460=ORIENTED_EDGE('',*,*,#3425,.F.);
#4461=ORIENTED_EDGE('',*,*,#3426,.T.);
#4462=ORIENTED_EDGE('',*,*,#3427,.T.);
#4463=ORIENTED_EDGE('',*,*,#3423,.F.);
#4464=ORIENTED_EDGE('',*,*,#3428,.F.);
#4465=ORIENTED_EDGE('',*,*,#3429,.T.);
#4466=ORIENTED_EDGE('',*,*,#3430,.T.);
#4467=ORIENTED_EDGE('',*,*,#3426,.F.);
#4468=ORIENTED_EDGE('',*,*,#3431,.F.);
#4469=ORIENTED_EDGE('',*,*,#3432,.T.);
#4470=ORIENTED_EDGE('',*,*,#3433,.T.);
#4471=ORIENTED_EDGE('',*,*,#3429,.F.);
#4472=ORIENTED_EDGE('',*,*,#3434,.F.);
#4473=ORIENTED_EDGE('',*,*,#3435,.T.);
#4474=ORIENTED_EDGE('',*,*,#3436,.T.);
#4475=ORIENTED_EDGE('',*,*,#3432,.F.);
#4476=ORIENTED_EDGE('',*,*,#3437,.F.);
#4477=ORIENTED_EDGE('',*,*,#3438,.T.);
#4478=ORIENTED_EDGE('',*,*,#3439,.T.);
#4479=ORIENTED_EDGE('',*,*,#3435,.F.);
#4480=ORIENTED_EDGE('',*,*,#3440,.F.);
#4481=ORIENTED_EDGE('',*,*,#3441,.T.);
#4482=ORIENTED_EDGE('',*,*,#3442,.T.);
#4483=ORIENTED_EDGE('',*,*,#3438,.F.);
#4484=ORIENTED_EDGE('',*,*,#3443,.F.);
#4485=ORIENTED_EDGE('',*,*,#3444,.T.);
#4486=ORIENTED_EDGE('',*,*,#3445,.T.);
#4487=ORIENTED_EDGE('',*,*,#3441,.F.);
#4488=ORIENTED_EDGE('',*,*,#3446,.F.);
#4489=ORIENTED_EDGE('',*,*,#3447,.T.);
#4490=ORIENTED_EDGE('',*,*,#3448,.T.);
#4491=ORIENTED_EDGE('',*,*,#3444,.F.);
#4492=ORIENTED_EDGE('',*,*,#3449,.F.);
#4493=ORIENTED_EDGE('',*,*,#3450,.T.);
#4494=ORIENTED_EDGE('',*,*,#3451,.T.);
#4495=ORIENTED_EDGE('',*,*,#3447,.F.);
#4496=ORIENTED_EDGE('',*,*,#3452,.F.);
#4497=ORIENTED_EDGE('',*,*,#3421,.T.);
#4498=ORIENTED_EDGE('',*,*,#3453,.T.);
#4499=ORIENTED_EDGE('',*,*,#3450,.F.);
#4500=ORIENTED_EDGE('',*,*,#3453,.F.);
#4501=ORIENTED_EDGE('',*,*,#3420,.F.);
#4502=ORIENTED_EDGE('',*,*,#3424,.F.);
#4503=ORIENTED_EDGE('',*,*,#3427,.F.);
#4504=ORIENTED_EDGE('',*,*,#3430,.F.);
#4505=ORIENTED_EDGE('',*,*,#3433,.F.);
#4506=ORIENTED_EDGE('',*,*,#3436,.F.);
#4507=ORIENTED_EDGE('',*,*,#3439,.F.);
#4508=ORIENTED_EDGE('',*,*,#3442,.F.);
#4509=ORIENTED_EDGE('',*,*,#3445,.F.);
#4510=ORIENTED_EDGE('',*,*,#3448,.F.);
#4511=ORIENTED_EDGE('',*,*,#3451,.F.);
#4512=ORIENTED_EDGE('',*,*,#3454,.F.);
#4513=ORIENTED_EDGE('',*,*,#3455,.T.);
#4514=ORIENTED_EDGE('',*,*,#3456,.T.);
#4515=ORIENTED_EDGE('',*,*,#3457,.F.);
#4516=ORIENTED_EDGE('',*,*,#3458,.F.);
#4517=ORIENTED_EDGE('',*,*,#3459,.T.);
#4518=ORIENTED_EDGE('',*,*,#3460,.T.);
#4519=ORIENTED_EDGE('',*,*,#3455,.F.);
#4520=ORIENTED_EDGE('',*,*,#3461,.F.);
#4521=ORIENTED_EDGE('',*,*,#3462,.T.);
#4522=ORIENTED_EDGE('',*,*,#3463,.T.);
#4523=ORIENTED_EDGE('',*,*,#3459,.F.);
#4524=ORIENTED_EDGE('',*,*,#3464,.F.);
#4525=ORIENTED_EDGE('',*,*,#3465,.T.);
#4526=ORIENTED_EDGE('',*,*,#3466,.T.);
#4527=ORIENTED_EDGE('',*,*,#3462,.F.);
#4528=ORIENTED_EDGE('',*,*,#3467,.F.);
#4529=ORIENTED_EDGE('',*,*,#3468,.T.);
#4530=ORIENTED_EDGE('',*,*,#3469,.T.);
#4531=ORIENTED_EDGE('',*,*,#3465,.F.);
#4532=ORIENTED_EDGE('',*,*,#3470,.F.);
#4533=ORIENTED_EDGE('',*,*,#3471,.T.);
#4534=ORIENTED_EDGE('',*,*,#3472,.T.);
#4535=ORIENTED_EDGE('',*,*,#3468,.F.);
#4536=ORIENTED_EDGE('',*,*,#3473,.F.);
#4537=ORIENTED_EDGE('',*,*,#3474,.T.);
#4538=ORIENTED_EDGE('',*,*,#3475,.T.);
#4539=ORIENTED_EDGE('',*,*,#3471,.F.);
#4540=ORIENTED_EDGE('',*,*,#3476,.F.);
#4541=ORIENTED_EDGE('',*,*,#3477,.T.);
#4542=ORIENTED_EDGE('',*,*,#3478,.T.);
#4543=ORIENTED_EDGE('',*,*,#3474,.F.);
#4544=ORIENTED_EDGE('',*,*,#3479,.F.);
#4545=ORIENTED_EDGE('',*,*,#3457,.T.);
#4546=ORIENTED_EDGE('',*,*,#3480,.T.);
#4547=ORIENTED_EDGE('',*,*,#3477,.F.);
#4548=ORIENTED_EDGE('',*,*,#3481,.F.);
#4549=ORIENTED_EDGE('',*,*,#3482,.T.);
#4550=ORIENTED_EDGE('',*,*,#3483,.T.);
#4551=ORIENTED_EDGE('',*,*,#3484,.F.);
#4552=ORIENTED_EDGE('',*,*,#3485,.F.);
#4553=ORIENTED_EDGE('',*,*,#3486,.T.);
#4554=ORIENTED_EDGE('',*,*,#3487,.T.);
#4555=ORIENTED_EDGE('',*,*,#3482,.F.);
#4556=ORIENTED_EDGE('',*,*,#3488,.F.);
#4557=ORIENTED_EDGE('',*,*,#3489,.T.);
#4558=ORIENTED_EDGE('',*,*,#3490,.T.);
#4559=ORIENTED_EDGE('',*,*,#3486,.F.);
#4560=ORIENTED_EDGE('',*,*,#3491,.F.);
#4561=ORIENTED_EDGE('',*,*,#3492,.T.);
#4562=ORIENTED_EDGE('',*,*,#3493,.T.);
#4563=ORIENTED_EDGE('',*,*,#3489,.F.);
#4564=ORIENTED_EDGE('',*,*,#3494,.F.);
#4565=ORIENTED_EDGE('',*,*,#3495,.T.);
#4566=ORIENTED_EDGE('',*,*,#3496,.T.);
#4567=ORIENTED_EDGE('',*,*,#3492,.F.);
#4568=ORIENTED_EDGE('',*,*,#3497,.F.);
#4569=ORIENTED_EDGE('',*,*,#3498,.T.);
#4570=ORIENTED_EDGE('',*,*,#3499,.T.);
#4571=ORIENTED_EDGE('',*,*,#3495,.F.);
#4572=ORIENTED_EDGE('',*,*,#3500,.F.);
#4573=ORIENTED_EDGE('',*,*,#3501,.T.);
#4574=ORIENTED_EDGE('',*,*,#3502,.T.);
#4575=ORIENTED_EDGE('',*,*,#3498,.F.);
#4576=ORIENTED_EDGE('',*,*,#3503,.F.);
#4577=ORIENTED_EDGE('',*,*,#3504,.T.);
#4578=ORIENTED_EDGE('',*,*,#3505,.T.);
#4579=ORIENTED_EDGE('',*,*,#3501,.F.);
#4580=ORIENTED_EDGE('',*,*,#3506,.F.);
#4581=ORIENTED_EDGE('',*,*,#3507,.T.);
#4582=ORIENTED_EDGE('',*,*,#3508,.T.);
#4583=ORIENTED_EDGE('',*,*,#3504,.F.);
#4584=ORIENTED_EDGE('',*,*,#3509,.F.);
#4585=ORIENTED_EDGE('',*,*,#3510,.T.);
#4586=ORIENTED_EDGE('',*,*,#3511,.T.);
#4587=ORIENTED_EDGE('',*,*,#3507,.F.);
#4588=ORIENTED_EDGE('',*,*,#3512,.F.);
#4589=ORIENTED_EDGE('',*,*,#3513,.T.);
#4590=ORIENTED_EDGE('',*,*,#3514,.T.);
#4591=ORIENTED_EDGE('',*,*,#3510,.F.);
#4592=ORIENTED_EDGE('',*,*,#3515,.F.);
#4593=ORIENTED_EDGE('',*,*,#3516,.T.);
#4594=ORIENTED_EDGE('',*,*,#3517,.T.);
#4595=ORIENTED_EDGE('',*,*,#3513,.F.);
#4596=ORIENTED_EDGE('',*,*,#3518,.F.);
#4597=ORIENTED_EDGE('',*,*,#3519,.T.);
#4598=ORIENTED_EDGE('',*,*,#3520,.T.);
#4599=ORIENTED_EDGE('',*,*,#3516,.F.);
#4600=ORIENTED_EDGE('',*,*,#3521,.F.);
#4601=ORIENTED_EDGE('',*,*,#3522,.T.);
#4602=ORIENTED_EDGE('',*,*,#3523,.T.);
#4603=ORIENTED_EDGE('',*,*,#3519,.F.);
#4604=ORIENTED_EDGE('',*,*,#3524,.F.);
#4605=ORIENTED_EDGE('',*,*,#3525,.T.);
#4606=ORIENTED_EDGE('',*,*,#3526,.T.);
#4607=ORIENTED_EDGE('',*,*,#3522,.F.);
#4608=ORIENTED_EDGE('',*,*,#3527,.F.);
#4609=ORIENTED_EDGE('',*,*,#3528,.T.);
#4610=ORIENTED_EDGE('',*,*,#3529,.T.);
#4611=ORIENTED_EDGE('',*,*,#3525,.F.);
#4612=ORIENTED_EDGE('',*,*,#3530,.F.);
#4613=ORIENTED_EDGE('',*,*,#3531,.T.);
#4614=ORIENTED_EDGE('',*,*,#3532,.T.);
#4615=ORIENTED_EDGE('',*,*,#3528,.F.);
#4616=ORIENTED_EDGE('',*,*,#3533,.F.);
#4617=ORIENTED_EDGE('',*,*,#3534,.T.);
#4618=ORIENTED_EDGE('',*,*,#3535,.T.);
#4619=ORIENTED_EDGE('',*,*,#3531,.F.);
#4620=ORIENTED_EDGE('',*,*,#3536,.F.);
#4621=ORIENTED_EDGE('',*,*,#3537,.T.);
#4622=ORIENTED_EDGE('',*,*,#3538,.T.);
#4623=ORIENTED_EDGE('',*,*,#3534,.F.);
#4624=ORIENTED_EDGE('',*,*,#3539,.F.);
#4625=ORIENTED_EDGE('',*,*,#3540,.T.);
#4626=ORIENTED_EDGE('',*,*,#3541,.T.);
#4627=ORIENTED_EDGE('',*,*,#3537,.F.);
#4628=ORIENTED_EDGE('',*,*,#3542,.F.);
#4629=ORIENTED_EDGE('',*,*,#3543,.T.);
#4630=ORIENTED_EDGE('',*,*,#3544,.T.);
#4631=ORIENTED_EDGE('',*,*,#3540,.F.);
#4632=ORIENTED_EDGE('',*,*,#3545,.F.);
#4633=ORIENTED_EDGE('',*,*,#3546,.T.);
#4634=ORIENTED_EDGE('',*,*,#3547,.T.);
#4635=ORIENTED_EDGE('',*,*,#3543,.F.);
#4636=ORIENTED_EDGE('',*,*,#3548,.F.);
#4637=ORIENTED_EDGE('',*,*,#3549,.T.);
#4638=ORIENTED_EDGE('',*,*,#3550,.T.);
#4639=ORIENTED_EDGE('',*,*,#3546,.F.);
#4640=ORIENTED_EDGE('',*,*,#3551,.F.);
#4641=ORIENTED_EDGE('',*,*,#3552,.T.);
#4642=ORIENTED_EDGE('',*,*,#3553,.T.);
#4643=ORIENTED_EDGE('',*,*,#3549,.F.);
#4644=ORIENTED_EDGE('',*,*,#3554,.F.);
#4645=ORIENTED_EDGE('',*,*,#3555,.T.);
#4646=ORIENTED_EDGE('',*,*,#3556,.T.);
#4647=ORIENTED_EDGE('',*,*,#3552,.F.);
#4648=ORIENTED_EDGE('',*,*,#3557,.F.);
#4649=ORIENTED_EDGE('',*,*,#3558,.T.);
#4650=ORIENTED_EDGE('',*,*,#3559,.T.);
#4651=ORIENTED_EDGE('',*,*,#3555,.F.);
#4652=ORIENTED_EDGE('',*,*,#3560,.F.);
#4653=ORIENTED_EDGE('',*,*,#3484,.T.);
#4654=ORIENTED_EDGE('',*,*,#3561,.T.);
#4655=ORIENTED_EDGE('',*,*,#3558,.F.);
#4656=ORIENTED_EDGE('',*,*,#3561,.F.);
#4657=ORIENTED_EDGE('',*,*,#3483,.F.);
#4658=ORIENTED_EDGE('',*,*,#3487,.F.);
#4659=ORIENTED_EDGE('',*,*,#3490,.F.);
#4660=ORIENTED_EDGE('',*,*,#3493,.F.);
#4661=ORIENTED_EDGE('',*,*,#3496,.F.);
#4662=ORIENTED_EDGE('',*,*,#3499,.F.);
#4663=ORIENTED_EDGE('',*,*,#3502,.F.);
#4664=ORIENTED_EDGE('',*,*,#3505,.F.);
#4665=ORIENTED_EDGE('',*,*,#3508,.F.);
#4666=ORIENTED_EDGE('',*,*,#3511,.F.);
#4667=ORIENTED_EDGE('',*,*,#3514,.F.);
#4668=ORIENTED_EDGE('',*,*,#3517,.F.);
#4669=ORIENTED_EDGE('',*,*,#3520,.F.);
#4670=ORIENTED_EDGE('',*,*,#3523,.F.);
#4671=ORIENTED_EDGE('',*,*,#3526,.F.);
#4672=ORIENTED_EDGE('',*,*,#3529,.F.);
#4673=ORIENTED_EDGE('',*,*,#3532,.F.);
#4674=ORIENTED_EDGE('',*,*,#3535,.F.);
#4675=ORIENTED_EDGE('',*,*,#3538,.F.);
#4676=ORIENTED_EDGE('',*,*,#3541,.F.);
#4677=ORIENTED_EDGE('',*,*,#3544,.F.);
#4678=ORIENTED_EDGE('',*,*,#3547,.F.);
#4679=ORIENTED_EDGE('',*,*,#3550,.F.);
#4680=ORIENTED_EDGE('',*,*,#3553,.F.);
#4681=ORIENTED_EDGE('',*,*,#3556,.F.);
#4682=ORIENTED_EDGE('',*,*,#3559,.F.);
#4683=ORIENTED_EDGE('',*,*,#3480,.F.);
#4684=ORIENTED_EDGE('',*,*,#3456,.F.);
#4685=ORIENTED_EDGE('',*,*,#3460,.F.);
#4686=ORIENTED_EDGE('',*,*,#3463,.F.);
#4687=ORIENTED_EDGE('',*,*,#3466,.F.);
#4688=ORIENTED_EDGE('',*,*,#3469,.F.);
#4689=ORIENTED_EDGE('',*,*,#3472,.F.);
#4690=ORIENTED_EDGE('',*,*,#3475,.F.);
#4691=ORIENTED_EDGE('',*,*,#3478,.F.);
#4692=ORIENTED_EDGE('',*,*,#3562,.F.);
#4693=ORIENTED_EDGE('',*,*,#3563,.T.);
#4694=ORIENTED_EDGE('',*,*,#3564,.T.);
#4695=ORIENTED_EDGE('',*,*,#3565,.F.);
#4696=ORIENTED_EDGE('',*,*,#3566,.F.);
#4697=ORIENTED_EDGE('',*,*,#3567,.T.);
#4698=ORIENTED_EDGE('',*,*,#3568,.T.);
#4699=ORIENTED_EDGE('',*,*,#3563,.F.);
#4700=ORIENTED_EDGE('',*,*,#3569,.F.);
#4701=ORIENTED_EDGE('',*,*,#3570,.T.);
#4702=ORIENTED_EDGE('',*,*,#3571,.T.);
#4703=ORIENTED_EDGE('',*,*,#3567,.F.);
#4704=ORIENTED_EDGE('',*,*,#3572,.F.);
#4705=ORIENTED_EDGE('',*,*,#3573,.T.);
#4706=ORIENTED_EDGE('',*,*,#3574,.T.);
#4707=ORIENTED_EDGE('',*,*,#3570,.F.);
#4708=ORIENTED_EDGE('',*,*,#3575,.F.);
#4709=ORIENTED_EDGE('',*,*,#3576,.T.);
#4710=ORIENTED_EDGE('',*,*,#3577,.T.);
#4711=ORIENTED_EDGE('',*,*,#3573,.F.);
#4712=ORIENTED_EDGE('',*,*,#3578,.F.);
#4713=ORIENTED_EDGE('',*,*,#3579,.T.);
#4714=ORIENTED_EDGE('',*,*,#3580,.T.);
#4715=ORIENTED_EDGE('',*,*,#3576,.F.);
#4716=ORIENTED_EDGE('',*,*,#3581,.F.);
#4717=ORIENTED_EDGE('',*,*,#3565,.T.);
#4718=ORIENTED_EDGE('',*,*,#3582,.T.);
#4719=ORIENTED_EDGE('',*,*,#3579,.F.);
#4720=ORIENTED_EDGE('',*,*,#3583,.F.);
#4721=ORIENTED_EDGE('',*,*,#3584,.T.);
#4722=ORIENTED_EDGE('',*,*,#3585,.T.);
#4723=ORIENTED_EDGE('',*,*,#3586,.F.);
#4724=ORIENTED_EDGE('',*,*,#3587,.F.);
#4725=ORIENTED_EDGE('',*,*,#3588,.T.);
#4726=ORIENTED_EDGE('',*,*,#3589,.T.);
#4727=ORIENTED_EDGE('',*,*,#3584,.F.);
#4728=ORIENTED_EDGE('',*,*,#3590,.F.);
#4729=ORIENTED_EDGE('',*,*,#3591,.T.);
#4730=ORIENTED_EDGE('',*,*,#3592,.T.);
#4731=ORIENTED_EDGE('',*,*,#3588,.F.);
#4732=ORIENTED_EDGE('',*,*,#3593,.F.);
#4733=ORIENTED_EDGE('',*,*,#3594,.T.);
#4734=ORIENTED_EDGE('',*,*,#3595,.T.);
#4735=ORIENTED_EDGE('',*,*,#3591,.F.);
#4736=ORIENTED_EDGE('',*,*,#3596,.F.);
#4737=ORIENTED_EDGE('',*,*,#3597,.T.);
#4738=ORIENTED_EDGE('',*,*,#3598,.T.);
#4739=ORIENTED_EDGE('',*,*,#3594,.F.);
#4740=ORIENTED_EDGE('',*,*,#3599,.F.);
#4741=ORIENTED_EDGE('',*,*,#3600,.T.);
#4742=ORIENTED_EDGE('',*,*,#3601,.T.);
#4743=ORIENTED_EDGE('',*,*,#3597,.F.);
#4744=ORIENTED_EDGE('',*,*,#3602,.F.);
#4745=ORIENTED_EDGE('',*,*,#3603,.T.);
#4746=ORIENTED_EDGE('',*,*,#3604,.T.);
#4747=ORIENTED_EDGE('',*,*,#3600,.F.);
#4748=ORIENTED_EDGE('',*,*,#3605,.F.);
#4749=ORIENTED_EDGE('',*,*,#3606,.T.);
#4750=ORIENTED_EDGE('',*,*,#3607,.T.);
#4751=ORIENTED_EDGE('',*,*,#3603,.F.);
#4752=ORIENTED_EDGE('',*,*,#3608,.F.);
#4753=ORIENTED_EDGE('',*,*,#3586,.T.);
#4754=ORIENTED_EDGE('',*,*,#3609,.T.);
#4755=ORIENTED_EDGE('',*,*,#3606,.F.);
#4756=ORIENTED_EDGE('',*,*,#3609,.F.);
#4757=ORIENTED_EDGE('',*,*,#3585,.F.);
#4758=ORIENTED_EDGE('',*,*,#3589,.F.);
#4759=ORIENTED_EDGE('',*,*,#3592,.F.);
#4760=ORIENTED_EDGE('',*,*,#3595,.F.);
#4761=ORIENTED_EDGE('',*,*,#3598,.F.);
#4762=ORIENTED_EDGE('',*,*,#3601,.F.);
#4763=ORIENTED_EDGE('',*,*,#3604,.F.);
#4764=ORIENTED_EDGE('',*,*,#3607,.F.);
#4765=ORIENTED_EDGE('',*,*,#3582,.F.);
#4766=ORIENTED_EDGE('',*,*,#3564,.F.);
#4767=ORIENTED_EDGE('',*,*,#3568,.F.);
#4768=ORIENTED_EDGE('',*,*,#3571,.F.);
#4769=ORIENTED_EDGE('',*,*,#3574,.F.);
#4770=ORIENTED_EDGE('',*,*,#3577,.F.);
#4771=ORIENTED_EDGE('',*,*,#3580,.F.);
#4772=ORIENTED_EDGE('',*,*,#3610,.F.);
#4773=ORIENTED_EDGE('',*,*,#3611,.T.);
#4774=ORIENTED_EDGE('',*,*,#3612,.T.);
#4775=ORIENTED_EDGE('',*,*,#3613,.F.);
#4776=ORIENTED_EDGE('',*,*,#3614,.F.);
#4777=ORIENTED_EDGE('',*,*,#3615,.T.);
#4778=ORIENTED_EDGE('',*,*,#3616,.T.);
#4779=ORIENTED_EDGE('',*,*,#3611,.F.);
#4780=ORIENTED_EDGE('',*,*,#3617,.F.);
#4781=ORIENTED_EDGE('',*,*,#3618,.T.);
#4782=ORIENTED_EDGE('',*,*,#3619,.T.);
#4783=ORIENTED_EDGE('',*,*,#3615,.F.);
#4784=ORIENTED_EDGE('',*,*,#3620,.F.);
#4785=ORIENTED_EDGE('',*,*,#3621,.T.);
#4786=ORIENTED_EDGE('',*,*,#3622,.T.);
#4787=ORIENTED_EDGE('',*,*,#3618,.F.);
#4788=ORIENTED_EDGE('',*,*,#3623,.F.);
#4789=ORIENTED_EDGE('',*,*,#3624,.T.);
#4790=ORIENTED_EDGE('',*,*,#3625,.T.);
#4791=ORIENTED_EDGE('',*,*,#3621,.F.);
#4792=ORIENTED_EDGE('',*,*,#3626,.F.);
#4793=ORIENTED_EDGE('',*,*,#3627,.T.);
#4794=ORIENTED_EDGE('',*,*,#3628,.T.);
#4795=ORIENTED_EDGE('',*,*,#3624,.F.);
#4796=ORIENTED_EDGE('',*,*,#3629,.F.);
#4797=ORIENTED_EDGE('',*,*,#3630,.T.);
#4798=ORIENTED_EDGE('',*,*,#3631,.T.);
#4799=ORIENTED_EDGE('',*,*,#3627,.F.);
#4800=ORIENTED_EDGE('',*,*,#3632,.F.);
#4801=ORIENTED_EDGE('',*,*,#3633,.T.);
#4802=ORIENTED_EDGE('',*,*,#3634,.T.);
#4803=ORIENTED_EDGE('',*,*,#3630,.F.);
#4804=ORIENTED_EDGE('',*,*,#3635,.F.);
#4805=ORIENTED_EDGE('',*,*,#3636,.T.);
#4806=ORIENTED_EDGE('',*,*,#3637,.T.);
#4807=ORIENTED_EDGE('',*,*,#3633,.F.);
#4808=ORIENTED_EDGE('',*,*,#3638,.F.);
#4809=ORIENTED_EDGE('',*,*,#3639,.T.);
#4810=ORIENTED_EDGE('',*,*,#3640,.T.);
#4811=ORIENTED_EDGE('',*,*,#3636,.F.);
#4812=ORIENTED_EDGE('',*,*,#3641,.F.);
#4813=ORIENTED_EDGE('',*,*,#3642,.T.);
#4814=ORIENTED_EDGE('',*,*,#3643,.T.);
#4815=ORIENTED_EDGE('',*,*,#3639,.F.);
#4816=ORIENTED_EDGE('',*,*,#3644,.F.);
#4817=ORIENTED_EDGE('',*,*,#3613,.T.);
#4818=ORIENTED_EDGE('',*,*,#3645,.T.);
#4819=ORIENTED_EDGE('',*,*,#3642,.F.);
#4820=ORIENTED_EDGE('',*,*,#3645,.F.);
#4821=ORIENTED_EDGE('',*,*,#3612,.F.);
#4822=ORIENTED_EDGE('',*,*,#3616,.F.);
#4823=ORIENTED_EDGE('',*,*,#3619,.F.);
#4824=ORIENTED_EDGE('',*,*,#3622,.F.);
#4825=ORIENTED_EDGE('',*,*,#3625,.F.);
#4826=ORIENTED_EDGE('',*,*,#3628,.F.);
#4827=ORIENTED_EDGE('',*,*,#3631,.F.);
#4828=ORIENTED_EDGE('',*,*,#3634,.F.);
#4829=ORIENTED_EDGE('',*,*,#3637,.F.);
#4830=ORIENTED_EDGE('',*,*,#3640,.F.);
#4831=ORIENTED_EDGE('',*,*,#3643,.F.);
#4832=ORIENTED_EDGE('',*,*,#3646,.F.);
#4833=ORIENTED_EDGE('',*,*,#3647,.T.);
#4834=ORIENTED_EDGE('',*,*,#3648,.T.);
#4835=ORIENTED_EDGE('',*,*,#3649,.F.);
#4836=ORIENTED_EDGE('',*,*,#3650,.F.);
#4837=ORIENTED_EDGE('',*,*,#3651,.T.);
#4838=ORIENTED_EDGE('',*,*,#3652,.T.);
#4839=ORIENTED_EDGE('',*,*,#3647,.F.);
#4840=ORIENTED_EDGE('',*,*,#3653,.F.);
#4841=ORIENTED_EDGE('',*,*,#3654,.T.);
#4842=ORIENTED_EDGE('',*,*,#3655,.T.);
#4843=ORIENTED_EDGE('',*,*,#3651,.F.);
#4844=ORIENTED_EDGE('',*,*,#3656,.F.);
#4845=ORIENTED_EDGE('',*,*,#3657,.T.);
#4846=ORIENTED_EDGE('',*,*,#3658,.T.);
#4847=ORIENTED_EDGE('',*,*,#3654,.F.);
#4848=ORIENTED_EDGE('',*,*,#3659,.F.);
#4849=ORIENTED_EDGE('',*,*,#3649,.T.);
#4850=ORIENTED_EDGE('',*,*,#3660,.T.);
#4851=ORIENTED_EDGE('',*,*,#3657,.F.);
#4852=ORIENTED_EDGE('',*,*,#3661,.F.);
#4853=ORIENTED_EDGE('',*,*,#3662,.T.);
#4854=ORIENTED_EDGE('',*,*,#3663,.T.);
#4855=ORIENTED_EDGE('',*,*,#3664,.F.);
#4856=ORIENTED_EDGE('',*,*,#3665,.F.);
#4857=ORIENTED_EDGE('',*,*,#3666,.T.);
#4858=ORIENTED_EDGE('',*,*,#3667,.T.);
#4859=ORIENTED_EDGE('',*,*,#3662,.F.);
#4860=ORIENTED_EDGE('',*,*,#3668,.F.);
#4861=ORIENTED_EDGE('',*,*,#3669,.T.);
#4862=ORIENTED_EDGE('',*,*,#3670,.T.);
#4863=ORIENTED_EDGE('',*,*,#3666,.F.);
#4864=ORIENTED_EDGE('',*,*,#3671,.F.);
#4865=ORIENTED_EDGE('',*,*,#3672,.T.);
#4866=ORIENTED_EDGE('',*,*,#3673,.T.);
#4867=ORIENTED_EDGE('',*,*,#3669,.F.);
#4868=ORIENTED_EDGE('',*,*,#3674,.F.);
#4869=ORIENTED_EDGE('',*,*,#3675,.T.);
#4870=ORIENTED_EDGE('',*,*,#3676,.T.);
#4871=ORIENTED_EDGE('',*,*,#3672,.F.);
#4872=ORIENTED_EDGE('',*,*,#3677,.F.);
#4873=ORIENTED_EDGE('',*,*,#3678,.T.);
#4874=ORIENTED_EDGE('',*,*,#3679,.T.);
#4875=ORIENTED_EDGE('',*,*,#3675,.F.);
#4876=ORIENTED_EDGE('',*,*,#3680,.F.);
#4877=ORIENTED_EDGE('',*,*,#3681,.T.);
#4878=ORIENTED_EDGE('',*,*,#3682,.T.);
#4879=ORIENTED_EDGE('',*,*,#3678,.F.);
#4880=ORIENTED_EDGE('',*,*,#3683,.F.);
#4881=ORIENTED_EDGE('',*,*,#3684,.T.);
#4882=ORIENTED_EDGE('',*,*,#3685,.T.);
#4883=ORIENTED_EDGE('',*,*,#3681,.F.);
#4884=ORIENTED_EDGE('',*,*,#3686,.F.);
#4885=ORIENTED_EDGE('',*,*,#3687,.T.);
#4886=ORIENTED_EDGE('',*,*,#3688,.T.);
#4887=ORIENTED_EDGE('',*,*,#3684,.F.);
#4888=ORIENTED_EDGE('',*,*,#3689,.F.);
#4889=ORIENTED_EDGE('',*,*,#3690,.T.);
#4890=ORIENTED_EDGE('',*,*,#3691,.T.);
#4891=ORIENTED_EDGE('',*,*,#3687,.F.);
#4892=ORIENTED_EDGE('',*,*,#3692,.F.);
#4893=ORIENTED_EDGE('',*,*,#3693,.T.);
#4894=ORIENTED_EDGE('',*,*,#3694,.T.);
#4895=ORIENTED_EDGE('',*,*,#3690,.F.);
#4896=ORIENTED_EDGE('',*,*,#3695,.F.);
#4897=ORIENTED_EDGE('',*,*,#3696,.T.);
#4898=ORIENTED_EDGE('',*,*,#3697,.T.);
#4899=ORIENTED_EDGE('',*,*,#3693,.F.);
#4900=ORIENTED_EDGE('',*,*,#3698,.F.);
#4901=ORIENTED_EDGE('',*,*,#3699,.T.);
#4902=ORIENTED_EDGE('',*,*,#3700,.T.);
#4903=ORIENTED_EDGE('',*,*,#3696,.F.);
#4904=ORIENTED_EDGE('',*,*,#3701,.F.);
#4905=ORIENTED_EDGE('',*,*,#3702,.T.);
#4906=ORIENTED_EDGE('',*,*,#3703,.T.);
#4907=ORIENTED_EDGE('',*,*,#3699,.F.);
#4908=ORIENTED_EDGE('',*,*,#3704,.F.);
#4909=ORIENTED_EDGE('',*,*,#3705,.T.);
#4910=ORIENTED_EDGE('',*,*,#3706,.T.);
#4911=ORIENTED_EDGE('',*,*,#3702,.F.);
#4912=ORIENTED_EDGE('',*,*,#3707,.F.);
#4913=ORIENTED_EDGE('',*,*,#3708,.T.);
#4914=ORIENTED_EDGE('',*,*,#3709,.T.);
#4915=ORIENTED_EDGE('',*,*,#3705,.F.);
#4916=ORIENTED_EDGE('',*,*,#3710,.F.);
#4917=ORIENTED_EDGE('',*,*,#3664,.T.);
#4918=ORIENTED_EDGE('',*,*,#3711,.T.);
#4919=ORIENTED_EDGE('',*,*,#3708,.F.);
#4920=ORIENTED_EDGE('',*,*,#3711,.F.);
#4921=ORIENTED_EDGE('',*,*,#3663,.F.);
#4922=ORIENTED_EDGE('',*,*,#3667,.F.);
#4923=ORIENTED_EDGE('',*,*,#3670,.F.);
#4924=ORIENTED_EDGE('',*,*,#3673,.F.);
#4925=ORIENTED_EDGE('',*,*,#3676,.F.);
#4926=ORIENTED_EDGE('',*,*,#3679,.F.);
#4927=ORIENTED_EDGE('',*,*,#3682,.F.);
#4928=ORIENTED_EDGE('',*,*,#3685,.F.);
#4929=ORIENTED_EDGE('',*,*,#3688,.F.);
#4930=ORIENTED_EDGE('',*,*,#3691,.F.);
#4931=ORIENTED_EDGE('',*,*,#3694,.F.);
#4932=ORIENTED_EDGE('',*,*,#3697,.F.);
#4933=ORIENTED_EDGE('',*,*,#3700,.F.);
#4934=ORIENTED_EDGE('',*,*,#3703,.F.);
#4935=ORIENTED_EDGE('',*,*,#3706,.F.);
#4936=ORIENTED_EDGE('',*,*,#3709,.F.);
#4937=ORIENTED_EDGE('',*,*,#3660,.F.);
#4938=ORIENTED_EDGE('',*,*,#3648,.F.);
#4939=ORIENTED_EDGE('',*,*,#3652,.F.);
#4940=ORIENTED_EDGE('',*,*,#3655,.F.);
#4941=ORIENTED_EDGE('',*,*,#3658,.F.);
#4942=ORIENTED_EDGE('',*,*,#3712,.F.);
#4943=ORIENTED_EDGE('',*,*,#3713,.T.);
#4944=ORIENTED_EDGE('',*,*,#3714,.T.);
#4945=ORIENTED_EDGE('',*,*,#3715,.F.);
#4946=ORIENTED_EDGE('',*,*,#3716,.F.);
#4947=ORIENTED_EDGE('',*,*,#3717,.T.);
#4948=ORIENTED_EDGE('',*,*,#3718,.T.);
#4949=ORIENTED_EDGE('',*,*,#3713,.F.);
#4950=ORIENTED_EDGE('',*,*,#3719,.F.);
#4951=ORIENTED_EDGE('',*,*,#3720,.T.);
#4952=ORIENTED_EDGE('',*,*,#3721,.T.);
#4953=ORIENTED_EDGE('',*,*,#3717,.F.);
#4954=ORIENTED_EDGE('',*,*,#3722,.F.);
#4955=ORIENTED_EDGE('',*,*,#3723,.T.);
#4956=ORIENTED_EDGE('',*,*,#3724,.T.);
#4957=ORIENTED_EDGE('',*,*,#3720,.F.);
#4958=ORIENTED_EDGE('',*,*,#3725,.F.);
#4959=ORIENTED_EDGE('',*,*,#3726,.T.);
#4960=ORIENTED_EDGE('',*,*,#3727,.T.);
#4961=ORIENTED_EDGE('',*,*,#3723,.F.);
#4962=ORIENTED_EDGE('',*,*,#3728,.F.);
#4963=ORIENTED_EDGE('',*,*,#3729,.T.);
#4964=ORIENTED_EDGE('',*,*,#3730,.T.);
#4965=ORIENTED_EDGE('',*,*,#3726,.F.);
#4966=ORIENTED_EDGE('',*,*,#3731,.F.);
#4967=ORIENTED_EDGE('',*,*,#3732,.T.);
#4968=ORIENTED_EDGE('',*,*,#3733,.T.);
#4969=ORIENTED_EDGE('',*,*,#3729,.F.);
#4970=ORIENTED_EDGE('',*,*,#3734,.F.);
#4971=ORIENTED_EDGE('',*,*,#3735,.T.);
#4972=ORIENTED_EDGE('',*,*,#3736,.T.);
#4973=ORIENTED_EDGE('',*,*,#3732,.F.);
#4974=ORIENTED_EDGE('',*,*,#3737,.F.);
#4975=ORIENTED_EDGE('',*,*,#3738,.T.);
#4976=ORIENTED_EDGE('',*,*,#3739,.T.);
#4977=ORIENTED_EDGE('',*,*,#3735,.F.);
#4978=ORIENTED_EDGE('',*,*,#3740,.F.);
#4979=ORIENTED_EDGE('',*,*,#3741,.T.);
#4980=ORIENTED_EDGE('',*,*,#3742,.T.);
#4981=ORIENTED_EDGE('',*,*,#3738,.F.);
#4982=ORIENTED_EDGE('',*,*,#3743,.F.);
#4983=ORIENTED_EDGE('',*,*,#3744,.T.);
#4984=ORIENTED_EDGE('',*,*,#3745,.T.);
#4985=ORIENTED_EDGE('',*,*,#3741,.F.);
#4986=ORIENTED_EDGE('',*,*,#3746,.F.);
#4987=ORIENTED_EDGE('',*,*,#3715,.T.);
#4988=ORIENTED_EDGE('',*,*,#3747,.T.);
#4989=ORIENTED_EDGE('',*,*,#3744,.F.);
#4990=ORIENTED_EDGE('',*,*,#3747,.F.);
#4991=ORIENTED_EDGE('',*,*,#3714,.F.);
#4992=ORIENTED_EDGE('',*,*,#3718,.F.);
#4993=ORIENTED_EDGE('',*,*,#3721,.F.);
#4994=ORIENTED_EDGE('',*,*,#3724,.F.);
#4995=ORIENTED_EDGE('',*,*,#3727,.F.);
#4996=ORIENTED_EDGE('',*,*,#3730,.F.);
#4997=ORIENTED_EDGE('',*,*,#3733,.F.);
#4998=ORIENTED_EDGE('',*,*,#3736,.F.);
#4999=ORIENTED_EDGE('',*,*,#3739,.F.);
#5000=ORIENTED_EDGE('',*,*,#3742,.F.);
#5001=ORIENTED_EDGE('',*,*,#3745,.F.);
#5002=ORIENTED_EDGE('',*,*,#3748,.F.);
#5003=ORIENTED_EDGE('',*,*,#3749,.T.);
#5004=ORIENTED_EDGE('',*,*,#3750,.T.);
#5005=ORIENTED_EDGE('',*,*,#3751,.F.);
#5006=ORIENTED_EDGE('',*,*,#3752,.F.);
#5007=ORIENTED_EDGE('',*,*,#3753,.T.);
#5008=ORIENTED_EDGE('',*,*,#3754,.T.);
#5009=ORIENTED_EDGE('',*,*,#3749,.F.);
#5010=ORIENTED_EDGE('',*,*,#3755,.F.);
#5011=ORIENTED_EDGE('',*,*,#3756,.T.);
#5012=ORIENTED_EDGE('',*,*,#3757,.T.);
#5013=ORIENTED_EDGE('',*,*,#3753,.F.);
#5014=ORIENTED_EDGE('',*,*,#3758,.F.);
#5015=ORIENTED_EDGE('',*,*,#3751,.T.);
#5016=ORIENTED_EDGE('',*,*,#3759,.T.);
#5017=ORIENTED_EDGE('',*,*,#3756,.F.);
#5018=ORIENTED_EDGE('',*,*,#3759,.F.);
#5019=ORIENTED_EDGE('',*,*,#3750,.F.);
#5020=ORIENTED_EDGE('',*,*,#3754,.F.);
#5021=ORIENTED_EDGE('',*,*,#3757,.F.);
#5022=ORIENTED_EDGE('',*,*,#3760,.F.);
#5023=ORIENTED_EDGE('',*,*,#3761,.T.);
#5024=ORIENTED_EDGE('',*,*,#3762,.T.);
#5025=ORIENTED_EDGE('',*,*,#3763,.F.);
#5026=ORIENTED_EDGE('',*,*,#3764,.F.);
#5027=ORIENTED_EDGE('',*,*,#3765,.T.);
#5028=ORIENTED_EDGE('',*,*,#3766,.T.);
#5029=ORIENTED_EDGE('',*,*,#3761,.F.);
#5030=ORIENTED_EDGE('',*,*,#3767,.F.);
#5031=ORIENTED_EDGE('',*,*,#3768,.T.);
#5032=ORIENTED_EDGE('',*,*,#3769,.T.);
#5033=ORIENTED_EDGE('',*,*,#3765,.F.);
#5034=ORIENTED_EDGE('',*,*,#3770,.F.);
#5035=ORIENTED_EDGE('',*,*,#3771,.T.);
#5036=ORIENTED_EDGE('',*,*,#3772,.T.);
#5037=ORIENTED_EDGE('',*,*,#3768,.F.);
#5038=ORIENTED_EDGE('',*,*,#3773,.F.);
#5039=ORIENTED_EDGE('',*,*,#3763,.T.);
#5040=ORIENTED_EDGE('',*,*,#3774,.T.);
#5041=ORIENTED_EDGE('',*,*,#3771,.F.);
#5042=ORIENTED_EDGE('',*,*,#3775,.F.);
#5043=ORIENTED_EDGE('',*,*,#3776,.T.);
#5044=ORIENTED_EDGE('',*,*,#3777,.T.);
#5045=ORIENTED_EDGE('',*,*,#3778,.F.);
#5046=ORIENTED_EDGE('',*,*,#3779,.F.);
#5047=ORIENTED_EDGE('',*,*,#3780,.T.);
#5048=ORIENTED_EDGE('',*,*,#3781,.T.);
#5049=ORIENTED_EDGE('',*,*,#3776,.F.);
#5050=ORIENTED_EDGE('',*,*,#3782,.F.);
#5051=ORIENTED_EDGE('',*,*,#3783,.T.);
#5052=ORIENTED_EDGE('',*,*,#3784,.T.);
#5053=ORIENTED_EDGE('',*,*,#3780,.F.);
#5054=ORIENTED_EDGE('',*,*,#3785,.F.);
#5055=ORIENTED_EDGE('',*,*,#3786,.T.);
#5056=ORIENTED_EDGE('',*,*,#3787,.T.);
#5057=ORIENTED_EDGE('',*,*,#3783,.F.);
#5058=ORIENTED_EDGE('',*,*,#3788,.F.);
#5059=ORIENTED_EDGE('',*,*,#3789,.T.);
#5060=ORIENTED_EDGE('',*,*,#3790,.T.);
#5061=ORIENTED_EDGE('',*,*,#3786,.F.);
#5062=ORIENTED_EDGE('',*,*,#3791,.F.);
#5063=ORIENTED_EDGE('',*,*,#3792,.T.);
#5064=ORIENTED_EDGE('',*,*,#3793,.T.);
#5065=ORIENTED_EDGE('',*,*,#3789,.F.);
#5066=ORIENTED_EDGE('',*,*,#3794,.F.);
#5067=ORIENTED_EDGE('',*,*,#3795,.T.);
#5068=ORIENTED_EDGE('',*,*,#3796,.T.);
#5069=ORIENTED_EDGE('',*,*,#3792,.F.);
#5070=ORIENTED_EDGE('',*,*,#3797,.F.);
#5071=ORIENTED_EDGE('',*,*,#3798,.T.);
#5072=ORIENTED_EDGE('',*,*,#3799,.T.);
#5073=ORIENTED_EDGE('',*,*,#3795,.F.);
#5074=ORIENTED_EDGE('',*,*,#3800,.F.);
#5075=ORIENTED_EDGE('',*,*,#3801,.T.);
#5076=ORIENTED_EDGE('',*,*,#3802,.T.);
#5077=ORIENTED_EDGE('',*,*,#3798,.F.);
#5078=ORIENTED_EDGE('',*,*,#3803,.F.);
#5079=ORIENTED_EDGE('',*,*,#3804,.T.);
#5080=ORIENTED_EDGE('',*,*,#3805,.T.);
#5081=ORIENTED_EDGE('',*,*,#3801,.F.);
#5082=ORIENTED_EDGE('',*,*,#3806,.F.);
#5083=ORIENTED_EDGE('',*,*,#3807,.T.);
#5084=ORIENTED_EDGE('',*,*,#3808,.T.);
#5085=ORIENTED_EDGE('',*,*,#3804,.F.);
#5086=ORIENTED_EDGE('',*,*,#3809,.F.);
#5087=ORIENTED_EDGE('',*,*,#3810,.T.);
#5088=ORIENTED_EDGE('',*,*,#3811,.T.);
#5089=ORIENTED_EDGE('',*,*,#3807,.F.);
#5090=ORIENTED_EDGE('',*,*,#3812,.F.);
#5091=ORIENTED_EDGE('',*,*,#3813,.T.);
#5092=ORIENTED_EDGE('',*,*,#3814,.T.);
#5093=ORIENTED_EDGE('',*,*,#3810,.F.);
#5094=ORIENTED_EDGE('',*,*,#3815,.F.);
#5095=ORIENTED_EDGE('',*,*,#3816,.T.);
#5096=ORIENTED_EDGE('',*,*,#3817,.T.);
#5097=ORIENTED_EDGE('',*,*,#3813,.F.);
#5098=ORIENTED_EDGE('',*,*,#3818,.F.);
#5099=ORIENTED_EDGE('',*,*,#3819,.T.);
#5100=ORIENTED_EDGE('',*,*,#3820,.T.);
#5101=ORIENTED_EDGE('',*,*,#3816,.F.);
#5102=ORIENTED_EDGE('',*,*,#3821,.F.);
#5103=ORIENTED_EDGE('',*,*,#3822,.T.);
#5104=ORIENTED_EDGE('',*,*,#3823,.T.);
#5105=ORIENTED_EDGE('',*,*,#3819,.F.);
#5106=ORIENTED_EDGE('',*,*,#3824,.F.);
#5107=ORIENTED_EDGE('',*,*,#3778,.T.);
#5108=ORIENTED_EDGE('',*,*,#3825,.T.);
#5109=ORIENTED_EDGE('',*,*,#3822,.F.);
#5110=ORIENTED_EDGE('',*,*,#3825,.F.);
#5111=ORIENTED_EDGE('',*,*,#3777,.F.);
#5112=ORIENTED_EDGE('',*,*,#3781,.F.);
#5113=ORIENTED_EDGE('',*,*,#3784,.F.);
#5114=ORIENTED_EDGE('',*,*,#3787,.F.);
#5115=ORIENTED_EDGE('',*,*,#3790,.F.);
#5116=ORIENTED_EDGE('',*,*,#3793,.F.);
#5117=ORIENTED_EDGE('',*,*,#3796,.F.);
#5118=ORIENTED_EDGE('',*,*,#3799,.F.);
#5119=ORIENTED_EDGE('',*,*,#3802,.F.);
#5120=ORIENTED_EDGE('',*,*,#3805,.F.);
#5121=ORIENTED_EDGE('',*,*,#3808,.F.);
#5122=ORIENTED_EDGE('',*,*,#3811,.F.);
#5123=ORIENTED_EDGE('',*,*,#3814,.F.);
#5124=ORIENTED_EDGE('',*,*,#3817,.F.);
#5125=ORIENTED_EDGE('',*,*,#3820,.F.);
#5126=ORIENTED_EDGE('',*,*,#3823,.F.);
#5127=ORIENTED_EDGE('',*,*,#3774,.F.);
#5128=ORIENTED_EDGE('',*,*,#3762,.F.);
#5129=ORIENTED_EDGE('',*,*,#3766,.F.);
#5130=ORIENTED_EDGE('',*,*,#3769,.F.);
#5131=ORIENTED_EDGE('',*,*,#3772,.F.);
#5132=ORIENTED_EDGE('',*,*,#3826,.F.);
#5133=ORIENTED_EDGE('',*,*,#3827,.T.);
#5134=ORIENTED_EDGE('',*,*,#3828,.T.);
#5135=ORIENTED_EDGE('',*,*,#3829,.F.);
#5136=ORIENTED_EDGE('',*,*,#3830,.F.);
#5137=ORIENTED_EDGE('',*,*,#3831,.T.);
#5138=ORIENTED_EDGE('',*,*,#3832,.T.);
#5139=ORIENTED_EDGE('',*,*,#3827,.F.);
#5140=ORIENTED_EDGE('',*,*,#3833,.F.);
#5141=ORIENTED_EDGE('',*,*,#3834,.T.);
#5142=ORIENTED_EDGE('',*,*,#3835,.T.);
#5143=ORIENTED_EDGE('',*,*,#3831,.F.);
#5144=ORIENTED_EDGE('',*,*,#3836,.F.);
#5145=ORIENTED_EDGE('',*,*,#3837,.T.);
#5146=ORIENTED_EDGE('',*,*,#3838,.T.);
#5147=ORIENTED_EDGE('',*,*,#3834,.F.);
#5148=ORIENTED_EDGE('',*,*,#3839,.F.);
#5149=ORIENTED_EDGE('',*,*,#3840,.T.);
#5150=ORIENTED_EDGE('',*,*,#3841,.T.);
#5151=ORIENTED_EDGE('',*,*,#3837,.F.);
#5152=ORIENTED_EDGE('',*,*,#3842,.F.);
#5153=ORIENTED_EDGE('',*,*,#3843,.T.);
#5154=ORIENTED_EDGE('',*,*,#3844,.T.);
#5155=ORIENTED_EDGE('',*,*,#3840,.F.);
#5156=ORIENTED_EDGE('',*,*,#3845,.F.);
#5157=ORIENTED_EDGE('',*,*,#3846,.T.);
#5158=ORIENTED_EDGE('',*,*,#3847,.T.);
#5159=ORIENTED_EDGE('',*,*,#3843,.F.);
#5160=ORIENTED_EDGE('',*,*,#3848,.F.);
#5161=ORIENTED_EDGE('',*,*,#3829,.T.);
#5162=ORIENTED_EDGE('',*,*,#3849,.T.);
#5163=ORIENTED_EDGE('',*,*,#3846,.F.);
#5164=ORIENTED_EDGE('',*,*,#3850,.F.);
#5165=ORIENTED_EDGE('',*,*,#3851,.T.);
#5166=ORIENTED_EDGE('',*,*,#3852,.T.);
#5167=ORIENTED_EDGE('',*,*,#3853,.F.);
#5168=ORIENTED_EDGE('',*,*,#3854,.F.);
#5169=ORIENTED_EDGE('',*,*,#3855,.T.);
#5170=ORIENTED_EDGE('',*,*,#3856,.T.);
#5171=ORIENTED_EDGE('',*,*,#3851,.F.);
#5172=ORIENTED_EDGE('',*,*,#3857,.F.);
#5173=ORIENTED_EDGE('',*,*,#3858,.T.);
#5174=ORIENTED_EDGE('',*,*,#3859,.T.);
#5175=ORIENTED_EDGE('',*,*,#3855,.F.);
#5176=ORIENTED_EDGE('',*,*,#3860,.F.);
#5177=ORIENTED_EDGE('',*,*,#3861,.T.);
#5178=ORIENTED_EDGE('',*,*,#3862,.T.);
#5179=ORIENTED_EDGE('',*,*,#3858,.F.);
#5180=ORIENTED_EDGE('',*,*,#3863,.F.);
#5181=ORIENTED_EDGE('',*,*,#3864,.T.);
#5182=ORIENTED_EDGE('',*,*,#3865,.T.);
#5183=ORIENTED_EDGE('',*,*,#3861,.F.);
#5184=ORIENTED_EDGE('',*,*,#3866,.F.);
#5185=ORIENTED_EDGE('',*,*,#3867,.T.);
#5186=ORIENTED_EDGE('',*,*,#3868,.T.);
#5187=ORIENTED_EDGE('',*,*,#3864,.F.);
#5188=ORIENTED_EDGE('',*,*,#3869,.F.);
#5189=ORIENTED_EDGE('',*,*,#3870,.T.);
#5190=ORIENTED_EDGE('',*,*,#3871,.T.);
#5191=ORIENTED_EDGE('',*,*,#3867,.F.);
#5192=ORIENTED_EDGE('',*,*,#3872,.F.);
#5193=ORIENTED_EDGE('',*,*,#3873,.T.);
#5194=ORIENTED_EDGE('',*,*,#3874,.T.);
#5195=ORIENTED_EDGE('',*,*,#3870,.F.);
#5196=ORIENTED_EDGE('',*,*,#3875,.F.);
#5197=ORIENTED_EDGE('',*,*,#3876,.T.);
#5198=ORIENTED_EDGE('',*,*,#3877,.T.);
#5199=ORIENTED_EDGE('',*,*,#3873,.F.);
#5200=ORIENTED_EDGE('',*,*,#3878,.F.);
#5201=ORIENTED_EDGE('',*,*,#3879,.T.);
#5202=ORIENTED_EDGE('',*,*,#3880,.T.);
#5203=ORIENTED_EDGE('',*,*,#3876,.F.);
#5204=ORIENTED_EDGE('',*,*,#3881,.F.);
#5205=ORIENTED_EDGE('',*,*,#3882,.T.);
#5206=ORIENTED_EDGE('',*,*,#3883,.T.);
#5207=ORIENTED_EDGE('',*,*,#3879,.F.);
#5208=ORIENTED_EDGE('',*,*,#3884,.F.);
#5209=ORIENTED_EDGE('',*,*,#3885,.T.);
#5210=ORIENTED_EDGE('',*,*,#3886,.T.);
#5211=ORIENTED_EDGE('',*,*,#3882,.F.);
#5212=ORIENTED_EDGE('',*,*,#3887,.F.);
#5213=ORIENTED_EDGE('',*,*,#3853,.T.);
#5214=ORIENTED_EDGE('',*,*,#3888,.T.);
#5215=ORIENTED_EDGE('',*,*,#3885,.F.);
#5216=ORIENTED_EDGE('',*,*,#3888,.F.);
#5217=ORIENTED_EDGE('',*,*,#3852,.F.);
#5218=ORIENTED_EDGE('',*,*,#3856,.F.);
#5219=ORIENTED_EDGE('',*,*,#3859,.F.);
#5220=ORIENTED_EDGE('',*,*,#3862,.F.);
#5221=ORIENTED_EDGE('',*,*,#3865,.F.);
#5222=ORIENTED_EDGE('',*,*,#3868,.F.);
#5223=ORIENTED_EDGE('',*,*,#3871,.F.);
#5224=ORIENTED_EDGE('',*,*,#3874,.F.);
#5225=ORIENTED_EDGE('',*,*,#3877,.F.);
#5226=ORIENTED_EDGE('',*,*,#3880,.F.);
#5227=ORIENTED_EDGE('',*,*,#3883,.F.);
#5228=ORIENTED_EDGE('',*,*,#3886,.F.);
#5229=ORIENTED_EDGE('',*,*,#3849,.F.);
#5230=ORIENTED_EDGE('',*,*,#3828,.F.);
#5231=ORIENTED_EDGE('',*,*,#3832,.F.);
#5232=ORIENTED_EDGE('',*,*,#3835,.F.);
#5233=ORIENTED_EDGE('',*,*,#3838,.F.);
#5234=ORIENTED_EDGE('',*,*,#3841,.F.);
#5235=ORIENTED_EDGE('',*,*,#3844,.F.);
#5236=ORIENTED_EDGE('',*,*,#3847,.F.);
#5237=ORIENTED_EDGE('',*,*,#3889,.F.);
#5238=ORIENTED_EDGE('',*,*,#3890,.T.);
#5239=ORIENTED_EDGE('',*,*,#3891,.T.);
#5240=ORIENTED_EDGE('',*,*,#3892,.F.);
#5241=ORIENTED_EDGE('',*,*,#3893,.F.);
#5242=ORIENTED_EDGE('',*,*,#3894,.T.);
#5243=ORIENTED_EDGE('',*,*,#3895,.T.);
#5244=ORIENTED_EDGE('',*,*,#3890,.F.);
#5245=ORIENTED_EDGE('',*,*,#3896,.F.);
#5246=ORIENTED_EDGE('',*,*,#3897,.T.);
#5247=ORIENTED_EDGE('',*,*,#3898,.T.);
#5248=ORIENTED_EDGE('',*,*,#3894,.F.);
#5249=ORIENTED_EDGE('',*,*,#3899,.F.);
#5250=ORIENTED_EDGE('',*,*,#3900,.T.);
#5251=ORIENTED_EDGE('',*,*,#3901,.T.);
#5252=ORIENTED_EDGE('',*,*,#3897,.F.);
#5253=ORIENTED_EDGE('',*,*,#3902,.F.);
#5254=ORIENTED_EDGE('',*,*,#3903,.T.);
#5255=ORIENTED_EDGE('',*,*,#3904,.T.);
#5256=ORIENTED_EDGE('',*,*,#3900,.F.);
#5257=ORIENTED_EDGE('',*,*,#3905,.F.);
#5258=ORIENTED_EDGE('',*,*,#3906,.T.);
#5259=ORIENTED_EDGE('',*,*,#3907,.T.);
#5260=ORIENTED_EDGE('',*,*,#3903,.F.);
#5261=ORIENTED_EDGE('',*,*,#3908,.F.);
#5262=ORIENTED_EDGE('',*,*,#3909,.T.);
#5263=ORIENTED_EDGE('',*,*,#3910,.T.);
#5264=ORIENTED_EDGE('',*,*,#3906,.F.);
#5265=ORIENTED_EDGE('',*,*,#3911,.F.);
#5266=ORIENTED_EDGE('',*,*,#3892,.T.);
#5267=ORIENTED_EDGE('',*,*,#3912,.T.);
#5268=ORIENTED_EDGE('',*,*,#3909,.F.);
#5269=ORIENTED_EDGE('',*,*,#3913,.F.);
#5270=ORIENTED_EDGE('',*,*,#3914,.T.);
#5271=ORIENTED_EDGE('',*,*,#3915,.T.);
#5272=ORIENTED_EDGE('',*,*,#3916,.F.);
#5273=ORIENTED_EDGE('',*,*,#3917,.F.);
#5274=ORIENTED_EDGE('',*,*,#3918,.T.);
#5275=ORIENTED_EDGE('',*,*,#3919,.T.);
#5276=ORIENTED_EDGE('',*,*,#3914,.F.);
#5277=ORIENTED_EDGE('',*,*,#3920,.F.);
#5278=ORIENTED_EDGE('',*,*,#3921,.T.);
#5279=ORIENTED_EDGE('',*,*,#3922,.T.);
#5280=ORIENTED_EDGE('',*,*,#3918,.F.);
#5281=ORIENTED_EDGE('',*,*,#3923,.F.);
#5282=ORIENTED_EDGE('',*,*,#3924,.T.);
#5283=ORIENTED_EDGE('',*,*,#3925,.T.);
#5284=ORIENTED_EDGE('',*,*,#3921,.F.);
#5285=ORIENTED_EDGE('',*,*,#3926,.F.);
#5286=ORIENTED_EDGE('',*,*,#3927,.T.);
#5287=ORIENTED_EDGE('',*,*,#3928,.T.);
#5288=ORIENTED_EDGE('',*,*,#3924,.F.);
#5289=ORIENTED_EDGE('',*,*,#3929,.F.);
#5290=ORIENTED_EDGE('',*,*,#3930,.T.);
#5291=ORIENTED_EDGE('',*,*,#3931,.T.);
#5292=ORIENTED_EDGE('',*,*,#3927,.F.);
#5293=ORIENTED_EDGE('',*,*,#3932,.F.);
#5294=ORIENTED_EDGE('',*,*,#3933,.T.);
#5295=ORIENTED_EDGE('',*,*,#3934,.T.);
#5296=ORIENTED_EDGE('',*,*,#3930,.F.);
#5297=ORIENTED_EDGE('',*,*,#3935,.F.);
#5298=ORIENTED_EDGE('',*,*,#3916,.T.);
#5299=ORIENTED_EDGE('',*,*,#3936,.T.);
#5300=ORIENTED_EDGE('',*,*,#3933,.F.);
#5301=ORIENTED_EDGE('',*,*,#3936,.F.);
#5302=ORIENTED_EDGE('',*,*,#3915,.F.);
#5303=ORIENTED_EDGE('',*,*,#3919,.F.);
#5304=ORIENTED_EDGE('',*,*,#3922,.F.);
#5305=ORIENTED_EDGE('',*,*,#3925,.F.);
#5306=ORIENTED_EDGE('',*,*,#3928,.F.);
#5307=ORIENTED_EDGE('',*,*,#3931,.F.);
#5308=ORIENTED_EDGE('',*,*,#3934,.F.);
#5309=ORIENTED_EDGE('',*,*,#3912,.F.);
#5310=ORIENTED_EDGE('',*,*,#3891,.F.);
#5311=ORIENTED_EDGE('',*,*,#3895,.F.);
#5312=ORIENTED_EDGE('',*,*,#3898,.F.);
#5313=ORIENTED_EDGE('',*,*,#3901,.F.);
#5314=ORIENTED_EDGE('',*,*,#3904,.F.);
#5315=ORIENTED_EDGE('',*,*,#3907,.F.);
#5316=ORIENTED_EDGE('',*,*,#3910,.F.);
#5317=ORIENTED_EDGE('',*,*,#3937,.F.);
#5318=ORIENTED_EDGE('',*,*,#3938,.T.);
#5319=ORIENTED_EDGE('',*,*,#3939,.T.);
#5320=ORIENTED_EDGE('',*,*,#3940,.F.);
#5321=ORIENTED_EDGE('',*,*,#3941,.F.);
#5322=ORIENTED_EDGE('',*,*,#3942,.T.);
#5323=ORIENTED_EDGE('',*,*,#3943,.T.);
#5324=ORIENTED_EDGE('',*,*,#3938,.F.);
#5325=ORIENTED_EDGE('',*,*,#3944,.F.);
#5326=ORIENTED_EDGE('',*,*,#3945,.T.);
#5327=ORIENTED_EDGE('',*,*,#3946,.T.);
#5328=ORIENTED_EDGE('',*,*,#3942,.F.);
#5329=ORIENTED_EDGE('',*,*,#3947,.F.);
#5330=ORIENTED_EDGE('',*,*,#3948,.T.);
#5331=ORIENTED_EDGE('',*,*,#3949,.T.);
#5332=ORIENTED_EDGE('',*,*,#3945,.F.);
#5333=ORIENTED_EDGE('',*,*,#3950,.F.);
#5334=ORIENTED_EDGE('',*,*,#3951,.T.);
#5335=ORIENTED_EDGE('',*,*,#3952,.T.);
#5336=ORIENTED_EDGE('',*,*,#3948,.F.);
#5337=ORIENTED_EDGE('',*,*,#3953,.F.);
#5338=ORIENTED_EDGE('',*,*,#3954,.T.);
#5339=ORIENTED_EDGE('',*,*,#3955,.T.);
#5340=ORIENTED_EDGE('',*,*,#3951,.F.);
#5341=ORIENTED_EDGE('',*,*,#3956,.F.);
#5342=ORIENTED_EDGE('',*,*,#3957,.T.);
#5343=ORIENTED_EDGE('',*,*,#3958,.T.);
#5344=ORIENTED_EDGE('',*,*,#3954,.F.);
#5345=ORIENTED_EDGE('',*,*,#3959,.F.);
#5346=ORIENTED_EDGE('',*,*,#3960,.T.);
#5347=ORIENTED_EDGE('',*,*,#3961,.T.);
#5348=ORIENTED_EDGE('',*,*,#3957,.F.);
#5349=ORIENTED_EDGE('',*,*,#3962,.F.);
#5350=ORIENTED_EDGE('',*,*,#3963,.T.);
#5351=ORIENTED_EDGE('',*,*,#3964,.T.);
#5352=ORIENTED_EDGE('',*,*,#3960,.F.);
#5353=ORIENTED_EDGE('',*,*,#3965,.F.);
#5354=ORIENTED_EDGE('',*,*,#3966,.T.);
#5355=ORIENTED_EDGE('',*,*,#3967,.T.);
#5356=ORIENTED_EDGE('',*,*,#3963,.F.);
#5357=ORIENTED_EDGE('',*,*,#3968,.F.);
#5358=ORIENTED_EDGE('',*,*,#3969,.T.);
#5359=ORIENTED_EDGE('',*,*,#3970,.T.);
#5360=ORIENTED_EDGE('',*,*,#3966,.F.);
#5361=ORIENTED_EDGE('',*,*,#3971,.F.);
#5362=ORIENTED_EDGE('',*,*,#3940,.T.);
#5363=ORIENTED_EDGE('',*,*,#3972,.T.);
#5364=ORIENTED_EDGE('',*,*,#3969,.F.);
#5365=ORIENTED_EDGE('',*,*,#3972,.F.);
#5366=ORIENTED_EDGE('',*,*,#3939,.F.);
#5367=ORIENTED_EDGE('',*,*,#3943,.F.);
#5368=ORIENTED_EDGE('',*,*,#3946,.F.);
#5369=ORIENTED_EDGE('',*,*,#3949,.F.);
#5370=ORIENTED_EDGE('',*,*,#3952,.F.);
#5371=ORIENTED_EDGE('',*,*,#3955,.F.);
#5372=ORIENTED_EDGE('',*,*,#3958,.F.);
#5373=ORIENTED_EDGE('',*,*,#3961,.F.);
#5374=ORIENTED_EDGE('',*,*,#3964,.F.);
#5375=ORIENTED_EDGE('',*,*,#3967,.F.);
#5376=ORIENTED_EDGE('',*,*,#3970,.F.);
#5377=ORIENTED_EDGE('',*,*,#3973,.F.);
#5378=ORIENTED_EDGE('',*,*,#3974,.T.);
#5379=ORIENTED_EDGE('',*,*,#3975,.T.);
#5380=ORIENTED_EDGE('',*,*,#3976,.F.);
#5381=ORIENTED_EDGE('',*,*,#3977,.F.);
#5382=ORIENTED_EDGE('',*,*,#3978,.T.);
#5383=ORIENTED_EDGE('',*,*,#3979,.T.);
#5384=ORIENTED_EDGE('',*,*,#3974,.F.);
#5385=ORIENTED_EDGE('',*,*,#3980,.F.);
#5386=ORIENTED_EDGE('',*,*,#3981,.T.);
#5387=ORIENTED_EDGE('',*,*,#3982,.T.);
#5388=ORIENTED_EDGE('',*,*,#3978,.F.);
#5389=ORIENTED_EDGE('',*,*,#3983,.F.);
#5390=ORIENTED_EDGE('',*,*,#3984,.T.);
#5391=ORIENTED_EDGE('',*,*,#3985,.T.);
#5392=ORIENTED_EDGE('',*,*,#3981,.F.);
#5393=ORIENTED_EDGE('',*,*,#3986,.F.);
#5394=ORIENTED_EDGE('',*,*,#3987,.T.);
#5395=ORIENTED_EDGE('',*,*,#3988,.T.);
#5396=ORIENTED_EDGE('',*,*,#3984,.F.);
#5397=ORIENTED_EDGE('',*,*,#3989,.F.);
#5398=ORIENTED_EDGE('',*,*,#3990,.T.);
#5399=ORIENTED_EDGE('',*,*,#3991,.T.);
#5400=ORIENTED_EDGE('',*,*,#3987,.F.);
#5401=ORIENTED_EDGE('',*,*,#3992,.F.);
#5402=ORIENTED_EDGE('',*,*,#3993,.T.);
#5403=ORIENTED_EDGE('',*,*,#3994,.T.);
#5404=ORIENTED_EDGE('',*,*,#3990,.F.);
#5405=ORIENTED_EDGE('',*,*,#3995,.F.);
#5406=ORIENTED_EDGE('',*,*,#3976,.T.);
#5407=ORIENTED_EDGE('',*,*,#3996,.T.);
#5408=ORIENTED_EDGE('',*,*,#3993,.F.);
#5409=ORIENTED_EDGE('',*,*,#3997,.F.);
#5410=ORIENTED_EDGE('',*,*,#3998,.T.);
#5411=ORIENTED_EDGE('',*,*,#3999,.T.);
#5412=ORIENTED_EDGE('',*,*,#4000,.F.);
#5413=ORIENTED_EDGE('',*,*,#4001,.F.);
#5414=ORIENTED_EDGE('',*,*,#4002,.T.);
#5415=ORIENTED_EDGE('',*,*,#4003,.T.);
#5416=ORIENTED_EDGE('',*,*,#3998,.F.);
#5417=ORIENTED_EDGE('',*,*,#4004,.F.);
#5418=ORIENTED_EDGE('',*,*,#4005,.T.);
#5419=ORIENTED_EDGE('',*,*,#4006,.T.);
#5420=ORIENTED_EDGE('',*,*,#4002,.F.);
#5421=ORIENTED_EDGE('',*,*,#4007,.F.);
#5422=ORIENTED_EDGE('',*,*,#4008,.T.);
#5423=ORIENTED_EDGE('',*,*,#4009,.T.);
#5424=ORIENTED_EDGE('',*,*,#4005,.F.);
#5425=ORIENTED_EDGE('',*,*,#4010,.F.);
#5426=ORIENTED_EDGE('',*,*,#4011,.T.);
#5427=ORIENTED_EDGE('',*,*,#4012,.T.);
#5428=ORIENTED_EDGE('',*,*,#4008,.F.);
#5429=ORIENTED_EDGE('',*,*,#4013,.F.);
#5430=ORIENTED_EDGE('',*,*,#4014,.T.);
#5431=ORIENTED_EDGE('',*,*,#4015,.T.);
#5432=ORIENTED_EDGE('',*,*,#4011,.F.);
#5433=ORIENTED_EDGE('',*,*,#4016,.F.);
#5434=ORIENTED_EDGE('',*,*,#4017,.T.);
#5435=ORIENTED_EDGE('',*,*,#4018,.T.);
#5436=ORIENTED_EDGE('',*,*,#4014,.F.);
#5437=ORIENTED_EDGE('',*,*,#4019,.F.);
#5438=ORIENTED_EDGE('',*,*,#4020,.T.);
#5439=ORIENTED_EDGE('',*,*,#4021,.T.);
#5440=ORIENTED_EDGE('',*,*,#4017,.F.);
#5441=ORIENTED_EDGE('',*,*,#4022,.F.);
#5442=ORIENTED_EDGE('',*,*,#4023,.T.);
#5443=ORIENTED_EDGE('',*,*,#4024,.T.);
#5444=ORIENTED_EDGE('',*,*,#4020,.F.);
#5445=ORIENTED_EDGE('',*,*,#4025,.F.);
#5446=ORIENTED_EDGE('',*,*,#4026,.T.);
#5447=ORIENTED_EDGE('',*,*,#4027,.T.);
#5448=ORIENTED_EDGE('',*,*,#4023,.F.);
#5449=ORIENTED_EDGE('',*,*,#4028,.F.);
#5450=ORIENTED_EDGE('',*,*,#4029,.T.);
#5451=ORIENTED_EDGE('',*,*,#4030,.T.);
#5452=ORIENTED_EDGE('',*,*,#4026,.F.);
#5453=ORIENTED_EDGE('',*,*,#4031,.F.);
#5454=ORIENTED_EDGE('',*,*,#4032,.T.);
#5455=ORIENTED_EDGE('',*,*,#4033,.T.);
#5456=ORIENTED_EDGE('',*,*,#4029,.F.);
#5457=ORIENTED_EDGE('',*,*,#4034,.F.);
#5458=ORIENTED_EDGE('',*,*,#4000,.T.);
#5459=ORIENTED_EDGE('',*,*,#4035,.T.);
#5460=ORIENTED_EDGE('',*,*,#4032,.F.);
#5461=ORIENTED_EDGE('',*,*,#4035,.F.);
#5462=ORIENTED_EDGE('',*,*,#3999,.F.);
#5463=ORIENTED_EDGE('',*,*,#4003,.F.);
#5464=ORIENTED_EDGE('',*,*,#4006,.F.);
#5465=ORIENTED_EDGE('',*,*,#4009,.F.);
#5466=ORIENTED_EDGE('',*,*,#4012,.F.);
#5467=ORIENTED_EDGE('',*,*,#4015,.F.);
#5468=ORIENTED_EDGE('',*,*,#4018,.F.);
#5469=ORIENTED_EDGE('',*,*,#4021,.F.);
#5470=ORIENTED_EDGE('',*,*,#4024,.F.);
#5471=ORIENTED_EDGE('',*,*,#4027,.F.);
#5472=ORIENTED_EDGE('',*,*,#4030,.F.);
#5473=ORIENTED_EDGE('',*,*,#4033,.F.);
#5474=ORIENTED_EDGE('',*,*,#3996,.F.);
#5475=ORIENTED_EDGE('',*,*,#3975,.F.);
#5476=ORIENTED_EDGE('',*,*,#3979,.F.);
#5477=ORIENTED_EDGE('',*,*,#3982,.F.);
#5478=ORIENTED_EDGE('',*,*,#3985,.F.);
#5479=ORIENTED_EDGE('',*,*,#3988,.F.);
#5480=ORIENTED_EDGE('',*,*,#3991,.F.);
#5481=ORIENTED_EDGE('',*,*,#3994,.F.);
#5482=ORIENTED_EDGE('',*,*,#4036,.F.);
#5483=ORIENTED_EDGE('',*,*,#4037,.T.);
#5484=ORIENTED_EDGE('',*,*,#4038,.T.);
#5485=ORIENTED_EDGE('',*,*,#4039,.F.);
#5486=ORIENTED_EDGE('',*,*,#4040,.F.);
#5487=ORIENTED_EDGE('',*,*,#4041,.T.);
#5488=ORIENTED_EDGE('',*,*,#4042,.T.);
#5489=ORIENTED_EDGE('',*,*,#4037,.F.);
#5490=ORIENTED_EDGE('',*,*,#4043,.F.);
#5491=ORIENTED_EDGE('',*,*,#4044,.T.);
#5492=ORIENTED_EDGE('',*,*,#4045,.T.);
#5493=ORIENTED_EDGE('',*,*,#4041,.F.);
#5494=ORIENTED_EDGE('',*,*,#4046,.F.);
#5495=ORIENTED_EDGE('',*,*,#4047,.T.);
#5496=ORIENTED_EDGE('',*,*,#4048,.T.);
#5497=ORIENTED_EDGE('',*,*,#4044,.F.);
#5498=ORIENTED_EDGE('',*,*,#4049,.F.);
#5499=ORIENTED_EDGE('',*,*,#4050,.T.);
#5500=ORIENTED_EDGE('',*,*,#4051,.T.);
#5501=ORIENTED_EDGE('',*,*,#4047,.F.);
#5502=ORIENTED_EDGE('',*,*,#4052,.F.);
#5503=ORIENTED_EDGE('',*,*,#4053,.T.);
#5504=ORIENTED_EDGE('',*,*,#4054,.T.);
#5505=ORIENTED_EDGE('',*,*,#4050,.F.);
#5506=ORIENTED_EDGE('',*,*,#4055,.F.);
#5507=ORIENTED_EDGE('',*,*,#4056,.T.);
#5508=ORIENTED_EDGE('',*,*,#4057,.T.);
#5509=ORIENTED_EDGE('',*,*,#4053,.F.);
#5510=ORIENTED_EDGE('',*,*,#4058,.F.);
#5511=ORIENTED_EDGE('',*,*,#4059,.T.);
#5512=ORIENTED_EDGE('',*,*,#4060,.T.);
#5513=ORIENTED_EDGE('',*,*,#4056,.F.);
#5514=ORIENTED_EDGE('',*,*,#4061,.F.);
#5515=ORIENTED_EDGE('',*,*,#4039,.T.);
#5516=ORIENTED_EDGE('',*,*,#4062,.T.);
#5517=ORIENTED_EDGE('',*,*,#4059,.F.);
#5518=ORIENTED_EDGE('',*,*,#4063,.F.);
#5519=ORIENTED_EDGE('',*,*,#4064,.T.);
#5520=ORIENTED_EDGE('',*,*,#4065,.T.);
#5521=ORIENTED_EDGE('',*,*,#4066,.F.);
#5522=ORIENTED_EDGE('',*,*,#4067,.F.);
#5523=ORIENTED_EDGE('',*,*,#4068,.T.);
#5524=ORIENTED_EDGE('',*,*,#4069,.T.);
#5525=ORIENTED_EDGE('',*,*,#4064,.F.);
#5526=ORIENTED_EDGE('',*,*,#4070,.F.);
#5527=ORIENTED_EDGE('',*,*,#4071,.T.);
#5528=ORIENTED_EDGE('',*,*,#4072,.T.);
#5529=ORIENTED_EDGE('',*,*,#4068,.F.);
#5530=ORIENTED_EDGE('',*,*,#4073,.F.);
#5531=ORIENTED_EDGE('',*,*,#4074,.T.);
#5532=ORIENTED_EDGE('',*,*,#4075,.T.);
#5533=ORIENTED_EDGE('',*,*,#4071,.F.);
#5534=ORIENTED_EDGE('',*,*,#4076,.F.);
#5535=ORIENTED_EDGE('',*,*,#4077,.T.);
#5536=ORIENTED_EDGE('',*,*,#4078,.T.);
#5537=ORIENTED_EDGE('',*,*,#4074,.F.);
#5538=ORIENTED_EDGE('',*,*,#4079,.F.);
#5539=ORIENTED_EDGE('',*,*,#4080,.T.);
#5540=ORIENTED_EDGE('',*,*,#4081,.T.);
#5541=ORIENTED_EDGE('',*,*,#4077,.F.);
#5542=ORIENTED_EDGE('',*,*,#4082,.F.);
#5543=ORIENTED_EDGE('',*,*,#4083,.T.);
#5544=ORIENTED_EDGE('',*,*,#4084,.T.);
#5545=ORIENTED_EDGE('',*,*,#4080,.F.);
#5546=ORIENTED_EDGE('',*,*,#4085,.F.);
#5547=ORIENTED_EDGE('',*,*,#4086,.T.);
#5548=ORIENTED_EDGE('',*,*,#4087,.T.);
#5549=ORIENTED_EDGE('',*,*,#4083,.F.);
#5550=ORIENTED_EDGE('',*,*,#4088,.F.);
#5551=ORIENTED_EDGE('',*,*,#4089,.T.);
#5552=ORIENTED_EDGE('',*,*,#4090,.T.);
#5553=ORIENTED_EDGE('',*,*,#4086,.F.);
#5554=ORIENTED_EDGE('',*,*,#4091,.F.);
#5555=ORIENTED_EDGE('',*,*,#4092,.T.);
#5556=ORIENTED_EDGE('',*,*,#4093,.T.);
#5557=ORIENTED_EDGE('',*,*,#4089,.F.);
#5558=ORIENTED_EDGE('',*,*,#4094,.F.);
#5559=ORIENTED_EDGE('',*,*,#4095,.T.);
#5560=ORIENTED_EDGE('',*,*,#4096,.T.);
#5561=ORIENTED_EDGE('',*,*,#4092,.F.);
#5562=ORIENTED_EDGE('',*,*,#4097,.F.);
#5563=ORIENTED_EDGE('',*,*,#4098,.T.);
#5564=ORIENTED_EDGE('',*,*,#4099,.T.);
#5565=ORIENTED_EDGE('',*,*,#4095,.F.);
#5566=ORIENTED_EDGE('',*,*,#4100,.F.);
#5567=ORIENTED_EDGE('',*,*,#4101,.T.);
#5568=ORIENTED_EDGE('',*,*,#4102,.T.);
#5569=ORIENTED_EDGE('',*,*,#4098,.F.);
#5570=ORIENTED_EDGE('',*,*,#4103,.F.);
#5571=ORIENTED_EDGE('',*,*,#4104,.T.);
#5572=ORIENTED_EDGE('',*,*,#4105,.T.);
#5573=ORIENTED_EDGE('',*,*,#4101,.F.);
#5574=ORIENTED_EDGE('',*,*,#4106,.F.);
#5575=ORIENTED_EDGE('',*,*,#4107,.T.);
#5576=ORIENTED_EDGE('',*,*,#4108,.T.);
#5577=ORIENTED_EDGE('',*,*,#4104,.F.);
#5578=ORIENTED_EDGE('',*,*,#4109,.F.);
#5579=ORIENTED_EDGE('',*,*,#4110,.T.);
#5580=ORIENTED_EDGE('',*,*,#4111,.T.);
#5581=ORIENTED_EDGE('',*,*,#4107,.F.);
#5582=ORIENTED_EDGE('',*,*,#4112,.F.);
#5583=ORIENTED_EDGE('',*,*,#4113,.T.);
#5584=ORIENTED_EDGE('',*,*,#4114,.T.);
#5585=ORIENTED_EDGE('',*,*,#4110,.F.);
#5586=ORIENTED_EDGE('',*,*,#4115,.F.);
#5587=ORIENTED_EDGE('',*,*,#4116,.T.);
#5588=ORIENTED_EDGE('',*,*,#4117,.T.);
#5589=ORIENTED_EDGE('',*,*,#4113,.F.);
#5590=ORIENTED_EDGE('',*,*,#4118,.F.);
#5591=ORIENTED_EDGE('',*,*,#4119,.T.);
#5592=ORIENTED_EDGE('',*,*,#4120,.T.);
#5593=ORIENTED_EDGE('',*,*,#4116,.F.);
#5594=ORIENTED_EDGE('',*,*,#4121,.F.);
#5595=ORIENTED_EDGE('',*,*,#4122,.T.);
#5596=ORIENTED_EDGE('',*,*,#4123,.T.);
#5597=ORIENTED_EDGE('',*,*,#4119,.F.);
#5598=ORIENTED_EDGE('',*,*,#4124,.F.);
#5599=ORIENTED_EDGE('',*,*,#4125,.T.);
#5600=ORIENTED_EDGE('',*,*,#4126,.T.);
#5601=ORIENTED_EDGE('',*,*,#4122,.F.);
#5602=ORIENTED_EDGE('',*,*,#4127,.F.);
#5603=ORIENTED_EDGE('',*,*,#4128,.T.);
#5604=ORIENTED_EDGE('',*,*,#4129,.T.);
#5605=ORIENTED_EDGE('',*,*,#4125,.F.);
#5606=ORIENTED_EDGE('',*,*,#4130,.F.);
#5607=ORIENTED_EDGE('',*,*,#4131,.T.);
#5608=ORIENTED_EDGE('',*,*,#4132,.T.);
#5609=ORIENTED_EDGE('',*,*,#4128,.F.);
#5610=ORIENTED_EDGE('',*,*,#4133,.F.);
#5611=ORIENTED_EDGE('',*,*,#4134,.T.);
#5612=ORIENTED_EDGE('',*,*,#4135,.T.);
#5613=ORIENTED_EDGE('',*,*,#4131,.F.);
#5614=ORIENTED_EDGE('',*,*,#4136,.F.);
#5615=ORIENTED_EDGE('',*,*,#4137,.T.);
#5616=ORIENTED_EDGE('',*,*,#4138,.T.);
#5617=ORIENTED_EDGE('',*,*,#4134,.F.);
#5618=ORIENTED_EDGE('',*,*,#4139,.F.);
#5619=ORIENTED_EDGE('',*,*,#4140,.T.);
#5620=ORIENTED_EDGE('',*,*,#4141,.T.);
#5621=ORIENTED_EDGE('',*,*,#4137,.F.);
#5622=ORIENTED_EDGE('',*,*,#4142,.F.);
#5623=ORIENTED_EDGE('',*,*,#4066,.T.);
#5624=ORIENTED_EDGE('',*,*,#4143,.T.);
#5625=ORIENTED_EDGE('',*,*,#4140,.F.);
#5626=ORIENTED_EDGE('',*,*,#4143,.F.);
#5627=ORIENTED_EDGE('',*,*,#4065,.F.);
#5628=ORIENTED_EDGE('',*,*,#4069,.F.);
#5629=ORIENTED_EDGE('',*,*,#4072,.F.);
#5630=ORIENTED_EDGE('',*,*,#4075,.F.);
#5631=ORIENTED_EDGE('',*,*,#4078,.F.);
#5632=ORIENTED_EDGE('',*,*,#4081,.F.);
#5633=ORIENTED_EDGE('',*,*,#4084,.F.);
#5634=ORIENTED_EDGE('',*,*,#4087,.F.);
#5635=ORIENTED_EDGE('',*,*,#4090,.F.);
#5636=ORIENTED_EDGE('',*,*,#4093,.F.);
#5637=ORIENTED_EDGE('',*,*,#4096,.F.);
#5638=ORIENTED_EDGE('',*,*,#4099,.F.);
#5639=ORIENTED_EDGE('',*,*,#4102,.F.);
#5640=ORIENTED_EDGE('',*,*,#4105,.F.);
#5641=ORIENTED_EDGE('',*,*,#4108,.F.);
#5642=ORIENTED_EDGE('',*,*,#4111,.F.);
#5643=ORIENTED_EDGE('',*,*,#4114,.F.);
#5644=ORIENTED_EDGE('',*,*,#4117,.F.);
#5645=ORIENTED_EDGE('',*,*,#4120,.F.);
#5646=ORIENTED_EDGE('',*,*,#4123,.F.);
#5647=ORIENTED_EDGE('',*,*,#4126,.F.);
#5648=ORIENTED_EDGE('',*,*,#4129,.F.);
#5649=ORIENTED_EDGE('',*,*,#4132,.F.);
#5650=ORIENTED_EDGE('',*,*,#4135,.F.);
#5651=ORIENTED_EDGE('',*,*,#4138,.F.);
#5652=ORIENTED_EDGE('',*,*,#4141,.F.);
#5653=ORIENTED_EDGE('',*,*,#4062,.F.);
#5654=ORIENTED_EDGE('',*,*,#4038,.F.);
#5655=ORIENTED_EDGE('',*,*,#4042,.F.);
#5656=ORIENTED_EDGE('',*,*,#4045,.F.);
#5657=ORIENTED_EDGE('',*,*,#4048,.F.);
#5658=ORIENTED_EDGE('',*,*,#4051,.F.);
#5659=ORIENTED_EDGE('',*,*,#4054,.F.);
#5660=ORIENTED_EDGE('',*,*,#4057,.F.);
#5661=ORIENTED_EDGE('',*,*,#4060,.F.);
#5662=ORIENTED_EDGE('',*,*,#4144,.F.);
#5663=ORIENTED_EDGE('',*,*,#4145,.T.);
#5664=ORIENTED_EDGE('',*,*,#4146,.T.);
#5665=ORIENTED_EDGE('',*,*,#4147,.F.);
#5666=ORIENTED_EDGE('',*,*,#4148,.F.);
#5667=ORIENTED_EDGE('',*,*,#4149,.T.);
#5668=ORIENTED_EDGE('',*,*,#4150,.T.);
#5669=ORIENTED_EDGE('',*,*,#4145,.F.);
#5670=ORIENTED_EDGE('',*,*,#4151,.F.);
#5671=ORIENTED_EDGE('',*,*,#4152,.T.);
#5672=ORIENTED_EDGE('',*,*,#4153,.T.);
#5673=ORIENTED_EDGE('',*,*,#4149,.F.);
#5674=ORIENTED_EDGE('',*,*,#4154,.F.);
#5675=ORIENTED_EDGE('',*,*,#4147,.T.);
#5676=ORIENTED_EDGE('',*,*,#4155,.T.);
#5677=ORIENTED_EDGE('',*,*,#4152,.F.);
#5678=ORIENTED_EDGE('',*,*,#4155,.F.);
#5679=ORIENTED_EDGE('',*,*,#4146,.F.);
#5680=ORIENTED_EDGE('',*,*,#4150,.F.);
#5681=ORIENTED_EDGE('',*,*,#4153,.F.);
#5682=ORIENTED_EDGE('',*,*,#4156,.F.);
#5683=ORIENTED_EDGE('',*,*,#4157,.T.);
#5684=ORIENTED_EDGE('',*,*,#4158,.T.);
#5685=ORIENTED_EDGE('',*,*,#4159,.F.);
#5686=ORIENTED_EDGE('',*,*,#4160,.F.);
#5687=ORIENTED_EDGE('',*,*,#4161,.T.);
#5688=ORIENTED_EDGE('',*,*,#4162,.T.);
#5689=ORIENTED_EDGE('',*,*,#4157,.F.);
#5690=ORIENTED_EDGE('',*,*,#4163,.F.);
#5691=ORIENTED_EDGE('',*,*,#4164,.T.);
#5692=ORIENTED_EDGE('',*,*,#4165,.T.);
#5693=ORIENTED_EDGE('',*,*,#4161,.F.);
#5694=ORIENTED_EDGE('',*,*,#4166,.F.);
#5695=ORIENTED_EDGE('',*,*,#4167,.T.);
#5696=ORIENTED_EDGE('',*,*,#4168,.T.);
#5697=ORIENTED_EDGE('',*,*,#4164,.F.);
#5698=ORIENTED_EDGE('',*,*,#4169,.F.);
#5699=ORIENTED_EDGE('',*,*,#4170,.T.);
#5700=ORIENTED_EDGE('',*,*,#4171,.T.);
#5701=ORIENTED_EDGE('',*,*,#4167,.F.);
#5702=ORIENTED_EDGE('',*,*,#4172,.F.);
#5703=ORIENTED_EDGE('',*,*,#4173,.T.);
#5704=ORIENTED_EDGE('',*,*,#4174,.T.);
#5705=ORIENTED_EDGE('',*,*,#4170,.F.);
#5706=ORIENTED_EDGE('',*,*,#4175,.F.);
#5707=ORIENTED_EDGE('',*,*,#4176,.T.);
#5708=ORIENTED_EDGE('',*,*,#4177,.T.);
#5709=ORIENTED_EDGE('',*,*,#4173,.F.);
#5710=ORIENTED_EDGE('',*,*,#4178,.F.);
#5711=ORIENTED_EDGE('',*,*,#4179,.T.);
#5712=ORIENTED_EDGE('',*,*,#4180,.T.);
#5713=ORIENTED_EDGE('',*,*,#4176,.F.);
#5714=ORIENTED_EDGE('',*,*,#4181,.F.);
#5715=ORIENTED_EDGE('',*,*,#4182,.T.);
#5716=ORIENTED_EDGE('',*,*,#4183,.T.);
#5717=ORIENTED_EDGE('',*,*,#4179,.F.);
#5718=ORIENTED_EDGE('',*,*,#4184,.F.);
#5719=ORIENTED_EDGE('',*,*,#4185,.T.);
#5720=ORIENTED_EDGE('',*,*,#4186,.T.);
#5721=ORIENTED_EDGE('',*,*,#4182,.F.);
#5722=ORIENTED_EDGE('',*,*,#4187,.F.);
#5723=ORIENTED_EDGE('',*,*,#4188,.T.);
#5724=ORIENTED_EDGE('',*,*,#4189,.T.);
#5725=ORIENTED_EDGE('',*,*,#4185,.F.);
#5726=ORIENTED_EDGE('',*,*,#4190,.F.);
#5727=ORIENTED_EDGE('',*,*,#4191,.T.);
#5728=ORIENTED_EDGE('',*,*,#4192,.T.);
#5729=ORIENTED_EDGE('',*,*,#4188,.F.);
#5730=ORIENTED_EDGE('',*,*,#4193,.F.);
#5731=ORIENTED_EDGE('',*,*,#4194,.T.);
#5732=ORIENTED_EDGE('',*,*,#4195,.T.);
#5733=ORIENTED_EDGE('',*,*,#4191,.F.);
#5734=ORIENTED_EDGE('',*,*,#4196,.F.);
#5735=ORIENTED_EDGE('',*,*,#4197,.T.);
#5736=ORIENTED_EDGE('',*,*,#4198,.T.);
#5737=ORIENTED_EDGE('',*,*,#4194,.F.);
#5738=ORIENTED_EDGE('',*,*,#4199,.F.);
#5739=ORIENTED_EDGE('',*,*,#4200,.T.);
#5740=ORIENTED_EDGE('',*,*,#4201,.T.);
#5741=ORIENTED_EDGE('',*,*,#4197,.F.);
#5742=ORIENTED_EDGE('',*,*,#4202,.F.);
#5743=ORIENTED_EDGE('',*,*,#4203,.T.);
#5744=ORIENTED_EDGE('',*,*,#4204,.T.);
#5745=ORIENTED_EDGE('',*,*,#4200,.F.);
#5746=ORIENTED_EDGE('',*,*,#4205,.F.);
#5747=ORIENTED_EDGE('',*,*,#4206,.T.);
#5748=ORIENTED_EDGE('',*,*,#4207,.T.);
#5749=ORIENTED_EDGE('',*,*,#4203,.F.);
#5750=ORIENTED_EDGE('',*,*,#4208,.F.);
#5751=ORIENTED_EDGE('',*,*,#4209,.T.);
#5752=ORIENTED_EDGE('',*,*,#4210,.T.);
#5753=ORIENTED_EDGE('',*,*,#4206,.F.);
#5754=ORIENTED_EDGE('',*,*,#4211,.F.);
#5755=ORIENTED_EDGE('',*,*,#4212,.T.);
#5756=ORIENTED_EDGE('',*,*,#4213,.T.);
#5757=ORIENTED_EDGE('',*,*,#4209,.F.);
#5758=ORIENTED_EDGE('',*,*,#4214,.F.);
#5759=ORIENTED_EDGE('',*,*,#4215,.T.);
#5760=ORIENTED_EDGE('',*,*,#4216,.T.);
#5761=ORIENTED_EDGE('',*,*,#4212,.F.);
#5762=ORIENTED_EDGE('',*,*,#4217,.F.);
#5763=ORIENTED_EDGE('',*,*,#4218,.T.);
#5764=ORIENTED_EDGE('',*,*,#4219,.T.);
#5765=ORIENTED_EDGE('',*,*,#4215,.F.);
#5766=ORIENTED_EDGE('',*,*,#4220,.F.);
#5767=ORIENTED_EDGE('',*,*,#4221,.T.);
#5768=ORIENTED_EDGE('',*,*,#4222,.T.);
#5769=ORIENTED_EDGE('',*,*,#4218,.F.);
#5770=ORIENTED_EDGE('',*,*,#4223,.F.);
#5771=ORIENTED_EDGE('',*,*,#4224,.T.);
#5772=ORIENTED_EDGE('',*,*,#4225,.T.);
#5773=ORIENTED_EDGE('',*,*,#4221,.F.);
#5774=ORIENTED_EDGE('',*,*,#4226,.F.);
#5775=ORIENTED_EDGE('',*,*,#4227,.T.);
#5776=ORIENTED_EDGE('',*,*,#4228,.T.);
#5777=ORIENTED_EDGE('',*,*,#4224,.F.);
#5778=ORIENTED_EDGE('',*,*,#4229,.F.);
#5779=ORIENTED_EDGE('',*,*,#4230,.T.);
#5780=ORIENTED_EDGE('',*,*,#4231,.T.);
#5781=ORIENTED_EDGE('',*,*,#4227,.F.);
#5782=ORIENTED_EDGE('',*,*,#4232,.F.);
#5783=ORIENTED_EDGE('',*,*,#4233,.T.);
#5784=ORIENTED_EDGE('',*,*,#4234,.T.);
#5785=ORIENTED_EDGE('',*,*,#4230,.F.);
#5786=ORIENTED_EDGE('',*,*,#4235,.F.);
#5787=ORIENTED_EDGE('',*,*,#4236,.T.);
#5788=ORIENTED_EDGE('',*,*,#4237,.T.);
#5789=ORIENTED_EDGE('',*,*,#4233,.F.);
#5790=ORIENTED_EDGE('',*,*,#4238,.F.);
#5791=ORIENTED_EDGE('',*,*,#4159,.T.);
#5792=ORIENTED_EDGE('',*,*,#4239,.T.);
#5793=ORIENTED_EDGE('',*,*,#4236,.F.);
#5794=ORIENTED_EDGE('',*,*,#4239,.F.);
#5795=ORIENTED_EDGE('',*,*,#4158,.F.);
#5796=ORIENTED_EDGE('',*,*,#4162,.F.);
#5797=ORIENTED_EDGE('',*,*,#4165,.F.);
#5798=ORIENTED_EDGE('',*,*,#4168,.F.);
#5799=ORIENTED_EDGE('',*,*,#4171,.F.);
#5800=ORIENTED_EDGE('',*,*,#4174,.F.);
#5801=ORIENTED_EDGE('',*,*,#4177,.F.);
#5802=ORIENTED_EDGE('',*,*,#4180,.F.);
#5803=ORIENTED_EDGE('',*,*,#4183,.F.);
#5804=ORIENTED_EDGE('',*,*,#4186,.F.);
#5805=ORIENTED_EDGE('',*,*,#4189,.F.);
#5806=ORIENTED_EDGE('',*,*,#4192,.F.);
#5807=ORIENTED_EDGE('',*,*,#4195,.F.);
#5808=ORIENTED_EDGE('',*,*,#4198,.F.);
#5809=ORIENTED_EDGE('',*,*,#4201,.F.);
#5810=ORIENTED_EDGE('',*,*,#4204,.F.);
#5811=ORIENTED_EDGE('',*,*,#4207,.F.);
#5812=ORIENTED_EDGE('',*,*,#4210,.F.);
#5813=ORIENTED_EDGE('',*,*,#4213,.F.);
#5814=ORIENTED_EDGE('',*,*,#4216,.F.);
#5815=ORIENTED_EDGE('',*,*,#4219,.F.);
#5816=ORIENTED_EDGE('',*,*,#4222,.F.);
#5817=ORIENTED_EDGE('',*,*,#4225,.F.);
#5818=ORIENTED_EDGE('',*,*,#4228,.F.);
#5819=ORIENTED_EDGE('',*,*,#4231,.F.);
#5820=ORIENTED_EDGE('',*,*,#4234,.F.);
#5821=ORIENTED_EDGE('',*,*,#4237,.F.);
#5822=ORIENTED_EDGE('',*,*,#4240,.F.);
#5823=ORIENTED_EDGE('',*,*,#4241,.T.);
#5824=ORIENTED_EDGE('',*,*,#4242,.T.);
#5825=ORIENTED_EDGE('',*,*,#4243,.F.);
#5826=ORIENTED_EDGE('',*,*,#4244,.F.);
#5827=ORIENTED_EDGE('',*,*,#4245,.T.);
#5828=ORIENTED_EDGE('',*,*,#4246,.T.);
#5829=ORIENTED_EDGE('',*,*,#4241,.F.);
#5830=ORIENTED_EDGE('',*,*,#4247,.F.);
#5831=ORIENTED_EDGE('',*,*,#4248,.T.);
#5832=ORIENTED_EDGE('',*,*,#4249,.T.);
#5833=ORIENTED_EDGE('',*,*,#4245,.F.);
#5834=ORIENTED_EDGE('',*,*,#4250,.F.);
#5835=ORIENTED_EDGE('',*,*,#4251,.T.);
#5836=ORIENTED_EDGE('',*,*,#4252,.T.);
#5837=ORIENTED_EDGE('',*,*,#4248,.F.);
#5838=ORIENTED_EDGE('',*,*,#4253,.F.);
#5839=ORIENTED_EDGE('',*,*,#4243,.T.);
#5840=ORIENTED_EDGE('',*,*,#4254,.T.);
#5841=ORIENTED_EDGE('',*,*,#4251,.F.);
#5842=ORIENTED_EDGE('',*,*,#4255,.F.);
#5843=ORIENTED_EDGE('',*,*,#4256,.T.);
#5844=ORIENTED_EDGE('',*,*,#4257,.T.);
#5845=ORIENTED_EDGE('',*,*,#4258,.F.);
#5846=ORIENTED_EDGE('',*,*,#4259,.F.);
#5847=ORIENTED_EDGE('',*,*,#4260,.T.);
#5848=ORIENTED_EDGE('',*,*,#4261,.T.);
#5849=ORIENTED_EDGE('',*,*,#4256,.F.);
#5850=ORIENTED_EDGE('',*,*,#4262,.F.);
#5851=ORIENTED_EDGE('',*,*,#4263,.T.);
#5852=ORIENTED_EDGE('',*,*,#4264,.T.);
#5853=ORIENTED_EDGE('',*,*,#4260,.F.);
#5854=ORIENTED_EDGE('',*,*,#4265,.F.);
#5855=ORIENTED_EDGE('',*,*,#4266,.T.);
#5856=ORIENTED_EDGE('',*,*,#4267,.T.);
#5857=ORIENTED_EDGE('',*,*,#4263,.F.);
#5858=ORIENTED_EDGE('',*,*,#4268,.F.);
#5859=ORIENTED_EDGE('',*,*,#4269,.T.);
#5860=ORIENTED_EDGE('',*,*,#4270,.T.);
#5861=ORIENTED_EDGE('',*,*,#4266,.F.);
#5862=ORIENTED_EDGE('',*,*,#4271,.F.);
#5863=ORIENTED_EDGE('',*,*,#4272,.T.);
#5864=ORIENTED_EDGE('',*,*,#4273,.T.);
#5865=ORIENTED_EDGE('',*,*,#4269,.F.);
#5866=ORIENTED_EDGE('',*,*,#4274,.F.);
#5867=ORIENTED_EDGE('',*,*,#4275,.T.);
#5868=ORIENTED_EDGE('',*,*,#4276,.T.);
#5869=ORIENTED_EDGE('',*,*,#4272,.F.);
#5870=ORIENTED_EDGE('',*,*,#4277,.F.);
#5871=ORIENTED_EDGE('',*,*,#4278,.T.);
#5872=ORIENTED_EDGE('',*,*,#4279,.T.);
#5873=ORIENTED_EDGE('',*,*,#4275,.F.);
#5874=ORIENTED_EDGE('',*,*,#4280,.F.);
#5875=ORIENTED_EDGE('',*,*,#4281,.T.);
#5876=ORIENTED_EDGE('',*,*,#4282,.T.);
#5877=ORIENTED_EDGE('',*,*,#4278,.F.);
#5878=ORIENTED_EDGE('',*,*,#4283,.F.);
#5879=ORIENTED_EDGE('',*,*,#4284,.T.);
#5880=ORIENTED_EDGE('',*,*,#4285,.T.);
#5881=ORIENTED_EDGE('',*,*,#4281,.F.);
#5882=ORIENTED_EDGE('',*,*,#4286,.F.);
#5883=ORIENTED_EDGE('',*,*,#4287,.T.);
#5884=ORIENTED_EDGE('',*,*,#4288,.T.);
#5885=ORIENTED_EDGE('',*,*,#4284,.F.);
#5886=ORIENTED_EDGE('',*,*,#4289,.F.);
#5887=ORIENTED_EDGE('',*,*,#4290,.T.);
#5888=ORIENTED_EDGE('',*,*,#4291,.T.);
#5889=ORIENTED_EDGE('',*,*,#4287,.F.);
#5890=ORIENTED_EDGE('',*,*,#4292,.F.);
#5891=ORIENTED_EDGE('',*,*,#4293,.T.);
#5892=ORIENTED_EDGE('',*,*,#4294,.T.);
#5893=ORIENTED_EDGE('',*,*,#4290,.F.);
#5894=ORIENTED_EDGE('',*,*,#4295,.F.);
#5895=ORIENTED_EDGE('',*,*,#4296,.T.);
#5896=ORIENTED_EDGE('',*,*,#4297,.T.);
#5897=ORIENTED_EDGE('',*,*,#4293,.F.);
#5898=ORIENTED_EDGE('',*,*,#4298,.F.);
#5899=ORIENTED_EDGE('',*,*,#4299,.T.);
#5900=ORIENTED_EDGE('',*,*,#4300,.T.);
#5901=ORIENTED_EDGE('',*,*,#4296,.F.);
#5902=ORIENTED_EDGE('',*,*,#4301,.F.);
#5903=ORIENTED_EDGE('',*,*,#4302,.T.);
#5904=ORIENTED_EDGE('',*,*,#4303,.T.);
#5905=ORIENTED_EDGE('',*,*,#4299,.F.);
#5906=ORIENTED_EDGE('',*,*,#4304,.F.);
#5907=ORIENTED_EDGE('',*,*,#4258,.T.);
#5908=ORIENTED_EDGE('',*,*,#4305,.T.);
#5909=ORIENTED_EDGE('',*,*,#4302,.F.);
#5910=ORIENTED_EDGE('',*,*,#4305,.F.);
#5911=ORIENTED_EDGE('',*,*,#4257,.F.);
#5912=ORIENTED_EDGE('',*,*,#4261,.F.);
#5913=ORIENTED_EDGE('',*,*,#4264,.F.);
#5914=ORIENTED_EDGE('',*,*,#4267,.F.);
#5915=ORIENTED_EDGE('',*,*,#4270,.F.);
#5916=ORIENTED_EDGE('',*,*,#4273,.F.);
#5917=ORIENTED_EDGE('',*,*,#4276,.F.);
#5918=ORIENTED_EDGE('',*,*,#4279,.F.);
#5919=ORIENTED_EDGE('',*,*,#4282,.F.);
#5920=ORIENTED_EDGE('',*,*,#4285,.F.);
#5921=ORIENTED_EDGE('',*,*,#4288,.F.);
#5922=ORIENTED_EDGE('',*,*,#4291,.F.);
#5923=ORIENTED_EDGE('',*,*,#4294,.F.);
#5924=ORIENTED_EDGE('',*,*,#4297,.F.);
#5925=ORIENTED_EDGE('',*,*,#4300,.F.);
#5926=ORIENTED_EDGE('',*,*,#4303,.F.);
#5927=ORIENTED_EDGE('',*,*,#4254,.F.);
#5928=ORIENTED_EDGE('',*,*,#4242,.F.);
#5929=ORIENTED_EDGE('',*,*,#4246,.F.);
#5930=ORIENTED_EDGE('',*,*,#4249,.F.);
#5931=ORIENTED_EDGE('',*,*,#4252,.F.);
#5932=ORIENTED_EDGE('',*,*,#4306,.F.);
#5933=ORIENTED_EDGE('',*,*,#4307,.T.);
#5934=ORIENTED_EDGE('',*,*,#4308,.T.);
#5935=ORIENTED_EDGE('',*,*,#4309,.F.);
#5936=ORIENTED_EDGE('',*,*,#4310,.F.);
#5937=ORIENTED_EDGE('',*,*,#4311,.T.);
#5938=ORIENTED_EDGE('',*,*,#4312,.T.);
#5939=ORIENTED_EDGE('',*,*,#4307,.F.);
#5940=ORIENTED_EDGE('',*,*,#4313,.F.);
#5941=ORIENTED_EDGE('',*,*,#4314,.T.);
#5942=ORIENTED_EDGE('',*,*,#4315,.T.);
#5943=ORIENTED_EDGE('',*,*,#4311,.F.);
#5944=ORIENTED_EDGE('',*,*,#4316,.F.);
#5945=ORIENTED_EDGE('',*,*,#4317,.T.);
#5946=ORIENTED_EDGE('',*,*,#4318,.T.);
#5947=ORIENTED_EDGE('',*,*,#4314,.F.);
#5948=ORIENTED_EDGE('',*,*,#4319,.F.);
#5949=ORIENTED_EDGE('',*,*,#4320,.T.);
#5950=ORIENTED_EDGE('',*,*,#4321,.T.);
#5951=ORIENTED_EDGE('',*,*,#4317,.F.);
#5952=ORIENTED_EDGE('',*,*,#4322,.F.);
#5953=ORIENTED_EDGE('',*,*,#4323,.T.);
#5954=ORIENTED_EDGE('',*,*,#4324,.T.);
#5955=ORIENTED_EDGE('',*,*,#4320,.F.);
#5956=ORIENTED_EDGE('',*,*,#4325,.F.);
#5957=ORIENTED_EDGE('',*,*,#4326,.T.);
#5958=ORIENTED_EDGE('',*,*,#4327,.T.);
#5959=ORIENTED_EDGE('',*,*,#4323,.F.);
#5960=ORIENTED_EDGE('',*,*,#4328,.F.);
#5961=ORIENTED_EDGE('',*,*,#4309,.T.);
#5962=ORIENTED_EDGE('',*,*,#4329,.T.);
#5963=ORIENTED_EDGE('',*,*,#4326,.F.);
#5964=ORIENTED_EDGE('',*,*,#4329,.F.);
#5965=ORIENTED_EDGE('',*,*,#4308,.F.);
#5966=ORIENTED_EDGE('',*,*,#4312,.F.);
#5967=ORIENTED_EDGE('',*,*,#4315,.F.);
#5968=ORIENTED_EDGE('',*,*,#4318,.F.);
#5969=ORIENTED_EDGE('',*,*,#4321,.F.);
#5970=ORIENTED_EDGE('',*,*,#4324,.F.);
#5971=ORIENTED_EDGE('',*,*,#4327,.F.);
#5972=ORIENTED_EDGE('',*,*,#4240,.T.);
#5973=ORIENTED_EDGE('',*,*,#4253,.T.);
#5974=ORIENTED_EDGE('',*,*,#4250,.T.);
#5975=ORIENTED_EDGE('',*,*,#4247,.T.);
#5976=ORIENTED_EDGE('',*,*,#4244,.T.);
#5977=ORIENTED_EDGE('',*,*,#4036,.T.);
#5978=ORIENTED_EDGE('',*,*,#4061,.T.);
#5979=ORIENTED_EDGE('',*,*,#4058,.T.);
#5980=ORIENTED_EDGE('',*,*,#4055,.T.);
#5981=ORIENTED_EDGE('',*,*,#4052,.T.);
#5982=ORIENTED_EDGE('',*,*,#4049,.T.);
#5983=ORIENTED_EDGE('',*,*,#4046,.T.);
#5984=ORIENTED_EDGE('',*,*,#4043,.T.);
#5985=ORIENTED_EDGE('',*,*,#4040,.T.);
#5986=ORIENTED_EDGE('',*,*,#3973,.T.);
#5987=ORIENTED_EDGE('',*,*,#3995,.T.);
#5988=ORIENTED_EDGE('',*,*,#3992,.T.);
#5989=ORIENTED_EDGE('',*,*,#3989,.T.);
#5990=ORIENTED_EDGE('',*,*,#3986,.T.);
#5991=ORIENTED_EDGE('',*,*,#3983,.T.);
#5992=ORIENTED_EDGE('',*,*,#3980,.T.);
#5993=ORIENTED_EDGE('',*,*,#3977,.T.);
#5994=ORIENTED_EDGE('',*,*,#3889,.T.);
#5995=ORIENTED_EDGE('',*,*,#3911,.T.);
#5996=ORIENTED_EDGE('',*,*,#3908,.T.);
#5997=ORIENTED_EDGE('',*,*,#3905,.T.);
#5998=ORIENTED_EDGE('',*,*,#3902,.T.);
#5999=ORIENTED_EDGE('',*,*,#3899,.T.);
#6000=ORIENTED_EDGE('',*,*,#3896,.T.);
#6001=ORIENTED_EDGE('',*,*,#3893,.T.);
#6002=ORIENTED_EDGE('',*,*,#3826,.T.);
#6003=ORIENTED_EDGE('',*,*,#3848,.T.);
#6004=ORIENTED_EDGE('',*,*,#3845,.T.);
#6005=ORIENTED_EDGE('',*,*,#3842,.T.);
#6006=ORIENTED_EDGE('',*,*,#3839,.T.);
#6007=ORIENTED_EDGE('',*,*,#3836,.T.);
#6008=ORIENTED_EDGE('',*,*,#3833,.T.);
#6009=ORIENTED_EDGE('',*,*,#3830,.T.);
#6010=ORIENTED_EDGE('',*,*,#3760,.T.);
#6011=ORIENTED_EDGE('',*,*,#3773,.T.);
#6012=ORIENTED_EDGE('',*,*,#3770,.T.);
#6013=ORIENTED_EDGE('',*,*,#3767,.T.);
#6014=ORIENTED_EDGE('',*,*,#3764,.T.);
#6015=ORIENTED_EDGE('',*,*,#3646,.T.);
#6016=ORIENTED_EDGE('',*,*,#3659,.T.);
#6017=ORIENTED_EDGE('',*,*,#3656,.T.);
#6018=ORIENTED_EDGE('',*,*,#3653,.T.);
#6019=ORIENTED_EDGE('',*,*,#3650,.T.);
#6020=ORIENTED_EDGE('',*,*,#3562,.T.);
#6021=ORIENTED_EDGE('',*,*,#3581,.T.);
#6022=ORIENTED_EDGE('',*,*,#3578,.T.);
#6023=ORIENTED_EDGE('',*,*,#3575,.T.);
#6024=ORIENTED_EDGE('',*,*,#3572,.T.);
#6025=ORIENTED_EDGE('',*,*,#3569,.T.);
#6026=ORIENTED_EDGE('',*,*,#3566,.T.);
#6027=ORIENTED_EDGE('',*,*,#3454,.T.);
#6028=ORIENTED_EDGE('',*,*,#3479,.T.);
#6029=ORIENTED_EDGE('',*,*,#3476,.T.);
#6030=ORIENTED_EDGE('',*,*,#3473,.T.);
#6031=ORIENTED_EDGE('',*,*,#3470,.T.);
#6032=ORIENTED_EDGE('',*,*,#3467,.T.);
#6033=ORIENTED_EDGE('',*,*,#3464,.T.);
#6034=ORIENTED_EDGE('',*,*,#3461,.T.);
#6035=ORIENTED_EDGE('',*,*,#3458,.T.);
#6036=ORIENTED_EDGE('',*,*,#4330,.T.);
#6037=ORIENTED_EDGE('',*,*,#4331,.T.);
#6038=ORIENTED_EDGE('',*,*,#4332,.T.);
#6039=ORIENTED_EDGE('',*,*,#4333,.T.);
#6040=ORIENTED_EDGE('',*,*,#4331,.F.);
#6041=ORIENTED_EDGE('',*,*,#4334,.F.);
#6042=ORIENTED_EDGE('',*,*,#4335,.F.);
#6043=ORIENTED_EDGE('',*,*,#4336,.F.);
#6044=ORIENTED_EDGE('',*,*,#4330,.F.);
#6045=ORIENTED_EDGE('',*,*,#4337,.T.);
#6046=ORIENTED_EDGE('',*,*,#4338,.F.);
#6047=ORIENTED_EDGE('',*,*,#4339,.T.);
#6048=ORIENTED_EDGE('',*,*,#4340,.F.);
#6049=ORIENTED_EDGE('',*,*,#4341,.T.);
#6050=ORIENTED_EDGE('',*,*,#4342,.F.);
#6051=ORIENTED_EDGE('',*,*,#4334,.T.);
#6052=ORIENTED_EDGE('',*,*,#3369,.T.);
#6053=ORIENTED_EDGE('',*,*,#3364,.T.);
#6054=ORIENTED_EDGE('',*,*,#4342,.T.);
#6055=ORIENTED_EDGE('',*,*,#4343,.T.);
#6056=ORIENTED_EDGE('',*,*,#4344,.T.);
#6057=ORIENTED_EDGE('',*,*,#4335,.T.);
#6058=ORIENTED_EDGE('',*,*,#4343,.F.);
#6059=ORIENTED_EDGE('',*,*,#4341,.F.);
#6060=ORIENTED_EDGE('',*,*,#4345,.F.);
#6061=ORIENTED_EDGE('',*,*,#4346,.F.);
#6062=ORIENTED_EDGE('',*,*,#4338,.T.);
#6063=ORIENTED_EDGE('',*,*,#4347,.T.);
#6064=ORIENTED_EDGE('',*,*,#4348,.T.);
#6065=ORIENTED_EDGE('',*,*,#4349,.T.);
#6066=ORIENTED_EDGE('',*,*,#4333,.F.);
#6067=ORIENTED_EDGE('',*,*,#4350,.F.);
#6068=ORIENTED_EDGE('',*,*,#4347,.F.);
#6069=ORIENTED_EDGE('',*,*,#4337,.F.);
#6070=ORIENTED_EDGE('',*,*,#4340,.T.);
#6071=ORIENTED_EDGE('',*,*,#4351,.T.);
#6072=ORIENTED_EDGE('',*,*,#4352,.T.);
#6073=ORIENTED_EDGE('',*,*,#4345,.T.);
#6074=ORIENTED_EDGE('',*,*,#4349,.F.);
#6075=ORIENTED_EDGE('',*,*,#4353,.F.);
#6076=ORIENTED_EDGE('',*,*,#4351,.F.);
#6077=ORIENTED_EDGE('',*,*,#4339,.F.);
#6078=ORIENTED_EDGE('',*,*,#4332,.F.);
#6079=ORIENTED_EDGE('',*,*,#4336,.T.);
#6080=ORIENTED_EDGE('',*,*,#4344,.F.);
#6081=ORIENTED_EDGE('',*,*,#4346,.T.);
#6082=ORIENTED_EDGE('',*,*,#4352,.F.);
#6083=ORIENTED_EDGE('',*,*,#4353,.T.);
#6084=ORIENTED_EDGE('',*,*,#4348,.F.);
#6085=ORIENTED_EDGE('',*,*,#4350,.T.);
#6086=ORIENTED_EDGE('',*,*,#4306,.T.);
#6087=ORIENTED_EDGE('',*,*,#4328,.T.);
#6088=ORIENTED_EDGE('',*,*,#4325,.T.);
#6089=ORIENTED_EDGE('',*,*,#4322,.T.);
#6090=ORIENTED_EDGE('',*,*,#4319,.T.);
#6091=ORIENTED_EDGE('',*,*,#4316,.T.);
#6092=ORIENTED_EDGE('',*,*,#4313,.T.);
#6093=ORIENTED_EDGE('',*,*,#4310,.T.);
#6094=ORIENTED_EDGE('',*,*,#4255,.T.);
#6095=ORIENTED_EDGE('',*,*,#4304,.T.);
#6096=ORIENTED_EDGE('',*,*,#4301,.T.);
#6097=ORIENTED_EDGE('',*,*,#4298,.T.);
#6098=ORIENTED_EDGE('',*,*,#4295,.T.);
#6099=ORIENTED_EDGE('',*,*,#4292,.T.);
#6100=ORIENTED_EDGE('',*,*,#4289,.T.);
#6101=ORIENTED_EDGE('',*,*,#4286,.T.);
#6102=ORIENTED_EDGE('',*,*,#4283,.T.);
#6103=ORIENTED_EDGE('',*,*,#4280,.T.);
#6104=ORIENTED_EDGE('',*,*,#4277,.T.);
#6105=ORIENTED_EDGE('',*,*,#4274,.T.);
#6106=ORIENTED_EDGE('',*,*,#4271,.T.);
#6107=ORIENTED_EDGE('',*,*,#4268,.T.);
#6108=ORIENTED_EDGE('',*,*,#4265,.T.);
#6109=ORIENTED_EDGE('',*,*,#4262,.T.);
#6110=ORIENTED_EDGE('',*,*,#4259,.T.);
#6111=ORIENTED_EDGE('',*,*,#4156,.T.);
#6112=ORIENTED_EDGE('',*,*,#4238,.T.);
#6113=ORIENTED_EDGE('',*,*,#4235,.T.);
#6114=ORIENTED_EDGE('',*,*,#4232,.T.);
#6115=ORIENTED_EDGE('',*,*,#4229,.T.);
#6116=ORIENTED_EDGE('',*,*,#4226,.T.);
#6117=ORIENTED_EDGE('',*,*,#4223,.T.);
#6118=ORIENTED_EDGE('',*,*,#4220,.T.);
#6119=ORIENTED_EDGE('',*,*,#4217,.T.);
#6120=ORIENTED_EDGE('',*,*,#4214,.T.);
#6121=ORIENTED_EDGE('',*,*,#4211,.T.);
#6122=ORIENTED_EDGE('',*,*,#4208,.T.);
#6123=ORIENTED_EDGE('',*,*,#4205,.T.);
#6124=ORIENTED_EDGE('',*,*,#4202,.T.);
#6125=ORIENTED_EDGE('',*,*,#4199,.T.);
#6126=ORIENTED_EDGE('',*,*,#4196,.T.);
#6127=ORIENTED_EDGE('',*,*,#4193,.T.);
#6128=ORIENTED_EDGE('',*,*,#4190,.T.);
#6129=ORIENTED_EDGE('',*,*,#4187,.T.);
#6130=ORIENTED_EDGE('',*,*,#4184,.T.);
#6131=ORIENTED_EDGE('',*,*,#4181,.T.);
#6132=ORIENTED_EDGE('',*,*,#4178,.T.);
#6133=ORIENTED_EDGE('',*,*,#4175,.T.);
#6134=ORIENTED_EDGE('',*,*,#4172,.T.);
#6135=ORIENTED_EDGE('',*,*,#4169,.T.);
#6136=ORIENTED_EDGE('',*,*,#4166,.T.);
#6137=ORIENTED_EDGE('',*,*,#4163,.T.);
#6138=ORIENTED_EDGE('',*,*,#4160,.T.);
#6139=ORIENTED_EDGE('',*,*,#4144,.T.);
#6140=ORIENTED_EDGE('',*,*,#4154,.T.);
#6141=ORIENTED_EDGE('',*,*,#4151,.T.);
#6142=ORIENTED_EDGE('',*,*,#4148,.T.);
#6143=ORIENTED_EDGE('',*,*,#4063,.T.);
#6144=ORIENTED_EDGE('',*,*,#4142,.T.);
#6145=ORIENTED_EDGE('',*,*,#4139,.T.);
#6146=ORIENTED_EDGE('',*,*,#4136,.T.);
#6147=ORIENTED_EDGE('',*,*,#4133,.T.);
#6148=ORIENTED_EDGE('',*,*,#4130,.T.);
#6149=ORIENTED_EDGE('',*,*,#4127,.T.);
#6150=ORIENTED_EDGE('',*,*,#4124,.T.);
#6151=ORIENTED_EDGE('',*,*,#4121,.T.);
#6152=ORIENTED_EDGE('',*,*,#4118,.T.);
#6153=ORIENTED_EDGE('',*,*,#4115,.T.);
#6154=ORIENTED_EDGE('',*,*,#4112,.T.);
#6155=ORIENTED_EDGE('',*,*,#4109,.T.);
#6156=ORIENTED_EDGE('',*,*,#4106,.T.);
#6157=ORIENTED_EDGE('',*,*,#4103,.T.);
#6158=ORIENTED_EDGE('',*,*,#4100,.T.);
#6159=ORIENTED_EDGE('',*,*,#4097,.T.);
#6160=ORIENTED_EDGE('',*,*,#4094,.T.);
#6161=ORIENTED_EDGE('',*,*,#4091,.T.);
#6162=ORIENTED_EDGE('',*,*,#4088,.T.);
#6163=ORIENTED_EDGE('',*,*,#4085,.T.);
#6164=ORIENTED_EDGE('',*,*,#4082,.T.);
#6165=ORIENTED_EDGE('',*,*,#4079,.T.);
#6166=ORIENTED_EDGE('',*,*,#4076,.T.);
#6167=ORIENTED_EDGE('',*,*,#4073,.T.);
#6168=ORIENTED_EDGE('',*,*,#4070,.T.);
#6169=ORIENTED_EDGE('',*,*,#4067,.T.);
#6170=ORIENTED_EDGE('',*,*,#3997,.T.);
#6171=ORIENTED_EDGE('',*,*,#4034,.T.);
#6172=ORIENTED_EDGE('',*,*,#4031,.T.);
#6173=ORIENTED_EDGE('',*,*,#4028,.T.);
#6174=ORIENTED_EDGE('',*,*,#4025,.T.);
#6175=ORIENTED_EDGE('',*,*,#4022,.T.);
#6176=ORIENTED_EDGE('',*,*,#4019,.T.);
#6177=ORIENTED_EDGE('',*,*,#4016,.T.);
#6178=ORIENTED_EDGE('',*,*,#4013,.T.);
#6179=ORIENTED_EDGE('',*,*,#4010,.T.);
#6180=ORIENTED_EDGE('',*,*,#4007,.T.);
#6181=ORIENTED_EDGE('',*,*,#4004,.T.);
#6182=ORIENTED_EDGE('',*,*,#4001,.T.);
#6183=ORIENTED_EDGE('',*,*,#3937,.T.);
#6184=ORIENTED_EDGE('',*,*,#3971,.T.);
#6185=ORIENTED_EDGE('',*,*,#3968,.T.);
#6186=ORIENTED_EDGE('',*,*,#3965,.T.);
#6187=ORIENTED_EDGE('',*,*,#3962,.T.);
#6188=ORIENTED_EDGE('',*,*,#3959,.T.);
#6189=ORIENTED_EDGE('',*,*,#3956,.T.);
#6190=ORIENTED_EDGE('',*,*,#3953,.T.);
#6191=ORIENTED_EDGE('',*,*,#3950,.T.);
#6192=ORIENTED_EDGE('',*,*,#3947,.T.);
#6193=ORIENTED_EDGE('',*,*,#3944,.T.);
#6194=ORIENTED_EDGE('',*,*,#3941,.T.);
#6195=ORIENTED_EDGE('',*,*,#3913,.T.);
#6196=ORIENTED_EDGE('',*,*,#3935,.T.);
#6197=ORIENTED_EDGE('',*,*,#3932,.T.);
#6198=ORIENTED_EDGE('',*,*,#3929,.T.);
#6199=ORIENTED_EDGE('',*,*,#3926,.T.);
#6200=ORIENTED_EDGE('',*,*,#3923,.T.);
#6201=ORIENTED_EDGE('',*,*,#3920,.T.);
#6202=ORIENTED_EDGE('',*,*,#3917,.T.);
#6203=ORIENTED_EDGE('',*,*,#3850,.T.);
#6204=ORIENTED_EDGE('',*,*,#3887,.T.);
#6205=ORIENTED_EDGE('',*,*,#3884,.T.);
#6206=ORIENTED_EDGE('',*,*,#3881,.T.);
#6207=ORIENTED_EDGE('',*,*,#3878,.T.);
#6208=ORIENTED_EDGE('',*,*,#3875,.T.);
#6209=ORIENTED_EDGE('',*,*,#3872,.T.);
#6210=ORIENTED_EDGE('',*,*,#3869,.T.);
#6211=ORIENTED_EDGE('',*,*,#3866,.T.);
#6212=ORIENTED_EDGE('',*,*,#3863,.T.);
#6213=ORIENTED_EDGE('',*,*,#3860,.T.);
#6214=ORIENTED_EDGE('',*,*,#3857,.T.);
#6215=ORIENTED_EDGE('',*,*,#3854,.T.);
#6216=ORIENTED_EDGE('',*,*,#3775,.T.);
#6217=ORIENTED_EDGE('',*,*,#3824,.T.);
#6218=ORIENTED_EDGE('',*,*,#3821,.T.);
#6219=ORIENTED_EDGE('',*,*,#3818,.T.);
#6220=ORIENTED_EDGE('',*,*,#3815,.T.);
#6221=ORIENTED_EDGE('',*,*,#3812,.T.);
#6222=ORIENTED_EDGE('',*,*,#3809,.T.);
#6223=ORIENTED_EDGE('',*,*,#3806,.T.);
#6224=ORIENTED_EDGE('',*,*,#3803,.T.);
#6225=ORIENTED_EDGE('',*,*,#3800,.T.);
#6226=ORIENTED_EDGE('',*,*,#3797,.T.);
#6227=ORIENTED_EDGE('',*,*,#3794,.T.);
#6228=ORIENTED_EDGE('',*,*,#3791,.T.);
#6229=ORIENTED_EDGE('',*,*,#3788,.T.);
#6230=ORIENTED_EDGE('',*,*,#3785,.T.);
#6231=ORIENTED_EDGE('',*,*,#3782,.T.);
#6232=ORIENTED_EDGE('',*,*,#3779,.T.);
#6233=ORIENTED_EDGE('',*,*,#3748,.T.);
#6234=ORIENTED_EDGE('',*,*,#3758,.T.);
#6235=ORIENTED_EDGE('',*,*,#3755,.T.);
#6236=ORIENTED_EDGE('',*,*,#3752,.T.);
#6237=ORIENTED_EDGE('',*,*,#3712,.T.);
#6238=ORIENTED_EDGE('',*,*,#3746,.T.);
#6239=ORIENTED_EDGE('',*,*,#3743,.T.);
#6240=ORIENTED_EDGE('',*,*,#3740,.T.);
#6241=ORIENTED_EDGE('',*,*,#3737,.T.);
#6242=ORIENTED_EDGE('',*,*,#3734,.T.);
#6243=ORIENTED_EDGE('',*,*,#3731,.T.);
#6244=ORIENTED_EDGE('',*,*,#3728,.T.);
#6245=ORIENTED_EDGE('',*,*,#3725,.T.);
#6246=ORIENTED_EDGE('',*,*,#3722,.T.);
#6247=ORIENTED_EDGE('',*,*,#3719,.T.);
#6248=ORIENTED_EDGE('',*,*,#3716,.T.);
#6249=ORIENTED_EDGE('',*,*,#3661,.T.);
#6250=ORIENTED_EDGE('',*,*,#3710,.T.);
#6251=ORIENTED_EDGE('',*,*,#3707,.T.);
#6252=ORIENTED_EDGE('',*,*,#3704,.T.);
#6253=ORIENTED_EDGE('',*,*,#3701,.T.);
#6254=ORIENTED_EDGE('',*,*,#3698,.T.);
#6255=ORIENTED_EDGE('',*,*,#3695,.T.);
#6256=ORIENTED_EDGE('',*,*,#3692,.T.);
#6257=ORIENTED_EDGE('',*,*,#3689,.T.);
#6258=ORIENTED_EDGE('',*,*,#3686,.T.);
#6259=ORIENTED_EDGE('',*,*,#3683,.T.);
#6260=ORIENTED_EDGE('',*,*,#3680,.T.);
#6261=ORIENTED_EDGE('',*,*,#3677,.T.);
#6262=ORIENTED_EDGE('',*,*,#3674,.T.);
#6263=ORIENTED_EDGE('',*,*,#3671,.T.);
#6264=ORIENTED_EDGE('',*,*,#3668,.T.);
#6265=ORIENTED_EDGE('',*,*,#3665,.T.);
#6266=ORIENTED_EDGE('',*,*,#3610,.T.);
#6267=ORIENTED_EDGE('',*,*,#3644,.T.);
#6268=ORIENTED_EDGE('',*,*,#3641,.T.);
#6269=ORIENTED_EDGE('',*,*,#3638,.T.);
#6270=ORIENTED_EDGE('',*,*,#3635,.T.);
#6271=ORIENTED_EDGE('',*,*,#3632,.T.);
#6272=ORIENTED_EDGE('',*,*,#3629,.T.);
#6273=ORIENTED_EDGE('',*,*,#3626,.T.);
#6274=ORIENTED_EDGE('',*,*,#3623,.T.);
#6275=ORIENTED_EDGE('',*,*,#3620,.T.);
#6276=ORIENTED_EDGE('',*,*,#3617,.T.);
#6277=ORIENTED_EDGE('',*,*,#3614,.T.);
#6278=ORIENTED_EDGE('',*,*,#3583,.T.);
#6279=ORIENTED_EDGE('',*,*,#3608,.T.);
#6280=ORIENTED_EDGE('',*,*,#3605,.T.);
#6281=ORIENTED_EDGE('',*,*,#3602,.T.);
#6282=ORIENTED_EDGE('',*,*,#3599,.T.);
#6283=ORIENTED_EDGE('',*,*,#3596,.T.);
#6284=ORIENTED_EDGE('',*,*,#3593,.T.);
#6285=ORIENTED_EDGE('',*,*,#3590,.T.);
#6286=ORIENTED_EDGE('',*,*,#3587,.T.);
#6287=ORIENTED_EDGE('',*,*,#3481,.T.);
#6288=ORIENTED_EDGE('',*,*,#3560,.T.);
#6289=ORIENTED_EDGE('',*,*,#3557,.T.);
#6290=ORIENTED_EDGE('',*,*,#3554,.T.);
#6291=ORIENTED_EDGE('',*,*,#3551,.T.);
#6292=ORIENTED_EDGE('',*,*,#3548,.T.);
#6293=ORIENTED_EDGE('',*,*,#3545,.T.);
#6294=ORIENTED_EDGE('',*,*,#3542,.T.);
#6295=ORIENTED_EDGE('',*,*,#3539,.T.);
#6296=ORIENTED_EDGE('',*,*,#3536,.T.);
#6297=ORIENTED_EDGE('',*,*,#3533,.T.);
#6298=ORIENTED_EDGE('',*,*,#3530,.T.);
#6299=ORIENTED_EDGE('',*,*,#3527,.T.);
#6300=ORIENTED_EDGE('',*,*,#3524,.T.);
#6301=ORIENTED_EDGE('',*,*,#3521,.T.);
#6302=ORIENTED_EDGE('',*,*,#3518,.T.);
#6303=ORIENTED_EDGE('',*,*,#3515,.T.);
#6304=ORIENTED_EDGE('',*,*,#3512,.T.);
#6305=ORIENTED_EDGE('',*,*,#3509,.T.);
#6306=ORIENTED_EDGE('',*,*,#3506,.T.);
#6307=ORIENTED_EDGE('',*,*,#3503,.T.);
#6308=ORIENTED_EDGE('',*,*,#3500,.T.);
#6309=ORIENTED_EDGE('',*,*,#3497,.T.);
#6310=ORIENTED_EDGE('',*,*,#3494,.T.);
#6311=ORIENTED_EDGE('',*,*,#3491,.T.);
#6312=ORIENTED_EDGE('',*,*,#3488,.T.);
#6313=ORIENTED_EDGE('',*,*,#3485,.T.);
#6314=ORIENTED_EDGE('',*,*,#3418,.T.);
#6315=ORIENTED_EDGE('',*,*,#3452,.T.);
#6316=ORIENTED_EDGE('',*,*,#3449,.T.);
#6317=ORIENTED_EDGE('',*,*,#3446,.T.);
#6318=ORIENTED_EDGE('',*,*,#3443,.T.);
#6319=ORIENTED_EDGE('',*,*,#3440,.T.);
#6320=ORIENTED_EDGE('',*,*,#3437,.T.);
#6321=ORIENTED_EDGE('',*,*,#3434,.T.);
#6322=ORIENTED_EDGE('',*,*,#3431,.T.);
#6323=ORIENTED_EDGE('',*,*,#3428,.T.);
#6324=ORIENTED_EDGE('',*,*,#3425,.T.);
#6325=ORIENTED_EDGE('',*,*,#3422,.T.);
#6326=ORIENTED_EDGE('',*,*,#3370,.T.);
#6327=ORIENTED_EDGE('',*,*,#3416,.T.);
#6328=ORIENTED_EDGE('',*,*,#3413,.T.);
#6329=ORIENTED_EDGE('',*,*,#3410,.T.);
#6330=ORIENTED_EDGE('',*,*,#3407,.T.);
#6331=ORIENTED_EDGE('',*,*,#3404,.T.);
#6332=ORIENTED_EDGE('',*,*,#3401,.T.);
#6333=ORIENTED_EDGE('',*,*,#3398,.T.);
#6334=ORIENTED_EDGE('',*,*,#3395,.T.);
#6335=ORIENTED_EDGE('',*,*,#3392,.T.);
#6336=ORIENTED_EDGE('',*,*,#3389,.T.);
#6337=ORIENTED_EDGE('',*,*,#3386,.T.);
#6338=ORIENTED_EDGE('',*,*,#3383,.T.);
#6339=ORIENTED_EDGE('',*,*,#3380,.T.);
#6340=ORIENTED_EDGE('',*,*,#3377,.T.);
#6341=ORIENTED_EDGE('',*,*,#3374,.T.);
#6342=(
BOUNDED_SURFACE()
B_SPLINE_SURFACE(2,2,((#7748,#7749,#7750,#7751,#7752,#7753,#7754,#7755,
#7756),(#7757,#7758,#7759,#7760,#7761,#7762,#7763,#7764,#7765),(#7766,#7767,
#7768,#7769,#7770,#7771,#7772,#7773,#7774)),.UNSPECIFIED.,.F.,.T.,.F.)
B_SPLINE_SURFACE_WITH_KNOTS((3,3),(3,2,2,2,3),(0.,1.5707963267949),(-3.14159265358979,
-1.5707963267949,0.,1.5707963267949,3.14159265358979),.UNSPECIFIED.)
GEOMETRIC_REPRESENTATION_ITEM()
RATIONAL_B_SPLINE_SURFACE(((1.,0.707106781186548,1.,0.707106781186548,1.,
0.707106781186548,1.,0.707106781186548,1.),(0.707106781186549,0.500000000000001,
0.707106781186549,0.500000000000001,0.707106781186549,0.500000000000001,
0.707106781186549,0.500000000000001,0.707106781186549),(1.,0.707106781186548,
1.,0.707106781186548,1.,0.707106781186548,1.,0.707106781186548,1.)))
REPRESENTATION_ITEM('')
SURFACE()
);
#6343=(
BOUNDED_SURFACE()
B_SPLINE_SURFACE(2,2,((#7785,#7786,#7787,#7788,#7789,#7790,#7791,#7792,
#7793),(#7794,#7795,#7796,#7797,#7798,#7799,#7800,#7801,#7802),(#7803,#7804,
#7805,#7806,#7807,#7808,#7809,#7810,#7811)),.UNSPECIFIED.,.F.,.T.,.F.)
B_SPLINE_SURFACE_WITH_KNOTS((3,3),(3,2,2,2,3),(0.,1.5707963267949),(-3.14159265358979,
-1.5707963267949,0.,1.5707963267949,3.14159265358979),.UNSPECIFIED.)
GEOMETRIC_REPRESENTATION_ITEM()
RATIONAL_B_SPLINE_SURFACE(((1.,0.707106781186548,1.,0.707106781186548,1.,
0.707106781186548,1.,0.707106781186548,1.),(0.707106781186549,0.500000000000001,
0.707106781186549,0.500000000000001,0.707106781186549,0.500000000000001,
0.707106781186549,0.500000000000001,0.707106781186549),(1.,0.707106781186548,
1.,0.707106781186548,1.,0.707106781186548,1.,0.707106781186548,1.)))
REPRESENTATION_ITEM('')
SURFACE()
);
#6344=ADVANCED_FACE('',(#1927),#6342,.F.);
#6345=ADVANCED_FACE('',(#1928),#1921,.T.);
#6346=ADVANCED_FACE('',(#1929),#695,.T.);
#6347=ADVANCED_FACE('',(#1930),#6343,.F.);
#6348=ADVANCED_FACE('',(#1931),#1922,.T.);
#6349=ADVANCED_FACE('',(#1932),#696,.T.);
#6350=ADVANCED_FACE('',(#1933),#697,.F.);
#6351=ADVANCED_FACE('',(#1934),#698,.F.);
#6352=ADVANCED_FACE('',(#1935),#478,.F.);
#6353=ADVANCED_FACE('',(#1936),#479,.F.);
#6354=ADVANCED_FACE('',(#1937),#480,.F.);
#6355=ADVANCED_FACE('',(#1938),#481,.F.);
#6356=ADVANCED_FACE('',(#1939),#699,.F.);
#6357=ADVANCED_FACE('',(#1940),#700,.F.);
#6358=ADVANCED_FACE('',(#1941),#701,.F.);
#6359=ADVANCED_FACE('',(#1942),#482,.F.);
#6360=ADVANCED_FACE('',(#1943),#483,.F.);
#6361=ADVANCED_FACE('',(#1944),#484,.F.);
#6362=ADVANCED_FACE('',(#1945),#485,.F.);
#6363=ADVANCED_FACE('',(#1946),#702,.F.);
#6364=ADVANCED_FACE('',(#1947),#703,.F.);
#6365=ADVANCED_FACE('',(#1948),#704,.F.);
#6366=ADVANCED_FACE('',(#1949),#705,.T.);
#6367=ADVANCED_FACE('',(#1950),#706,.F.);
#6368=ADVANCED_FACE('',(#1951),#707,.F.);
#6369=ADVANCED_FACE('',(#1952),#486,.F.);
#6370=ADVANCED_FACE('',(#1953),#487,.F.);
#6371=ADVANCED_FACE('',(#1954),#488,.F.);
#6372=ADVANCED_FACE('',(#1955),#708,.F.);
#6373=ADVANCED_FACE('',(#1956),#489,.F.);
#6374=ADVANCED_FACE('',(#1957),#490,.F.);
#6375=ADVANCED_FACE('',(#1958),#491,.F.);
#6376=ADVANCED_FACE('',(#1959),#709,.F.);
#6377=ADVANCED_FACE('',(#1960),#710,.F.);
#6378=ADVANCED_FACE('',(#1961),#711,.F.);
#6379=ADVANCED_FACE('',(#1962),#712,.T.);
#6380=ADVANCED_FACE('',(#1963),#492,.F.);
#6381=ADVANCED_FACE('',(#1964),#493,.F.);
#6382=ADVANCED_FACE('',(#1965),#494,.F.);
#6383=ADVANCED_FACE('',(#1966),#495,.F.);
#6384=ADVANCED_FACE('',(#1967),#496,.F.);
#6385=ADVANCED_FACE('',(#1968),#497,.F.);
#6386=ADVANCED_FACE('',(#1969),#498,.F.);
#6387=ADVANCED_FACE('',(#1970),#499,.F.);
#6388=ADVANCED_FACE('',(#1971),#713,.F.);
#6389=ADVANCED_FACE('',(#1972),#500,.F.);
#6390=ADVANCED_FACE('',(#1973),#501,.F.);
#6391=ADVANCED_FACE('',(#1974),#502,.F.);
#6392=ADVANCED_FACE('',(#1975),#503,.F.);
#6393=ADVANCED_FACE('',(#1976),#504,.F.);
#6394=ADVANCED_FACE('',(#1977),#505,.F.);
#6395=ADVANCED_FACE('',(#1978),#506,.F.);
#6396=ADVANCED_FACE('',(#1979),#507,.F.);
#6397=ADVANCED_FACE('',(#1980),#508,.F.);
#6398=ADVANCED_FACE('',(#1981),#509,.F.);
#6399=ADVANCED_FACE('',(#1982),#510,.F.);
#6400=ADVANCED_FACE('',(#1983),#511,.F.);
#6401=ADVANCED_FACE('',(#1984),#512,.F.);
#6402=ADVANCED_FACE('',(#1985),#714,.F.);
#6403=ADVANCED_FACE('',(#1986),#513,.F.);
#6404=ADVANCED_FACE('',(#1987),#514,.F.);
#6405=ADVANCED_FACE('',(#1988),#715,.F.);
#6406=ADVANCED_FACE('',(#1989),#515,.F.);
#6407=ADVANCED_FACE('',(#1990),#516,.F.);
#6408=ADVANCED_FACE('',(#1991),#517,.F.);
#6409=ADVANCED_FACE('',(#1992),#518,.F.);
#6410=ADVANCED_FACE('',(#1993),#519,.F.);
#6411=ADVANCED_FACE('',(#1994),#520,.F.);
#6412=ADVANCED_FACE('',(#1995),#521,.F.);
#6413=ADVANCED_FACE('',(#1996),#522,.F.);
#6414=ADVANCED_FACE('',(#1997),#716,.F.);
#6415=ADVANCED_FACE('',(#1998),#523,.F.);
#6416=ADVANCED_FACE('',(#1999,#15),#717,.T.);
#6417=ADVANCED_FACE('',(#2000),#718,.F.);
#6418=ADVANCED_FACE('',(#2001),#524,.F.);
#6419=ADVANCED_FACE('',(#2002),#525,.F.);
#6420=ADVANCED_FACE('',(#2003),#526,.F.);
#6421=ADVANCED_FACE('',(#2004),#527,.F.);
#6422=ADVANCED_FACE('',(#2005),#719,.F.);
#6423=ADVANCED_FACE('',(#2006),#720,.F.);
#6424=ADVANCED_FACE('',(#2007),#721,.F.);
#6425=ADVANCED_FACE('',(#2008),#722,.F.);
#6426=ADVANCED_FACE('',(#2009),#723,.F.);
#6427=ADVANCED_FACE('',(#2010),#528,.F.);
#6428=ADVANCED_FACE('',(#2011),#529,.F.);
#6429=ADVANCED_FACE('',(#2012),#530,.F.);
#6430=ADVANCED_FACE('',(#2013),#531,.F.);
#6431=ADVANCED_FACE('',(#2014),#724,.F.);
#6432=ADVANCED_FACE('',(#2015),#725,.F.);
#6433=ADVANCED_FACE('',(#2016,#16),#726,.T.);
#6434=ADVANCED_FACE('',(#2017),#727,.F.);
#6435=ADVANCED_FACE('',(#2018),#728,.F.);
#6436=ADVANCED_FACE('',(#2019),#532,.F.);
#6437=ADVANCED_FACE('',(#2020),#533,.F.);
#6438=ADVANCED_FACE('',(#2021),#534,.F.);
#6439=ADVANCED_FACE('',(#2022),#729,.F.);
#6440=ADVANCED_FACE('',(#2023),#535,.F.);
#6441=ADVANCED_FACE('',(#2024),#536,.F.);
#6442=ADVANCED_FACE('',(#2025),#537,.F.);
#6443=ADVANCED_FACE('',(#2026),#730,.F.);
#6444=ADVANCED_FACE('',(#2027),#731,.F.);
#6445=ADVANCED_FACE('',(#2028),#732,.F.);
#6446=ADVANCED_FACE('',(#2029),#733,.T.);
#6447=ADVANCED_FACE('',(#2030),#538,.F.);
#6448=ADVANCED_FACE('',(#2031),#539,.F.);
#6449=ADVANCED_FACE('',(#2032),#540,.F.);
#6450=ADVANCED_FACE('',(#2033),#541,.F.);
#6451=ADVANCED_FACE('',(#2034),#734,.F.);
#6452=ADVANCED_FACE('',(#2035),#542,.F.);
#6453=ADVANCED_FACE('',(#2036),#543,.F.);
#6454=ADVANCED_FACE('',(#2037),#544,.F.);
#6455=ADVANCED_FACE('',(#2038),#545,.F.);
#6456=ADVANCED_FACE('',(#2039),#546,.F.);
#6457=ADVANCED_FACE('',(#2040),#547,.F.);
#6458=ADVANCED_FACE('',(#2041),#548,.F.);
#6459=ADVANCED_FACE('',(#2042),#549,.F.);
#6460=ADVANCED_FACE('',(#2043),#550,.F.);
#6461=ADVANCED_FACE('',(#2044),#551,.F.);
#6462=ADVANCED_FACE('',(#2045),#735,.F.);
#6463=ADVANCED_FACE('',(#2046),#552,.F.);
#6464=ADVANCED_FACE('',(#2047),#553,.F.);
#6465=ADVANCED_FACE('',(#2048),#554,.F.);
#6466=ADVANCED_FACE('',(#2049),#555,.F.);
#6467=ADVANCED_FACE('',(#2050),#736,.F.);
#6468=ADVANCED_FACE('',(#2051),#737,.F.);
#6469=ADVANCED_FACE('',(#2052,#17),#738,.T.);
#6470=ADVANCED_FACE('',(#2053),#739,.F.);
#6471=ADVANCED_FACE('',(#2054),#740,.F.);
#6472=ADVANCED_FACE('',(#2055),#741,.F.);
#6473=ADVANCED_FACE('',(#2056),#742,.F.);
#6474=ADVANCED_FACE('',(#2057),#743,.F.);
#6475=ADVANCED_FACE('',(#2058),#744,.F.);
#6476=ADVANCED_FACE('',(#2059),#745,.F.);
#6477=ADVANCED_FACE('',(#2060),#746,.F.);
#6478=ADVANCED_FACE('',(#2061),#747,.F.);
#6479=ADVANCED_FACE('',(#2062),#748,.F.);
#6480=ADVANCED_FACE('',(#2063),#749,.F.);
#6481=ADVANCED_FACE('',(#2064),#750,.F.);
#6482=ADVANCED_FACE('',(#2065),#751,.F.);
#6483=ADVANCED_FACE('',(#2066),#752,.F.);
#6484=ADVANCED_FACE('',(#2067),#753,.F.);
#6485=ADVANCED_FACE('',(#2068),#754,.F.);
#6486=ADVANCED_FACE('',(#2069),#755,.F.);
#6487=ADVANCED_FACE('',(#2070),#756,.F.);
#6488=ADVANCED_FACE('',(#2071),#556,.F.);
#6489=ADVANCED_FACE('',(#2072),#557,.F.);
#6490=ADVANCED_FACE('',(#2073),#558,.F.);
#6491=ADVANCED_FACE('',(#2074),#559,.F.);
#6492=ADVANCED_FACE('',(#2075),#757,.F.);
#6493=ADVANCED_FACE('',(#2076),#560,.F.);
#6494=ADVANCED_FACE('',(#2077),#561,.F.);
#6495=ADVANCED_FACE('',(#2078),#562,.F.);
#6496=ADVANCED_FACE('',(#2079),#563,.F.);
#6497=ADVANCED_FACE('',(#2080),#564,.F.);
#6498=ADVANCED_FACE('',(#2081),#565,.F.);
#6499=ADVANCED_FACE('',(#2082),#566,.F.);
#6500=ADVANCED_FACE('',(#2083),#567,.F.);
#6501=ADVANCED_FACE('',(#2084),#568,.F.);
#6502=ADVANCED_FACE('',(#2085),#569,.F.);
#6503=ADVANCED_FACE('',(#2086),#758,.F.);
#6504=ADVANCED_FACE('',(#2087),#570,.F.);
#6505=ADVANCED_FACE('',(#2088),#571,.F.);
#6506=ADVANCED_FACE('',(#2089),#572,.F.);
#6507=ADVANCED_FACE('',(#2090),#573,.F.);
#6508=ADVANCED_FACE('',(#2091),#759,.F.);
#6509=ADVANCED_FACE('',(#2092),#760,.F.);
#6510=ADVANCED_FACE('',(#2093,#18),#761,.T.);
#6511=ADVANCED_FACE('',(#2094),#574,.F.);
#6512=ADVANCED_FACE('',(#2095),#575,.F.);
#6513=ADVANCED_FACE('',(#2096),#576,.F.);
#6514=ADVANCED_FACE('',(#2097),#577,.F.);
#6515=ADVANCED_FACE('',(#2098),#578,.F.);
#6516=ADVANCED_FACE('',(#2099),#579,.F.);
#6517=ADVANCED_FACE('',(#2100),#580,.F.);
#6518=ADVANCED_FACE('',(#2101),#581,.F.);
#6519=ADVANCED_FACE('',(#2102),#762,.F.);
#6520=ADVANCED_FACE('',(#2103),#582,.F.);
#6521=ADVANCED_FACE('',(#2104),#583,.F.);
#6522=ADVANCED_FACE('',(#2105),#584,.F.);
#6523=ADVANCED_FACE('',(#2106),#585,.F.);
#6524=ADVANCED_FACE('',(#2107),#586,.F.);
#6525=ADVANCED_FACE('',(#2108),#587,.F.);
#6526=ADVANCED_FACE('',(#2109),#588,.F.);
#6527=ADVANCED_FACE('',(#2110),#589,.F.);
#6528=ADVANCED_FACE('',(#2111),#763,.F.);
#6529=ADVANCED_FACE('',(#2112),#764,.F.);
#6530=ADVANCED_FACE('',(#2113),#765,.F.);
#6531=ADVANCED_FACE('',(#2114),#766,.F.);
#6532=ADVANCED_FACE('',(#2115,#19),#767,.T.);
#6533=ADVANCED_FACE('',(#2116),#590,.F.);
#6534=ADVANCED_FACE('',(#2117),#591,.F.);
#6535=ADVANCED_FACE('',(#2118),#592,.F.);
#6536=ADVANCED_FACE('',(#2119),#593,.F.);
#6537=ADVANCED_FACE('',(#2120),#594,.F.);
#6538=ADVANCED_FACE('',(#2121),#595,.F.);
#6539=ADVANCED_FACE('',(#2122),#596,.F.);
#6540=ADVANCED_FACE('',(#2123),#597,.F.);
#6541=ADVANCED_FACE('',(#2124),#598,.F.);
#6542=ADVANCED_FACE('',(#2125),#599,.F.);
#6543=ADVANCED_FACE('',(#2126),#600,.F.);
#6544=ADVANCED_FACE('',(#2127),#601,.F.);
#6545=ADVANCED_FACE('',(#2128),#602,.F.);
#6546=ADVANCED_FACE('',(#2129),#603,.F.);
#6547=ADVANCED_FACE('',(#2130),#604,.F.);
#6548=ADVANCED_FACE('',(#2131),#605,.F.);
#6549=ADVANCED_FACE('',(#2132,#20),#768,.T.);
#6550=ADVANCED_FACE('',(#2133),#769,.F.);
#6551=ADVANCED_FACE('',(#2134),#770,.F.);
#6552=ADVANCED_FACE('',(#2135),#606,.F.);
#6553=ADVANCED_FACE('',(#2136),#607,.F.);
#6554=ADVANCED_FACE('',(#2137),#608,.F.);
#6555=ADVANCED_FACE('',(#2138),#771,.F.);
#6556=ADVANCED_FACE('',(#2139),#609,.F.);
#6557=ADVANCED_FACE('',(#2140),#610,.F.);
#6558=ADVANCED_FACE('',(#2141),#611,.F.);
#6559=ADVANCED_FACE('',(#2142),#772,.F.);
#6560=ADVANCED_FACE('',(#2143),#773,.F.);
#6561=ADVANCED_FACE('',(#2144),#774,.F.);
#6562=ADVANCED_FACE('',(#2145),#775,.T.);
#6563=ADVANCED_FACE('',(#2146),#612,.F.);
#6564=ADVANCED_FACE('',(#2147),#613,.F.);
#6565=ADVANCED_FACE('',(#2148),#614,.F.);
#6566=ADVANCED_FACE('',(#2149),#615,.F.);
#6567=ADVANCED_FACE('',(#2150),#616,.F.);
#6568=ADVANCED_FACE('',(#2151),#617,.F.);
#6569=ADVANCED_FACE('',(#2152),#618,.F.);
#6570=ADVANCED_FACE('',(#2153),#619,.F.);
#6571=ADVANCED_FACE('',(#2154),#776,.F.);
#6572=ADVANCED_FACE('',(#2155),#620,.F.);
#6573=ADVANCED_FACE('',(#2156),#621,.F.);
#6574=ADVANCED_FACE('',(#2157),#622,.F.);
#6575=ADVANCED_FACE('',(#2158),#623,.F.);
#6576=ADVANCED_FACE('',(#2159),#624,.F.);
#6577=ADVANCED_FACE('',(#2160),#625,.F.);
#6578=ADVANCED_FACE('',(#2161),#626,.F.);
#6579=ADVANCED_FACE('',(#2162),#627,.F.);
#6580=ADVANCED_FACE('',(#2163),#777,.F.);
#6581=ADVANCED_FACE('',(#2164),#778,.F.);
#6582=ADVANCED_FACE('',(#2165),#779,.F.);
#6583=ADVANCED_FACE('',(#2166),#780,.F.);
#6584=ADVANCED_FACE('',(#2167,#21),#781,.T.);
#6585=ADVANCED_FACE('',(#2168),#628,.F.);
#6586=ADVANCED_FACE('',(#2169),#629,.F.);
#6587=ADVANCED_FACE('',(#2170),#630,.F.);
#6588=ADVANCED_FACE('',(#2171),#631,.F.);
#6589=ADVANCED_FACE('',(#2172),#632,.F.);
#6590=ADVANCED_FACE('',(#2173),#633,.F.);
#6591=ADVANCED_FACE('',(#2174),#634,.F.);
#6592=ADVANCED_FACE('',(#2175),#635,.F.);
#6593=ADVANCED_FACE('',(#2176),#782,.F.);
#6594=ADVANCED_FACE('',(#2177),#636,.F.);
#6595=ADVANCED_FACE('',(#2178),#637,.F.);
#6596=ADVANCED_FACE('',(#2179),#638,.F.);
#6597=ADVANCED_FACE('',(#2180),#639,.F.);
#6598=ADVANCED_FACE('',(#2181),#640,.F.);
#6599=ADVANCED_FACE('',(#2182),#641,.F.);
#6600=ADVANCED_FACE('',(#2183),#642,.F.);
#6601=ADVANCED_FACE('',(#2184),#643,.F.);
#6602=ADVANCED_FACE('',(#2185),#644,.F.);
#6603=ADVANCED_FACE('',(#2186),#645,.F.);
#6604=ADVANCED_FACE('',(#2187),#646,.F.);
#6605=ADVANCED_FACE('',(#2188),#647,.F.);
#6606=ADVANCED_FACE('',(#2189),#648,.F.);
#6607=ADVANCED_FACE('',(#2190),#783,.F.);
#6608=ADVANCED_FACE('',(#2191),#649,.F.);
#6609=ADVANCED_FACE('',(#2192),#650,.F.);
#6610=ADVANCED_FACE('',(#2193),#784,.F.);
#6611=ADVANCED_FACE('',(#2194),#651,.F.);
#6612=ADVANCED_FACE('',(#2195),#652,.F.);
#6613=ADVANCED_FACE('',(#2196),#653,.F.);
#6614=ADVANCED_FACE('',(#2197),#654,.F.);
#6615=ADVANCED_FACE('',(#2198),#655,.F.);
#6616=ADVANCED_FACE('',(#2199),#656,.F.);
#6617=ADVANCED_FACE('',(#2200),#657,.F.);
#6618=ADVANCED_FACE('',(#2201),#658,.F.);
#6619=ADVANCED_FACE('',(#2202),#785,.F.);
#6620=ADVANCED_FACE('',(#2203),#659,.F.);
#6621=ADVANCED_FACE('',(#2204,#22),#786,.T.);
#6622=ADVANCED_FACE('',(#2205),#787,.F.);
#6623=ADVANCED_FACE('',(#2206),#788,.F.);
#6624=ADVANCED_FACE('',(#2207),#789,.F.);
#6625=ADVANCED_FACE('',(#2208),#790,.F.);
#6626=ADVANCED_FACE('',(#2209),#791,.F.);
#6627=ADVANCED_FACE('',(#2210),#792,.F.);
#6628=ADVANCED_FACE('',(#2211),#793,.F.);
#6629=ADVANCED_FACE('',(#2212),#660,.F.);
#6630=ADVANCED_FACE('',(#2213),#661,.F.);
#6631=ADVANCED_FACE('',(#2214),#662,.F.);
#6632=ADVANCED_FACE('',(#2215),#663,.F.);
#6633=ADVANCED_FACE('',(#2216),#664,.F.);
#6634=ADVANCED_FACE('',(#2217),#794,.F.);
#6635=ADVANCED_FACE('',(#2218),#795,.F.);
#6636=ADVANCED_FACE('',(#2219),#796,.F.);
#6637=ADVANCED_FACE('',(#2220),#665,.F.);
#6638=ADVANCED_FACE('',(#2221),#666,.F.);
#6639=ADVANCED_FACE('',(#2222),#667,.F.);
#6640=ADVANCED_FACE('',(#2223),#668,.F.);
#6641=ADVANCED_FACE('',(#2224),#797,.F.);
#6642=ADVANCED_FACE('',(#2225),#798,.F.);
#6643=ADVANCED_FACE('',(#2226),#799,.F.);
#6644=ADVANCED_FACE('',(#2227),#669,.F.);
#6645=ADVANCED_FACE('',(#2228),#670,.F.);
#6646=ADVANCED_FACE('',(#2229),#671,.F.);
#6647=ADVANCED_FACE('',(#2230),#672,.F.);
#6648=ADVANCED_FACE('',(#2231),#673,.F.);
#6649=ADVANCED_FACE('',(#2232),#674,.F.);
#6650=ADVANCED_FACE('',(#2233),#675,.F.);
#6651=ADVANCED_FACE('',(#2234),#676,.F.);
#6652=ADVANCED_FACE('',(#2235),#800,.F.);
#6653=ADVANCED_FACE('',(#2236),#801,.F.);
#6654=ADVANCED_FACE('',(#2237),#802,.F.);
#6655=ADVANCED_FACE('',(#2238),#803,.T.);
#6656=ADVANCED_FACE('',(#2239),#677,.F.);
#6657=ADVANCED_FACE('',(#2240),#678,.F.);
#6658=ADVANCED_FACE('',(#2241),#679,.F.);
#6659=ADVANCED_FACE('',(#2242),#680,.F.);
#6660=ADVANCED_FACE('',(#2243),#804,.F.);
#6661=ADVANCED_FACE('',(#2244),#681,.F.);
#6662=ADVANCED_FACE('',(#2245),#682,.F.);
#6663=ADVANCED_FACE('',(#2246),#683,.F.);
#6664=ADVANCED_FACE('',(#2247),#684,.F.);
#6665=ADVANCED_FACE('',(#2248),#685,.F.);
#6666=ADVANCED_FACE('',(#2249),#686,.F.);
#6667=ADVANCED_FACE('',(#2250),#687,.F.);
#6668=ADVANCED_FACE('',(#2251),#688,.F.);
#6669=ADVANCED_FACE('',(#2252),#689,.F.);
#6670=ADVANCED_FACE('',(#2253),#690,.F.);
#6671=ADVANCED_FACE('',(#2254),#805,.F.);
#6672=ADVANCED_FACE('',(#2255),#691,.F.);
#6673=ADVANCED_FACE('',(#2256),#692,.F.);
#6674=ADVANCED_FACE('',(#2257),#693,.F.);
#6675=ADVANCED_FACE('',(#2258),#694,.F.);
#6676=ADVANCED_FACE('',(#2259),#806,.F.);
#6677=ADVANCED_FACE('',(#2260),#807,.F.);
#6678=ADVANCED_FACE('',(#2261,#23),#808,.T.);
#6679=ADVANCED_FACE('',(#2262),#809,.F.);
#6680=ADVANCED_FACE('',(#2263),#810,.F.);
#6681=ADVANCED_FACE('',(#2264),#811,.F.);
#6682=ADVANCED_FACE('',(#2265),#812,.F.);
#6683=ADVANCED_FACE('',(#2266),#813,.F.);
#6684=ADVANCED_FACE('',(#2267),#814,.F.);
#6685=ADVANCED_FACE('',(#2268),#815,.F.);
#6686=ADVANCED_FACE('',(#2269),#816,.F.);
#6687=ADVANCED_FACE('',(#2270),#817,.F.);
#6688=ADVANCED_FACE('',(#2271),#818,.F.);
#6689=ADVANCED_FACE('',(#2272),#819,.F.);
#6690=ADVANCED_FACE('',(#2273),#820,.F.);
#6691=ADVANCED_FACE('',(#2274),#821,.F.);
#6692=ADVANCED_FACE('',(#2275),#822,.F.);
#6693=ADVANCED_FACE('',(#2276),#823,.F.);
#6694=ADVANCED_FACE('',(#2277),#824,.F.);
#6695=ADVANCED_FACE('',(#2278),#825,.F.);
#6696=ADVANCED_FACE('',(#2279),#826,.F.);
#6697=ADVANCED_FACE('',(#2280),#1923,.T.);
#6698=ADVANCED_FACE('',(#2281),#827,.T.);
#6699=ADVANCED_FACE('',(#2282,#24,#25),#828,.T.);
#6700=ADVANCED_FACE('',(#2283),#1924,.T.);
#6701=ADVANCED_FACE('',(#2284),#829,.T.);
#6702=ADVANCED_FACE('',(#2285),#1925,.T.);
#6703=ADVANCED_FACE('',(#2286),#830,.T.);
#6704=ADVANCED_FACE('',(#2287),#1926,.T.);
#6705=ADVANCED_FACE('',(#2288),#831,.T.);
#6706=ADVANCED_FACE('',(#2289,#26,#27,#28,#29,#30,#31,#32,#33,#34,#35,#36,
#37,#38,#39,#40,#41,#42,#43),#832,.F.);
#6707=CLOSED_SHELL('',(#6344,#6345,#6346,#6347,#6348,#6349,#6350,#6351,
#6352,#6353,#6354,#6355,#6356,#6357,#6358,#6359,#6360,#6361,#6362,#6363,
#6364,#6365,#6366,#6367,#6368,#6369,#6370,#6371,#6372,#6373,#6374,#6375,
#6376,#6377,#6378,#6379,#6380,#6381,#6382,#6383,#6384,#6385,#6386,#6387,
#6388,#6389,#6390,#6391,#6392,#6393,#6394,#6395,#6396,#6397,#6398,#6399,
#6400,#6401,#6402,#6403,#6404,#6405,#6406,#6407,#6408,#6409,#6410,#6411,
#6412,#6413,#6414,#6415,#6416,#6417,#6418,#6419,#6420,#6421,#6422,#6423,
#6424,#6425,#6426,#6427,#6428,#6429,#6430,#6431,#6432,#6433,#6434,#6435,
#6436,#6437,#6438,#6439,#6440,#6441,#6442,#6443,#6444,#6445,#6446,#6447,
#6448,#6449,#6450,#6451,#6452,#6453,#6454,#6455,#6456,#6457,#6458,#6459,
#6460,#6461,#6462,#6463,#6464,#6465,#6466,#6467,#6468,#6469,#6470,#6471,
#6472,#6473,#6474,#6475,#6476,#6477,#6478,#6479,#6480,#6481,#6482,#6483,
#6484,#6485,#6486,#6487,#6488,#6489,#6490,#6491,#6492,#6493,#6494,#6495,
#6496,#6497,#6498,#6499,#6500,#6501,#6502,#6503,#6504,#6505,#6506,#6507,
#6508,#6509,#6510,#6511,#6512,#6513,#6514,#6515,#6516,#6517,#6518,#6519,
#6520,#6521,#6522,#6523,#6524,#6525,#6526,#6527,#6528,#6529,#6530,#6531,
#6532,#6533,#6534,#6535,#6536,#6537,#6538,#6539,#6540,#6541,#6542,#6543,
#6544,#6545,#6546,#6547,#6548,#6549,#6550,#6551,#6552,#6553,#6554,#6555,
#6556,#6557,#6558,#6559,#6560,#6561,#6562,#6563,#6564,#6565,#6566,#6567,
#6568,#6569,#6570,#6571,#6572,#6573,#6574,#6575,#6576,#6577,#6578,#6579,
#6580,#6581,#6582,#6583,#6584,#6585,#6586,#6587,#6588,#6589,#6590,#6591,
#6592,#6593,#6594,#6595,#6596,#6597,#6598,#6599,#6600,#6601,#6602,#6603,
#6604,#6605,#6606,#6607,#6608,#6609,#6610,#6611,#6612,#6613,#6614,#6615,
#6616,#6617,#6618,#6619,#6620,#6621,#6622,#6623,#6624,#6625,#6626,#6627,
#6628,#6629,#6630,#6631,#6632,#6633,#6634,#6635,#6636,#6637,#6638,#6639,
#6640,#6641,#6642,#6643,#6644,#6645,#6646,#6647,#6648,#6649,#6650,#6651,
#6652,#6653,#6654,#6655,#6656,#6657,#6658,#6659,#6660,#6661,#6662,#6663,
#6664,#6665,#6666,#6667,#6668,#6669,#6670,#6671,#6672,#6673,#6674,#6675,
#6676,#6677,#6678,#6679,#6680,#6681,#6682,#6683,#6684,#6685,#6686,#6687,
#6688,#6689,#6690,#6691,#6692,#6693,#6694,#6695,#6696,#6697,#6698,#6699,
#6700,#6701,#6702,#6703,#6704,#6705,#6706));
#6708=DERIVED_UNIT_ELEMENT(#6710,1.);
#6709=DERIVED_UNIT_ELEMENT(#13513,-3.);
#6710=(
MASS_UNIT()
NAMED_UNIT(*)
SI_UNIT(.KILO.,.GRAM.)
);
#6711=DERIVED_UNIT((#6708,#6709));
#6712=MEASURE_REPRESENTATION_ITEM('density measure',
POSITIVE_RATIO_MEASURE(7850.),#6711);
#6713=PROPERTY_DEFINITION_REPRESENTATION(#6718,#6715);
#6714=PROPERTY_DEFINITION_REPRESENTATION(#6719,#6716);
#6715=REPRESENTATION('material name',(#6717),#13510);
#6716=REPRESENTATION('density',(#6712),#13510);
#6717=DESCRIPTIVE_REPRESENTATION_ITEM('Steel','Steel');
#6718=PROPERTY_DEFINITION('material property','material name',#13520);
#6719=PROPERTY_DEFINITION('material property','density of part',#13520);
#6720=AXIS2_PLACEMENT_3D('',#7747,#6881,#6882);
#6721=AXIS2_PLACEMENT_3D('',#7776,#6883,#6884);
#6722=AXIS2_PLACEMENT_3D('',#7778,#6885,#6886);
#6723=AXIS2_PLACEMENT_3D('',#7779,#6887,#6888);
#6724=AXIS2_PLACEMENT_3D('',#7780,#6889,#6890);
#6725=AXIS2_PLACEMENT_3D('',#7783,#6892,#6893);
#6726=AXIS2_PLACEMENT_3D('',#7784,#6894,#6895);
#6727=AXIS2_PLACEMENT_3D('',#7813,#6896,#6897);
#6728=AXIS2_PLACEMENT_3D('',#7815,#6898,#6899);
#6729=AXIS2_PLACEMENT_3D('',#7816,#6900,#6901);
#6730=AXIS2_PLACEMENT_3D('',#7817,#6902,#6903);
#6731=AXIS2_PLACEMENT_3D('',#7820,#6905,#6906);
#6732=AXIS2_PLACEMENT_3D('',#7821,#6907,#6908);
#6733=AXIS2_PLACEMENT_3D('',#7822,#6909,#6910);
#6734=AXIS2_PLACEMENT_3D('',#7831,#6915,#6916);
#6735=AXIS2_PLACEMENT_3D('',#7929,#6924,#6925);
#6736=AXIS2_PLACEMENT_3D('',#7935,#6929,#6930);
#6737=AXIS2_PLACEMENT_3D('',#7941,#6934,#6935);
#6738=AXIS2_PLACEMENT_3D('',#8039,#6943,#6944);
#6739=AXIS2_PLACEMENT_3D('',#8045,#6948,#6949);
#6740=AXIS2_PLACEMENT_3D('',#8051,#6953,#6954);
#6741=AXIS2_PLACEMENT_3D('',#8054,#6957,#6958);
#6742=AXIS2_PLACEMENT_3D('',#8055,#6959,#6960);
#6743=AXIS2_PLACEMENT_3D('',#8064,#6965,#6966);
#6744=AXIS2_PLACEMENT_3D('',#8139,#6973,#6974);
#6745=AXIS2_PLACEMENT_3D('',#8214,#6981,#6982);
#6746=AXIS2_PLACEMENT_3D('',#8220,#6986,#6987);
#6747=AXIS2_PLACEMENT_3D('',#8226,#6991,#6992);
#6748=AXIS2_PLACEMENT_3D('',#8229,#6995,#6996);
#6749=AXIS2_PLACEMENT_3D('',#8417,#7006,#7007);
#6750=AXIS2_PLACEMENT_3D('',#8722,#7024,#7025);
#6751=AXIS2_PLACEMENT_3D('',#8774,#7031,#7032);
#6752=AXIS2_PLACEMENT_3D('',#8964,#7044,#7045);
#6753=AXIS2_PLACEMENT_3D('',#8990,#7049,#7050);
#6754=AXIS2_PLACEMENT_3D('',#8991,#7051,#7052);
#6755=AXIS2_PLACEMENT_3D('',#9092,#7061,#7062);
#6756=AXIS2_PLACEMENT_3D('',#9098,#7066,#7067);
#6757=AXIS2_PLACEMENT_3D('',#9101,#7070,#7071);
#6758=AXIS2_PLACEMENT_3D('',#9110,#7076,#7077);
#6759=AXIS2_PLACEMENT_3D('',#9116,#7081,#7082);
#6760=AXIS2_PLACEMENT_3D('',#9214,#7090,#7091);
#6761=AXIS2_PLACEMENT_3D('',#9220,#7095,#7096);
#6762=AXIS2_PLACEMENT_3D('',#9223,#7099,#7100);
#6763=AXIS2_PLACEMENT_3D('',#9224,#7101,#7102);
#6764=AXIS2_PLACEMENT_3D('',#9233,#7107,#7108);
#6765=AXIS2_PLACEMENT_3D('',#9308,#7115,#7116);
#6766=AXIS2_PLACEMENT_3D('',#9383,#7123,#7124);
#6767=AXIS2_PLACEMENT_3D('',#9389,#7128,#7129);
#6768=AXIS2_PLACEMENT_3D('',#9395,#7133,#7134);
#6769=AXIS2_PLACEMENT_3D('',#9398,#7137,#7138);
#6770=AXIS2_PLACEMENT_3D('',#9494,#7144,#7145);
#6771=AXIS2_PLACEMENT_3D('',#9730,#7159,#7160);
#6772=AXIS2_PLACEMENT_3D('',#9828,#7168,#7169);
#6773=AXIS2_PLACEMENT_3D('',#9834,#7173,#7174);
#6774=AXIS2_PLACEMENT_3D('',#9837,#7177,#7178);
#6775=AXIS2_PLACEMENT_3D('',#9838,#7179,#7180);
#6776=AXIS2_PLACEMENT_3D('',#9847,#7185,#7186);
#6777=AXIS2_PLACEMENT_3D('',#9853,#7190,#7191);
#6778=AXIS2_PLACEMENT_3D('',#9859,#7195,#7196);
#6779=AXIS2_PLACEMENT_3D('',#9865,#7200,#7201);
#6780=AXIS2_PLACEMENT_3D('',#9871,#7205,#7206);
#6781=AXIS2_PLACEMENT_3D('',#9877,#7210,#7211);
#6782=AXIS2_PLACEMENT_3D('',#9883,#7215,#7216);
#6783=AXIS2_PLACEMENT_3D('',#9889,#7220,#7221);
#6784=AXIS2_PLACEMENT_3D('',#9895,#7225,#7226);
#6785=AXIS2_PLACEMENT_3D('',#9901,#7230,#7231);
#6786=AXIS2_PLACEMENT_3D('',#9907,#7235,#7236);
#6787=AXIS2_PLACEMENT_3D('',#9910,#7239,#7240);
#6788=AXIS2_PLACEMENT_3D('',#9911,#7241,#7242);
#6789=AXIS2_PLACEMENT_3D('',#9920,#7247,#7248);
#6790=AXIS2_PLACEMENT_3D('',#9926,#7252,#7253);
#6791=AXIS2_PLACEMENT_3D('',#9932,#7257,#7258);
#6792=AXIS2_PLACEMENT_3D('',#9935,#7261,#7262);
#6793=AXIS2_PLACEMENT_3D('',#10031,#7268,#7269);
#6794=AXIS2_PLACEMENT_3D('',#10267,#7283,#7284);
#6795=AXIS2_PLACEMENT_3D('',#10365,#7292,#7293);
#6796=AXIS2_PLACEMENT_3D('',#10371,#7297,#7298);
#6797=AXIS2_PLACEMENT_3D('',#10374,#7301,#7302);
#6798=AXIS2_PLACEMENT_3D('',#10559,#7311,#7312);
#6799=AXIS2_PLACEMENT_3D('',#10752,#7325,#7326);
#6800=AXIS2_PLACEMENT_3D('',#10758,#7330,#7331);
#6801=AXIS2_PLACEMENT_3D('',#10764,#7335,#7336);
#6802=AXIS2_PLACEMENT_3D('',#10770,#7340,#7341);
#6803=AXIS2_PLACEMENT_3D('',#10773,#7344,#7345);
#6804=AXIS2_PLACEMENT_3D('',#11142,#7362,#7363);
#6805=AXIS2_PLACEMENT_3D('',#11143,#7364,#7365);
#6806=AXIS2_PLACEMENT_3D('',#11152,#7370,#7371);
#6807=AXIS2_PLACEMENT_3D('',#11227,#7378,#7379);
#6808=AXIS2_PLACEMENT_3D('',#11302,#7386,#7387);
#6809=AXIS2_PLACEMENT_3D('',#11308,#7391,#7392);
#6810=AXIS2_PLACEMENT_3D('',#11314,#7396,#7397);
#6811=AXIS2_PLACEMENT_3D('',#11317,#7400,#7401);
#6812=AXIS2_PLACEMENT_3D('',#11502,#7410,#7411);
#6813=AXIS2_PLACEMENT_3D('',#11695,#7424,#7425);
#6814=AXIS2_PLACEMENT_3D('',#11701,#7429,#7430);
#6815=AXIS2_PLACEMENT_3D('',#11707,#7434,#7435);
#6816=AXIS2_PLACEMENT_3D('',#11713,#7439,#7440);
#6817=AXIS2_PLACEMENT_3D('',#11716,#7443,#7444);
#6818=AXIS2_PLACEMENT_3D('',#11904,#7454,#7455);
#6819=AXIS2_PLACEMENT_3D('',#12209,#7472,#7473);
#6820=AXIS2_PLACEMENT_3D('',#12261,#7479,#7480);
#6821=AXIS2_PLACEMENT_3D('',#12451,#7492,#7493);
#6822=AXIS2_PLACEMENT_3D('',#12477,#7497,#7498);
#6823=AXIS2_PLACEMENT_3D('',#12478,#7499,#7500);
#6824=AXIS2_PLACEMENT_3D('',#12487,#7505,#7506);
#6825=AXIS2_PLACEMENT_3D('',#12493,#7510,#7511);
#6826=AXIS2_PLACEMENT_3D('',#12499,#7515,#7516);
#6827=AXIS2_PLACEMENT_3D('',#12502,#7519,#7520);
#6828=AXIS2_PLACEMENT_3D('',#12503,#7521,#7522);
#6829=AXIS2_PLACEMENT_3D('',#12512,#7527,#7528);
#6830=AXIS2_PLACEMENT_3D('',#12633,#7537,#7538);
#6831=AXIS2_PLACEMENT_3D('',#12639,#7542,#7543);
#6832=AXIS2_PLACEMENT_3D('',#12645,#7547,#7548);
#6833=AXIS2_PLACEMENT_3D('',#12743,#7556,#7557);
#6834=AXIS2_PLACEMENT_3D('',#12749,#7561,#7562);
#6835=AXIS2_PLACEMENT_3D('',#12755,#7566,#7567);
#6836=AXIS2_PLACEMENT_3D('',#12945,#7579,#7580);
#6837=AXIS2_PLACEMENT_3D('',#12951,#7584,#7585);
#6838=AXIS2_PLACEMENT_3D('',#12957,#7589,#7590);
#6839=AXIS2_PLACEMENT_3D('',#12960,#7593,#7594);
#6840=AXIS2_PLACEMENT_3D('',#13056,#7600,#7601);
#6841=AXIS2_PLACEMENT_3D('',#13292,#7615,#7616);
#6842=AXIS2_PLACEMENT_3D('',#13390,#7624,#7625);
#6843=AXIS2_PLACEMENT_3D('',#13396,#7629,#7630);
#6844=AXIS2_PLACEMENT_3D('',#13399,#7633,#7634);
#6845=AXIS2_PLACEMENT_3D('',#13400,#7635,#7636);
#6846=AXIS2_PLACEMENT_3D('',#13409,#7641,#7642);
#6847=AXIS2_PLACEMENT_3D('',#13415,#7646,#7647);
#6848=AXIS2_PLACEMENT_3D('',#13421,#7651,#7652);
#6849=AXIS2_PLACEMENT_3D('',#13427,#7656,#7657);
#6850=AXIS2_PLACEMENT_3D('',#13433,#7661,#7662);
#6851=AXIS2_PLACEMENT_3D('',#13439,#7666,#7667);
#6852=AXIS2_PLACEMENT_3D('',#13445,#7671,#7672);
#6853=AXIS2_PLACEMENT_3D('',#13448,#7675,#7676);
#6854=AXIS2_PLACEMENT_3D('',#13449,#7677,#7678);
#6855=AXIS2_PLACEMENT_3D('',#13450,#7679,#7680);
#6856=AXIS2_PLACEMENT_3D('',#13451,#7681,#7682);
#6857=AXIS2_PLACEMENT_3D('',#13452,#7683,#7684);
#6858=AXIS2_PLACEMENT_3D('',#13453,#7685,#7686);
#6859=AXIS2_PLACEMENT_3D('',#13454,#7687,#7688);
#6860=AXIS2_PLACEMENT_3D('',#13455,#7689,#7690);
#6861=AXIS2_PLACEMENT_3D('',#13456,#7691,#7692);
#6862=AXIS2_PLACEMENT_3D('',#13457,#7693,#7694);
#6863=AXIS2_PLACEMENT_3D('',#13458,#7695,#7696);
#6864=AXIS2_PLACEMENT_3D('',#13461,#7697,#7698);
#6865=AXIS2_PLACEMENT_3D('',#13465,#7700,#7701);
#6866=AXIS2_PLACEMENT_3D('',#13467,#7703,#7704);
#6867=AXIS2_PLACEMENT_3D('',#13473,#7708,#7709);
#6868=AXIS2_PLACEMENT_3D('',#13477,#7711,#7712);
#6869=AXIS2_PLACEMENT_3D('',#13481,#7714,#7715);
#6870=AXIS2_PLACEMENT_3D('',#13484,#7717,#7718);
#6871=AXIS2_PLACEMENT_3D('',#13485,#7719,#7720);
#6872=AXIS2_PLACEMENT_3D('',#13488,#7722,#7723);
#6873=AXIS2_PLACEMENT_3D('',#13489,#7724,#7725);
#6874=AXIS2_PLACEMENT_3D('',#13493,#7728,#7729);
#6875=AXIS2_PLACEMENT_3D('',#13497,#7731,#7732);
#6876=AXIS2_PLACEMENT_3D('',#13499,#7734,#7735);
#6877=AXIS2_PLACEMENT_3D('',#13501,#7737,#7738);
#6878=AXIS2_PLACEMENT_3D('',#13504,#7740,#7741);
#6879=AXIS2_PLACEMENT_3D('',#13505,#7742,#7743);
#6880=AXIS2_PLACEMENT_3D('',#13507,#7745,#7746);
#6881=DIRECTION('axis',(0.,0.,1.));
#6882=DIRECTION('refdir',(1.,0.,0.));
#6883=DIRECTION('center_axis',(0.,0.,-1.));
#6884=DIRECTION('ref_axis',(1.,0.,0.));
#6885=DIRECTION('center_axis',(1.77635683940025E-16,-1.,0.));
#6886=DIRECTION('ref_axis',(-1.,-1.77635683940025E-16,0.));
#6887=DIRECTION('center_axis',(0.,0.,1.));
#6888=DIRECTION('ref_axis',(1.,0.,0.));
#6889=DIRECTION('center_axis',(0.,0.,1.));
#6890=DIRECTION('ref_axis',(1.,0.,0.));
#6891=DIRECTION('',(0.,0.,-1.));
#6892=DIRECTION('center_axis',(0.,0.,-1.));
#6893=DIRECTION('ref_axis',(1.,0.,0.));
#6894=DIRECTION('center_axis',(0.,0.,1.));
#6895=DIRECTION('ref_axis',(1.,0.,0.));
#6896=DIRECTION('center_axis',(0.,0.,-1.));
#6897=DIRECTION('ref_axis',(1.,0.,0.));
#6898=DIRECTION('center_axis',(1.77635683940025E-16,-1.,0.));
#6899=DIRECTION('ref_axis',(-1.,-1.77635683940025E-16,0.));
#6900=DIRECTION('center_axis',(0.,0.,1.));
#6901=DIRECTION('ref_axis',(1.,0.,0.));
#6902=DIRECTION('center_axis',(0.,0.,1.));
#6903=DIRECTION('ref_axis',(1.,0.,0.));
#6904=DIRECTION('',(0.,0.,-1.));
#6905=DIRECTION('center_axis',(0.,0.,-1.));
#6906=DIRECTION('ref_axis',(1.,0.,0.));
#6907=DIRECTION('center_axis',(0.,0.,1.));
#6908=DIRECTION('ref_axis',(1.,0.,0.));
#6909=DIRECTION('center_axis',(0.,-1.,0.));
#6910=DIRECTION('ref_axis',(1.,0.,0.));
#6911=DIRECTION('',(1.,0.,0.));
#6912=DIRECTION('',(0.,0.,1.));
#6913=DIRECTION('',(1.,0.,0.));
#6914=DIRECTION('',(0.,0.,1.));
#6915=DIRECTION('center_axis',(-1.,0.,0.));
#6916=DIRECTION('ref_axis',(0.,-1.,0.));
#6917=DIRECTION('',(0.,-1.,0.));
#6918=DIRECTION('',(0.,0.,1.));
#6919=DIRECTION('',(0.,-1.,0.));
#6920=DIRECTION('',(0.,0.,1.));
#6921=DIRECTION('',(0.,0.,1.));
#6922=DIRECTION('',(0.,0.,1.));
#6923=DIRECTION('',(0.,0.,1.));
#6924=DIRECTION('center_axis',(1.,0.,0.));
#6925=DIRECTION('ref_axis',(0.,1.,0.));
#6926=DIRECTION('',(0.,1.,0.));
#6927=DIRECTION('',(0.,0.,1.));
#6928=DIRECTION('',(0.,1.,0.));
#6929=DIRECTION('center_axis',(0.,-1.,0.));
#6930=DIRECTION('ref_axis',(1.,0.,0.));
#6931=DIRECTION('',(1.,0.,0.));
#6932=DIRECTION('',(0.,0.,1.));
#6933=DIRECTION('',(1.,0.,0.));
#6934=DIRECTION('center_axis',(-1.,0.,0.));
#6935=DIRECTION('ref_axis',(0.,-1.,0.));
#6936=DIRECTION('',(0.,-1.,0.));
#6937=DIRECTION('',(0.,0.,1.));
#6938=DIRECTION('',(0.,-1.,0.));
#6939=DIRECTION('',(0.,0.,1.));
#6940=DIRECTION('',(0.,0.,1.));
#6941=DIRECTION('',(0.,0.,1.));
#6942=DIRECTION('',(0.,0.,1.));
#6943=DIRECTION('center_axis',(-1.,0.,0.));
#6944=DIRECTION('ref_axis',(0.,-1.,0.));
#6945=DIRECTION('',(0.,-1.,0.));
#6946=DIRECTION('',(0.,0.,1.));
#6947=DIRECTION('',(0.,-1.,0.));
#6948=DIRECTION('center_axis',(0.,1.,0.));
#6949=DIRECTION('ref_axis',(-1.,0.,0.));
#6950=DIRECTION('',(-1.,0.,0.));
#6951=DIRECTION('',(0.,0.,1.));
#6952=DIRECTION('',(-1.,0.,0.));
#6953=DIRECTION('center_axis',(1.,0.,0.));
#6954=DIRECTION('ref_axis',(0.,1.,0.));
#6955=DIRECTION('',(0.,1.,0.));
#6956=DIRECTION('',(0.,1.,0.));
#6957=DIRECTION('center_axis',(0.,0.,-1.));
#6958=DIRECTION('ref_axis',(1.,0.,0.));
#6959=DIRECTION('center_axis',(0.,-1.,0.));
#6960=DIRECTION('ref_axis',(1.,0.,0.));
#6961=DIRECTION('',(1.,0.,0.));
#6962=DIRECTION('',(0.,0.,1.));
#6963=DIRECTION('',(1.,0.,0.));
#6964=DIRECTION('',(0.,0.,1.));
#6965=DIRECTION('center_axis',(-1.,0.,0.));
#6966=DIRECTION('ref_axis',(0.,-1.,0.));
#6967=DIRECTION('',(0.,-1.,0.));
#6968=DIRECTION('',(0.,0.,1.));
#6969=DIRECTION('',(0.,-1.,0.));
#6970=DIRECTION('',(0.,0.,1.));
#6971=DIRECTION('',(0.,0.,1.));
#6972=DIRECTION('',(0.,0.,1.));
#6973=DIRECTION('center_axis',(-0.917170165003223,-0.398495782195949,0.));
#6974=DIRECTION('ref_axis',(0.398495782195949,-0.917170165003223,0.));
#6975=DIRECTION('',(0.398495782195949,-0.917170165003223,0.));
#6976=DIRECTION('',(0.,0.,1.));
#6977=DIRECTION('',(0.398495782195949,-0.917170165003223,0.));
#6978=DIRECTION('',(0.,0.,1.));
#6979=DIRECTION('',(0.,0.,1.));
#6980=DIRECTION('',(0.,0.,1.));
#6981=DIRECTION('center_axis',(-1.,0.,0.));
#6982=DIRECTION('ref_axis',(0.,-1.,0.));
#6983=DIRECTION('',(0.,-1.,0.));
#6984=DIRECTION('',(0.,0.,1.));
#6985=DIRECTION('',(0.,-1.,0.));
#6986=DIRECTION('center_axis',(0.,1.,0.));
#6987=DIRECTION('ref_axis',(-1.,0.,0.));
#6988=DIRECTION('',(-1.,0.,0.));
#6989=DIRECTION('',(0.,0.,1.));
#6990=DIRECTION('',(-1.,0.,0.));
#6991=DIRECTION('center_axis',(1.,0.,0.));
#6992=DIRECTION('ref_axis',(0.,1.,0.));
#6993=DIRECTION('',(0.,1.,0.));
#6994=DIRECTION('',(0.,1.,0.));
#6995=DIRECTION('center_axis',(0.,0.,-1.));
#6996=DIRECTION('ref_axis',(1.,0.,0.));
#6997=DIRECTION('',(0.,0.,1.));
#6998=DIRECTION('',(0.,0.,1.));
#6999=DIRECTION('',(0.,0.,1.));
#7000=DIRECTION('',(0.,0.,1.));
#7001=DIRECTION('',(0.,0.,1.));
#7002=DIRECTION('',(0.,0.,1.));
#7003=DIRECTION('',(0.,0.,1.));
#7004=DIRECTION('',(0.,0.,1.));
#7005=DIRECTION('',(0.,0.,1.));
#7006=DIRECTION('center_axis',(1.,0.,0.));
#7007=DIRECTION('ref_axis',(0.,1.,0.));
#7008=DIRECTION('',(0.,1.,0.));
#7009=DIRECTION('',(0.,1.,0.));
#7010=DIRECTION('',(0.,0.,1.));
#7011=DIRECTION('',(0.,0.,1.));
#7012=DIRECTION('',(0.,0.,1.));
#7013=DIRECTION('',(0.,0.,1.));
#7014=DIRECTION('',(0.,0.,1.));
#7015=DIRECTION('',(0.,0.,1.));
#7016=DIRECTION('',(0.,0.,1.));
#7017=DIRECTION('',(0.,0.,1.));
#7018=DIRECTION('',(0.,0.,1.));
#7019=DIRECTION('',(0.,0.,1.));
#7020=DIRECTION('',(0.,0.,1.));
#7021=DIRECTION('',(0.,0.,1.));
#7022=DIRECTION('',(0.,0.,1.));
#7023=DIRECTION('',(0.,0.,1.));
#7024=DIRECTION('center_axis',(0.,-1.,0.));
#7025=DIRECTION('ref_axis',(1.,0.,0.));
#7026=DIRECTION('',(1.,0.,0.));
#7027=DIRECTION('',(0.,0.,1.));
#7028=DIRECTION('',(1.,0.,0.));
#7029=DIRECTION('',(0.,0.,1.));
#7030=DIRECTION('',(0.,0.,1.));
#7031=DIRECTION('center_axis',(-1.,0.,0.));
#7032=DIRECTION('ref_axis',(0.,-1.,0.));
#7033=DIRECTION('',(0.,-1.,0.));
#7034=DIRECTION('',(0.,0.,1.));
#7035=DIRECTION('',(0.,-1.,0.));
#7036=DIRECTION('',(0.,0.,1.));
#7037=DIRECTION('',(0.,0.,1.));
#7038=DIRECTION('',(0.,0.,1.));
#7039=DIRECTION('',(0.,0.,1.));
#7040=DIRECTION('',(0.,0.,1.));
#7041=DIRECTION('',(0.,0.,1.));
#7042=DIRECTION('',(0.,0.,1.));
#7043=DIRECTION('',(0.,0.,1.));
#7044=DIRECTION('center_axis',(0.104817674831183,-0.994491455490184,0.));
#7045=DIRECTION('ref_axis',(0.994491455490184,0.104817674831183,0.));
#7046=DIRECTION('',(0.994491455490184,0.104817674831183,0.));
#7047=DIRECTION('',(0.,0.,1.));
#7048=DIRECTION('',(0.994491455490184,0.104817674831183,0.));
#7049=DIRECTION('center_axis',(0.,0.,-1.));
#7050=DIRECTION('ref_axis',(1.,0.,0.));
#7051=DIRECTION('center_axis',(0.,-1.,0.));
#7052=DIRECTION('ref_axis',(1.,0.,0.));
#7053=DIRECTION('',(1.,0.,0.));
#7054=DIRECTION('',(0.,0.,1.));
#7055=DIRECTION('',(1.,0.,0.));
#7056=DIRECTION('',(0.,0.,1.));
#7057=DIRECTION('',(0.,0.,1.));
#7058=DIRECTION('',(0.,0.,1.));
#7059=DIRECTION('',(0.,0.,1.));
#7060=DIRECTION('',(0.,0.,1.));
#7061=DIRECTION('center_axis',(0.,1.,0.));
#7062=DIRECTION('ref_axis',(-1.,0.,0.));
#7063=DIRECTION('',(-1.,0.,0.));
#7064=DIRECTION('',(0.,0.,1.));
#7065=DIRECTION('',(-1.,0.,0.));
#7066=DIRECTION('center_axis',(-1.,0.,0.));
#7067=DIRECTION('ref_axis',(0.,-1.,0.));
#7068=DIRECTION('',(0.,-1.,0.));
#7069=DIRECTION('',(0.,-1.,0.));
#7070=DIRECTION('center_axis',(0.,-1.,0.));
#7071=DIRECTION('ref_axis',(1.,0.,0.));
#7072=DIRECTION('',(1.,0.,0.));
#7073=DIRECTION('',(0.,0.,1.));
#7074=DIRECTION('',(1.,0.,0.));
#7075=DIRECTION('',(0.,0.,1.));
#7076=DIRECTION('center_axis',(-1.,0.,0.));
#7077=DIRECTION('ref_axis',(0.,-1.,0.));
#7078=DIRECTION('',(0.,-1.,0.));
#7079=DIRECTION('',(0.,0.,1.));
#7080=DIRECTION('',(0.,-1.,0.));
#7081=DIRECTION('center_axis',(0.,-1.,0.));
#7082=DIRECTION('ref_axis',(1.,0.,0.));
#7083=DIRECTION('',(1.,0.,0.));
#7084=DIRECTION('',(0.,0.,1.));
#7085=DIRECTION('',(1.,0.,0.));
#7086=DIRECTION('',(0.,0.,1.));
#7087=DIRECTION('',(0.,0.,1.));
#7088=DIRECTION('',(0.,0.,1.));
#7089=DIRECTION('',(0.,0.,1.));
#7090=DIRECTION('center_axis',(0.,1.,0.));
#7091=DIRECTION('ref_axis',(-1.,0.,0.));
#7092=DIRECTION('',(-1.,0.,0.));
#7093=DIRECTION('',(0.,0.,1.));
#7094=DIRECTION('',(-1.,0.,0.));
#7095=DIRECTION('center_axis',(1.,0.,0.));
#7096=DIRECTION('ref_axis',(0.,1.,0.));
#7097=DIRECTION('',(0.,1.,0.));
#7098=DIRECTION('',(0.,1.,0.));
#7099=DIRECTION('center_axis',(0.,0.,-1.));
#7100=DIRECTION('ref_axis',(1.,0.,0.));
#7101=DIRECTION('center_axis',(0.,-1.,0.));
#7102=DIRECTION('ref_axis',(1.,0.,0.));
#7103=DIRECTION('',(1.,0.,0.));
#7104=DIRECTION('',(0.,0.,1.));
#7105=DIRECTION('',(1.,0.,0.));
#7106=DIRECTION('',(0.,0.,1.));
#7107=DIRECTION('center_axis',(-1.,0.,0.));
#7108=DIRECTION('ref_axis',(0.,-1.,0.));
#7109=DIRECTION('',(0.,-1.,0.));
#7110=DIRECTION('',(0.,0.,1.));
#7111=DIRECTION('',(0.,-1.,0.));
#7112=DIRECTION('',(0.,0.,1.));
#7113=DIRECTION('',(0.,0.,1.));
#7114=DIRECTION('',(0.,0.,1.));
#7115=DIRECTION('center_axis',(-0.917170621959768,-0.398494730471976,0.));
#7116=DIRECTION('ref_axis',(0.398494730471976,-0.917170621959768,0.));
#7117=DIRECTION('',(0.398494730471976,-0.917170621959768,0.));
#7118=DIRECTION('',(0.,0.,1.));
#7119=DIRECTION('',(0.398494730471976,-0.917170621959768,0.));
#7120=DIRECTION('',(0.,0.,1.));
#7121=DIRECTION('',(0.,0.,1.));
#7122=DIRECTION('',(0.,0.,1.));
#7123=DIRECTION('center_axis',(-1.,0.,0.));
#7124=DIRECTION('ref_axis',(0.,-1.,0.));
#7125=DIRECTION('',(0.,-1.,0.));
#7126=DIRECTION('',(0.,0.,1.));
#7127=DIRECTION('',(0.,-1.,0.));
#7128=DIRECTION('center_axis',(0.,1.,0.));
#7129=DIRECTION('ref_axis',(-1.,0.,0.));
#7130=DIRECTION('',(-1.,0.,0.));
#7131=DIRECTION('',(0.,0.,1.));
#7132=DIRECTION('',(-1.,0.,0.));
#7133=DIRECTION('center_axis',(1.,0.,0.));
#7134=DIRECTION('ref_axis',(0.,1.,0.));
#7135=DIRECTION('',(0.,1.,0.));
#7136=DIRECTION('',(0.,1.,0.));
#7137=DIRECTION('center_axis',(0.,0.,-1.));
#7138=DIRECTION('ref_axis',(1.,0.,0.));
#7139=DIRECTION('',(0.,0.,1.));
#7140=DIRECTION('',(0.,0.,1.));
#7141=DIRECTION('',(0.,0.,1.));
#7142=DIRECTION('',(0.,0.,1.));
#7143=DIRECTION('',(0.,0.,1.));
#7144=DIRECTION('center_axis',(0.,1.,0.));
#7145=DIRECTION('ref_axis',(-1.,0.,0.));
#7146=DIRECTION('',(-1.,0.,0.));
#7147=DIRECTION('',(-1.,0.,0.));
#7148=DIRECTION('',(0.,0.,1.));
#7149=DIRECTION('',(0.,0.,1.));
#7150=DIRECTION('',(0.,0.,1.));
#7151=DIRECTION('',(0.,0.,1.));
#7152=DIRECTION('',(0.,0.,1.));
#7153=DIRECTION('',(0.,0.,1.));
#7154=DIRECTION('',(0.,0.,1.));
#7155=DIRECTION('',(0.,0.,1.));
#7156=DIRECTION('',(0.,0.,1.));
#7157=DIRECTION('',(0.,0.,1.));
#7158=DIRECTION('',(0.,0.,1.));
#7159=DIRECTION('center_axis',(-0.0918786207834001,0.995770213976568,0.));
#7160=DIRECTION('ref_axis',(-0.995770213976568,-0.0918786207834001,0.));
#7161=DIRECTION('',(-0.995770213976568,-0.0918786207834001,0.));
#7162=DIRECTION('',(0.,0.,1.));
#7163=DIRECTION('',(-0.995770213976568,-0.0918786207834001,0.));
#7164=DIRECTION('',(0.,0.,1.));
#7165=DIRECTION('',(0.,0.,1.));
#7166=DIRECTION('',(0.,0.,1.));
#7167=DIRECTION('',(0.,0.,1.));
#7168=DIRECTION('center_axis',(0.,-1.,0.));
#7169=DIRECTION('ref_axis',(1.,0.,0.));
#7170=DIRECTION('',(1.,0.,0.));
#7171=DIRECTION('',(0.,0.,1.));
#7172=DIRECTION('',(1.,0.,0.));
#7173=DIRECTION('center_axis',(-1.,0.,0.));
#7174=DIRECTION('ref_axis',(0.,-1.,0.));
#7175=DIRECTION('',(0.,-1.,0.));
#7176=DIRECTION('',(0.,-1.,0.));
#7177=DIRECTION('center_axis',(0.,0.,-1.));
#7178=DIRECTION('ref_axis',(1.,0.,0.));
#7179=DIRECTION('center_axis',(0.,-1.,0.));
#7180=DIRECTION('ref_axis',(1.,0.,0.));
#7181=DIRECTION('',(1.,0.,0.));
#7182=DIRECTION('',(0.,0.,1.));
#7183=DIRECTION('',(1.,0.,0.));
#7184=DIRECTION('',(0.,0.,1.));
#7185=DIRECTION('center_axis',(-1.,0.,0.));
#7186=DIRECTION('ref_axis',(0.,-1.,0.));
#7187=DIRECTION('',(0.,-1.,0.));
#7188=DIRECTION('',(0.,0.,1.));
#7189=DIRECTION('',(0.,-1.,0.));
#7190=DIRECTION('center_axis',(-4.11007194598773E-17,-1.,0.));
#7191=DIRECTION('ref_axis',(1.,-4.11007194598773E-17,0.));
#7192=DIRECTION('',(1.,-4.11007194598773E-17,0.));
#7193=DIRECTION('',(0.,0.,1.));
#7194=DIRECTION('',(1.,-4.11007194598773E-17,0.));
#7195=DIRECTION('center_axis',(1.,0.,0.));
#7196=DIRECTION('ref_axis',(0.,1.,0.));
#7197=DIRECTION('',(0.,1.,0.));
#7198=DIRECTION('',(0.,0.,1.));
#7199=DIRECTION('',(0.,1.,0.));
#7200=DIRECTION('center_axis',(0.,-1.,0.));
#7201=DIRECTION('ref_axis',(1.,0.,0.));
#7202=DIRECTION('',(1.,0.,0.));
#7203=DIRECTION('',(0.,0.,1.));
#7204=DIRECTION('',(1.,0.,0.));
#7205=DIRECTION('center_axis',(-1.,0.,0.));
#7206=DIRECTION('ref_axis',(0.,-1.,0.));
#7207=DIRECTION('',(0.,-1.,0.));
#7208=DIRECTION('',(0.,0.,1.));
#7209=DIRECTION('',(0.,-1.,0.));
#7210=DIRECTION('center_axis',(0.,1.,0.));
#7211=DIRECTION('ref_axis',(-1.,0.,0.));
#7212=DIRECTION('',(-1.,0.,0.));
#7213=DIRECTION('',(0.,0.,1.));
#7214=DIRECTION('',(-1.,0.,0.));
#7215=DIRECTION('center_axis',(1.,0.,0.));
#7216=DIRECTION('ref_axis',(0.,1.,0.));
#7217=DIRECTION('',(0.,1.,0.));
#7218=DIRECTION('',(0.,0.,1.));
#7219=DIRECTION('',(0.,1.,0.));
#7220=DIRECTION('center_axis',(0.,1.,0.));
#7221=DIRECTION('ref_axis',(-1.,0.,0.));
#7222=DIRECTION('',(-1.,0.,0.));
#7223=DIRECTION('',(0.,0.,1.));
#7224=DIRECTION('',(-1.,0.,0.));
#7225=DIRECTION('center_axis',(-1.,0.,0.));
#7226=DIRECTION('ref_axis',(0.,-1.,0.));
#7227=DIRECTION('',(0.,-1.,0.));
#7228=DIRECTION('',(0.,0.,1.));
#7229=DIRECTION('',(0.,-1.,0.));
#7230=DIRECTION('center_axis',(0.,1.,0.));
#7231=DIRECTION('ref_axis',(-1.,0.,0.));
#7232=DIRECTION('',(-1.,0.,0.));
#7233=DIRECTION('',(0.,0.,1.));
#7234=DIRECTION('',(-1.,0.,0.));
#7235=DIRECTION('center_axis',(1.,0.,0.));
#7236=DIRECTION('ref_axis',(0.,1.,0.));
#7237=DIRECTION('',(0.,1.,0.));
#7238=DIRECTION('',(0.,1.,0.));
#7239=DIRECTION('center_axis',(0.,0.,1.));
#7240=DIRECTION('ref_axis',(1.,0.,0.));
#7241=DIRECTION('center_axis',(0.,-1.,0.));
#7242=DIRECTION('ref_axis',(1.,0.,0.));
#7243=DIRECTION('',(1.,0.,0.));
#7244=DIRECTION('',(0.,0.,1.));
#7245=DIRECTION('',(1.,0.,0.));
#7246=DIRECTION('',(0.,0.,1.));
#7247=DIRECTION('center_axis',(-1.,0.,0.));
#7248=DIRECTION('ref_axis',(0.,-1.,0.));
#7249=DIRECTION('',(0.,-1.,0.));
#7250=DIRECTION('',(0.,0.,1.));
#7251=DIRECTION('',(0.,-1.,0.));
#7252=DIRECTION('center_axis',(0.,1.,0.));
#7253=DIRECTION('ref_axis',(-1.,0.,0.));
#7254=DIRECTION('',(-1.,0.,0.));
#7255=DIRECTION('',(0.,0.,1.));
#7256=DIRECTION('',(-1.,0.,0.));
#7257=DIRECTION('center_axis',(1.,0.,0.));
#7258=DIRECTION('ref_axis',(0.,1.,0.));
#7259=DIRECTION('',(0.,1.,0.));
#7260=DIRECTION('',(0.,1.,0.));
#7261=DIRECTION('center_axis',(0.,0.,1.));
#7262=DIRECTION('ref_axis',(1.,0.,0.));
#7263=DIRECTION('',(0.,0.,1.));
#7264=DIRECTION('',(0.,0.,1.));
#7265=DIRECTION('',(0.,0.,1.));
#7266=DIRECTION('',(0.,0.,1.));
#7267=DIRECTION('',(0.,0.,1.));
#7268=DIRECTION('center_axis',(2.53676787329455E-17,1.,0.));
#7269=DIRECTION('ref_axis',(-1.,2.53676787329455E-17,0.));
#7270=DIRECTION('',(-1.,2.53676787329455E-17,0.));
#7271=DIRECTION('',(-1.,2.53676787329455E-17,0.));
#7272=DIRECTION('',(0.,0.,1.));
#7273=DIRECTION('',(0.,0.,1.));
#7274=DIRECTION('',(0.,0.,1.));
#7275=DIRECTION('',(0.,0.,1.));
#7276=DIRECTION('',(0.,0.,1.));
#7277=DIRECTION('',(0.,0.,1.));
#7278=DIRECTION('',(0.,0.,1.));
#7279=DIRECTION('',(0.,0.,1.));
#7280=DIRECTION('',(0.,0.,1.));
#7281=DIRECTION('',(0.,0.,1.));
#7282=DIRECTION('',(0.,0.,1.));
#7283=DIRECTION('center_axis',(-0.0918783954328655,0.995770234769388,0.));
#7284=DIRECTION('ref_axis',(-0.995770234769388,-0.0918783954328655,0.));
#7285=DIRECTION('',(-0.995770234769388,-0.0918783954328655,0.));
#7286=DIRECTION('',(0.,0.,1.));
#7287=DIRECTION('',(-0.995770234769388,-0.0918783954328655,0.));
#7288=DIRECTION('',(0.,0.,1.));
#7289=DIRECTION('',(0.,0.,1.));
#7290=DIRECTION('',(0.,0.,1.));
#7291=DIRECTION('',(0.,0.,1.));
#7292=DIRECTION('center_axis',(-4.98646984811836E-17,-1.,0.));
#7293=DIRECTION('ref_axis',(1.,-4.98646984811836E-17,0.));
#7294=DIRECTION('',(1.,-4.98646984811836E-17,0.));
#7295=DIRECTION('',(0.,0.,1.));
#7296=DIRECTION('',(1.,-4.98646984811836E-17,0.));
#7297=DIRECTION('center_axis',(-1.,0.,0.));
#7298=DIRECTION('ref_axis',(0.,-1.,0.));
#7299=DIRECTION('',(0.,-1.,0.));
#7300=DIRECTION('',(0.,-1.,0.));
#7301=DIRECTION('center_axis',(0.,0.,-1.));
#7302=DIRECTION('ref_axis',(1.,0.,0.));
#7303=DIRECTION('',(0.,0.,1.));
#7304=DIRECTION('',(0.,0.,1.));
#7305=DIRECTION('',(0.,0.,1.));
#7306=DIRECTION('',(0.,0.,1.));
#7307=DIRECTION('',(0.,0.,1.));
#7308=DIRECTION('',(0.,0.,1.));
#7309=DIRECTION('',(0.,0.,1.));
#7310=DIRECTION('',(0.,0.,1.));
#7311=DIRECTION('center_axis',(1.,0.,0.));
#7312=DIRECTION('ref_axis',(0.,1.,0.));
#7313=DIRECTION('',(0.,1.,0.));
#7314=DIRECTION('',(0.,0.,1.));
#7315=DIRECTION('',(0.,1.,0.));
#7316=DIRECTION('',(0.,0.,1.));
#7317=DIRECTION('',(0.,0.,1.));
#7318=DIRECTION('',(0.,0.,1.));
#7319=DIRECTION('',(0.,0.,1.));
#7320=DIRECTION('',(0.,0.,1.));
#7321=DIRECTION('',(0.,0.,1.));
#7322=DIRECTION('',(0.,0.,1.));
#7323=DIRECTION('',(0.,0.,1.));
#7324=DIRECTION('',(0.,0.,1.));
#7325=DIRECTION('center_axis',(1.,0.,0.));
#7326=DIRECTION('ref_axis',(0.,1.,0.));
#7327=DIRECTION('',(0.,1.,0.));
#7328=DIRECTION('',(0.,0.,1.));
#7329=DIRECTION('',(0.,1.,0.));
#7330=DIRECTION('center_axis',(0.,-1.,0.));
#7331=DIRECTION('ref_axis',(1.,0.,0.));
#7332=DIRECTION('',(1.,0.,0.));
#7333=DIRECTION('',(0.,0.,1.));
#7334=DIRECTION('',(1.,0.,0.));
#7335=DIRECTION('center_axis',(-1.,0.,0.));
#7336=DIRECTION('ref_axis',(0.,-1.,0.));
#7337=DIRECTION('',(0.,-1.,0.));
#7338=DIRECTION('',(0.,0.,1.));
#7339=DIRECTION('',(0.,-1.,0.));
#7340=DIRECTION('center_axis',(0.,1.,0.));
#7341=DIRECTION('ref_axis',(-1.,0.,0.));
#7342=DIRECTION('',(-1.,0.,0.));
#7343=DIRECTION('',(-1.,0.,0.));
#7344=DIRECTION('center_axis',(0.,0.,-1.));
#7345=DIRECTION('ref_axis',(1.,0.,0.));
#7346=DIRECTION('',(0.,0.,1.));
#7347=DIRECTION('',(0.,0.,1.));
#7348=DIRECTION('',(0.,0.,1.));
#7349=DIRECTION('',(0.,0.,1.));
#7350=DIRECTION('',(0.,0.,1.));
#7351=DIRECTION('',(0.,0.,1.));
#7352=DIRECTION('',(0.,0.,1.));
#7353=DIRECTION('',(0.,0.,1.));
#7354=DIRECTION('',(0.,0.,1.));
#7355=DIRECTION('',(0.,0.,1.));
#7356=DIRECTION('',(0.,0.,1.));
#7357=DIRECTION('',(0.,0.,1.));
#7358=DIRECTION('',(0.,0.,1.));
#7359=DIRECTION('',(0.,0.,1.));
#7360=DIRECTION('',(0.,0.,1.));
#7361=DIRECTION('',(0.,0.,1.));
#7362=DIRECTION('center_axis',(0.,0.,-1.));
#7363=DIRECTION('ref_axis',(1.,0.,0.));
#7364=DIRECTION('center_axis',(0.,-1.,0.));
#7365=DIRECTION('ref_axis',(1.,0.,0.));
#7366=DIRECTION('',(1.,0.,0.));
#7367=DIRECTION('',(0.,0.,1.));
#7368=DIRECTION('',(1.,0.,0.));
#7369=DIRECTION('',(0.,0.,1.));
#7370=DIRECTION('center_axis',(-1.,0.,0.));
#7371=DIRECTION('ref_axis',(0.,-1.,0.));
#7372=DIRECTION('',(0.,-1.,0.));
#7373=DIRECTION('',(0.,0.,1.));
#7374=DIRECTION('',(0.,-1.,0.));
#7375=DIRECTION('',(0.,0.,1.));
#7376=DIRECTION('',(0.,0.,1.));
#7377=DIRECTION('',(0.,0.,1.));
#7378=DIRECTION('center_axis',(-0.917172589092967,-0.398490202911568,0.));
#7379=DIRECTION('ref_axis',(0.398490202911568,-0.917172589092967,0.));
#7380=DIRECTION('',(0.398490202911568,-0.917172589092967,0.));
#7381=DIRECTION('',(0.,0.,1.));
#7382=DIRECTION('',(0.398490202911568,-0.917172589092967,0.));
#7383=DIRECTION('',(0.,0.,1.));
#7384=DIRECTION('',(0.,0.,1.));
#7385=DIRECTION('',(0.,0.,1.));
#7386=DIRECTION('center_axis',(-1.,0.,0.));
#7387=DIRECTION('ref_axis',(0.,-1.,0.));
#7388=DIRECTION('',(0.,-1.,0.));
#7389=DIRECTION('',(0.,0.,1.));
#7390=DIRECTION('',(0.,-1.,0.));
#7391=DIRECTION('center_axis',(0.,1.,0.));
#7392=DIRECTION('ref_axis',(-1.,0.,0.));
#7393=DIRECTION('',(-1.,0.,0.));
#7394=DIRECTION('',(0.,0.,1.));
#7395=DIRECTION('',(-1.,0.,0.));
#7396=DIRECTION('center_axis',(1.,0.,0.));
#7397=DIRECTION('ref_axis',(0.,1.,0.));
#7398=DIRECTION('',(0.,1.,0.));
#7399=DIRECTION('',(0.,1.,0.));
#7400=DIRECTION('center_axis',(0.,0.,-1.));
#7401=DIRECTION('ref_axis',(1.,0.,0.));
#7402=DIRECTION('',(0.,0.,1.));
#7403=DIRECTION('',(0.,0.,1.));
#7404=DIRECTION('',(0.,0.,1.));
#7405=DIRECTION('',(0.,0.,1.));
#7406=DIRECTION('',(0.,0.,1.));
#7407=DIRECTION('',(0.,0.,1.));
#7408=DIRECTION('',(0.,0.,1.));
#7409=DIRECTION('',(0.,0.,1.));
#7410=DIRECTION('center_axis',(-1.,0.,0.));
#7411=DIRECTION('ref_axis',(0.,-1.,0.));
#7412=DIRECTION('',(0.,-1.,0.));
#7413=DIRECTION('',(0.,0.,1.));
#7414=DIRECTION('',(0.,-1.,0.));
#7415=DIRECTION('',(0.,0.,1.));
#7416=DIRECTION('',(0.,0.,1.));
#7417=DIRECTION('',(0.,0.,1.));
#7418=DIRECTION('',(0.,0.,1.));
#7419=DIRECTION('',(0.,0.,1.));
#7420=DIRECTION('',(0.,0.,1.));
#7421=DIRECTION('',(0.,0.,1.));
#7422=DIRECTION('',(0.,0.,1.));
#7423=DIRECTION('',(0.,0.,1.));
#7424=DIRECTION('center_axis',(-1.,0.,0.));
#7425=DIRECTION('ref_axis',(0.,-1.,0.));
#7426=DIRECTION('',(0.,-1.,0.));
#7427=DIRECTION('',(0.,0.,1.));
#7428=DIRECTION('',(0.,-1.,0.));
#7429=DIRECTION('center_axis',(0.,1.,0.));
#7430=DIRECTION('ref_axis',(-1.,0.,0.));
#7431=DIRECTION('',(-1.,0.,0.));
#7432=DIRECTION('',(0.,0.,1.));
#7433=DIRECTION('',(-1.,0.,0.));
#7434=DIRECTION('center_axis',(1.,0.,0.));
#7435=DIRECTION('ref_axis',(0.,1.,0.));
#7436=DIRECTION('',(0.,1.,0.));
#7437=DIRECTION('',(0.,0.,1.));
#7438=DIRECTION('',(0.,1.,0.));
#7439=DIRECTION('center_axis',(0.,-1.,0.));
#7440=DIRECTION('ref_axis',(1.,0.,0.));
#7441=DIRECTION('',(1.,0.,0.));
#7442=DIRECTION('',(1.,0.,0.));
#7443=DIRECTION('center_axis',(0.,0.,-1.));
#7444=DIRECTION('ref_axis',(1.,0.,0.));
#7445=DIRECTION('',(0.,0.,1.));
#7446=DIRECTION('',(0.,0.,1.));
#7447=DIRECTION('',(0.,0.,1.));
#7448=DIRECTION('',(0.,0.,1.));
#7449=DIRECTION('',(0.,0.,1.));
#7450=DIRECTION('',(0.,0.,1.));
#7451=DIRECTION('',(0.,0.,1.));
#7452=DIRECTION('',(0.,0.,1.));
#7453=DIRECTION('',(0.,0.,1.));
#7454=DIRECTION('center_axis',(1.,0.,0.));
#7455=DIRECTION('ref_axis',(0.,1.,0.));
#7456=DIRECTION('',(0.,1.,0.));
#7457=DIRECTION('',(0.,1.,0.));
#7458=DIRECTION('',(0.,0.,1.));
#7459=DIRECTION('',(0.,0.,1.));
#7460=DIRECTION('',(0.,0.,1.));
#7461=DIRECTION('',(0.,0.,1.));
#7462=DIRECTION('',(0.,0.,1.));
#7463=DIRECTION('',(0.,0.,1.));
#7464=DIRECTION('',(0.,0.,1.));
#7465=DIRECTION('',(0.,0.,1.));
#7466=DIRECTION('',(0.,0.,1.));
#7467=DIRECTION('',(0.,0.,1.));
#7468=DIRECTION('',(0.,0.,1.));
#7469=DIRECTION('',(0.,0.,1.));
#7470=DIRECTION('',(0.,0.,1.));
#7471=DIRECTION('',(0.,0.,1.));
#7472=DIRECTION('center_axis',(0.,-1.,0.));
#7473=DIRECTION('ref_axis',(1.,0.,0.));
#7474=DIRECTION('',(1.,0.,0.));
#7475=DIRECTION('',(0.,0.,1.));
#7476=DIRECTION('',(1.,0.,0.));
#7477=DIRECTION('',(0.,0.,1.));
#7478=DIRECTION('',(0.,0.,1.));
#7479=DIRECTION('center_axis',(-1.,0.,0.));
#7480=DIRECTION('ref_axis',(0.,-1.,0.));
#7481=DIRECTION('',(0.,-1.,0.));
#7482=DIRECTION('',(0.,0.,1.));
#7483=DIRECTION('',(0.,-1.,0.));
#7484=DIRECTION('',(0.,0.,1.));
#7485=DIRECTION('',(0.,0.,1.));
#7486=DIRECTION('',(0.,0.,1.));
#7487=DIRECTION('',(0.,0.,1.));
#7488=DIRECTION('',(0.,0.,1.));
#7489=DIRECTION('',(0.,0.,1.));
#7490=DIRECTION('',(0.,0.,1.));
#7491=DIRECTION('',(0.,0.,1.));
#7492=DIRECTION('center_axis',(0.104817861122127,-0.994491435855424,0.));
#7493=DIRECTION('ref_axis',(0.994491435855424,0.104817861122127,0.));
#7494=DIRECTION('',(0.994491435855424,0.104817861122127,0.));
#7495=DIRECTION('',(0.,0.,1.));
#7496=DIRECTION('',(0.994491435855424,0.104817861122127,0.));
#7497=DIRECTION('center_axis',(0.,0.,-1.));
#7498=DIRECTION('ref_axis',(1.,0.,0.));
#7499=DIRECTION('center_axis',(0.,-1.,0.));
#7500=DIRECTION('ref_axis',(1.,0.,0.));
#7501=DIRECTION('',(1.,0.,0.));
#7502=DIRECTION('',(0.,0.,1.));
#7503=DIRECTION('',(1.,0.,0.));
#7504=DIRECTION('',(0.,0.,1.));
#7505=DIRECTION('center_axis',(-1.,0.,0.));
#7506=DIRECTION('ref_axis',(0.,-1.,0.));
#7507=DIRECTION('',(0.,-1.,0.));
#7508=DIRECTION('',(0.,0.,1.));
#7509=DIRECTION('',(0.,-1.,0.));
#7510=DIRECTION('center_axis',(0.,1.,0.));
#7511=DIRECTION('ref_axis',(-1.,0.,0.));
#7512=DIRECTION('',(-1.,0.,0.));
#7513=DIRECTION('',(0.,0.,1.));
#7514=DIRECTION('',(-1.,0.,0.));
#7515=DIRECTION('center_axis',(1.,0.,0.));
#7516=DIRECTION('ref_axis',(0.,1.,0.));
#7517=DIRECTION('',(0.,1.,0.));
#7518=DIRECTION('',(0.,1.,0.));
#7519=DIRECTION('center_axis',(0.,0.,1.));
#7520=DIRECTION('ref_axis',(1.,0.,0.));
#7521=DIRECTION('center_axis',(0.,-1.,0.));
#7522=DIRECTION('ref_axis',(1.,0.,0.));
#7523=DIRECTION('',(1.,0.,0.));
#7524=DIRECTION('',(0.,0.,1.));
#7525=DIRECTION('',(1.,0.,0.));
#7526=DIRECTION('',(0.,0.,1.));
#7527=DIRECTION('center_axis',(-1.,0.,0.));
#7528=DIRECTION('ref_axis',(0.,-1.,0.));
#7529=DIRECTION('',(0.,-1.,0.));
#7530=DIRECTION('',(0.,0.,1.));
#7531=DIRECTION('',(0.,-1.,0.));
#7532=DIRECTION('',(0.,0.,1.));
#7533=DIRECTION('',(0.,0.,1.));
#7534=DIRECTION('',(0.,0.,1.));
#7535=DIRECTION('',(0.,0.,1.));
#7536=DIRECTION('',(0.,0.,1.));
#7537=DIRECTION('center_axis',(1.,0.,0.));
#7538=DIRECTION('ref_axis',(0.,1.,0.));
#7539=DIRECTION('',(0.,1.,0.));
#7540=DIRECTION('',(0.,0.,1.));
#7541=DIRECTION('',(0.,1.,0.));
#7542=DIRECTION('center_axis',(0.,-1.,0.));
#7543=DIRECTION('ref_axis',(1.,0.,0.));
#7544=DIRECTION('',(1.,0.,0.));
#7545=DIRECTION('',(0.,0.,1.));
#7546=DIRECTION('',(1.,0.,0.));
#7547=DIRECTION('center_axis',(-1.,0.,0.));
#7548=DIRECTION('ref_axis',(0.,-1.,0.));
#7549=DIRECTION('',(0.,-1.,0.));
#7550=DIRECTION('',(0.,0.,1.));
#7551=DIRECTION('',(0.,-1.,0.));
#7552=DIRECTION('',(0.,0.,1.));
#7553=DIRECTION('',(0.,0.,1.));
#7554=DIRECTION('',(0.,0.,1.));
#7555=DIRECTION('',(0.,0.,1.));
#7556=DIRECTION('center_axis',(1.,0.,0.));
#7557=DIRECTION('ref_axis',(0.,1.,0.));
#7558=DIRECTION('',(0.,1.,0.));
#7559=DIRECTION('',(0.,0.,1.));
#7560=DIRECTION('',(0.,1.,0.));
#7561=DIRECTION('center_axis',(0.,-1.,0.));
#7562=DIRECTION('ref_axis',(1.,0.,0.));
#7563=DIRECTION('',(1.,0.,0.));
#7564=DIRECTION('',(0.,0.,1.));
#7565=DIRECTION('',(1.,0.,0.));
#7566=DIRECTION('center_axis',(-1.,0.,0.));
#7567=DIRECTION('ref_axis',(0.,-1.,0.));
#7568=DIRECTION('',(0.,-1.,0.));
#7569=DIRECTION('',(0.,0.,1.));
#7570=DIRECTION('',(0.,-1.,0.));
#7571=DIRECTION('',(0.,0.,1.));
#7572=DIRECTION('',(0.,0.,1.));
#7573=DIRECTION('',(0.,0.,1.));
#7574=DIRECTION('',(0.,0.,1.));
#7575=DIRECTION('',(0.,0.,1.));
#7576=DIRECTION('',(0.,0.,1.));
#7577=DIRECTION('',(0.,0.,1.));
#7578=DIRECTION('',(0.,0.,1.));
#7579=DIRECTION('center_axis',(-1.,0.,0.));
#7580=DIRECTION('ref_axis',(0.,-1.,0.));
#7581=DIRECTION('',(0.,-1.,0.));
#7582=DIRECTION('',(0.,0.,1.));
#7583=DIRECTION('',(0.,-1.,0.));
#7584=DIRECTION('center_axis',(0.,1.,0.));
#7585=DIRECTION('ref_axis',(-1.,0.,0.));
#7586=DIRECTION('',(-1.,0.,0.));
#7587=DIRECTION('',(0.,0.,1.));
#7588=DIRECTION('',(-1.,0.,0.));
#7589=DIRECTION('center_axis',(1.,0.,0.));
#7590=DIRECTION('ref_axis',(0.,1.,0.));
#7591=DIRECTION('',(0.,1.,0.));
#7592=DIRECTION('',(0.,1.,0.));
#7593=DIRECTION('center_axis',(0.,0.,-1.));
#7594=DIRECTION('ref_axis',(1.,0.,0.));
#7595=DIRECTION('',(0.,0.,1.));
#7596=DIRECTION('',(0.,0.,1.));
#7597=DIRECTION('',(0.,0.,1.));
#7598=DIRECTION('',(0.,0.,1.));
#7599=DIRECTION('',(0.,0.,1.));
#7600=DIRECTION('center_axis',(0.,1.,0.));
#7601=DIRECTION('ref_axis',(-1.,0.,0.));
#7602=DIRECTION('',(-1.,0.,0.));
#7603=DIRECTION('',(-1.,0.,0.));
#7604=DIRECTION('',(0.,0.,1.));
#7605=DIRECTION('',(0.,0.,1.));
#7606=DIRECTION('',(0.,0.,1.));
#7607=DIRECTION('',(0.,0.,1.));
#7608=DIRECTION('',(0.,0.,1.));
#7609=DIRECTION('',(0.,0.,1.));
#7610=DIRECTION('',(0.,0.,1.));
#7611=DIRECTION('',(0.,0.,1.));
#7612=DIRECTION('',(0.,0.,1.));
#7613=DIRECTION('',(0.,0.,1.));
#7614=DIRECTION('',(0.,0.,1.));
#7615=DIRECTION('center_axis',(-0.0918790178214707,0.995770177342223,0.));
#7616=DIRECTION('ref_axis',(-0.995770177342223,-0.0918790178214707,0.));
#7617=DIRECTION('',(-0.995770177342223,-0.0918790178214707,0.));
#7618=DIRECTION('',(0.,0.,1.));
#7619=DIRECTION('',(-0.995770177342223,-0.0918790178214707,0.));
#7620=DIRECTION('',(0.,0.,1.));
#7621=DIRECTION('',(0.,0.,1.));
#7622=DIRECTION('',(0.,0.,1.));
#7623=DIRECTION('',(0.,0.,1.));
#7624=DIRECTION('center_axis',(0.,-1.,0.));
#7625=DIRECTION('ref_axis',(1.,0.,0.));
#7626=DIRECTION('',(1.,0.,0.));
#7627=DIRECTION('',(0.,0.,1.));
#7628=DIRECTION('',(1.,0.,0.));
#7629=DIRECTION('center_axis',(-1.,0.,0.));
#7630=DIRECTION('ref_axis',(0.,-1.,0.));
#7631=DIRECTION('',(0.,-1.,0.));
#7632=DIRECTION('',(0.,-1.,0.));
#7633=DIRECTION('center_axis',(0.,0.,-1.));
#7634=DIRECTION('ref_axis',(1.,0.,0.));
#7635=DIRECTION('center_axis',(0.,-1.,0.));
#7636=DIRECTION('ref_axis',(1.,0.,0.));
#7637=DIRECTION('',(1.,0.,0.));
#7638=DIRECTION('',(0.,0.,1.));
#7639=DIRECTION('',(1.,0.,0.));
#7640=DIRECTION('',(0.,0.,1.));
#7641=DIRECTION('center_axis',(1.,0.,0.));
#7642=DIRECTION('ref_axis',(0.,1.,0.));
#7643=DIRECTION('',(0.,1.,0.));
#7644=DIRECTION('',(0.,0.,1.));
#7645=DIRECTION('',(0.,1.,0.));
#7646=DIRECTION('center_axis',(0.,-1.,0.));
#7647=DIRECTION('ref_axis',(1.,0.,0.));
#7648=DIRECTION('',(1.,0.,0.));
#7649=DIRECTION('',(0.,0.,1.));
#7650=DIRECTION('',(1.,0.,0.));
#7651=DIRECTION('center_axis',(-1.,0.,0.));
#7652=DIRECTION('ref_axis',(0.,-1.,0.));
#7653=DIRECTION('',(0.,-1.,0.));
#7654=DIRECTION('',(0.,0.,1.));
#7655=DIRECTION('',(0.,-1.,0.));
#7656=DIRECTION('center_axis',(0.,-1.,0.));
#7657=DIRECTION('ref_axis',(1.,0.,0.));
#7658=DIRECTION('',(1.,0.,0.));
#7659=DIRECTION('',(0.,0.,1.));
#7660=DIRECTION('',(1.,0.,0.));
#7661=DIRECTION('center_axis',(-1.,0.,0.));
#7662=DIRECTION('ref_axis',(0.,-1.,0.));
#7663=DIRECTION('',(0.,-1.,0.));
#7664=DIRECTION('',(0.,0.,1.));
#7665=DIRECTION('',(0.,-1.,0.));
#7666=DIRECTION('center_axis',(0.,1.,0.));
#7667=DIRECTION('ref_axis',(-1.,0.,0.));
#7668=DIRECTION('',(-1.,0.,0.));
#7669=DIRECTION('',(0.,0.,1.));
#7670=DIRECTION('',(-1.,0.,0.));
#7671=DIRECTION('center_axis',(1.,0.,0.));
#7672=DIRECTION('ref_axis',(0.,1.,0.));
#7673=DIRECTION('',(0.,1.,0.));
#7674=DIRECTION('',(0.,1.,0.));
#7675=DIRECTION('center_axis',(0.,0.,1.));
#7676=DIRECTION('ref_axis',(1.,0.,0.));
#7677=DIRECTION('center_axis',(0.,0.,1.));
#7678=DIRECTION('ref_axis',(1.,0.,0.));
#7679=DIRECTION('center_axis',(0.,0.,1.));
#7680=DIRECTION('ref_axis',(1.,0.,0.));
#7681=DIRECTION('center_axis',(0.,0.,1.));
#7682=DIRECTION('ref_axis',(1.,0.,0.));
#7683=DIRECTION('center_axis',(0.,0.,1.));
#7684=DIRECTION('ref_axis',(1.,0.,0.));
#7685=DIRECTION('center_axis',(0.,0.,1.));
#7686=DIRECTION('ref_axis',(1.,0.,0.));
#7687=DIRECTION('center_axis',(0.,0.,1.));
#7688=DIRECTION('ref_axis',(1.,0.,0.));
#7689=DIRECTION('center_axis',(0.,0.,1.));
#7690=DIRECTION('ref_axis',(1.,0.,0.));
#7691=DIRECTION('center_axis',(0.,0.,1.));
#7692=DIRECTION('ref_axis',(1.,0.,0.));
#7693=DIRECTION('center_axis',(0.,0.,1.));
#7694=DIRECTION('ref_axis',(1.,0.,0.));
#7695=DIRECTION('center_axis',(0.,0.,1.));
#7696=DIRECTION('ref_axis',(0.707106781186547,0.707106781186547,0.));
#7697=DIRECTION('center_axis',(0.,0.,-1.));
#7698=DIRECTION('ref_axis',(0.707106781186547,0.707106781186547,0.));
#7699=DIRECTION('',(0.,0.,-1.));
#7700=DIRECTION('center_axis',(0.,0.,1.));
#7701=DIRECTION('ref_axis',(0.707106781186547,0.707106781186547,0.));
#7702=DIRECTION('',(0.,0.,1.));
#7703=DIRECTION('center_axis',(1.,0.,0.));
#7704=DIRECTION('ref_axis',(0.,1.,0.));
#7705=DIRECTION('',(0.,1.,0.));
#7706=DIRECTION('',(0.,0.,1.));
#7707=DIRECTION('',(0.,-1.,0.));
#7708=DIRECTION('center_axis',(0.,0.,1.));
#7709=DIRECTION('ref_axis',(1.,0.,0.));
#7710=DIRECTION('',(-1.,0.,0.));
#7711=DIRECTION('center_axis',(0.,0.,-1.));
#7712=DIRECTION('ref_axis',(-0.707106781186547,0.707106781186547,0.));
#7713=DIRECTION('',(0.,-1.,0.));
#7714=DIRECTION('center_axis',(0.,0.,-1.));
#7715=DIRECTION('ref_axis',(-0.707106781186547,-0.707106781186547,0.));
#7716=DIRECTION('',(1.,0.,0.));
#7717=DIRECTION('center_axis',(0.,0.,-1.));
#7718=DIRECTION('ref_axis',(0.707106781186547,-0.707106781186547,0.));
#7719=DIRECTION('center_axis',(0.,0.,1.));
#7720=DIRECTION('ref_axis',(0.707106781186547,-0.707106781186547,0.));
#7721=DIRECTION('',(0.,0.,-1.));
#7722=DIRECTION('center_axis',(0.,0.,1.));
#7723=DIRECTION('ref_axis',(0.707106781186547,-0.707106781186547,0.));
#7724=DIRECTION('center_axis',(0.,-1.,0.));
#7725=DIRECTION('ref_axis',(1.,0.,0.));
#7726=DIRECTION('',(0.,0.,1.));
#7727=DIRECTION('',(-1.,0.,0.));
#7728=DIRECTION('center_axis',(0.,0.,1.));
#7729=DIRECTION('ref_axis',(-0.707106781186547,0.707106781186547,0.));
#7730=DIRECTION('',(0.,0.,-1.));
#7731=DIRECTION('center_axis',(0.,0.,1.));
#7732=DIRECTION('ref_axis',(-0.707106781186547,0.707106781186547,0.));
#7733=DIRECTION('',(0.,0.,1.));
#7734=DIRECTION('center_axis',(0.,1.,0.));
#7735=DIRECTION('ref_axis',(-1.,0.,0.));
#7736=DIRECTION('',(1.,0.,0.));
#7737=DIRECTION('center_axis',(0.,0.,1.));
#7738=DIRECTION('ref_axis',(-0.707106781186547,-0.707106781186547,0.));
#7739=DIRECTION('',(0.,0.,-1.));
#7740=DIRECTION('center_axis',(0.,0.,1.));
#7741=DIRECTION('ref_axis',(-0.707106781186547,-0.707106781186547,0.));
#7742=DIRECTION('center_axis',(-1.,0.,0.));
#7743=DIRECTION('ref_axis',(0.,-1.,0.));
#7744=DIRECTION('',(0.,1.,0.));
#7745=DIRECTION('center_axis',(0.,0.,1.));
#7746=DIRECTION('ref_axis',(1.,0.,0.));
#7747=CARTESIAN_POINT('',(0.,0.,0.));
#7748=CARTESIAN_POINT('Ctrl Pts',(-37.3670918212525,12.5,108.));
#7749=CARTESIAN_POINT('Ctrl Pts',(-37.3670918212525,2.22044604925031E-15,
108.));
#7750=CARTESIAN_POINT('Ctrl Pts',(-24.8670918212525,0.,108.));
#7751=CARTESIAN_POINT('Ctrl Pts',(-12.3670918212525,2.22044604925031E-15,
108.));
#7752=CARTESIAN_POINT('Ctrl Pts',(-12.3670918212525,12.5,108.));
#7753=CARTESIAN_POINT('Ctrl Pts',(-12.3670918212525,25.,108.));
#7754=CARTESIAN_POINT('Ctrl Pts',(-24.8670918212525,25.,108.));
#7755=CARTESIAN_POINT('Ctrl Pts',(-37.3670918212525,25.,108.));
#7756=CARTESIAN_POINT('Ctrl Pts',(-37.3670918212525,12.5,108.));
#7757=CARTESIAN_POINT('Ctrl Pts',(-37.3670918212525,12.5,120.));
#7758=CARTESIAN_POINT('Ctrl Pts',(-37.3670918212525,2.22044604925031E-15,
120.));
#7759=CARTESIAN_POINT('Ctrl Pts',(-24.8670918212525,0.,120.));
#7760=CARTESIAN_POINT('Ctrl Pts',(-12.3670918212525,2.22044604925031E-15,
120.));
#7761=CARTESIAN_POINT('Ctrl Pts',(-12.3670918212525,12.5,120.));
#7762=CARTESIAN_POINT('Ctrl Pts',(-12.3670918212525,25.,120.));
#7763=CARTESIAN_POINT('Ctrl Pts',(-24.8670918212525,25.,120.));
#7764=CARTESIAN_POINT('Ctrl Pts',(-37.3670918212525,25.,120.));
#7765=CARTESIAN_POINT('Ctrl Pts',(-37.3670918212525,12.5,120.));
#7766=CARTESIAN_POINT('Ctrl Pts',(-25.3670918212525,12.5,120.));
#7767=CARTESIAN_POINT('Ctrl Pts',(-25.3670918212525,12.,120.));
#7768=CARTESIAN_POINT('Ctrl Pts',(-24.8670918212525,12.,120.));
#7769=CARTESIAN_POINT('Ctrl Pts',(-24.3670918212525,12.,120.));
#7770=CARTESIAN_POINT('Ctrl Pts',(-24.3670918212525,12.5,120.));
#7771=CARTESIAN_POINT('Ctrl Pts',(-24.3670918212525,13.,120.));
#7772=CARTESIAN_POINT('Ctrl Pts',(-24.8670918212525,13.,120.));
#7773=CARTESIAN_POINT('Ctrl Pts',(-25.3670918212525,13.,120.));
#7774=CARTESIAN_POINT('Ctrl Pts',(-25.3670918212525,12.5,120.));
#7775=CARTESIAN_POINT('',(-25.3670918212525,12.5,120.));
#7776=CARTESIAN_POINT('Origin',(-24.8670918212525,12.5,120.));
#7777=CARTESIAN_POINT('',(-37.3670918212525,12.5,108.));
#7778=CARTESIAN_POINT('Origin',(-25.3670918212525,12.5,108.));
#7779=CARTESIAN_POINT('Origin',(-24.8670918212525,12.5,108.));
#7780=CARTESIAN_POINT('Origin',(-24.8670918212525,12.5,0.));
#7781=CARTESIAN_POINT('',(-37.3670918212525,12.5,5.));
#7782=CARTESIAN_POINT('',(-37.3670918212525,12.5,0.));
#7783=CARTESIAN_POINT('Origin',(-24.8670918212525,12.5,5.));
#7784=CARTESIAN_POINT('Origin',(-24.8670918212525,12.5,120.));
#7785=CARTESIAN_POINT('Ctrl Pts',(52.6180624810764,12.5,108.));
#7786=CARTESIAN_POINT('Ctrl Pts',(52.6180624810764,2.22044604925031E-15,
108.));
#7787=CARTESIAN_POINT('Ctrl Pts',(65.1180624810764,0.,108.));
#7788=CARTESIAN_POINT('Ctrl Pts',(77.6180624810764,2.22044604925031E-15,
108.));
#7789=CARTESIAN_POINT('Ctrl Pts',(77.6180624810764,12.5,108.));
#7790=CARTESIAN_POINT('Ctrl Pts',(77.6180624810764,25.,108.));
#7791=CARTESIAN_POINT('Ctrl Pts',(65.1180624810764,25.,108.));
#7792=CARTESIAN_POINT('Ctrl Pts',(52.6180624810764,25.,108.));
#7793=CARTESIAN_POINT('Ctrl Pts',(52.6180624810764,12.5,108.));
#7794=CARTESIAN_POINT('Ctrl Pts',(52.6180624810764,12.5,120.));
#7795=CARTESIAN_POINT('Ctrl Pts',(52.6180624810764,2.22044604925031E-15,
120.));
#7796=CARTESIAN_POINT('Ctrl Pts',(65.1180624810764,0.,120.));
#7797=CARTESIAN_POINT('Ctrl Pts',(77.6180624810764,2.22044604925031E-15,
120.));
#7798=CARTESIAN_POINT('Ctrl Pts',(77.6180624810764,12.5,120.));
#7799=CARTESIAN_POINT('Ctrl Pts',(77.6180624810764,25.,120.));
#7800=CARTESIAN_POINT('Ctrl Pts',(65.1180624810764,25.,120.));
#7801=CARTESIAN_POINT('Ctrl Pts',(52.6180624810764,25.,120.));
#7802=CARTESIAN_POINT('Ctrl Pts',(52.6180624810764,12.5,120.));
#7803=CARTESIAN_POINT('Ctrl Pts',(64.6180624810764,12.5,120.));
#7804=CARTESIAN_POINT('Ctrl Pts',(64.6180624810764,12.,120.));
#7805=CARTESIAN_POINT('Ctrl Pts',(65.1180624810764,12.,120.));
#7806=CARTESIAN_POINT('Ctrl Pts',(65.6180624810764,12.,120.));
#7807=CARTESIAN_POINT('Ctrl Pts',(65.6180624810764,12.5,120.));
#7808=CARTESIAN_POINT('Ctrl Pts',(65.6180624810764,13.,120.));
#7809=CARTESIAN_POINT('Ctrl Pts',(65.1180624810764,13.,120.));
#7810=CARTESIAN_POINT('Ctrl Pts',(64.6180624810764,13.,120.));
#7811=CARTESIAN_POINT('Ctrl Pts',(64.6180624810764,12.5,120.));
#7812=CARTESIAN_POINT('',(64.6180624810764,12.5,120.));
#7813=CARTESIAN_POINT('Origin',(65.1180624810764,12.5,120.));
#7814=CARTESIAN_POINT('',(52.6180624810764,12.5,108.));
#7815=CARTESIAN_POINT('Origin',(64.6180624810764,12.5,108.));
#7816=CARTESIAN_POINT('Origin',(65.1180624810764,12.5,108.));
#7817=CARTESIAN_POINT('Origin',(65.1180624810764,12.5,0.));
#7818=CARTESIAN_POINT('',(52.6180624810764,12.5,5.));
#7819=CARTESIAN_POINT('',(52.6180624810764,12.5,0.));
#7820=CARTESIAN_POINT('Origin',(65.1180624810764,12.5,5.));
#7821=CARTESIAN_POINT('Origin',(65.1180624810764,12.5,120.));
#7822=CARTESIAN_POINT('Origin',(63.4061315943665,14.8287055379334,0.));
#7823=CARTESIAN_POINT('',(63.4061315943665,14.8287055379334,0.));
#7824=CARTESIAN_POINT('',(66.1823943545289,14.8287055379334,0.));
#7825=CARTESIAN_POINT('',(42.0896265223318,14.8287055379334,0.));
#7826=CARTESIAN_POINT('',(63.4061315943665,14.8287055379334,1.));
#7827=CARTESIAN_POINT('',(63.4061315943665,14.8287055379334,0.));
#7828=CARTESIAN_POINT('',(66.1823943545289,14.8287055379334,1.));
#7829=CARTESIAN_POINT('',(63.4061315943665,14.8287055379334,1.));
#7830=CARTESIAN_POINT('',(66.1823943545289,14.8287055379334,0.));
#7831=CARTESIAN_POINT('Origin',(63.4061315943665,18.3075592404786,0.));
#7832=CARTESIAN_POINT('',(63.4061315943665,18.3075592404786,0.));
#7833=CARTESIAN_POINT('',(63.4061315943665,15.327281702179,0.));
#7834=CARTESIAN_POINT('',(63.4061315943665,18.3075592404786,1.));
#7835=CARTESIAN_POINT('',(63.4061315943665,18.3075592404786,0.));
#7836=CARTESIAN_POINT('',(63.4061315943665,18.3075592404786,1.));
#7837=CARTESIAN_POINT('Ctrl Pts',(63.0923536707826,19.6786377316895,0.));
#7838=CARTESIAN_POINT('Ctrl Pts',(63.0923536707826,19.6786377316895,1.));
#7839=CARTESIAN_POINT('Ctrl Pts',(63.1831477458018,19.5039259238287,0.));
#7840=CARTESIAN_POINT('Ctrl Pts',(63.1831477458018,19.5039259238287,1.));
#7841=CARTESIAN_POINT('Ctrl Pts',(63.4048354437243,19.0773401749641,0.));
#7842=CARTESIAN_POINT('Ctrl Pts',(63.4048354437243,19.0773401749641,1.));
#7843=CARTESIAN_POINT('Ctrl Pts',(63.4056504065004,18.5933356256844,0.));
#7844=CARTESIAN_POINT('Ctrl Pts',(63.4056504065004,18.5933356256844,1.));
#7845=CARTESIAN_POINT('Ctrl Pts',(63.4061315943665,18.3075592404786,0.));
#7846=CARTESIAN_POINT('Ctrl Pts',(63.4061315943665,18.3075592404786,1.));
#7847=CARTESIAN_POINT('',(63.0923536707826,19.6786377316895,0.));
#7848=CARTESIAN_POINT('Ctrl Pts',(63.0923536707826,19.6786377316895,0.));
#7849=CARTESIAN_POINT('Ctrl Pts',(63.1831477458018,19.5039259238287,0.));
#7850=CARTESIAN_POINT('Ctrl Pts',(63.4048354437243,19.0773401749641,0.));
#7851=CARTESIAN_POINT('Ctrl Pts',(63.4056504065004,18.5933356256844,0.));
#7852=CARTESIAN_POINT('Ctrl Pts',(63.4061315943665,18.3075592404786,0.));
#7853=CARTESIAN_POINT('',(63.0923536707826,19.6786377316895,1.));
#7854=CARTESIAN_POINT('',(63.0923536707826,19.6786377316895,0.));
#7855=CARTESIAN_POINT('Ctrl Pts',(63.0923536707826,19.6786377316895,1.));
#7856=CARTESIAN_POINT('Ctrl Pts',(63.1831477458018,19.5039259238287,1.));
#7857=CARTESIAN_POINT('Ctrl Pts',(63.4048354437243,19.0773401749641,1.));
#7858=CARTESIAN_POINT('Ctrl Pts',(63.4056504065004,18.5933356256844,1.));
#7859=CARTESIAN_POINT('Ctrl Pts',(63.4061315943665,18.3075592404786,1.));
#7860=CARTESIAN_POINT('Ctrl Pts',(62.2738006998963,20.0606295949402,0.));
#7861=CARTESIAN_POINT('Ctrl Pts',(62.2738006998963,20.0606295949402,1.));
#7862=CARTESIAN_POINT('Ctrl Pts',(62.4337795260187,20.0451015158581,0.));
#7863=CARTESIAN_POINT('Ctrl Pts',(62.4337795260187,20.0451015158581,1.));
#7864=CARTESIAN_POINT('Ctrl Pts',(62.7518137778543,20.0142320493605,0.));
#7865=CARTESIAN_POINT('Ctrl Pts',(62.7518137778543,20.0142320493605,1.));
#7866=CARTESIAN_POINT('Ctrl Pts',(62.9792989664121,19.790050571009,0.));
#7867=CARTESIAN_POINT('Ctrl Pts',(62.9792989664121,19.790050571009,1.));
#7868=CARTESIAN_POINT('Ctrl Pts',(63.0923536707826,19.6786377316895,0.));
#7869=CARTESIAN_POINT('Ctrl Pts',(63.0923536707826,19.6786377316895,1.));
#7870=CARTESIAN_POINT('',(62.2738006998963,20.0606295949402,0.));
#7871=CARTESIAN_POINT('Ctrl Pts',(62.2738006998963,20.0606295949402,0.));
#7872=CARTESIAN_POINT('Ctrl Pts',(62.4337795260187,20.0451015158581,0.));
#7873=CARTESIAN_POINT('Ctrl Pts',(62.7518137778543,20.0142320493605,0.));
#7874=CARTESIAN_POINT('Ctrl Pts',(62.9792989664121,19.790050571009,0.));
#7875=CARTESIAN_POINT('Ctrl Pts',(63.0923536707826,19.6786377316895,0.));
#7876=CARTESIAN_POINT('',(62.2738006998963,20.0606295949402,1.));
#7877=CARTESIAN_POINT('',(62.2738006998963,20.0606295949402,0.));
#7878=CARTESIAN_POINT('Ctrl Pts',(62.2738006998963,20.0606295949402,1.));
#7879=CARTESIAN_POINT('Ctrl Pts',(62.4337795260187,20.0451015158581,1.));
#7880=CARTESIAN_POINT('Ctrl Pts',(62.7518137778543,20.0142320493605,1.));
#7881=CARTESIAN_POINT('Ctrl Pts',(62.9792989664121,19.790050571009,1.));
#7882=CARTESIAN_POINT('Ctrl Pts',(63.0923536707826,19.6786377316895,1.));
#7883=CARTESIAN_POINT('Ctrl Pts',(61.5643862177796,19.7775456792298,0.));
#7884=CARTESIAN_POINT('Ctrl Pts',(61.5643862177796,19.7775456792298,1.));
#7885=CARTESIAN_POINT('Ctrl Pts',(61.6607248471593,19.8600491802204,0.));
#7886=CARTESIAN_POINT('Ctrl Pts',(61.6607248471593,19.8600491802204,1.));
#7887=CARTESIAN_POINT('Ctrl Pts',(61.8642121467007,20.0343138000036,0.));
#7888=CARTESIAN_POINT('Ctrl Pts',(61.8642121467007,20.0343138000036,1.));
#7889=CARTESIAN_POINT('Ctrl Pts',(62.1325199949274,20.0515524026421,0.));
#7890=CARTESIAN_POINT('Ctrl Pts',(62.1325199949274,20.0515524026421,1.));
#7891=CARTESIAN_POINT('Ctrl Pts',(62.2738006998963,20.0606295949402,0.));
#7892=CARTESIAN_POINT('Ctrl Pts',(62.2738006998963,20.0606295949402,1.));
#7893=CARTESIAN_POINT('',(61.5643862177796,19.7775456792298,0.));
#7894=CARTESIAN_POINT('Ctrl Pts',(61.5643862177796,19.7775456792298,0.));
#7895=CARTESIAN_POINT('Ctrl Pts',(61.6607248471593,19.8600491802204,0.));
#7896=CARTESIAN_POINT('Ctrl Pts',(61.8642121467007,20.0343138000036,0.));
#7897=CARTESIAN_POINT('Ctrl Pts',(62.1325199949274,20.0515524026421,0.));
#7898=CARTESIAN_POINT('Ctrl Pts',(62.2738006998963,20.0606295949402,0.));
#7899=CARTESIAN_POINT('',(61.5643862177796,19.7775456792298,1.));
#7900=CARTESIAN_POINT('',(61.5643862177796,19.7775456792298,0.));
#7901=CARTESIAN_POINT('Ctrl Pts',(61.5643862177796,19.7775456792298,1.));
#7902=CARTESIAN_POINT('Ctrl Pts',(61.6607248471593,19.8600491802204,1.));
#7903=CARTESIAN_POINT('Ctrl Pts',(61.8642121467007,20.0343138000036,1.));
#7904=CARTESIAN_POINT('Ctrl Pts',(62.1325199949274,20.0515524026421,1.));
#7905=CARTESIAN_POINT('Ctrl Pts',(62.2738006998963,20.0606295949402,1.));
#7906=CARTESIAN_POINT('Ctrl Pts',(61.3119986941285,18.8123342877808,0.));
#7907=CARTESIAN_POINT('Ctrl Pts',(61.3119986941285,18.8123342877808,1.));
#7908=CARTESIAN_POINT('Ctrl Pts',(61.3140881247035,19.0119763990866,0.));
#7909=CARTESIAN_POINT('Ctrl Pts',(61.3140881247035,19.0119763990866,1.));
#7910=CARTESIAN_POINT('Ctrl Pts',(61.3177009473228,19.3571764474138,0.));
#7911=CARTESIAN_POINT('Ctrl Pts',(61.3177009473228,19.3571764474138,1.));
#7912=CARTESIAN_POINT('Ctrl Pts',(61.4912198096248,19.6528649200834,0.));
#7913=CARTESIAN_POINT('Ctrl Pts',(61.4912198096248,19.6528649200834,1.));
#7914=CARTESIAN_POINT('Ctrl Pts',(61.5643862177796,19.7775456792298,0.));
#7915=CARTESIAN_POINT('Ctrl Pts',(61.5643862177796,19.7775456792298,1.));
#7916=CARTESIAN_POINT('',(61.3119986941285,18.8123342877808,0.));
#7917=CARTESIAN_POINT('Ctrl Pts',(61.3119986941285,18.8123342877808,0.));
#7918=CARTESIAN_POINT('Ctrl Pts',(61.3140881247035,19.0119763990866,0.));
#7919=CARTESIAN_POINT('Ctrl Pts',(61.3177009473228,19.3571764474138,0.));
#7920=CARTESIAN_POINT('Ctrl Pts',(61.4912198096248,19.6528649200834,0.));
#7921=CARTESIAN_POINT('Ctrl Pts',(61.5643862177796,19.7775456792298,0.));
#7922=CARTESIAN_POINT('',(61.3119986941285,18.8123342877808,1.));
#7923=CARTESIAN_POINT('',(61.3119986941285,18.8123342877808,0.));
#7924=CARTESIAN_POINT('Ctrl Pts',(61.3119986941285,18.8123342877808,1.));
#7925=CARTESIAN_POINT('Ctrl Pts',(61.3140881247035,19.0119763990866,1.));
#7926=CARTESIAN_POINT('Ctrl Pts',(61.3177009473228,19.3571764474138,1.));
#7927=CARTESIAN_POINT('Ctrl Pts',(61.4912198096248,19.6528649200834,1.));
#7928=CARTESIAN_POINT('Ctrl Pts',(61.5643862177796,19.7775456792298,1.));
#7929=CARTESIAN_POINT('Origin',(61.3119986941285,14.8287055379334,0.));
#7930=CARTESIAN_POINT('',(61.3119986941285,14.8287055379334,0.));
#7931=CARTESIAN_POINT('',(61.3119986941285,13.5878548509064,0.));
#7932=CARTESIAN_POINT('',(61.3119986941285,14.8287055379334,1.));
#7933=CARTESIAN_POINT('',(61.3119986941285,14.8287055379334,0.));
#7934=CARTESIAN_POINT('',(61.3119986941285,14.8287055379334,1.));
#7935=CARTESIAN_POINT('Origin',(58.52209362287,14.8287055379334,0.));
#7936=CARTESIAN_POINT('',(58.52209362287,14.8287055379334,0.));
#7937=CARTESIAN_POINT('',(39.6476075365835,14.8287055379334,0.));
#7938=CARTESIAN_POINT('',(58.52209362287,14.8287055379334,1.));
#7939=CARTESIAN_POINT('',(58.52209362287,14.8287055379334,0.));
#7940=CARTESIAN_POINT('',(58.52209362287,14.8287055379334,1.));
#7941=CARTESIAN_POINT('Origin',(58.52209362287,19.4330713635865,0.));
#7942=CARTESIAN_POINT('',(58.52209362287,19.4330713635865,0.));
#7943=CARTESIAN_POINT('',(58.52209362287,15.8900377637329,0.));
#7944=CARTESIAN_POINT('',(58.52209362287,19.4330713635865,1.));
#7945=CARTESIAN_POINT('',(58.52209362287,19.4330713635865,0.));
#7946=CARTESIAN_POINT('',(58.52209362287,19.4330713635865,1.));
#7947=CARTESIAN_POINT('Ctrl Pts',(59.1735270907349,21.5476677304688,0.));
#7948=CARTESIAN_POINT('Ctrl Pts',(59.1735270907349,21.5476677304688,1.));
#7949=CARTESIAN_POINT('Ctrl Pts',(58.984135059576,21.2654288585326,0.));
#7950=CARTESIAN_POINT('Ctrl Pts',(58.984135059576,21.2654288585326,1.));
#7951=CARTESIAN_POINT('Ctrl Pts',(58.557727345327,20.6299806217821,0.));
#7952=CARTESIAN_POINT('Ctrl Pts',(58.557727345327,20.6299806217821,1.));
#7953=CARTESIAN_POINT('Ctrl Pts',(58.5348241824237,19.8606810417586,0.));
#7954=CARTESIAN_POINT('Ctrl Pts',(58.5348241824237,19.8606810417586,1.));
#7955=CARTESIAN_POINT('Ctrl Pts',(58.52209362287,19.4330713635865,0.));
#7956=CARTESIAN_POINT('Ctrl Pts',(58.52209362287,19.4330713635865,1.));
#7957=CARTESIAN_POINT('',(59.1735270907349,21.5476677304688,0.));
#7958=CARTESIAN_POINT('Ctrl Pts',(59.1735270907349,21.5476677304688,0.));
#7959=CARTESIAN_POINT('Ctrl Pts',(58.984135059576,21.2654288585326,0.));
#7960=CARTESIAN_POINT('Ctrl Pts',(58.557727345327,20.6299806217821,0.));
#7961=CARTESIAN_POINT('Ctrl Pts',(58.5348241824237,19.8606810417586,0.));
#7962=CARTESIAN_POINT('Ctrl Pts',(58.52209362287,19.4330713635865,0.));
#7963=CARTESIAN_POINT('',(59.1735270907349,21.5476677304688,1.));
#7964=CARTESIAN_POINT('',(59.1735270907349,21.5476677304688,0.));
#7965=CARTESIAN_POINT('Ctrl Pts',(59.1735270907349,21.5476677304688,1.));
#7966=CARTESIAN_POINT('Ctrl Pts',(58.984135059576,21.2654288585326,1.));
#7967=CARTESIAN_POINT('Ctrl Pts',(58.557727345327,20.6299806217821,1.));
#7968=CARTESIAN_POINT('Ctrl Pts',(58.5348241824237,19.8606810417586,1.));
#7969=CARTESIAN_POINT('Ctrl Pts',(58.52209362287,19.4330713635865,1.));
#7970=CARTESIAN_POINT('Ctrl Pts',(60.9572914530701,22.2366187459412,0.));
#7971=CARTESIAN_POINT('Ctrl Pts',(60.9572914530701,22.2366187459412,1.));
#7972=CARTESIAN_POINT('Ctrl Pts',(60.6060046651359,22.2141212116535,0.));
#7973=CARTESIAN_POINT('Ctrl Pts',(60.6060046651359,22.2141212116535,1.));
#7974=CARTESIAN_POINT('Ctrl Pts',(59.9369564478467,22.1712732147301,0.));
#7975=CARTESIAN_POINT('Ctrl Pts',(59.9369564478467,22.1712732147301,1.));
#7976=CARTESIAN_POINT('Ctrl Pts',(59.419358092238,21.748474208908,0.));
#7977=CARTESIAN_POINT('Ctrl Pts',(59.419358092238,21.748474208908,1.));
#7978=CARTESIAN_POINT('Ctrl Pts',(59.1735270907349,21.5476677304688,0.));
#7979=CARTESIAN_POINT('Ctrl Pts',(59.1735270907349,21.5476677304688,1.));
#7980=CARTESIAN_POINT('',(60.9572914530701,22.2366187459412,0.));
#7981=CARTESIAN_POINT('Ctrl Pts',(60.9572914530701,22.2366187459412,0.));
#7982=CARTESIAN_POINT('Ctrl Pts',(60.6060046651359,22.2141212116535,0.));
#7983=CARTESIAN_POINT('Ctrl Pts',(59.9369564478467,22.1712732147301,0.));
#7984=CARTESIAN_POINT('Ctrl Pts',(59.419358092238,21.748474208908,0.));
#7985=CARTESIAN_POINT('Ctrl Pts',(59.1735270907349,21.5476677304688,0.));
#7986=CARTESIAN_POINT('',(60.9572914530701,22.2366187459412,1.));
#7987=CARTESIAN_POINT('',(60.9572914530701,22.2366187459412,0.));
#7988=CARTESIAN_POINT('Ctrl Pts',(60.9572914530701,22.2366187459412,1.));
#7989=CARTESIAN_POINT('Ctrl Pts',(60.6060046651359,22.2141212116535,1.));
#7990=CARTESIAN_POINT('Ctrl Pts',(59.9369564478467,22.1712732147301,1.));
#7991=CARTESIAN_POINT('Ctrl Pts',(59.419358092238,21.748474208908,1.));
#7992=CARTESIAN_POINT('Ctrl Pts',(59.1735270907349,21.5476677304688,1.));
#7993=CARTESIAN_POINT('Ctrl Pts',(62.2806194712586,21.9842312222901,0.));
#7994=CARTESIAN_POINT('Ctrl Pts',(62.2806194712586,21.9842312222901,1.));
#7995=CARTESIAN_POINT('Ctrl Pts',(62.0791768602436,22.0577805912799,0.));
#7996=CARTESIAN_POINT('Ctrl Pts',(62.0791768602436,22.0577805912799,1.));
#7997=CARTESIAN_POINT('Ctrl Pts',(61.652202405372,22.2136746276626,0.));
#7998=CARTESIAN_POINT('Ctrl Pts',(61.652202405372,22.2136746276626,1.));
#7999=CARTESIAN_POINT('Ctrl Pts',(61.1974800132331,22.2286883561333,0.));
#8000=CARTESIAN_POINT('Ctrl Pts',(61.1974800132331,22.2286883561333,1.));
#8001=CARTESIAN_POINT('Ctrl Pts',(60.9572914530701,22.2366187459412,0.));
#8002=CARTESIAN_POINT('Ctrl Pts',(60.9572914530701,22.2366187459412,1.));
#8003=CARTESIAN_POINT('',(62.2806194712586,21.9842312222901,0.));
#8004=CARTESIAN_POINT('Ctrl Pts',(62.2806194712586,21.9842312222901,0.));
#8005=CARTESIAN_POINT('Ctrl Pts',(62.0791768602436,22.0577805912799,0.));
#8006=CARTESIAN_POINT('Ctrl Pts',(61.652202405372,22.2136746276626,0.));
#8007=CARTESIAN_POINT('Ctrl Pts',(61.1974800132331,22.2286883561333,0.));
#8008=CARTESIAN_POINT('Ctrl Pts',(60.9572914530701,22.2366187459412,0.));
#8009=CARTESIAN_POINT('',(62.2806194712586,21.9842312222901,1.));
#8010=CARTESIAN_POINT('',(62.2806194712586,21.9842312222901,0.));
#8011=CARTESIAN_POINT('Ctrl Pts',(62.2806194712586,21.9842312222901,1.));
#8012=CARTESIAN_POINT('Ctrl Pts',(62.0791768602436,22.0577805912799,1.));
#8013=CARTESIAN_POINT('Ctrl Pts',(61.652202405372,22.2136746276626,1.));
#8014=CARTESIAN_POINT('Ctrl Pts',(61.1974800132331,22.2286883561333,1.));
#8015=CARTESIAN_POINT('Ctrl Pts',(60.9572914530701,22.2366187459412,1.));
#8016=CARTESIAN_POINT('Ctrl Pts',(63.4061315943665,21.1452124005738,0.));
#8017=CARTESIAN_POINT('Ctrl Pts',(63.4061315943665,21.1452124005738,1.));
#8018=CARTESIAN_POINT('Ctrl Pts',(63.2255068415405,21.3231478057167,0.));
#8019=CARTESIAN_POINT('Ctrl Pts',(63.2255068415405,21.3231478057167,1.));
#8020=CARTESIAN_POINT('Ctrl Pts',(62.8886630505462,21.6549762815081,0.));
#8021=CARTESIAN_POINT('Ctrl Pts',(62.8886630505462,21.6549762815081,1.));
#8022=CARTESIAN_POINT('Ctrl Pts',(62.4732683133586,21.8799120825803,0.));
#8023=CARTESIAN_POINT('Ctrl Pts',(62.4732683133586,21.8799120825803,1.));
#8024=CARTESIAN_POINT('Ctrl Pts',(62.2806194712586,21.9842312222901,0.));
#8025=CARTESIAN_POINT('Ctrl Pts',(62.2806194712586,21.9842312222901,1.));
#8026=CARTESIAN_POINT('',(63.4061315943665,21.1452124005738,0.));
#8027=CARTESIAN_POINT('Ctrl Pts',(63.4061315943665,21.1452124005738,0.));
#8028=CARTESIAN_POINT('Ctrl Pts',(63.2255068415405,21.3231478057167,0.));
#8029=CARTESIAN_POINT('Ctrl Pts',(62.8886630505462,21.6549762815081,0.));
#8030=CARTESIAN_POINT('Ctrl Pts',(62.4732683133586,21.8799120825803,0.));
#8031=CARTESIAN_POINT('Ctrl Pts',(62.2806194712586,21.9842312222901,0.));
#8032=CARTESIAN_POINT('',(63.4061315943665,21.1452124005738,1.));
#8033=CARTESIAN_POINT('',(63.4061315943665,21.1452124005738,0.));
#8034=CARTESIAN_POINT('Ctrl Pts',(63.4061315943665,21.1452124005738,1.));
#8035=CARTESIAN_POINT('Ctrl Pts',(63.2255068415405,21.3231478057167,1.));
#8036=CARTESIAN_POINT('Ctrl Pts',(62.8886630505462,21.6549762815081,1.));
#8037=CARTESIAN_POINT('Ctrl Pts',(62.4732683133586,21.8799120825803,1.));
#8038=CARTESIAN_POINT('Ctrl Pts',(62.2806194712586,21.9842312222901,1.));
#8039=CARTESIAN_POINT('Origin',(63.4061315943665,24.8287055379334,0.));
#8040=CARTESIAN_POINT('',(63.4061315943665,24.8287055379334,0.));
#8041=CARTESIAN_POINT('',(63.4061315943665,18.5878548509064,0.));
#8042=CARTESIAN_POINT('',(63.4061315943665,24.8287055379334,1.));
#8043=CARTESIAN_POINT('',(63.4061315943665,24.8287055379334,0.));
#8044=CARTESIAN_POINT('',(63.4061315943665,24.8287055379334,1.));
#8045=CARTESIAN_POINT('Origin',(66.1823943545289,24.8287055379334,0.));
#8046=CARTESIAN_POINT('',(66.1823943545289,24.8287055379334,0.));
#8047=CARTESIAN_POINT('',(43.477757902413,24.8287055379334,0.));
#8048=CARTESIAN_POINT('',(66.1823943545289,24.8287055379334,1.));
#8049=CARTESIAN_POINT('',(66.1823943545289,24.8287055379334,0.));
#8050=CARTESIAN_POINT('',(66.1823943545289,24.8287055379334,1.));
#8051=CARTESIAN_POINT('Origin',(66.1823943545289,14.8287055379334,0.));
#8052=CARTESIAN_POINT('',(66.1823943545289,13.5878548509064,0.));
#8053=CARTESIAN_POINT('',(66.1823943545289,14.8287055379334,1.));
#8054=CARTESIAN_POINT('Origin',(20.7731232335038,9.89691590132145,1.));
#8055=CARTESIAN_POINT('Origin',(44.729459612555,14.8287055379334,0.));
#8056=CARTESIAN_POINT('',(44.729459612555,14.8287055379334,0.));
#8057=CARTESIAN_POINT('',(47.5193670679993,14.8287055379334,0.));
#8058=CARTESIAN_POINT('',(32.7512905314261,14.8287055379334,0.));
#8059=CARTESIAN_POINT('',(44.729459612555,14.8287055379334,1.));
#8060=CARTESIAN_POINT('',(44.729459612555,14.8287055379334,0.));
#8061=CARTESIAN_POINT('',(47.5193670679993,14.8287055379334,1.));
#8062=CARTESIAN_POINT('',(44.729459612555,14.8287055379334,1.));
#8063=CARTESIAN_POINT('',(47.5193670679993,14.8287055379334,0.));
#8064=CARTESIAN_POINT('Origin',(44.729459612555,17.2570822125855,0.));
#8065=CARTESIAN_POINT('',(44.729459612555,17.2570822125855,0.));
#8066=CARTESIAN_POINT('',(44.729459612555,14.8020431882324,0.));
#8067=CARTESIAN_POINT('',(44.729459612555,17.2570822125855,1.));
#8068=CARTESIAN_POINT('',(44.729459612555,17.2570822125855,0.));
#8069=CARTESIAN_POINT('',(44.729459612555,17.2570822125855,1.));
#8070=CARTESIAN_POINT('Ctrl Pts',(44.2997196604676,19.630887258667,0.));
#8071=CARTESIAN_POINT('Ctrl Pts',(44.2997196604676,19.630887258667,1.));
#8072=CARTESIAN_POINT('Ctrl Pts',(44.4238024517771,19.3308319873113,0.));
#8073=CARTESIAN_POINT('Ctrl Pts',(44.4238024517771,19.3308319873113,1.));
#8074=CARTESIAN_POINT('Ctrl Pts',(44.7363357418106,18.5750683543447,0.));
#8075=CARTESIAN_POINT('Ctrl Pts',(44.7363357418106,18.5750683543447,1.));
#8076=CARTESIAN_POINT('Ctrl Pts',(44.7320461433302,17.7528570286566,0.));
#8077=CARTESIAN_POINT('Ctrl Pts',(44.7320461433302,17.7528570286566,1.));
#8078=CARTESIAN_POINT('Ctrl Pts',(44.729459612555,17.2570822125855,0.));
#8079=CARTESIAN_POINT('Ctrl Pts',(44.729459612555,17.2570822125855,1.));
#8080=CARTESIAN_POINT('',(44.2997196604676,19.630887258667,0.));
#8081=CARTESIAN_POINT('Ctrl Pts',(44.2997196604676,19.630887258667,0.));
#8082=CARTESIAN_POINT('Ctrl Pts',(44.4238024517771,19.3308319873113,0.));
#8083=CARTESIAN_POINT('Ctrl Pts',(44.7363357418106,18.5750683543447,0.));
#8084=CARTESIAN_POINT('Ctrl Pts',(44.7320461433302,17.7528570286566,0.));
#8085=CARTESIAN_POINT('Ctrl Pts',(44.729459612555,17.2570822125855,0.));
#8086=CARTESIAN_POINT('',(44.2997196604676,19.630887258667,1.));
#8087=CARTESIAN_POINT('',(44.2997196604676,19.630887258667,0.));
#8088=CARTESIAN_POINT('Ctrl Pts',(44.2997196604676,19.630887258667,1.));
#8089=CARTESIAN_POINT('Ctrl Pts',(44.4238024517771,19.3308319873113,1.));
#8090=CARTESIAN_POINT('Ctrl Pts',(44.7363357418106,18.5750683543447,1.));
#8091=CARTESIAN_POINT('Ctrl Pts',(44.7320461433302,17.7528570286566,1.));
#8092=CARTESIAN_POINT('Ctrl Pts',(44.729459612555,17.2570822125855,1.));
#8093=CARTESIAN_POINT('Ctrl Pts',(43.453882067389,20.0810930615845,0.));
#8094=CARTESIAN_POINT('Ctrl Pts',(43.453882067389,20.0810930615845,1.));
#8095=CARTESIAN_POINT('Ctrl Pts',(43.6254217420246,20.0625261296899,0.));
#8096=CARTESIAN_POINT('Ctrl Pts',(43.6254217420246,20.0625261296899,1.));
#8097=CARTESIAN_POINT('Ctrl Pts',(43.9676277008316,20.0254867990243,0.));
#8098=CARTESIAN_POINT('Ctrl Pts',(43.9676277008316,20.0254867990243,1.));
#8099=CARTESIAN_POINT('Ctrl Pts',(44.1892108514411,19.7621964457219,0.));
#8100=CARTESIAN_POINT('Ctrl Pts',(44.1892108514411,19.7621964457219,1.));
#8101=CARTESIAN_POINT('Ctrl Pts',(44.2997196604676,19.630887258667,0.));
#8102=CARTESIAN_POINT('Ctrl Pts',(44.2997196604676,19.630887258667,1.));
#8103=CARTESIAN_POINT('',(43.453882067389,20.0810930615845,0.));
#8104=CARTESIAN_POINT('Ctrl Pts',(43.453882067389,20.0810930615845,0.));
#8105=CARTESIAN_POINT('Ctrl Pts',(43.6254217420246,20.0625261296899,0.));
#8106=CARTESIAN_POINT('Ctrl Pts',(43.9676277008316,20.0254867990243,0.));
#8107=CARTESIAN_POINT('Ctrl Pts',(44.1892108514411,19.7621964457219,0.));
#8108=CARTESIAN_POINT('Ctrl Pts',(44.2997196604676,19.630887258667,0.));
#8109=CARTESIAN_POINT('',(43.453882067389,20.0810930615845,1.));
#8110=CARTESIAN_POINT('',(43.453882067389,20.0810930615845,0.));
#8111=CARTESIAN_POINT('Ctrl Pts',(43.453882067389,20.0810930615845,1.));
#8112=CARTESIAN_POINT('Ctrl Pts',(43.6254217420246,20.0625261296899,1.));
#8113=CARTESIAN_POINT('Ctrl Pts',(43.9676277008316,20.0254867990243,1.));
#8114=CARTESIAN_POINT('Ctrl Pts',(44.1892108514411,19.7621964457219,1.));
#8115=CARTESIAN_POINT('Ctrl Pts',(44.2997196604676,19.630887258667,1.));
#8116=CARTESIAN_POINT('Ctrl Pts',(42.6762560297913,19.8764536267701,0.));
#8117=CARTESIAN_POINT('Ctrl Pts',(42.6762560297913,19.8764536267701,1.));
#8118=CARTESIAN_POINT('Ctrl Pts',(42.8209186093756,19.9356611042886,0.));
#8119=CARTESIAN_POINT('Ctrl Pts',(42.8209186093756,19.9356611042886,1.));
#8120=CARTESIAN_POINT('Ctrl Pts',(43.0716026304583,20.0382610204878,0.));
#8121=CARTESIAN_POINT('Ctrl Pts',(43.0716026304583,20.0382610204878,1.));
#8122=CARTESIAN_POINT('Ctrl Pts',(43.3402594257134,20.0683623489497,0.));
#8123=CARTESIAN_POINT('Ctrl Pts',(43.3402594257134,20.0683623489497,1.));
#8124=CARTESIAN_POINT('Ctrl Pts',(43.453882067389,20.0810930615845,0.));
#8125=CARTESIAN_POINT('Ctrl Pts',(43.453882067389,20.0810930615845,1.));
#8126=CARTESIAN_POINT('',(42.6762560297913,19.8764536267701,0.));
#8127=CARTESIAN_POINT('Ctrl Pts',(42.6762560297913,19.8764536267701,0.));
#8128=CARTESIAN_POINT('Ctrl Pts',(42.8209186093756,19.9356611042886,0.));
#8129=CARTESIAN_POINT('Ctrl Pts',(43.0716026304583,20.0382610204878,0.));
#8130=CARTESIAN_POINT('Ctrl Pts',(43.3402594257134,20.0683623489497,0.));
#8131=CARTESIAN_POINT('Ctrl Pts',(43.453882067389,20.0810930615845,0.));
#8132=CARTESIAN_POINT('',(42.6762560297913,19.8764536267701,1.));
#8133=CARTESIAN_POINT('',(42.6762560297913,19.8764536267701,0.));
#8134=CARTESIAN_POINT('Ctrl Pts',(42.6762560297913,19.8764536267701,1.));
#8135=CARTESIAN_POINT('Ctrl Pts',(42.8209186093756,19.9356611042886,1.));
#8136=CARTESIAN_POINT('Ctrl Pts',(43.0716026304583,20.0382610204878,1.));
#8137=CARTESIAN_POINT('Ctrl Pts',(43.3402594257134,20.0683623489497,1.));
#8138=CARTESIAN_POINT('Ctrl Pts',(43.453882067389,20.0810930615845,1.));
#8139=CARTESIAN_POINT('Origin',(41.816771357245,21.8546268826905,0.));
#8140=CARTESIAN_POINT('',(41.816771357245,21.8546268826905,0.));
#8141=CARTESIAN_POINT('',(41.8833803591832,21.7013208954558,0.));
#8142=CARTESIAN_POINT('',(41.816771357245,21.8546268826905,1.));
#8143=CARTESIAN_POINT('',(41.816771357245,21.8546268826905,0.));
#8144=CARTESIAN_POINT('',(41.816771357245,21.8546268826905,1.));
#8145=CARTESIAN_POINT('Ctrl Pts',(43.1605652262635,22.2366187459412,0.));
#8146=CARTESIAN_POINT('Ctrl Pts',(43.1605652262635,22.2366187459412,1.));
#8147=CARTESIAN_POINT('Ctrl Pts',(42.943086601395,22.2163661613628,0.));
#8148=CARTESIAN_POINT('Ctrl Pts',(42.943086601395,22.2163661613628,1.));
#8149=CARTESIAN_POINT('Ctrl Pts',(42.4722525593438,22.1725199844579,0.));
#8150=CARTESIAN_POINT('Ctrl Pts',(42.4722525593438,22.1725199844579,1.));
#8151=CARTESIAN_POINT('Ctrl Pts',(42.0460894055756,21.9658407900332,0.));
#8152=CARTESIAN_POINT('Ctrl Pts',(42.0460894055756,21.9658407900332,1.));
#8153=CARTESIAN_POINT('Ctrl Pts',(41.816771357245,21.8546268826905,0.));
#8154=CARTESIAN_POINT('Ctrl Pts',(41.816771357245,21.8546268826905,1.));
#8155=CARTESIAN_POINT('',(43.1605652262635,22.2366187459412,0.));
#8156=CARTESIAN_POINT('Ctrl Pts',(43.1605652262635,22.2366187459412,0.));
#8157=CARTESIAN_POINT('Ctrl Pts',(42.943086601395,22.2163661613628,0.));
#8158=CARTESIAN_POINT('Ctrl Pts',(42.4722525593438,22.1725199844579,0.));
#8159=CARTESIAN_POINT('Ctrl Pts',(42.0460894055756,21.9658407900332,0.));
#8160=CARTESIAN_POINT('Ctrl Pts',(41.816771357245,21.8546268826905,0.));
#8161=CARTESIAN_POINT('',(43.1605652262635,22.2366187459412,1.));
#8162=CARTESIAN_POINT('',(43.1605652262635,22.2366187459412,0.));
#8163=CARTESIAN_POINT('Ctrl Pts',(43.1605652262635,22.2366187459412,1.));
#8164=CARTESIAN_POINT('Ctrl Pts',(42.943086601395,22.2163661613628,1.));
#8165=CARTESIAN_POINT('Ctrl Pts',(42.4722525593438,22.1725199844579,1.));
#8166=CARTESIAN_POINT('Ctrl Pts',(42.0460894055756,21.9658407900332,1.));
#8167=CARTESIAN_POINT('Ctrl Pts',(41.816771357245,21.8546268826905,1.));
#8168=CARTESIAN_POINT('Ctrl Pts',(44.1462400843568,21.9467136746827,0.));
#8169=CARTESIAN_POINT('Ctrl Pts',(44.1462400843568,21.9467136746827,1.));
#8170=CARTESIAN_POINT('Ctrl Pts',(44.0012289499158,22.0312189965105,0.));
#8171=CARTESIAN_POINT('Ctrl Pts',(44.0012289499158,22.0312189965105,1.));
#8172=CARTESIAN_POINT('Ctrl Pts',(43.6970449488768,22.2084823977092,0.));
#8173=CARTESIAN_POINT('Ctrl Pts',(43.6970449488768,22.2084823977092,1.));
#8174=CARTESIAN_POINT('Ctrl Pts',(43.3448573373432,22.2269533162983,0.));
#8175=CARTESIAN_POINT('Ctrl Pts',(43.3448573373432,22.2269533162983,1.));
#8176=CARTESIAN_POINT('Ctrl Pts',(43.1605652262635,22.2366187459412,0.));
#8177=CARTESIAN_POINT('Ctrl Pts',(43.1605652262635,22.2366187459412,1.));
#8178=CARTESIAN_POINT('',(44.1462400843568,21.9467136746827,0.));
#8179=CARTESIAN_POINT('Ctrl Pts',(44.1462400843568,21.9467136746827,0.));
#8180=CARTESIAN_POINT('Ctrl Pts',(44.0012289499158,22.0312189965105,0.));
#8181=CARTESIAN_POINT('Ctrl Pts',(43.6970449488768,22.2084823977092,0.));
#8182=CARTESIAN_POINT('Ctrl Pts',(43.3448573373432,22.2269533162983,0.));
#8183=CARTESIAN_POINT('Ctrl Pts',(43.1605652262635,22.2366187459412,0.));
#8184=CARTESIAN_POINT('',(44.1462400843568,21.9467136746827,1.));
#8185=CARTESIAN_POINT('',(44.1462400843568,21.9467136746827,0.));
#8186=CARTESIAN_POINT('Ctrl Pts',(44.1462400843568,21.9467136746827,1.));
#8187=CARTESIAN_POINT('Ctrl Pts',(44.0012289499158,22.0312189965105,1.));
#8188=CARTESIAN_POINT('Ctrl Pts',(43.6970449488768,22.2084823977092,1.));
#8189=CARTESIAN_POINT('Ctrl Pts',(43.3448573373432,22.2269533162983,1.));
#8190=CARTESIAN_POINT('Ctrl Pts',(43.1605652262635,22.2366187459412,1.));
#8191=CARTESIAN_POINT('Ctrl Pts',(44.9204567362733,20.8860037213745,0.));
#8192=CARTESIAN_POINT('Ctrl Pts',(44.9204567362733,20.8860037213745,1.));
#8193=CARTESIAN_POINT('Ctrl Pts',(44.8067725814423,21.1129602357288,0.));
#8194=CARTESIAN_POINT('Ctrl Pts',(44.8067725814423,21.1129602357288,1.));
#8195=CARTESIAN_POINT('Ctrl Pts',(44.6074367407907,21.5109098677372,0.));
#8196=CARTESIAN_POINT('Ctrl Pts',(44.6074367407907,21.5109098677372,1.));
#8197=CARTESIAN_POINT('Ctrl Pts',(44.2848506109556,21.8157348518057,0.));
#8198=CARTESIAN_POINT('Ctrl Pts',(44.2848506109556,21.8157348518057,1.));
#8199=CARTESIAN_POINT('Ctrl Pts',(44.1462400843568,21.9467136746827,0.));
#8200=CARTESIAN_POINT('Ctrl Pts',(44.1462400843568,21.9467136746827,1.));
#8201=CARTESIAN_POINT('',(44.9204567362733,20.8860037213745,0.));
#8202=CARTESIAN_POINT('Ctrl Pts',(44.9204567362733,20.8860037213745,0.));
#8203=CARTESIAN_POINT('Ctrl Pts',(44.8067725814423,21.1129602357288,0.));
#8204=CARTESIAN_POINT('Ctrl Pts',(44.6074367407907,21.5109098677372,0.));
#8205=CARTESIAN_POINT('Ctrl Pts',(44.2848506109556,21.8157348518057,0.));
#8206=CARTESIAN_POINT('Ctrl Pts',(44.1462400843568,21.9467136746827,0.));
#8207=CARTESIAN_POINT('',(44.9204567362733,20.8860037213745,1.));
#8208=CARTESIAN_POINT('',(44.9204567362733,20.8860037213745,0.));
#8209=CARTESIAN_POINT('Ctrl Pts',(44.9204567362733,20.8860037213745,1.));
#8210=CARTESIAN_POINT('Ctrl Pts',(44.8067725814423,21.1129602357288,1.));
#8211=CARTESIAN_POINT('Ctrl Pts',(44.6074367407907,21.5109098677372,1.));
#8212=CARTESIAN_POINT('Ctrl Pts',(44.2848506109556,21.8157348518057,1.));
#8213=CARTESIAN_POINT('Ctrl Pts',(44.1462400843568,21.9467136746827,1.));
#8214=CARTESIAN_POINT('Origin',(44.9204567362733,22.0729086286011,0.));
#8215=CARTESIAN_POINT('',(44.9204567362733,22.0729086286011,0.));
#8216=CARTESIAN_POINT('',(44.9204567362733,17.2099563962403,0.));
#8217=CARTESIAN_POINT('',(44.9204567362733,22.0729086286011,1.));
#8218=CARTESIAN_POINT('',(44.9204567362733,22.0729086286011,0.));
#8219=CARTESIAN_POINT('',(44.9204567362733,22.0729086286011,1.));
#8220=CARTESIAN_POINT('Origin',(47.5193670679993,22.0729086286011,0.));
#8221=CARTESIAN_POINT('',(47.5193670679993,22.0729086286011,0.));
#8222=CARTESIAN_POINT('',(34.1462442591482,22.0729086286011,0.));
#8223=CARTESIAN_POINT('',(47.5193670679993,22.0729086286011,1.));
#8224=CARTESIAN_POINT('',(47.5193670679993,22.0729086286011,0.));
#8225=CARTESIAN_POINT('',(47.5193670679993,22.0729086286011,1.));
#8226=CARTESIAN_POINT('Origin',(47.5193670679993,14.8287055379334,0.));
#8227=CARTESIAN_POINT('',(47.5193670679993,13.5878548509064,0.));
#8228=CARTESIAN_POINT('',(47.5193670679993,14.8287055379334,1.));
#8229=CARTESIAN_POINT('Origin',(20.7731232335038,9.89691590132145,1.));
#8230=CARTESIAN_POINT('Ctrl Pts',(21.9088629176087,16.9808194524231,0.));
#8231=CARTESIAN_POINT('Ctrl Pts',(21.9088629176087,16.9808194524231,1.));
#8232=CARTESIAN_POINT('Ctrl Pts',(21.8602243410607,17.1035862491604,0.));
#8233=CARTESIAN_POINT('Ctrl Pts',(21.8602243410607,17.1035862491604,1.));
#8234=CARTESIAN_POINT('Ctrl Pts',(21.753230007375,17.3736466116931,0.));
#8235=CARTESIAN_POINT('Ctrl Pts',(21.753230007375,17.3736466116931,1.));
#8236=CARTESIAN_POINT('Ctrl Pts',(21.7457957481625,17.6645733618948,0.));
#8237=CARTESIAN_POINT('Ctrl Pts',(21.7457957481625,17.6645733618948,1.));
#8238=CARTESIAN_POINT('Ctrl Pts',(21.7417410304017,17.8232476598206,0.));
#8239=CARTESIAN_POINT('Ctrl Pts',(21.7417410304017,17.8232476598206,1.));
#8240=CARTESIAN_POINT('',(21.9088629176087,16.9808194524231,0.));
#8241=CARTESIAN_POINT('',(21.7417410304017,17.8232476598206,0.));
#8242=CARTESIAN_POINT('Ctrl Pts',(21.9088629176087,16.9808194524231,0.));
#8243=CARTESIAN_POINT('Ctrl Pts',(21.8602243410607,17.1035862491604,0.));
#8244=CARTESIAN_POINT('Ctrl Pts',(21.753230007375,17.3736466116931,0.));
#8245=CARTESIAN_POINT('Ctrl Pts',(21.7457957481625,17.6645733618948,0.));
#8246=CARTESIAN_POINT('Ctrl Pts',(21.7417410304017,17.8232476598206,0.));
#8247=CARTESIAN_POINT('',(21.9088629176087,16.9808194524231,1.));
#8248=CARTESIAN_POINT('',(21.9088629176087,16.9808194524231,0.));
#8249=CARTESIAN_POINT('',(21.7417410304017,17.8232476598206,1.));
#8250=CARTESIAN_POINT('Ctrl Pts',(21.9088629176087,16.9808194524231,1.));
#8251=CARTESIAN_POINT('Ctrl Pts',(21.8602243410607,17.1035862491604,1.));
#8252=CARTESIAN_POINT('Ctrl Pts',(21.753230007375,17.3736466116931,1.));
#8253=CARTESIAN_POINT('Ctrl Pts',(21.7457957481625,17.6645733618948,1.));
#8254=CARTESIAN_POINT('Ctrl Pts',(21.7417410304017,17.8232476598206,1.));
#8255=CARTESIAN_POINT('',(21.7417410304017,17.8232476598206,0.));
#8256=CARTESIAN_POINT('Ctrl Pts',(22.4750307490296,16.4317057019654,0.));
#8257=CARTESIAN_POINT('Ctrl Pts',(22.4750307490296,16.4317057019654,1.));
#8258=CARTESIAN_POINT('Ctrl Pts',(22.353657805926,16.507200393158,0.));
#8259=CARTESIAN_POINT('Ctrl Pts',(22.353657805926,16.507200393158,1.));
#8260=CARTESIAN_POINT('Ctrl Pts',(22.1247752637413,16.6495666932556,0.));
#8261=CARTESIAN_POINT('Ctrl Pts',(22.1247752637413,16.6495666932556,1.));
#8262=CARTESIAN_POINT('Ctrl Pts',(21.9778676502461,16.8749523795521,0.));
#8263=CARTESIAN_POINT('Ctrl Pts',(21.9778676502461,16.8749523795521,1.));
#8264=CARTESIAN_POINT('Ctrl Pts',(21.9088629176087,16.9808194524231,0.));
#8265=CARTESIAN_POINT('Ctrl Pts',(21.9088629176087,16.9808194524231,1.));
#8266=CARTESIAN_POINT('',(22.4750307490296,16.4317057019654,0.));
#8267=CARTESIAN_POINT('Ctrl Pts',(22.4750307490296,16.4317057019654,0.));
#8268=CARTESIAN_POINT('Ctrl Pts',(22.353657805926,16.507200393158,0.));
#8269=CARTESIAN_POINT('Ctrl Pts',(22.1247752637413,16.6495666932556,0.));
#8270=CARTESIAN_POINT('Ctrl Pts',(21.9778676502461,16.8749523795521,0.));
#8271=CARTESIAN_POINT('Ctrl Pts',(21.9088629176087,16.9808194524231,0.));
#8272=CARTESIAN_POINT('',(22.4750307490296,16.4317057019654,1.));
#8273=CARTESIAN_POINT('',(22.4750307490296,16.4317057019654,0.));
#8274=CARTESIAN_POINT('Ctrl Pts',(22.4750307490296,16.4317057019654,1.));
#8275=CARTESIAN_POINT('Ctrl Pts',(22.353657805926,16.507200393158,1.));
#8276=CARTESIAN_POINT('Ctrl Pts',(22.1247752637413,16.6495666932556,1.));
#8277=CARTESIAN_POINT('Ctrl Pts',(21.9778676502461,16.8749523795521,1.));
#8278=CARTESIAN_POINT('Ctrl Pts',(21.9088629176087,16.9808194524231,1.));
#8279=CARTESIAN_POINT('Ctrl Pts',(23.3379248072572,16.2066051846924,0.));
#8280=CARTESIAN_POINT('Ctrl Pts',(23.3379248072572,16.2066051846924,1.));
#8281=CARTESIAN_POINT('Ctrl Pts',(23.1862269101924,16.2158628720249,0.));
#8282=CARTESIAN_POINT('Ctrl Pts',(23.1862269101924,16.2158628720249,1.));
#8283=CARTESIAN_POINT('Ctrl Pts',(22.8838105560557,16.2343184742779,0.));
#8284=CARTESIAN_POINT('Ctrl Pts',(22.8838105560557,16.2343184742779,1.));
#8285=CARTESIAN_POINT('Ctrl Pts',(22.6109961621322,16.3660521753175,0.));
#8286=CARTESIAN_POINT('Ctrl Pts',(22.6109961621322,16.3660521753175,1.));
#8287=CARTESIAN_POINT('Ctrl Pts',(22.4750307490296,16.4317057019654,0.));
#8288=CARTESIAN_POINT('Ctrl Pts',(22.4750307490296,16.4317057019654,1.));
#8289=CARTESIAN_POINT('',(23.3379248072572,16.2066051846924,0.));
#8290=CARTESIAN_POINT('Ctrl Pts',(23.3379248072572,16.2066051846924,0.));
#8291=CARTESIAN_POINT('Ctrl Pts',(23.1862269101924,16.2158628720249,0.));
#8292=CARTESIAN_POINT('Ctrl Pts',(22.8838105560557,16.2343184742779,0.));
#8293=CARTESIAN_POINT('Ctrl Pts',(22.6109961621322,16.3660521753175,0.));
#8294=CARTESIAN_POINT('Ctrl Pts',(22.4750307490296,16.4317057019654,0.));
#8295=CARTESIAN_POINT('',(23.3379248072572,16.2066051846924,1.));
#8296=CARTESIAN_POINT('',(23.3379248072572,16.2066051846924,0.));
#8297=CARTESIAN_POINT('Ctrl Pts',(23.3379248072572,16.2066051846924,1.));
#8298=CARTESIAN_POINT('Ctrl Pts',(23.1862269101924,16.2158628720249,1.));
#8299=CARTESIAN_POINT('Ctrl Pts',(22.8838105560557,16.2343184742779,1.));
#8300=CARTESIAN_POINT('Ctrl Pts',(22.6109961621322,16.3660521753175,1.));
#8301=CARTESIAN_POINT('Ctrl Pts',(22.4750307490296,16.4317057019654,1.));
#8302=CARTESIAN_POINT('Ctrl Pts',(24.0098217417664,16.414654005188,0.));
#8303=CARTESIAN_POINT('Ctrl Pts',(24.0098217417664,16.414654005188,1.));
#8304=CARTESIAN_POINT('Ctrl Pts',(23.9185560970373,16.3541262537517,0.));
#8305=CARTESIAN_POINT('Ctrl Pts',(23.9185560970373,16.3541262537517,1.));
#8306=CARTESIAN_POINT('Ctrl Pts',(23.7160367035853,16.2198145579952,0.));
#8307=CARTESIAN_POINT('Ctrl Pts',(23.7160367035853,16.2198145579952,1.));
#8308=CARTESIAN_POINT('Ctrl Pts',(23.4719909851704,16.2112887987456,0.));
#8309=CARTESIAN_POINT('Ctrl Pts',(23.4719909851704,16.2112887987456,1.));
#8310=CARTESIAN_POINT('Ctrl Pts',(23.3379248072572,16.2066051846924,0.));
#8311=CARTESIAN_POINT('Ctrl Pts',(23.3379248072572,16.2066051846924,1.));
#8312=CARTESIAN_POINT('',(24.0098217417664,16.414654005188,0.));
#8313=CARTESIAN_POINT('Ctrl Pts',(24.0098217417664,16.414654005188,0.));
#8314=CARTESIAN_POINT('Ctrl Pts',(23.9185560970373,16.3541262537517,0.));
#8315=CARTESIAN_POINT('Ctrl Pts',(23.7160367035853,16.2198145579952,0.));
#8316=CARTESIAN_POINT('Ctrl Pts',(23.4719909851704,16.2112887987456,0.));
#8317=CARTESIAN_POINT('Ctrl Pts',(23.3379248072572,16.2066051846924,0.));
#8318=CARTESIAN_POINT('',(24.0098217417664,16.414654005188,1.));
#8319=CARTESIAN_POINT('',(24.0098217417664,16.414654005188,0.));
#8320=CARTESIAN_POINT('Ctrl Pts',(24.0098217417664,16.414654005188,1.));
#8321=CARTESIAN_POINT('Ctrl Pts',(23.9185560970373,16.3541262537517,1.));
#8322=CARTESIAN_POINT('Ctrl Pts',(23.7160367035853,16.2198145579952,1.));
#8323=CARTESIAN_POINT('Ctrl Pts',(23.4719909851704,16.2112887987456,1.));
#8324=CARTESIAN_POINT('Ctrl Pts',(23.3379248072572,16.2066051846924,1.));
#8325=CARTESIAN_POINT('Ctrl Pts',(24.2383316447205,16.9501230603638,0.));
#8326=CARTESIAN_POINT('Ctrl Pts',(24.2383316447205,16.9501230603638,1.));
#8327=CARTESIAN_POINT('Ctrl Pts',(24.2294544401499,16.8465483824217,0.));
#8328=CARTESIAN_POINT('Ctrl Pts',(24.2294544401499,16.8465483824217,1.));
#8329=CARTESIAN_POINT('Ctrl Pts',(24.2119876309374,16.6427545952622,0.));
#8330=CARTESIAN_POINT('Ctrl Pts',(24.2119876309374,16.6427545952622,1.));
#8331=CARTESIAN_POINT('Ctrl Pts',(24.0764665636419,16.4898483085273,0.));
#8332=CARTESIAN_POINT('Ctrl Pts',(24.0764665636419,16.4898483085273,1.));
#8333=CARTESIAN_POINT('Ctrl Pts',(24.0098217417664,16.414654005188,0.));
#8334=CARTESIAN_POINT('Ctrl Pts',(24.0098217417664,16.414654005188,1.));
#8335=CARTESIAN_POINT('',(24.2383316447205,16.9501230603638,0.));
#8336=CARTESIAN_POINT('Ctrl Pts',(24.2383316447205,16.9501230603638,0.));
#8337=CARTESIAN_POINT('Ctrl Pts',(24.2294544401499,16.8465483824217,0.));
#8338=CARTESIAN_POINT('Ctrl Pts',(24.2119876309374,16.6427545952622,0.));
#8339=CARTESIAN_POINT('Ctrl Pts',(24.0764665636419,16.4898483085273,0.));
#8340=CARTESIAN_POINT('Ctrl Pts',(24.0098217417664,16.414654005188,0.));
#8341=CARTESIAN_POINT('',(24.2383316447205,16.9501230603638,1.));
#8342=CARTESIAN_POINT('',(24.2383316447205,16.9501230603638,0.));
#8343=CARTESIAN_POINT('Ctrl Pts',(24.2383316447205,16.9501230603638,1.));
#8344=CARTESIAN_POINT('Ctrl Pts',(24.2294544401499,16.8465483824217,1.));
#8345=CARTESIAN_POINT('Ctrl Pts',(24.2119876309374,16.6427545952622,1.));
#8346=CARTESIAN_POINT('Ctrl Pts',(24.0764665636419,16.4898483085273,1.));
#8347=CARTESIAN_POINT('Ctrl Pts',(24.0098217417664,16.414654005188,1.));
#8348=CARTESIAN_POINT('Ctrl Pts',(24.0064075877137,17.4617216473999,0.));
#8349=CARTESIAN_POINT('Ctrl Pts',(24.0064075877137,17.4617216473999,1.));
#8350=CARTESIAN_POINT('Ctrl Pts',(24.0740278239896,17.3858588921587,0.));
#8351=CARTESIAN_POINT('Ctrl Pts',(24.0740278239896,17.3858588921587,1.));
#8352=CARTESIAN_POINT('Ctrl Pts',(24.2048275407484,17.2391154401304,0.));
#8353=CARTESIAN_POINT('Ctrl Pts',(24.2048275407484,17.2391154401304,1.));
#8354=CARTESIAN_POINT('Ctrl Pts',(24.2274192793066,17.0442485577203,0.));
#8355=CARTESIAN_POINT('Ctrl Pts',(24.2274192793066,17.0442485577203,1.));
#8356=CARTESIAN_POINT('Ctrl Pts',(24.2383316447205,16.9501230603638,0.));
#8357=CARTESIAN_POINT('Ctrl Pts',(24.2383316447205,16.9501230603638,1.));
#8358=CARTESIAN_POINT('',(24.0064075877137,17.4617216473999,0.));
#8359=CARTESIAN_POINT('Ctrl Pts',(24.0064075877137,17.4617216473999,0.));
#8360=CARTESIAN_POINT('Ctrl Pts',(24.0740278239896,17.3858588921587,0.));
#8361=CARTESIAN_POINT('Ctrl Pts',(24.2048275407484,17.2391154401304,0.));
#8362=CARTESIAN_POINT('Ctrl Pts',(24.2274192793066,17.0442485577203,0.));
#8363=CARTESIAN_POINT('Ctrl Pts',(24.2383316447205,16.9501230603638,0.));
#8364=CARTESIAN_POINT('',(24.0064075877137,17.4617216473999,1.));
#8365=CARTESIAN_POINT('',(24.0064075877137,17.4617216473999,0.));
#8366=CARTESIAN_POINT('Ctrl Pts',(24.0064075877137,17.4617216473999,1.));
#8367=CARTESIAN_POINT('Ctrl Pts',(24.0740278239896,17.3858588921587,1.));
#8368=CARTESIAN_POINT('Ctrl Pts',(24.2048275407484,17.2391154401304,1.));
#8369=CARTESIAN_POINT('Ctrl Pts',(24.2274192793066,17.0442485577203,1.));
#8370=CARTESIAN_POINT('Ctrl Pts',(24.2383316447205,16.9501230603638,1.));
#8371=CARTESIAN_POINT('Ctrl Pts',(22.9354694773621,17.9051039105835,0.));
#8372=CARTESIAN_POINT('Ctrl Pts',(22.9354694773621,17.9051039105835,1.));
#8373=CARTESIAN_POINT('Ctrl Pts',(23.1721591381968,17.8451815244096,0.));
#8374=CARTESIAN_POINT('Ctrl Pts',(23.1721591381968,17.8451815244096,1.));
#8375=CARTESIAN_POINT('Ctrl Pts',(23.5520997524005,17.7489924972794,0.));
#8376=CARTESIAN_POINT('Ctrl Pts',(23.5520997524005,17.7489924972794,1.));
#8377=CARTESIAN_POINT('Ctrl Pts',(23.8820171453494,17.5403770112685,0.));
#8378=CARTESIAN_POINT('Ctrl Pts',(23.8820171453494,17.5403770112685,1.));
#8379=CARTESIAN_POINT('Ctrl Pts',(24.0064075877137,17.4617216473999,0.));
#8380=CARTESIAN_POINT('Ctrl Pts',(24.0064075877137,17.4617216473999,1.));
#8381=CARTESIAN_POINT('',(22.9354694773621,17.9051039105835,0.));
#8382=CARTESIAN_POINT('Ctrl Pts',(22.9354694773621,17.9051039105835,0.));
#8383=CARTESIAN_POINT('Ctrl Pts',(23.1721591381968,17.8451815244096,0.));
#8384=CARTESIAN_POINT('Ctrl Pts',(23.5520997524005,17.7489924972794,0.));
#8385=CARTESIAN_POINT('Ctrl Pts',(23.8820171453494,17.5403770112685,0.));
#8386=CARTESIAN_POINT('Ctrl Pts',(24.0064075877137,17.4617216473999,0.));
#8387=CARTESIAN_POINT('',(22.9354694773621,17.9051039105835,1.));
#8388=CARTESIAN_POINT('',(22.9354694773621,17.9051039105835,0.));
#8389=CARTESIAN_POINT('Ctrl Pts',(22.9354694773621,17.9051039105835,1.));
#8390=CARTESIAN_POINT('Ctrl Pts',(23.1721591381968,17.8451815244096,1.));
#8391=CARTESIAN_POINT('Ctrl Pts',(23.5520997524005,17.7489924972794,1.));
#8392=CARTESIAN_POINT('Ctrl Pts',(23.8820171453494,17.5403770112685,1.));
#8393=CARTESIAN_POINT('Ctrl Pts',(24.0064075877137,17.4617216473999,1.));
#8394=CARTESIAN_POINT('Ctrl Pts',(21.7417410304017,18.26663230719,0.));
#8395=CARTESIAN_POINT('Ctrl Pts',(21.7417410304017,18.26663230719,1.));
#8396=CARTESIAN_POINT('Ctrl Pts',(21.9360166431419,18.200085385409,0.));
#8397=CARTESIAN_POINT('Ctrl Pts',(21.9360166431419,18.200085385409,1.));
#8398=CARTESIAN_POINT('Ctrl Pts',(22.3295891964911,18.0652715425729,0.));
#8399=CARTESIAN_POINT('Ctrl Pts',(22.3295891964911,18.0652715425729,1.));
#8400=CARTESIAN_POINT('Ctrl Pts',(22.7317988760183,17.9589453029395,0.));
#8401=CARTESIAN_POINT('Ctrl Pts',(22.7317988760183,17.9589453029395,1.));
#8402=CARTESIAN_POINT('Ctrl Pts',(22.9354694773621,17.9051039105835,0.));
#8403=CARTESIAN_POINT('Ctrl Pts',(22.9354694773621,17.9051039105835,1.));
#8404=CARTESIAN_POINT('',(21.7417410304017,18.26663230719,0.));
#8405=CARTESIAN_POINT('Ctrl Pts',(21.7417410304017,18.26663230719,0.));
#8406=CARTESIAN_POINT('Ctrl Pts',(21.9360166431419,18.200085385409,0.));
#8407=CARTESIAN_POINT('Ctrl Pts',(22.3295891964911,18.0652715425729,0.));
#8408=CARTESIAN_POINT('Ctrl Pts',(22.7317988760183,17.9589453029395,0.));
#8409=CARTESIAN_POINT('Ctrl Pts',(22.9354694773621,17.9051039105835,0.));
#8410=CARTESIAN_POINT('',(21.7417410304017,18.26663230719,1.));
#8411=CARTESIAN_POINT('',(21.7417410304017,18.26663230719,0.));
#8412=CARTESIAN_POINT('Ctrl Pts',(21.7417410304017,18.26663230719,1.));
#8413=CARTESIAN_POINT('Ctrl Pts',(21.9360166431419,18.200085385409,1.));
#8414=CARTESIAN_POINT('Ctrl Pts',(22.3295891964911,18.0652715425729,1.));
#8415=CARTESIAN_POINT('Ctrl Pts',(22.7317988760183,17.9589453029395,1.));
#8416=CARTESIAN_POINT('Ctrl Pts',(22.9354694773621,17.9051039105835,1.));
#8417=CARTESIAN_POINT('Origin',(21.7417410304017,17.8232476598206,0.));
#8418=CARTESIAN_POINT('',(21.7417410304017,15.08512591185,0.));
#8419=CARTESIAN_POINT('',(21.7417410304017,17.8232476598206,1.));
#8420=CARTESIAN_POINT('Ctrl Pts',(22.6967218806214,20.5858681088868,0.));
#8421=CARTESIAN_POINT('Ctrl Pts',(22.6967218806214,20.5858681088868,1.));
#8422=CARTESIAN_POINT('Ctrl Pts',(22.899208387471,20.5828401570764,0.));
#8423=CARTESIAN_POINT('Ctrl Pts',(22.899208387471,20.5828401570764,1.));
#8424=CARTESIAN_POINT('Ctrl Pts',(23.2559820369489,20.5775050192709,0.));
#8425=CARTESIAN_POINT('Ctrl Pts',(23.2559820369489,20.5775050192709,1.));
#8426=CARTESIAN_POINT('Ctrl Pts',(23.5798550561199,20.4309599384183,0.));
#8427=CARTESIAN_POINT('Ctrl Pts',(23.5798550561199,20.4309599384183,1.));
#8428=CARTESIAN_POINT('Ctrl Pts',(23.7199142863221,20.3675863629761,0.));
#8429=CARTESIAN_POINT('Ctrl Pts',(23.7199142863221,20.3675863629761,1.));
#8430=CARTESIAN_POINT('',(22.6967218806214,20.5858681088868,0.));
#8431=CARTESIAN_POINT('',(23.7199142863221,20.3675863629761,0.));
#8432=CARTESIAN_POINT('Ctrl Pts',(22.6967218806214,20.5858681088868,0.));
#8433=CARTESIAN_POINT('Ctrl Pts',(22.899208387471,20.5828401570764,0.));
#8434=CARTESIAN_POINT('Ctrl Pts',(23.2559820369489,20.5775050192709,0.));
#8435=CARTESIAN_POINT('Ctrl Pts',(23.5798550561199,20.4309599384183,0.));
#8436=CARTESIAN_POINT('Ctrl Pts',(23.7199142863221,20.3675863629761,0.));
#8437=CARTESIAN_POINT('',(22.6967218806214,20.5858681088868,1.));
#8438=CARTESIAN_POINT('',(22.6967218806214,20.5858681088868,0.));
#8439=CARTESIAN_POINT('',(23.7199142863221,20.3675863629761,1.));
#8440=CARTESIAN_POINT('Ctrl Pts',(22.6967218806214,20.5858681088868,1.));
#8441=CARTESIAN_POINT('Ctrl Pts',(22.899208387471,20.5828401570764,1.));
#8442=CARTESIAN_POINT('Ctrl Pts',(23.2559820369489,20.5775050192709,1.));
#8443=CARTESIAN_POINT('Ctrl Pts',(23.5798550561199,20.4309599384183,1.));
#8444=CARTESIAN_POINT('Ctrl Pts',(23.7199142863221,20.3675863629761,1.));
#8445=CARTESIAN_POINT('',(23.7199142863221,20.3675863629761,0.));
#8446=CARTESIAN_POINT('Ctrl Pts',(21.95320400495,20.3812286740723,0.));
#8447=CARTESIAN_POINT('Ctrl Pts',(21.95320400495,20.3812286740723,1.));
#8448=CARTESIAN_POINT('Ctrl Pts',(22.0478981398387,20.440540117085,0.));
#8449=CARTESIAN_POINT('Ctrl Pts',(22.0478981398387,20.440540117085,1.));
#8450=CARTESIAN_POINT('Ctrl Pts',(22.2732813082341,20.5817083210505,0.));
#8451=CARTESIAN_POINT('Ctrl Pts',(22.2732813082341,20.5817083210505,1.));
#8452=CARTESIAN_POINT('Ctrl Pts',(22.5413066618618,20.5843413436717,0.));
#8453=CARTESIAN_POINT('Ctrl Pts',(22.5413066618618,20.5843413436717,1.));
#8454=CARTESIAN_POINT('Ctrl Pts',(22.6967218806214,20.5858681088868,0.));
#8455=CARTESIAN_POINT('Ctrl Pts',(22.6967218806214,20.5858681088868,1.));
#8456=CARTESIAN_POINT('',(21.95320400495,20.3812286740723,0.));
#8457=CARTESIAN_POINT('Ctrl Pts',(21.95320400495,20.3812286740723,0.));
#8458=CARTESIAN_POINT('Ctrl Pts',(22.0478981398387,20.440540117085,0.));
#8459=CARTESIAN_POINT('Ctrl Pts',(22.2732813082341,20.5817083210505,0.));
#8460=CARTESIAN_POINT('Ctrl Pts',(22.5413066618618,20.5843413436717,0.));
#8461=CARTESIAN_POINT('Ctrl Pts',(22.6967218806214,20.5858681088868,0.));
#8462=CARTESIAN_POINT('',(21.95320400495,20.3812286740723,1.));
#8463=CARTESIAN_POINT('',(21.95320400495,20.3812286740723,0.));
#8464=CARTESIAN_POINT('Ctrl Pts',(21.95320400495,20.3812286740723,1.));
#8465=CARTESIAN_POINT('Ctrl Pts',(22.0478981398387,20.440540117085,1.));
#8466=CARTESIAN_POINT('Ctrl Pts',(22.2732813082341,20.5817083210505,1.));
#8467=CARTESIAN_POINT('Ctrl Pts',(22.5413066618618,20.5843413436717,1.));
#8468=CARTESIAN_POINT('Ctrl Pts',(22.6967218806214,20.5858681088868,1.));
#8469=CARTESIAN_POINT('Ctrl Pts',(21.7417410304017,19.6649954205933,0.));
#8470=CARTESIAN_POINT('Ctrl Pts',(21.7417410304017,19.6649954205933,1.));
#8471=CARTESIAN_POINT('Ctrl Pts',(21.7438004791636,19.815055203285,0.));
#8472=CARTESIAN_POINT('Ctrl Pts',(21.7438004791636,19.815055203285,1.));
#8473=CARTESIAN_POINT('Ctrl Pts',(21.7473784274188,20.0757590127576,0.));
#8474=CARTESIAN_POINT('Ctrl Pts',(21.7473784274188,20.0757590127576,1.));
#8475=CARTESIAN_POINT('Ctrl Pts',(21.8918777536857,20.2902132160903,0.));
#8476=CARTESIAN_POINT('Ctrl Pts',(21.8918777536857,20.2902132160903,1.));
#8477=CARTESIAN_POINT('Ctrl Pts',(21.95320400495,20.3812286740723,0.));
#8478=CARTESIAN_POINT('Ctrl Pts',(21.95320400495,20.3812286740723,1.));
#8479=CARTESIAN_POINT('',(21.7417410304017,19.6649954205933,0.));
#8480=CARTESIAN_POINT('Ctrl Pts',(21.7417410304017,19.6649954205933,0.));
#8481=CARTESIAN_POINT('Ctrl Pts',(21.7438004791636,19.815055203285,0.));
#8482=CARTESIAN_POINT('Ctrl Pts',(21.7473784274188,20.0757590127576,0.));
#8483=CARTESIAN_POINT('Ctrl Pts',(21.8918777536857,20.2902132160903,0.));
#8484=CARTESIAN_POINT('Ctrl Pts',(21.95320400495,20.3812286740723,0.));
#8485=CARTESIAN_POINT('',(21.7417410304017,19.6649954205933,1.));
#8486=CARTESIAN_POINT('',(21.7417410304017,19.6649954205933,0.));
#8487=CARTESIAN_POINT('Ctrl Pts',(21.7417410304017,19.6649954205933,1.));
#8488=CARTESIAN_POINT('Ctrl Pts',(21.7438004791636,19.815055203285,1.));
#8489=CARTESIAN_POINT('Ctrl Pts',(21.7473784274188,20.0757590127576,1.));
#8490=CARTESIAN_POINT('Ctrl Pts',(21.8918777536857,20.2902132160903,1.));
#8491=CARTESIAN_POINT('Ctrl Pts',(21.95320400495,20.3812286740723,1.));
#8492=CARTESIAN_POINT('Ctrl Pts',(22.7240065028138,19.3341634160462,0.));
#8493=CARTESIAN_POINT('Ctrl Pts',(22.7240065028138,19.3341634160462,1.));
#8494=CARTESIAN_POINT('Ctrl Pts',(22.5641421205725,19.3806769761273,0.));
#8495=CARTESIAN_POINT('Ctrl Pts',(22.5641421205725,19.3806769761273,1.));
#8496=CARTESIAN_POINT('Ctrl Pts',(22.2321295788554,19.4772781395031,0.));
#8497=CARTESIAN_POINT('Ctrl Pts',(22.2321295788554,19.4772781395031,1.));
#8498=CARTESIAN_POINT('Ctrl Pts',(21.9091866203586,19.6008984285727,0.));
#8499=CARTESIAN_POINT('Ctrl Pts',(21.9091866203586,19.6008984285727,1.));
#8500=CARTESIAN_POINT('Ctrl Pts',(21.7417410304017,19.6649954205933,0.));
#8501=CARTESIAN_POINT('Ctrl Pts',(21.7417410304017,19.6649954205933,1.));
#8502=CARTESIAN_POINT('',(22.7240065028138,19.3341634160462,0.));
#8503=CARTESIAN_POINT('Ctrl Pts',(22.7240065028138,19.3341634160462,0.));
#8504=CARTESIAN_POINT('Ctrl Pts',(22.5641421205725,19.3806769761273,0.));
#8505=CARTESIAN_POINT('Ctrl Pts',(22.2321295788554,19.4772781395031,0.));
#8506=CARTESIAN_POINT('Ctrl Pts',(21.9091866203586,19.6008984285727,0.));
#8507=CARTESIAN_POINT('Ctrl Pts',(21.7417410304017,19.6649954205933,0.));
#8508=CARTESIAN_POINT('',(22.7240065028138,19.3341634160462,1.));
#8509=CARTESIAN_POINT('',(22.7240065028138,19.3341634160462,0.));
#8510=CARTESIAN_POINT('Ctrl Pts',(22.7240065028138,19.3341634160462,1.));
#8511=CARTESIAN_POINT('Ctrl Pts',(22.5641421205725,19.3806769761273,1.));
#8512=CARTESIAN_POINT('Ctrl Pts',(22.2321295788554,19.4772781395031,1.));
#8513=CARTESIAN_POINT('Ctrl Pts',(21.9091866203586,19.6008984285727,1.));
#8514=CARTESIAN_POINT('Ctrl Pts',(21.7417410304017,19.6649954205933,1.));
#8515=CARTESIAN_POINT('Ctrl Pts',(24.7499302317567,18.8941905385437,0.));
#8516=CARTESIAN_POINT('Ctrl Pts',(24.7499302317567,18.8941905385437,1.));
#8517=CARTESIAN_POINT('Ctrl Pts',(24.3199825977158,18.9796405182166,0.));
#8518=CARTESIAN_POINT('Ctrl Pts',(24.3199825977158,18.9796405182166,1.));
#8519=CARTESIAN_POINT('Ctrl Pts',(23.6420425578032,19.1143777700199,0.));
#8520=CARTESIAN_POINT('Ctrl Pts',(23.6420425578032,19.1143777700199,1.));
#8521=CARTESIAN_POINT('Ctrl Pts',(22.9698840190304,19.2752982457173,0.));
#8522=CARTESIAN_POINT('Ctrl Pts',(22.9698840190304,19.2752982457173,1.));
#8523=CARTESIAN_POINT('Ctrl Pts',(22.7240065028138,19.3341634160462,0.));
#8524=CARTESIAN_POINT('Ctrl Pts',(22.7240065028138,19.3341634160462,1.));
#8525=CARTESIAN_POINT('',(24.7499302317567,18.8941905385437,0.));
#8526=CARTESIAN_POINT('Ctrl Pts',(24.7499302317567,18.8941905385437,0.));
#8527=CARTESIAN_POINT('Ctrl Pts',(24.3199825977158,18.9796405182166,0.));
#8528=CARTESIAN_POINT('Ctrl Pts',(23.6420425578032,19.1143777700199,0.));
#8529=CARTESIAN_POINT('Ctrl Pts',(22.9698840190304,19.2752982457173,0.));
#8530=CARTESIAN_POINT('Ctrl Pts',(22.7240065028138,19.3341634160462,0.));
#8531=CARTESIAN_POINT('',(24.7499302317567,18.8941905385437,1.));
#8532=CARTESIAN_POINT('',(24.7499302317567,18.8941905385437,0.));
#8533=CARTESIAN_POINT('Ctrl Pts',(24.7499302317567,18.8941905385437,1.));
#8534=CARTESIAN_POINT('Ctrl Pts',(24.3199825977158,18.9796405182166,1.));
#8535=CARTESIAN_POINT('Ctrl Pts',(23.6420425578032,19.1143777700199,1.));
#8536=CARTESIAN_POINT('Ctrl Pts',(22.9698840190304,19.2752982457173,1.));
#8537=CARTESIAN_POINT('Ctrl Pts',(22.7240065028138,19.3341634160462,1.));
#8538=CARTESIAN_POINT('Ctrl Pts',(26.5371063639588,18.1029221898499,0.));
#8539=CARTESIAN_POINT('Ctrl Pts',(26.5371063639588,18.1029221898499,1.));
#8540=CARTESIAN_POINT('Ctrl Pts',(26.3149487782727,18.2734046605871,0.));
#8541=CARTESIAN_POINT('Ctrl Pts',(26.3149487782727,18.2734046605871,1.));
#8542=CARTESIAN_POINT('Ctrl Pts',(25.7862554476664,18.6791209226975,0.));
#8543=CARTESIAN_POINT('Ctrl Pts',(25.7862554476664,18.6791209226975,1.));
#8544=CARTESIAN_POINT('Ctrl Pts',(25.1302698671294,18.8152582709361,0.));
#8545=CARTESIAN_POINT('Ctrl Pts',(25.1302698671294,18.8152582709361,1.));
#8546=CARTESIAN_POINT('Ctrl Pts',(24.7499302317567,18.8941905385437,0.));
#8547=CARTESIAN_POINT('Ctrl Pts',(24.7499302317567,18.8941905385437,1.));
#8548=CARTESIAN_POINT('',(26.5371063639588,18.1029221898499,0.));
#8549=CARTESIAN_POINT('Ctrl Pts',(26.5371063639588,18.1029221898499,0.));
#8550=CARTESIAN_POINT('Ctrl Pts',(26.3149487782727,18.2734046605871,0.));
#8551=CARTESIAN_POINT('Ctrl Pts',(25.7862554476664,18.6791209226975,0.));
#8552=CARTESIAN_POINT('Ctrl Pts',(25.1302698671294,18.8152582709361,0.));
#8553=CARTESIAN_POINT('Ctrl Pts',(24.7499302317567,18.8941905385437,0.));
#8554=CARTESIAN_POINT('',(26.5371063639588,18.1029221898499,1.));
#8555=CARTESIAN_POINT('',(26.5371063639588,18.1029221898499,0.));
#8556=CARTESIAN_POINT('Ctrl Pts',(26.5371063639588,18.1029221898499,1.));
#8557=CARTESIAN_POINT('Ctrl Pts',(26.3149487782727,18.2734046605871,1.));
#8558=CARTESIAN_POINT('Ctrl Pts',(25.7862554476664,18.6791209226975,1.));
#8559=CARTESIAN_POINT('Ctrl Pts',(25.1302698671294,18.8152582709361,1.));
#8560=CARTESIAN_POINT('Ctrl Pts',(24.7499302317567,18.8941905385437,1.));
#8561=CARTESIAN_POINT('Ctrl Pts',(27.021415560431,16.7454860097351,0.));
#8562=CARTESIAN_POINT('Ctrl Pts',(27.021415560431,16.7454860097351,1.));
#8563=CARTESIAN_POINT('Ctrl Pts',(27.0044818705581,17.0047197221346,0.));
#8564=CARTESIAN_POINT('Ctrl Pts',(27.0044818705581,17.0047197221346,1.));
#8565=CARTESIAN_POINT('Ctrl Pts',(26.971853447013,17.5042202697918,0.));
#8566=CARTESIAN_POINT('Ctrl Pts',(26.971853447013,17.5042202697918,1.));
#8567=CARTESIAN_POINT('Ctrl Pts',(26.6783065685034,17.9084715842713,0.));
#8568=CARTESIAN_POINT('Ctrl Pts',(26.6783065685034,17.9084715842713,1.));
#8569=CARTESIAN_POINT('Ctrl Pts',(26.5371063639588,18.1029221898499,0.));
#8570=CARTESIAN_POINT('Ctrl Pts',(26.5371063639588,18.1029221898499,1.));
#8571=CARTESIAN_POINT('',(27.021415560431,16.7454860097351,0.));
#8572=CARTESIAN_POINT('Ctrl Pts',(27.021415560431,16.7454860097351,0.));
#8573=CARTESIAN_POINT('Ctrl Pts',(27.0044818705581,17.0047197221346,0.));
#8574=CARTESIAN_POINT('Ctrl Pts',(26.971853447013,17.5042202697918,0.));
#8575=CARTESIAN_POINT('Ctrl Pts',(26.6783065685034,17.9084715842713,0.));
#8576=CARTESIAN_POINT('Ctrl Pts',(26.5371063639588,18.1029221898499,0.));
#8577=CARTESIAN_POINT('',(27.021415560431,16.7454860097351,1.));
#8578=CARTESIAN_POINT('',(27.021415560431,16.7454860097351,0.));
#8579=CARTESIAN_POINT('Ctrl Pts',(27.021415560431,16.7454860097351,1.));
#8580=CARTESIAN_POINT('Ctrl Pts',(27.0044818705581,17.0047197221346,1.));
#8581=CARTESIAN_POINT('Ctrl Pts',(26.971853447013,17.5042202697918,1.));
#8582=CARTESIAN_POINT('Ctrl Pts',(26.6783065685034,17.9084715842713,1.));
#8583=CARTESIAN_POINT('Ctrl Pts',(26.5371063639588,18.1029221898499,1.));
#8584=CARTESIAN_POINT('Ctrl Pts',(26.3495186259217,15.2652666455689,0.));
#8585=CARTESIAN_POINT('Ctrl Pts',(26.3495186259217,15.2652666455689,1.));
#8586=CARTESIAN_POINT('Ctrl Pts',(26.5454853965657,15.476008554664,0.));
#8587=CARTESIAN_POINT('Ctrl Pts',(26.5454853965657,15.476008554664,1.));
#8588=CARTESIAN_POINT('Ctrl Pts',(26.9347904180557,15.8946656728047,0.));
#8589=CARTESIAN_POINT('Ctrl Pts',(26.9347904180557,15.8946656728047,1.));
#8590=CARTESIAN_POINT('Ctrl Pts',(26.9926707790161,16.4631586860765,0.));
#8591=CARTESIAN_POINT('Ctrl Pts',(26.9926707790161,16.4631586860765,1.));
#8592=CARTESIAN_POINT('Ctrl Pts',(27.021415560431,16.7454860097351,0.));
#8593=CARTESIAN_POINT('Ctrl Pts',(27.021415560431,16.7454860097351,1.));
#8594=CARTESIAN_POINT('',(26.3495186259217,15.2652666455689,0.));
#8595=CARTESIAN_POINT('Ctrl Pts',(26.3495186259217,15.2652666455689,0.));
#8596=CARTESIAN_POINT('Ctrl Pts',(26.5454853965657,15.476008554664,0.));
#8597=CARTESIAN_POINT('Ctrl Pts',(26.9347904180557,15.8946656728047,0.));
#8598=CARTESIAN_POINT('Ctrl Pts',(26.9926707790161,16.4631586860765,0.));
#8599=CARTESIAN_POINT('Ctrl Pts',(27.021415560431,16.7454860097351,0.));
#8600=CARTESIAN_POINT('',(26.3495186259217,15.2652666455689,1.));
#8601=CARTESIAN_POINT('',(26.3495186259217,15.2652666455689,0.));
#8602=CARTESIAN_POINT('Ctrl Pts',(26.3495186259217,15.2652666455689,1.));
#8603=CARTESIAN_POINT('Ctrl Pts',(26.5454853965657,15.476008554664,1.));
#8604=CARTESIAN_POINT('Ctrl Pts',(26.9347904180557,15.8946656728047,1.));
#8605=CARTESIAN_POINT('Ctrl Pts',(26.9926707790161,16.4631586860765,1.));
#8606=CARTESIAN_POINT('Ctrl Pts',(27.021415560431,16.7454860097351,1.));
#8607=CARTESIAN_POINT('Ctrl Pts',(24.3815782954163,14.6649954205933,0.));
#8608=CARTESIAN_POINT('Ctrl Pts',(24.3815782954163,14.6649954205933,1.));
#8609=CARTESIAN_POINT('Ctrl Pts',(24.7734747509584,14.6784500119851,0.));
#8610=CARTESIAN_POINT('Ctrl Pts',(24.7734747509584,14.6784500119851,1.));
#8611=CARTESIAN_POINT('Ctrl Pts',(25.4865729594869,14.7029321038293,0.));
#8612=CARTESIAN_POINT('Ctrl Pts',(25.4865729594869,14.7029321038293,1.));
#8613=CARTESIAN_POINT('Ctrl Pts',(26.0815309326949,15.090633708034,0.));
#8614=CARTESIAN_POINT('Ctrl Pts',(26.0815309326949,15.090633708034,1.));
#8615=CARTESIAN_POINT('Ctrl Pts',(26.3495186259217,15.2652666455689,0.));
#8616=CARTESIAN_POINT('Ctrl Pts',(26.3495186259217,15.2652666455689,1.));
#8617=CARTESIAN_POINT('',(24.3815782954163,14.6649954205933,0.));
#8618=CARTESIAN_POINT('Ctrl Pts',(24.3815782954163,14.6649954205933,0.));
#8619=CARTESIAN_POINT('Ctrl Pts',(24.7734747509584,14.6784500119851,0.));
#8620=CARTESIAN_POINT('Ctrl Pts',(25.4865729594869,14.7029321038293,0.));
#8621=CARTESIAN_POINT('Ctrl Pts',(26.0815309326949,15.090633708034,0.));
#8622=CARTESIAN_POINT('Ctrl Pts',(26.3495186259217,15.2652666455689,0.));
#8623=CARTESIAN_POINT('',(24.3815782954163,14.6649954205933,1.));
#8624=CARTESIAN_POINT('',(24.3815782954163,14.6649954205933,0.));
#8625=CARTESIAN_POINT('Ctrl Pts',(24.3815782954163,14.6649954205933,1.));
#8626=CARTESIAN_POINT('Ctrl Pts',(24.7734747509584,14.6784500119851,1.));
#8627=CARTESIAN_POINT('Ctrl Pts',(25.4865729594869,14.7029321038293,1.));
#8628=CARTESIAN_POINT('Ctrl Pts',(26.0815309326949,15.090633708034,1.));
#8629=CARTESIAN_POINT('Ctrl Pts',(26.3495186259217,15.2652666455689,1.));
#8630=CARTESIAN_POINT('Ctrl Pts',(22.669437258429,14.9651310330811,0.));
#8631=CARTESIAN_POINT('Ctrl Pts',(22.669437258429,14.9651310330811,1.));
#8632=CARTESIAN_POINT('Ctrl Pts',(22.9326528987633,14.8776569322298,0.));
#8633=CARTESIAN_POINT('Ctrl Pts',(22.9326528987633,14.8776569322298,1.));
#8634=CARTESIAN_POINT('Ctrl Pts',(23.4881029244839,14.6930649698903,0.));
#8635=CARTESIAN_POINT('Ctrl Pts',(23.4881029244839,14.6930649698903,1.));
#8636=CARTESIAN_POINT('Ctrl Pts',(24.0735577367496,14.674672238262,0.));
#8637=CARTESIAN_POINT('Ctrl Pts',(24.0735577367496,14.674672238262,1.));
#8638=CARTESIAN_POINT('Ctrl Pts',(24.3815782954163,14.6649954205933,0.));
#8639=CARTESIAN_POINT('Ctrl Pts',(24.3815782954163,14.6649954205933,1.));
#8640=CARTESIAN_POINT('',(22.669437258429,14.9651310330811,0.));
#8641=CARTESIAN_POINT('Ctrl Pts',(22.669437258429,14.9651310330811,0.));
#8642=CARTESIAN_POINT('Ctrl Pts',(22.9326528987633,14.8776569322298,0.));
#8643=CARTESIAN_POINT('Ctrl Pts',(23.4881029244839,14.6930649698903,0.));
#8644=CARTESIAN_POINT('Ctrl Pts',(24.0735577367496,14.674672238262,0.));
#8645=CARTESIAN_POINT('Ctrl Pts',(24.3815782954163,14.6649954205933,0.));
#8646=CARTESIAN_POINT('',(22.669437258429,14.9651310330811,1.));
#8647=CARTESIAN_POINT('',(22.669437258429,14.9651310330811,0.));
#8648=CARTESIAN_POINT('Ctrl Pts',(22.669437258429,14.9651310330811,1.));
#8649=CARTESIAN_POINT('Ctrl Pts',(22.9326528987633,14.8776569322298,1.));
#8650=CARTESIAN_POINT('Ctrl Pts',(23.4881029244839,14.6930649698903,1.));
#8651=CARTESIAN_POINT('Ctrl Pts',(24.0735577367496,14.674672238262,1.));
#8652=CARTESIAN_POINT('Ctrl Pts',(24.3815782954163,14.6649954205933,1.));
#8653=CARTESIAN_POINT('Ctrl Pts',(21.5848520686097,15.7154724484864,0.));
#8654=CARTESIAN_POINT('Ctrl Pts',(21.5848520686097,15.7154724484864,1.));
#8655=CARTESIAN_POINT('Ctrl Pts',(21.7596667000526,15.5558576796444,0.));
#8656=CARTESIAN_POINT('Ctrl Pts',(21.7596667000526,15.5558576796444,1.));
#8657=CARTESIAN_POINT('Ctrl Pts',(22.0875563903014,15.2564774922838,0.));
#8658=CARTESIAN_POINT('Ctrl Pts',(22.0875563903014,15.2564774922838,1.));
#8659=CARTESIAN_POINT('Ctrl Pts',(22.4842439604134,15.057856906366,0.));
#8660=CARTESIAN_POINT('Ctrl Pts',(22.4842439604134,15.057856906366,1.));
#8661=CARTESIAN_POINT('Ctrl Pts',(22.669437258429,14.9651310330811,0.));
#8662=CARTESIAN_POINT('Ctrl Pts',(22.669437258429,14.9651310330811,1.));
#8663=CARTESIAN_POINT('',(21.5848520686097,15.7154724484864,0.));
#8664=CARTESIAN_POINT('Ctrl Pts',(21.5848520686097,15.7154724484864,0.));
#8665=CARTESIAN_POINT('Ctrl Pts',(21.7596667000526,15.5558576796444,0.));
#8666=CARTESIAN_POINT('Ctrl Pts',(22.0875563903014,15.2564774922838,0.));
#8667=CARTESIAN_POINT('Ctrl Pts',(22.4842439604134,15.057856906366,0.));
#8668=CARTESIAN_POINT('Ctrl Pts',(22.669437258429,14.9651310330811,0.));
#8669=CARTESIAN_POINT('',(21.5848520686097,15.7154724484864,1.));
#8670=CARTESIAN_POINT('',(21.5848520686097,15.7154724484864,0.));
#8671=CARTESIAN_POINT('Ctrl Pts',(21.5848520686097,15.7154724484864,1.));
#8672=CARTESIAN_POINT('Ctrl Pts',(21.7596667000526,15.5558576796444,1.));
#8673=CARTESIAN_POINT('Ctrl Pts',(22.0875563903014,15.2564774922838,1.));
#8674=CARTESIAN_POINT('Ctrl Pts',(22.4842439604134,15.057856906366,1.));
#8675=CARTESIAN_POINT('Ctrl Pts',(22.669437258429,14.9651310330811,1.));
#8676=CARTESIAN_POINT('Ctrl Pts',(21.4893558909364,15.2550361043396,0.));
#8677=CARTESIAN_POINT('Ctrl Pts',(21.4893558909364,15.2550361043396,1.));
#8678=CARTESIAN_POINT('Ctrl Pts',(21.5062442639904,15.3176398706164,0.));
#8679=CARTESIAN_POINT('Ctrl Pts',(21.5062442639904,15.3176398706164,1.));
#8680=CARTESIAN_POINT('Ctrl Pts',(21.5471248813849,15.4691808514104,0.));
#8681=CARTESIAN_POINT('Ctrl Pts',(21.5471248813849,15.4691808514104,1.));
#8682=CARTESIAN_POINT('Ctrl Pts',(21.5708992404167,15.6243852354666,0.));
#8683=CARTESIAN_POINT('Ctrl Pts',(21.5708992404167,15.6243852354666,1.));
#8684=CARTESIAN_POINT('Ctrl Pts',(21.5848520686097,15.7154724484864,0.));
#8685=CARTESIAN_POINT('Ctrl Pts',(21.5848520686097,15.7154724484864,1.));
#8686=CARTESIAN_POINT('',(21.4893558909364,15.2550361043396,0.));
#8687=CARTESIAN_POINT('Ctrl Pts',(21.4893558909364,15.2550361043396,0.));
#8688=CARTESIAN_POINT('Ctrl Pts',(21.5062442639904,15.3176398706164,0.));
#8689=CARTESIAN_POINT('Ctrl Pts',(21.5471248813849,15.4691808514104,0.));
#8690=CARTESIAN_POINT('Ctrl Pts',(21.5708992404167,15.6243852354666,0.));
#8691=CARTESIAN_POINT('Ctrl Pts',(21.5848520686097,15.7154724484864,0.));
#8692=CARTESIAN_POINT('',(21.4893558909364,15.2550361043396,1.));
#8693=CARTESIAN_POINT('',(21.4893558909364,15.2550361043396,0.));
#8694=CARTESIAN_POINT('Ctrl Pts',(21.4893558909364,15.2550361043396,1.));
#8695=CARTESIAN_POINT('Ctrl Pts',(21.5062442639904,15.3176398706164,1.));
#8696=CARTESIAN_POINT('Ctrl Pts',(21.5471248813849,15.4691808514104,1.));
#8697=CARTESIAN_POINT('Ctrl Pts',(21.5708992404167,15.6243852354666,1.));
#8698=CARTESIAN_POINT('Ctrl Pts',(21.5848520686097,15.7154724484864,1.));
#8699=CARTESIAN_POINT('Ctrl Pts',(21.2847164561219,14.8287055379334,0.));
#8700=CARTESIAN_POINT('Ctrl Pts',(21.2847164561219,14.8287055379334,1.));
#8701=CARTESIAN_POINT('Ctrl Pts',(21.3301167723055,14.9098112291043,0.));
#8702=CARTESIAN_POINT('Ctrl Pts',(21.3301167723055,14.9098112291043,1.));
#8703=CARTESIAN_POINT('Ctrl Pts',(21.4073028663832,15.0477008306576,0.));
#8704=CARTESIAN_POINT('Ctrl Pts',(21.4073028663832,15.0477008306576,1.));
#8705=CARTESIAN_POINT('Ctrl Pts',(21.465422015462,15.1945589111006,0.));
#8706=CARTESIAN_POINT('Ctrl Pts',(21.465422015462,15.1945589111006,1.));
#8707=CARTESIAN_POINT('Ctrl Pts',(21.4893558909364,15.2550361043396,0.));
#8708=CARTESIAN_POINT('Ctrl Pts',(21.4893558909364,15.2550361043396,1.));
#8709=CARTESIAN_POINT('',(21.2847164561219,14.8287055379334,0.));
#8710=CARTESIAN_POINT('Ctrl Pts',(21.2847164561219,14.8287055379334,0.));
#8711=CARTESIAN_POINT('Ctrl Pts',(21.3301167723055,14.9098112291043,0.));
#8712=CARTESIAN_POINT('Ctrl Pts',(21.4073028663832,15.0477008306576,0.));
#8713=CARTESIAN_POINT('Ctrl Pts',(21.465422015462,15.1945589111006,0.));
#8714=CARTESIAN_POINT('Ctrl Pts',(21.4893558909364,15.2550361043396,0.));
#8715=CARTESIAN_POINT('',(21.2847164561219,14.8287055379334,1.));
#8716=CARTESIAN_POINT('',(21.2847164561219,14.8287055379334,0.));
#8717=CARTESIAN_POINT('Ctrl Pts',(21.2847164561219,14.8287055379334,1.));
#8718=CARTESIAN_POINT('Ctrl Pts',(21.3301167723055,14.9098112291043,1.));
#8719=CARTESIAN_POINT('Ctrl Pts',(21.4073028663832,15.0477008306576,1.));
#8720=CARTESIAN_POINT('Ctrl Pts',(21.465422015462,15.1945589111006,1.));
#8721=CARTESIAN_POINT('Ctrl Pts',(21.4893558909364,15.2550361043396,1.));
#8722=CARTESIAN_POINT('Origin',(18.6789873530335,14.8287055379334,0.));
#8723=CARTESIAN_POINT('',(18.6789873530335,14.8287055379334,0.));
#8724=CARTESIAN_POINT('',(19.7260544016653,14.8287055379334,0.));
#8725=CARTESIAN_POINT('',(18.6789873530335,14.8287055379334,1.));
#8726=CARTESIAN_POINT('',(18.6789873530335,14.8287055379334,0.));
#8727=CARTESIAN_POINT('',(18.6789873530335,14.8287055379334,1.));
#8728=CARTESIAN_POINT('Ctrl Pts',(18.962071268744,15.5688140279236,0.));
#8729=CARTESIAN_POINT('Ctrl Pts',(18.962071268744,15.5688140279236,1.));
#8730=CARTESIAN_POINT('Ctrl Pts',(18.9302732672097,15.4578504478294,0.));
#8731=CARTESIAN_POINT('Ctrl Pts',(18.9302732672097,15.4578504478294,1.));
#8732=CARTESIAN_POINT('Ctrl Pts',(18.857284650169,15.203146445622,0.));
#8733=CARTESIAN_POINT('Ctrl Pts',(18.857284650169,15.203146445622,1.));
#8734=CARTESIAN_POINT('Ctrl Pts',(18.7433088171765,14.9637865952712,0.));
#8735=CARTESIAN_POINT('Ctrl Pts',(18.7433088171765,14.9637865952712,1.));
#8736=CARTESIAN_POINT('Ctrl Pts',(18.6789873530335,14.8287055379334,0.));
#8737=CARTESIAN_POINT('Ctrl Pts',(18.6789873530335,14.8287055379334,1.));
#8738=CARTESIAN_POINT('',(18.962071268744,15.5688140279236,0.));
#8739=CARTESIAN_POINT('Ctrl Pts',(18.962071268744,15.5688140279236,0.));
#8740=CARTESIAN_POINT('Ctrl Pts',(18.9302732672097,15.4578504478294,0.));
#8741=CARTESIAN_POINT('Ctrl Pts',(18.857284650169,15.203146445622,0.));
#8742=CARTESIAN_POINT('Ctrl Pts',(18.7433088171765,14.9637865952712,0.));
#8743=CARTESIAN_POINT('Ctrl Pts',(18.6789873530335,14.8287055379334,0.));
#8744=CARTESIAN_POINT('',(18.962071268744,15.5688140279236,1.));
#8745=CARTESIAN_POINT('',(18.962071268744,15.5688140279236,0.));
#8746=CARTESIAN_POINT('Ctrl Pts',(18.962071268744,15.5688140279236,1.));
#8747=CARTESIAN_POINT('Ctrl Pts',(18.9302732672097,15.4578504478294,1.));
#8748=CARTESIAN_POINT('Ctrl Pts',(18.857284650169,15.203146445622,1.));
#8749=CARTESIAN_POINT('Ctrl Pts',(18.7433088171765,14.9637865952712,1.));
#8750=CARTESIAN_POINT('Ctrl Pts',(18.6789873530335,14.8287055379334,1.));
#8751=CARTESIAN_POINT('Ctrl Pts',(19.0268734385438,16.3703153020325,0.));
#8752=CARTESIAN_POINT('Ctrl Pts',(19.0268734385438,16.3703153020325,1.));
#8753=CARTESIAN_POINT('Ctrl Pts',(19.0259518614739,16.2178638231124,0.));
#8754=CARTESIAN_POINT('Ctrl Pts',(19.0259518614739,16.2178638231124,1.));
#8755=CARTESIAN_POINT('Ctrl Pts',(19.0243262104444,15.9489412210286,0.));
#8756=CARTESIAN_POINT('Ctrl Pts',(19.0243262104444,15.9489412210286,1.));
#8757=CARTESIAN_POINT('Ctrl Pts',(18.9808855423227,15.6836935348424,0.));
#8758=CARTESIAN_POINT('Ctrl Pts',(18.9808855423227,15.6836935348424,1.));
#8759=CARTESIAN_POINT('Ctrl Pts',(18.962071268744,15.5688140279236,0.));
#8760=CARTESIAN_POINT('Ctrl Pts',(18.962071268744,15.5688140279236,1.));
#8761=CARTESIAN_POINT('',(19.0268734385438,16.3703153020325,0.));
#8762=CARTESIAN_POINT('Ctrl Pts',(19.0268734385438,16.3703153020325,0.));
#8763=CARTESIAN_POINT('Ctrl Pts',(19.0259518614739,16.2178638231124,0.));
#8764=CARTESIAN_POINT('Ctrl Pts',(19.0243262104444,15.9489412210286,0.));
#8765=CARTESIAN_POINT('Ctrl Pts',(18.9808855423227,15.6836935348424,0.));
#8766=CARTESIAN_POINT('Ctrl Pts',(18.962071268744,15.5688140279236,0.));
#8767=CARTESIAN_POINT('',(19.0268734385438,16.3703153020325,1.));
#8768=CARTESIAN_POINT('',(19.0268734385438,16.3703153020325,0.));
#8769=CARTESIAN_POINT('Ctrl Pts',(19.0268734385438,16.3703153020325,1.));
#8770=CARTESIAN_POINT('Ctrl Pts',(19.0259518614739,16.2178638231124,1.));
#8771=CARTESIAN_POINT('Ctrl Pts',(19.0243262104444,15.9489412210286,1.));
#8772=CARTESIAN_POINT('Ctrl Pts',(18.9808855423227,15.6836935348424,1.));
#8773=CARTESIAN_POINT('Ctrl Pts',(18.962071268744,15.5688140279236,1.));
#8774=CARTESIAN_POINT('Origin',(19.0268734385438,19.5694968587342,0.));
#8775=CARTESIAN_POINT('',(19.0268734385438,19.5694968587342,0.));
#8776=CARTESIAN_POINT('',(19.0268734385438,15.9582505113068,0.));
#8777=CARTESIAN_POINT('',(19.0268734385438,19.5694968587342,1.));
#8778=CARTESIAN_POINT('',(19.0268734385438,19.5694968587342,0.));
#8779=CARTESIAN_POINT('',(19.0268734385438,19.5694968587342,1.));
#8780=CARTESIAN_POINT('Ctrl Pts',(19.2315128733582,20.6438491231385,0.));
#8781=CARTESIAN_POINT('Ctrl Pts',(19.2315128733582,20.6438491231385,1.));
#8782=CARTESIAN_POINT('Ctrl Pts',(19.1718550426721,20.4621151631705,0.));
#8783=CARTESIAN_POINT('Ctrl Pts',(19.1718550426721,20.4621151631705,1.));
#8784=CARTESIAN_POINT('Ctrl Pts',(19.0571473326833,20.1126843150256,0.));
#8785=CARTESIAN_POINT('Ctrl Pts',(19.0571473326833,20.1126843150256,1.));
#8786=CARTESIAN_POINT('Ctrl Pts',(19.0366908153418,19.7456445292589,0.));
#8787=CARTESIAN_POINT('Ctrl Pts',(19.0366908153418,19.7456445292589,1.));
#8788=CARTESIAN_POINT('Ctrl Pts',(19.0268734385438,19.5694968587342,0.));
#8789=CARTESIAN_POINT('Ctrl Pts',(19.0268734385438,19.5694968587342,1.));
#8790=CARTESIAN_POINT('',(19.2315128733582,20.6438491231385,0.));
#8791=CARTESIAN_POINT('Ctrl Pts',(19.2315128733582,20.6438491231385,0.));
#8792=CARTESIAN_POINT('Ctrl Pts',(19.1718550426721,20.4621151631705,0.));
#8793=CARTESIAN_POINT('Ctrl Pts',(19.0571473326833,20.1126843150256,0.));
#8794=CARTESIAN_POINT('Ctrl Pts',(19.0366908153418,19.7456445292589,0.));
#8795=CARTESIAN_POINT('Ctrl Pts',(19.0268734385438,19.5694968587342,0.));
#8796=CARTESIAN_POINT('',(19.2315128733582,20.6438491231385,1.));
#8797=CARTESIAN_POINT('',(19.2315128733582,20.6438491231385,0.));
#8798=CARTESIAN_POINT('Ctrl Pts',(19.2315128733582,20.6438491231385,1.));
#8799=CARTESIAN_POINT('Ctrl Pts',(19.1718550426721,20.4621151631705,1.));
#8800=CARTESIAN_POINT('Ctrl Pts',(19.0571473326833,20.1126843150256,1.));
#8801=CARTESIAN_POINT('Ctrl Pts',(19.0366908153418,19.7456445292589,1.));
#8802=CARTESIAN_POINT('Ctrl Pts',(19.0268734385438,19.5694968587342,1.));
#8803=CARTESIAN_POINT('Ctrl Pts',(19.7908571650452,21.5135619527283,0.));
#8804=CARTESIAN_POINT('Ctrl Pts',(19.7908571650452,21.5135619527283,1.));
#8805=CARTESIAN_POINT('Ctrl Pts',(19.6770099620256,21.3952423280014,0.));
#8806=CARTESIAN_POINT('Ctrl Pts',(19.6770099620256,21.3952423280014,1.));
#8807=CARTESIAN_POINT('Ctrl Pts',(19.433815439417,21.1424940488388,0.));
#8808=CARTESIAN_POINT('Ctrl Pts',(19.433815439417,21.1424940488388,1.));
#8809=CARTESIAN_POINT('Ctrl Pts',(19.3017527543641,20.8169797013992,0.));
#8810=CARTESIAN_POINT('Ctrl Pts',(19.3017527543641,20.8169797013992,1.));
#8811=CARTESIAN_POINT('Ctrl Pts',(19.2315128733582,20.6438491231385,0.));
#8812=CARTESIAN_POINT('Ctrl Pts',(19.2315128733582,20.6438491231385,1.));
#8813=CARTESIAN_POINT('',(19.7908571650452,21.5135619527283,0.));
#8814=CARTESIAN_POINT('Ctrl Pts',(19.7908571650452,21.5135619527283,0.));
#8815=CARTESIAN_POINT('Ctrl Pts',(19.6770099620256,21.3952423280014,0.));
#8816=CARTESIAN_POINT('Ctrl Pts',(19.433815439417,21.1424940488388,0.));
#8817=CARTESIAN_POINT('Ctrl Pts',(19.3017527543641,20.8169797013992,0.));
#8818=CARTESIAN_POINT('Ctrl Pts',(19.2315128733582,20.6438491231385,0.));
#8819=CARTESIAN_POINT('',(19.7908571650452,21.5135619527283,1.));
#8820=CARTESIAN_POINT('',(19.7908571650452,21.5135619527283,0.));
#8821=CARTESIAN_POINT('Ctrl Pts',(19.7908571650452,21.5135619527283,1.));
#8822=CARTESIAN_POINT('Ctrl Pts',(19.6770099620256,21.3952423280014,1.));
#8823=CARTESIAN_POINT('Ctrl Pts',(19.433815439417,21.1424940488388,1.));
#8824=CARTESIAN_POINT('Ctrl Pts',(19.3017527543641,20.8169797013992,1.));
#8825=CARTESIAN_POINT('Ctrl Pts',(19.2315128733582,20.6438491231385,1.));
#8826=CARTESIAN_POINT('Ctrl Pts',(21.0527923991151,22.0967814809266,0.));
#8827=CARTESIAN_POINT('Ctrl Pts',(21.0527923991151,22.0967814809266,1.));
#8828=CARTESIAN_POINT('Ctrl Pts',(20.8141983143391,22.0403404856211,0.));
#8829=CARTESIAN_POINT('Ctrl Pts',(20.8141983143391,22.0403404856211,1.));
#8830=CARTESIAN_POINT('Ctrl Pts',(20.3535542045966,21.9313721008437,0.));
#8831=CARTESIAN_POINT('Ctrl Pts',(20.3535542045966,21.9313721008437,1.));
#8832=CARTESIAN_POINT('Ctrl Pts',(19.9738774743295,21.6494570030935,0.));
#8833=CARTESIAN_POINT('Ctrl Pts',(19.9738774743295,21.6494570030935,1.));
#8834=CARTESIAN_POINT('Ctrl Pts',(19.7908571650452,21.5135619527283,0.));
#8835=CARTESIAN_POINT('Ctrl Pts',(19.7908571650452,21.5135619527283,1.));
#8836=CARTESIAN_POINT('',(21.0527923991151,22.0967814809266,0.));
#8837=CARTESIAN_POINT('Ctrl Pts',(21.0527923991151,22.0967814809266,0.));
#8838=CARTESIAN_POINT('Ctrl Pts',(20.8141983143391,22.0403404856211,0.));
#8839=CARTESIAN_POINT('Ctrl Pts',(20.3535542045966,21.9313721008437,0.));
#8840=CARTESIAN_POINT('Ctrl Pts',(19.9738774743295,21.6494570030935,0.));
#8841=CARTESIAN_POINT('Ctrl Pts',(19.7908571650452,21.5135619527283,0.));
#8842=CARTESIAN_POINT('',(21.0527923991151,22.0967814809266,1.));
#8843=CARTESIAN_POINT('',(21.0527923991151,22.0967814809266,0.));
#8844=CARTESIAN_POINT('Ctrl Pts',(21.0527923991151,22.0967814809266,1.));
#8845=CARTESIAN_POINT('Ctrl Pts',(20.8141983143391,22.0403404856211,1.));
#8846=CARTESIAN_POINT('Ctrl Pts',(20.3535542045966,21.9313721008437,1.));
#8847=CARTESIAN_POINT('Ctrl Pts',(19.9738774743295,21.6494570030935,1.));
#8848=CARTESIAN_POINT('Ctrl Pts',(19.7908571650452,21.5135619527283,1.));
#8849=CARTESIAN_POINT('Ctrl Pts',(23.0582502772279,22.2366187459412,0.));
#8850=CARTESIAN_POINT('Ctrl Pts',(23.0582502772279,22.2366187459412,1.));
#8851=CARTESIAN_POINT('Ctrl Pts',(22.6823920872432,22.2341346308018,0.));
#8852=CARTESIAN_POINT('Ctrl Pts',(22.6823920872432,22.2341346308018,1.));
#8853=CARTESIAN_POINT('Ctrl Pts',(22.0107440076363,22.2296955864829,0.));
#8854=CARTESIAN_POINT('Ctrl Pts',(22.0107440076363,22.2296955864829,1.));
#8855=CARTESIAN_POINT('Ctrl Pts',(21.3456818758158,22.1374193821277,0.));
#8856=CARTESIAN_POINT('Ctrl Pts',(21.3456818758158,22.1374193821277,1.));
#8857=CARTESIAN_POINT('Ctrl Pts',(21.0527923991151,22.0967814809266,0.));
#8858=CARTESIAN_POINT('Ctrl Pts',(21.0527923991151,22.0967814809266,1.));
#8859=CARTESIAN_POINT('',(23.0582502772279,22.2366187459412,0.));
#8860=CARTESIAN_POINT('Ctrl Pts',(23.0582502772279,22.2366187459412,0.));
#8861=CARTESIAN_POINT('Ctrl Pts',(22.6823920872432,22.2341346308018,0.));
#8862=CARTESIAN_POINT('Ctrl Pts',(22.0107440076363,22.2296955864829,0.));
#8863=CARTESIAN_POINT('Ctrl Pts',(21.3456818758158,22.1374193821277,0.));
#8864=CARTESIAN_POINT('Ctrl Pts',(21.0527923991151,22.0967814809266,0.));
#8865=CARTESIAN_POINT('',(23.0582502772279,22.2366187459412,1.));
#8866=CARTESIAN_POINT('',(23.0582502772279,22.2366187459412,0.));
#8867=CARTESIAN_POINT('Ctrl Pts',(23.0582502772279,22.2366187459412,1.));
#8868=CARTESIAN_POINT('Ctrl Pts',(22.6823920872432,22.2341346308018,1.));
#8869=CARTESIAN_POINT('Ctrl Pts',(22.0107440076363,22.2296955864829,1.));
#8870=CARTESIAN_POINT('Ctrl Pts',(21.3456818758158,22.1374193821277,1.));
#8871=CARTESIAN_POINT('Ctrl Pts',(21.0527923991151,22.0967814809266,1.));
#8872=CARTESIAN_POINT('Ctrl Pts',(24.5043638636536,22.1206567174378,0.));
#8873=CARTESIAN_POINT('Ctrl Pts',(24.5043638636536,22.1206567174378,1.));
#8874=CARTESIAN_POINT('Ctrl Pts',(24.2728335219661,22.1544686067229,0.));
#8875=CARTESIAN_POINT('Ctrl Pts',(24.2728335219661,22.1544686067229,1.));
#8876=CARTESIAN_POINT('Ctrl Pts',(23.7933573112409,22.2244896520585,0.));
#8877=CARTESIAN_POINT('Ctrl Pts',(23.7933573112409,22.2244896520585,1.));
#8878=CARTESIAN_POINT('Ctrl Pts',(23.3088156057418,22.2324844767087,0.));
#8879=CARTESIAN_POINT('Ctrl Pts',(23.3088156057418,22.2324844767087,1.));
#8880=CARTESIAN_POINT('Ctrl Pts',(23.0582502772279,22.2366187459412,0.));
#8881=CARTESIAN_POINT('Ctrl Pts',(23.0582502772279,22.2366187459412,1.));
#8882=CARTESIAN_POINT('',(24.5043638636536,22.1206567174378,0.));
#8883=CARTESIAN_POINT('Ctrl Pts',(24.5043638636536,22.1206567174378,0.));
#8884=CARTESIAN_POINT('Ctrl Pts',(24.2728335219661,22.1544686067229,0.));
#8885=CARTESIAN_POINT('Ctrl Pts',(23.7933573112409,22.2244896520585,0.));
#8886=CARTESIAN_POINT('Ctrl Pts',(23.3088156057418,22.2324844767087,0.));
#8887=CARTESIAN_POINT('Ctrl Pts',(23.0582502772279,22.2366187459412,0.));
#8888=CARTESIAN_POINT('',(24.5043638636536,22.1206567174378,1.));
#8889=CARTESIAN_POINT('',(24.5043638636536,22.1206567174378,0.));
#8890=CARTESIAN_POINT('Ctrl Pts',(24.5043638636536,22.1206567174378,1.));
#8891=CARTESIAN_POINT('Ctrl Pts',(24.2728335219661,22.1544686067229,1.));
#8892=CARTESIAN_POINT('Ctrl Pts',(23.7933573112409,22.2244896520585,1.));
#8893=CARTESIAN_POINT('Ctrl Pts',(23.3088156057418,22.2324844767087,1.));
#8894=CARTESIAN_POINT('Ctrl Pts',(23.0582502772279,22.2366187459412,1.));
#8895=CARTESIAN_POINT('Ctrl Pts',(25.5548408915467,21.7932340985718,0.));
#8896=CARTESIAN_POINT('Ctrl Pts',(25.5548408915467,21.7932340985718,1.));
#8897=CARTESIAN_POINT('Ctrl Pts',(25.405437845702,21.8613663332946,0.));
#8898=CARTESIAN_POINT('Ctrl Pts',(25.405437845702,21.8613663332946,1.));
#8899=CARTESIAN_POINT('Ctrl Pts',(25.0694531167008,22.0145853676869,0.));
#8900=CARTESIAN_POINT('Ctrl Pts',(25.0694531167008,22.0145853676869,1.));
#8901=CARTESIAN_POINT('Ctrl Pts',(24.7061282739069,22.0827840748209,0.));
#8902=CARTESIAN_POINT('Ctrl Pts',(24.7061282739069,22.0827840748209,1.));
#8903=CARTESIAN_POINT('Ctrl Pts',(24.5043638636536,22.1206567174378,0.));
#8904=CARTESIAN_POINT('Ctrl Pts',(24.5043638636536,22.1206567174378,1.));
#8905=CARTESIAN_POINT('',(25.5548408915467,21.7932340985718,0.));
#8906=CARTESIAN_POINT('Ctrl Pts',(25.5548408915467,21.7932340985718,0.));
#8907=CARTESIAN_POINT('Ctrl Pts',(25.405437845702,21.8613663332946,0.));
#8908=CARTESIAN_POINT('Ctrl Pts',(25.0694531167008,22.0145853676869,0.));
#8909=CARTESIAN_POINT('Ctrl Pts',(24.7061282739069,22.0827840748209,0.));
#8910=CARTESIAN_POINT('Ctrl Pts',(24.5043638636536,22.1206567174378,0.));
#8911=CARTESIAN_POINT('',(25.5548408915467,21.7932340985718,1.));
#8912=CARTESIAN_POINT('',(25.5548408915467,21.7932340985718,0.));
#8913=CARTESIAN_POINT('Ctrl Pts',(25.5548408915467,21.7932340985718,1.));
#8914=CARTESIAN_POINT('Ctrl Pts',(25.405437845702,21.8613663332946,1.));
#8915=CARTESIAN_POINT('Ctrl Pts',(25.0694531167008,22.0145853676869,1.));
#8916=CARTESIAN_POINT('Ctrl Pts',(24.7061282739069,22.0827840748209,1.));
#8917=CARTESIAN_POINT('Ctrl Pts',(24.5043638636536,22.1206567174378,1.));
#8918=CARTESIAN_POINT('Ctrl Pts',(26.3699844767518,21.100876081604,0.));
#8919=CARTESIAN_POINT('Ctrl Pts',(26.3699844767518,21.100876081604,1.));
#8920=CARTESIAN_POINT('Ctrl Pts',(26.2607473756335,21.2319056463232,0.));
#8921=CARTESIAN_POINT('Ctrl Pts',(26.2607473756335,21.2319056463232,1.));
#8922=CARTESIAN_POINT('Ctrl Pts',(26.0293133936813,21.5095099914217,0.));
#8923=CARTESIAN_POINT('Ctrl Pts',(26.0293133936813,21.5095099914217,1.));
#8924=CARTESIAN_POINT('Ctrl Pts',(25.7187945107119,21.6951934449989,0.));
#8925=CARTESIAN_POINT('Ctrl Pts',(25.7187945107119,21.6951934449989,1.));
#8926=CARTESIAN_POINT('Ctrl Pts',(25.5548408915467,21.7932340985718,0.));
#8927=CARTESIAN_POINT('Ctrl Pts',(25.5548408915467,21.7932340985718,1.));
#8928=CARTESIAN_POINT('',(26.3699844767518,21.100876081604,0.));
#8929=CARTESIAN_POINT('Ctrl Pts',(26.3699844767518,21.100876081604,0.));
#8930=CARTESIAN_POINT('Ctrl Pts',(26.2607473756335,21.2319056463232,0.));
#8931=CARTESIAN_POINT('Ctrl Pts',(26.0293133936813,21.5095099914217,0.));
#8932=CARTESIAN_POINT('Ctrl Pts',(25.7187945107119,21.6951934449989,0.));
#8933=CARTESIAN_POINT('Ctrl Pts',(25.5548408915467,21.7932340985718,0.));
#8934=CARTESIAN_POINT('',(26.3699844767518,21.100876081604,1.));
#8935=CARTESIAN_POINT('',(26.3699844767518,21.100876081604,0.));
#8936=CARTESIAN_POINT('Ctrl Pts',(26.3699844767518,21.100876081604,1.));
#8937=CARTESIAN_POINT('Ctrl Pts',(26.2607473756335,21.2319056463232,1.));
#8938=CARTESIAN_POINT('Ctrl Pts',(26.0293133936813,21.5095099914217,1.));
#8939=CARTESIAN_POINT('Ctrl Pts',(25.7187945107119,21.6951934449989,1.));
#8940=CARTESIAN_POINT('Ctrl Pts',(25.5548408915467,21.7932340985718,1.));
#8941=CARTESIAN_POINT('Ctrl Pts',(26.8031338145203,20.0060579663697,0.));
#8942=CARTESIAN_POINT('Ctrl Pts',(26.8031338145203,20.0060579663697,1.));
#8943=CARTESIAN_POINT('Ctrl Pts',(26.7529116952861,20.2176815333561,0.));
#8944=CARTESIAN_POINT('Ctrl Pts',(26.7529116952861,20.2176815333561,1.));
#8945=CARTESIAN_POINT('Ctrl Pts',(26.6612194342151,20.6040500030421,0.));
#8946=CARTESIAN_POINT('Ctrl Pts',(26.6612194342151,20.6040500030421,1.));
#8947=CARTESIAN_POINT('Ctrl Pts',(26.4606824119806,20.9461518689413,0.));
#8948=CARTESIAN_POINT('Ctrl Pts',(26.4606824119806,20.9461518689413,1.));
#8949=CARTESIAN_POINT('Ctrl Pts',(26.3699844767518,21.100876081604,0.));
#8950=CARTESIAN_POINT('Ctrl Pts',(26.3699844767518,21.100876081604,1.));
#8951=CARTESIAN_POINT('',(26.8031338145203,20.0060579663697,0.));
#8952=CARTESIAN_POINT('Ctrl Pts',(26.8031338145203,20.0060579663697,0.));
#8953=CARTESIAN_POINT('Ctrl Pts',(26.7529116952861,20.2176815333561,0.));
#8954=CARTESIAN_POINT('Ctrl Pts',(26.6612194342151,20.6040500030421,0.));
#8955=CARTESIAN_POINT('Ctrl Pts',(26.4606824119806,20.9461518689413,0.));
#8956=CARTESIAN_POINT('Ctrl Pts',(26.3699844767518,21.100876081604,0.));
#8957=CARTESIAN_POINT('',(26.8031338145203,20.0060579663697,1.));
#8958=CARTESIAN_POINT('',(26.8031338145203,20.0060579663697,0.));
#8959=CARTESIAN_POINT('Ctrl Pts',(26.8031338145203,20.0060579663697,1.));
#8960=CARTESIAN_POINT('Ctrl Pts',(26.7529116952861,20.2176815333561,1.));
#8961=CARTESIAN_POINT('Ctrl Pts',(26.6612194342151,20.6040500030421,1.));
#8962=CARTESIAN_POINT('Ctrl Pts',(26.4606824119806,20.9461518689413,1.));
#8963=CARTESIAN_POINT('Ctrl Pts',(26.3699844767518,21.100876081604,1.));
#8964=CARTESIAN_POINT('Origin',(24.1496542384095,19.7263858205262,0.));
#8965=CARTESIAN_POINT('',(24.1496542384095,19.7263858205262,0.));
#8966=CARTESIAN_POINT('',(22.0953219841924,19.5098627634109,0.));
#8967=CARTESIAN_POINT('',(24.1496542384095,19.7263858205262,1.));
#8968=CARTESIAN_POINT('',(24.1496542384095,19.7263858205262,0.));
#8969=CARTESIAN_POINT('',(24.1496542384095,19.7263858205262,1.));
#8970=CARTESIAN_POINT('Ctrl Pts',(23.7199142863221,20.3675863629761,0.));
#8971=CARTESIAN_POINT('Ctrl Pts',(23.7199142863221,20.3675863629761,1.));
#8972=CARTESIAN_POINT('Ctrl Pts',(23.8068095079747,20.2904509583175,0.));
#8973=CARTESIAN_POINT('Ctrl Pts',(23.8068095079747,20.2904509583175,1.));
#8974=CARTESIAN_POINT('Ctrl Pts',(24.0045941601014,20.1148808994936,0.));
#8975=CARTESIAN_POINT('Ctrl Pts',(24.0045941601014,20.1148808994936,1.));
#8976=CARTESIAN_POINT('Ctrl Pts',(24.0975422200224,19.865950495622,0.));
#8977=CARTESIAN_POINT('Ctrl Pts',(24.0975422200224,19.865950495622,1.));
#8978=CARTESIAN_POINT('Ctrl Pts',(24.1496542384095,19.7263858205262,0.));
#8979=CARTESIAN_POINT('Ctrl Pts',(24.1496542384095,19.7263858205262,1.));
#8980=CARTESIAN_POINT('Ctrl Pts',(23.7199142863221,20.3675863629761,0.));
#8981=CARTESIAN_POINT('Ctrl Pts',(23.8068095079747,20.2904509583175,0.));
#8982=CARTESIAN_POINT('Ctrl Pts',(24.0045941601014,20.1148808994936,0.));
#8983=CARTESIAN_POINT('Ctrl Pts',(24.0975422200224,19.865950495622,0.));
#8984=CARTESIAN_POINT('Ctrl Pts',(24.1496542384095,19.7263858205262,0.));
#8985=CARTESIAN_POINT('Ctrl Pts',(23.7199142863221,20.3675863629761,1.));
#8986=CARTESIAN_POINT('Ctrl Pts',(23.8068095079747,20.2904509583175,1.));
#8987=CARTESIAN_POINT('Ctrl Pts',(24.0045941601014,20.1148808994936,1.));
#8988=CARTESIAN_POINT('Ctrl Pts',(24.0975422200224,19.865950495622,1.));
#8989=CARTESIAN_POINT('Ctrl Pts',(24.1496542384095,19.7263858205262,1.));
#8990=CARTESIAN_POINT('Origin',(20.7731232335038,9.89691590132145,1.));
#8991=CARTESIAN_POINT('Origin',(3.89725479382943,22.7959630376282,0.));
#8992=CARTESIAN_POINT('',(3.89725479382943,22.7959630376282,0.));
#8993=CARTESIAN_POINT('',(4.77721008557747,22.7959630376282,0.));
#8994=CARTESIAN_POINT('',(12.3351881220633,22.7959630376282,0.));
#8995=CARTESIAN_POINT('',(3.89725479382943,22.7959630376282,1.));
#8996=CARTESIAN_POINT('',(3.89725479382943,22.7959630376282,0.));
#8997=CARTESIAN_POINT('',(4.77721008557747,22.7959630376282,1.));
#8998=CARTESIAN_POINT('',(3.89725479382943,22.7959630376282,1.));
#8999=CARTESIAN_POINT('',(4.77721008557747,22.7959630376282,0.));
#9000=CARTESIAN_POINT('Ctrl Pts',(2.71717819470833,22.4685404187622,0.));
#9001=CARTESIAN_POINT('Ctrl Pts',(2.71717819470833,22.4685404187622,1.));
#9002=CARTESIAN_POINT('Ctrl Pts',(2.86374560535924,22.5633260604554,0.));
#9003=CARTESIAN_POINT('Ctrl Pts',(2.86374560535924,22.5633260604554,1.));
#9004=CARTESIAN_POINT('Ctrl Pts',(3.21912903138163,22.7931537276911,0.));
#9005=CARTESIAN_POINT('Ctrl Pts',(3.21912903138163,22.7931537276911,1.));
#9006=CARTESIAN_POINT('Ctrl Pts',(3.64627347544092,22.7949232831301,0.));
#9007=CARTESIAN_POINT('Ctrl Pts',(3.64627347544092,22.7949232831301,1.));
#9008=CARTESIAN_POINT('Ctrl Pts',(3.89725479382943,22.7959630376282,0.));
#9009=CARTESIAN_POINT('Ctrl Pts',(3.89725479382943,22.7959630376282,1.));
#9010=CARTESIAN_POINT('',(2.71717819470833,22.4685404187622,0.));
#9011=CARTESIAN_POINT('Ctrl Pts',(2.71717819470833,22.4685404187622,0.));
#9012=CARTESIAN_POINT('Ctrl Pts',(2.86374560535924,22.5633260604554,0.));
#9013=CARTESIAN_POINT('Ctrl Pts',(3.21912903138163,22.7931537276911,0.));
#9014=CARTESIAN_POINT('Ctrl Pts',(3.64627347544092,22.7949232831301,0.));
#9015=CARTESIAN_POINT('Ctrl Pts',(3.89725479382943,22.7959630376282,0.));
#9016=CARTESIAN_POINT('',(2.71717819470833,22.4685404187622,1.));
#9017=CARTESIAN_POINT('',(2.71717819470833,22.4685404187622,0.));
#9018=CARTESIAN_POINT('Ctrl Pts',(2.71717819470833,22.4685404187622,1.));
#9019=CARTESIAN_POINT('Ctrl Pts',(2.86374560535924,22.5633260604554,1.));
#9020=CARTESIAN_POINT('Ctrl Pts',(3.21912903138163,22.7931537276911,1.));
#9021=CARTESIAN_POINT('Ctrl Pts',(3.64627347544092,22.7949232831301,1.));
#9022=CARTESIAN_POINT('Ctrl Pts',(3.89725479382943,22.7959630376282,1.));
#9023=CARTESIAN_POINT('Ctrl Pts',(2.40340027112435,21.6704532987061,0.));
#9024=CARTESIAN_POINT('Ctrl Pts',(2.40340027112435,21.6704532987061,1.));
#9025=CARTESIAN_POINT('Ctrl Pts',(2.41592559099882,21.8207948589737,0.));
#9026=CARTESIAN_POINT('Ctrl Pts',(2.41592559099882,21.8207948589737,1.));
#9027=CARTESIAN_POINT('Ctrl Pts',(2.4407189743658,22.1183901281614,0.));
#9028=CARTESIAN_POINT('Ctrl Pts',(2.4407189743658,22.1183901281614,1.));
#9029=CARTESIAN_POINT('Ctrl Pts',(2.62566478776794,22.3526338268448,0.));
#9030=CARTESIAN_POINT('Ctrl Pts',(2.62566478776794,22.3526338268448,1.));
#9031=CARTESIAN_POINT('Ctrl Pts',(2.71717819470833,22.4685404187622,0.));
#9032=CARTESIAN_POINT('Ctrl Pts',(2.71717819470833,22.4685404187622,1.));
#9033=CARTESIAN_POINT('',(2.40340027112435,21.6704532987061,0.));
#9034=CARTESIAN_POINT('Ctrl Pts',(2.40340027112435,21.6704532987061,0.));
#9035=CARTESIAN_POINT('Ctrl Pts',(2.41592559099882,21.8207948589737,0.));
#9036=CARTESIAN_POINT('Ctrl Pts',(2.4407189743658,22.1183901281614,0.));
#9037=CARTESIAN_POINT('Ctrl Pts',(2.62566478776794,22.3526338268448,0.));
#9038=CARTESIAN_POINT('Ctrl Pts',(2.71717819470833,22.4685404187622,0.));
#9039=CARTESIAN_POINT('',(2.40340027112435,21.6704532987061,1.));
#9040=CARTESIAN_POINT('',(2.40340027112435,21.6704532987061,0.));
#9041=CARTESIAN_POINT('Ctrl Pts',(2.40340027112435,21.6704532987061,1.));
#9042=CARTESIAN_POINT('Ctrl Pts',(2.41592559099882,21.8207948589737,1.));
#9043=CARTESIAN_POINT('Ctrl Pts',(2.4407189743658,22.1183901281614,1.));
#9044=CARTESIAN_POINT('Ctrl Pts',(2.62566478776794,22.3526338268448,1.));
#9045=CARTESIAN_POINT('Ctrl Pts',(2.71717819470833,22.4685404187622,1.));
#9046=CARTESIAN_POINT('Ctrl Pts',(2.76492866773079,20.8757731801453,0.));
#9047=CARTESIAN_POINT('Ctrl Pts',(2.76492866773079,20.8757731801453,1.));
#9048=CARTESIAN_POINT('Ctrl Pts',(2.65948711215433,20.9868526198507,0.));
#9049=CARTESIAN_POINT('Ctrl Pts',(2.65948711215433,20.9868526198507,1.));
#9050=CARTESIAN_POINT('Ctrl Pts',(2.4476087492712,21.2100599663858,0.));
#9051=CARTESIAN_POINT('Ctrl Pts',(2.4476087492712,21.2100599663858,1.));
#9052=CARTESIAN_POINT('Ctrl Pts',(2.41818250493063,21.5165090290433,0.));
#9053=CARTESIAN_POINT('Ctrl Pts',(2.41818250493063,21.5165090290433,1.));
#9054=CARTESIAN_POINT('Ctrl Pts',(2.40340027112435,21.6704532987061,0.));
#9055=CARTESIAN_POINT('Ctrl Pts',(2.40340027112435,21.6704532987061,1.));
#9056=CARTESIAN_POINT('',(2.76492866773079,20.8757731801453,0.));
#9057=CARTESIAN_POINT('Ctrl Pts',(2.76492866773079,20.8757731801453,0.));
#9058=CARTESIAN_POINT('Ctrl Pts',(2.65948711215433,20.9868526198507,0.));
#9059=CARTESIAN_POINT('Ctrl Pts',(2.4476087492712,21.2100599663858,0.));
#9060=CARTESIAN_POINT('Ctrl Pts',(2.41818250493063,21.5165090290433,0.));
#9061=CARTESIAN_POINT('Ctrl Pts',(2.40340027112435,21.6704532987061,0.));
#9062=CARTESIAN_POINT('',(2.76492866773079,20.8757731801453,1.));
#9063=CARTESIAN_POINT('',(2.76492866773079,20.8757731801453,0.));
#9064=CARTESIAN_POINT('Ctrl Pts',(2.76492866773079,20.8757731801453,1.));
#9065=CARTESIAN_POINT('Ctrl Pts',(2.65948711215433,20.9868526198507,1.));
#9066=CARTESIAN_POINT('Ctrl Pts',(2.4476087492712,21.2100599663858,1.));
#9067=CARTESIAN_POINT('Ctrl Pts',(2.41818250493063,21.5165090290433,1.));
#9068=CARTESIAN_POINT('Ctrl Pts',(2.40340027112435,21.6704532987061,1.));
#9069=CARTESIAN_POINT('Ctrl Pts',(4.02004989880989,20.5654046422425,0.));
#9070=CARTESIAN_POINT('Ctrl Pts',(4.02004989880989,20.5654046422425,1.));
#9071=CARTESIAN_POINT('Ctrl Pts',(3.75983433418334,20.5671679977991,0.));
#9072=CARTESIAN_POINT('Ctrl Pts',(3.75983433418334,20.5671679977991,1.));
#9073=CARTESIAN_POINT('Ctrl Pts',(3.31357928818363,20.5701920533208,0.));
#9074=CARTESIAN_POINT('Ctrl Pts',(3.31357928818363,20.5701920533208,1.));
#9075=CARTESIAN_POINT('Ctrl Pts',(2.92635767346363,20.785862304927,0.));
#9076=CARTESIAN_POINT('Ctrl Pts',(2.92635767346363,20.785862304927,1.));
#9077=CARTESIAN_POINT('Ctrl Pts',(2.76492866773079,20.8757731801453,0.));
#9078=CARTESIAN_POINT('Ctrl Pts',(2.76492866773079,20.8757731801453,1.));
#9079=CARTESIAN_POINT('',(4.02004989880989,20.5654046422425,0.));
#9080=CARTESIAN_POINT('Ctrl Pts',(4.02004989880989,20.5654046422425,0.));
#9081=CARTESIAN_POINT('Ctrl Pts',(3.75983433418334,20.5671679977991,0.));
#9082=CARTESIAN_POINT('Ctrl Pts',(3.31357928818363,20.5701920533208,0.));
#9083=CARTESIAN_POINT('Ctrl Pts',(2.92635767346363,20.785862304927,0.));
#9084=CARTESIAN_POINT('Ctrl Pts',(2.76492866773079,20.8757731801453,0.));
#9085=CARTESIAN_POINT('',(4.02004989880989,20.5654046422425,1.));
#9086=CARTESIAN_POINT('',(4.02004989880989,20.5654046422425,0.));
#9087=CARTESIAN_POINT('Ctrl Pts',(4.02004989880989,20.5654046422425,1.));
#9088=CARTESIAN_POINT('Ctrl Pts',(3.75983433418334,20.5671679977991,1.));
#9089=CARTESIAN_POINT('Ctrl Pts',(3.31357928818363,20.5701920533208,1.));
#9090=CARTESIAN_POINT('Ctrl Pts',(2.92635767346363,20.785862304927,1.));
#9091=CARTESIAN_POINT('Ctrl Pts',(2.76492866773079,20.8757731801453,1.));
#9092=CARTESIAN_POINT('Origin',(4.77721008557747,20.5654046422425,0.));
#9093=CARTESIAN_POINT('',(4.77721008557747,20.5654046422425,0.));
#9094=CARTESIAN_POINT('',(12.7751657679373,20.5654046422425,0.));
#9095=CARTESIAN_POINT('',(4.77721008557747,20.5654046422425,1.));
#9096=CARTESIAN_POINT('',(4.77721008557747,20.5654046422425,0.));
#9097=CARTESIAN_POINT('',(4.77721008557747,20.5654046422425,1.));
#9098=CARTESIAN_POINT('Origin',(4.77721008557747,22.7959630376282,0.));
#9099=CARTESIAN_POINT('',(4.77721008557747,17.5714836007538,0.));
#9100=CARTESIAN_POINT('',(4.77721008557747,22.7959630376282,1.));
#9101=CARTESIAN_POINT('Origin',(4.77721008557747,14.8287055379334,0.));
#9102=CARTESIAN_POINT('',(4.77721008557747,14.8287055379334,0.));
#9103=CARTESIAN_POINT('',(7.88088592786263,14.8287055379334,0.));
#9104=CARTESIAN_POINT('',(12.7751657679373,14.8287055379334,0.));
#9105=CARTESIAN_POINT('',(4.77721008557747,14.8287055379334,1.));
#9106=CARTESIAN_POINT('',(4.77721008557747,14.8287055379334,0.));
#9107=CARTESIAN_POINT('',(7.88088592786263,14.8287055379334,1.));
#9108=CARTESIAN_POINT('',(4.77721008557747,14.8287055379334,1.));
#9109=CARTESIAN_POINT('',(7.88088592786263,14.8287055379334,0.));
#9110=CARTESIAN_POINT('Origin',(4.77721008557747,18.5394832974854,0.));
#9111=CARTESIAN_POINT('',(4.77721008557747,18.5394832974854,0.));
#9112=CARTESIAN_POINT('',(4.77721008557747,15.4432437306824,0.));
#9113=CARTESIAN_POINT('',(4.77721008557747,18.5394832974854,1.));
#9114=CARTESIAN_POINT('',(4.77721008557747,18.5394832974854,0.));
#9115=CARTESIAN_POINT('',(4.77721008557747,18.5394832974854,1.));
#9116=CARTESIAN_POINT('Origin',(3.08552536267708,18.5394832974854,0.));
#9117=CARTESIAN_POINT('',(3.08552536267708,18.5394832974854,0.));
#9118=CARTESIAN_POINT('',(11.9293234064871,18.5394832974854,0.));
#9119=CARTESIAN_POINT('',(3.08552536267708,18.5394832974854,1.));
#9120=CARTESIAN_POINT('',(3.08552536267708,18.5394832974854,0.));
#9121=CARTESIAN_POINT('',(3.08552536267708,18.5394832974854,1.));
#9122=CARTESIAN_POINT('Ctrl Pts',(0.305850832647785,19.3921444302979,0.));
#9123=CARTESIAN_POINT('Ctrl Pts',(0.305850832647785,19.3921444302979,1.));
#9124=CARTESIAN_POINT('Ctrl Pts',(0.677800157611586,19.1442339590381,0.));
#9125=CARTESIAN_POINT('Ctrl Pts',(0.677800157611586,19.1442339590381,1.));
#9126=CARTESIAN_POINT('Ctrl Pts',(1.51418735792632,18.5867678445186,0.));
#9127=CARTESIAN_POINT('Ctrl Pts',(1.51418735792632,18.5867678445186,1.));
#9128=CARTESIAN_POINT('Ctrl Pts',(2.52450536234296,18.5563654555648,0.));
#9129=CARTESIAN_POINT('Ctrl Pts',(2.52450536234296,18.5563654555648,1.));
#9130=CARTESIAN_POINT('Ctrl Pts',(3.08552536267708,18.5394832974854,0.));
#9131=CARTESIAN_POINT('Ctrl Pts',(3.08552536267708,18.5394832974854,1.));
#9132=CARTESIAN_POINT('',(0.305850832647785,19.3921444302979,0.));
#9133=CARTESIAN_POINT('Ctrl Pts',(0.305850832647785,19.3921444302979,0.));
#9134=CARTESIAN_POINT('Ctrl Pts',(0.677800157611586,19.1442339590381,0.));
#9135=CARTESIAN_POINT('Ctrl Pts',(1.51418735792632,18.5867678445186,0.));
#9136=CARTESIAN_POINT('Ctrl Pts',(2.52450536234296,18.5563654555648,0.));
#9137=CARTESIAN_POINT('Ctrl Pts',(3.08552536267708,18.5394832974854,0.));
#9138=CARTESIAN_POINT('',(0.305850832647785,19.3921444302979,1.));
#9139=CARTESIAN_POINT('',(0.305850832647785,19.3921444302979,0.));
#9140=CARTESIAN_POINT('Ctrl Pts',(0.305850832647785,19.3921444302979,1.));
#9141=CARTESIAN_POINT('Ctrl Pts',(0.677800157611586,19.1442339590381,1.));
#9142=CARTESIAN_POINT('Ctrl Pts',(1.51418735792632,18.5867678445186,1.));
#9143=CARTESIAN_POINT('Ctrl Pts',(2.52450536234296,18.5563654555648,1.));
#9144=CARTESIAN_POINT('Ctrl Pts',(3.08552536267708,18.5394832974854,1.));
#9145=CARTESIAN_POINT('Ctrl Pts',(-0.604784161859051,21.7591283208313,0.));
#9146=CARTESIAN_POINT('Ctrl Pts',(-0.604784161859051,21.7591283208313,1.));
#9147=CARTESIAN_POINT('Ctrl Pts',(-0.575877550639525,21.2907810291101,0.));
#9148=CARTESIAN_POINT('Ctrl Pts',(-0.575877550639525,21.2907810291101,1.));
#9149=CARTESIAN_POINT('Ctrl Pts',(-0.521065678569741,20.4027145711259,0.));
#9150=CARTESIAN_POINT('Ctrl Pts',(-0.521065678569741,20.4027145711259,1.));
#9151=CARTESIAN_POINT('Ctrl Pts',(0.0404612288608064,19.7164756120256,0.));
#9152=CARTESIAN_POINT('Ctrl Pts',(0.0404612288608064,19.7164756120256,1.));
#9153=CARTESIAN_POINT('Ctrl Pts',(0.305850832647785,19.3921444302979,0.));
#9154=CARTESIAN_POINT('Ctrl Pts',(0.305850832647785,19.3921444302979,1.));
#9155=CARTESIAN_POINT('',(-0.604784161859051,21.7591283208313,0.));
#9156=CARTESIAN_POINT('Ctrl Pts',(-0.604784161859051,21.7591283208313,0.));
#9157=CARTESIAN_POINT('Ctrl Pts',(-0.575877550639525,21.2907810291101,0.));
#9158=CARTESIAN_POINT('Ctrl Pts',(-0.521065678569741,20.4027145711259,0.));
#9159=CARTESIAN_POINT('Ctrl Pts',(0.0404612288608064,19.7164756120256,0.));
#9160=CARTESIAN_POINT('Ctrl Pts',(0.305850832647785,19.3921444302979,0.));
#9161=CARTESIAN_POINT('',(-0.604784161859051,21.7591283208313,1.));
#9162=CARTESIAN_POINT('',(-0.604784161859051,21.7591283208313,0.));
#9163=CARTESIAN_POINT('Ctrl Pts',(-0.604784161859051,21.7591283208313,1.));
#9164=CARTESIAN_POINT('Ctrl Pts',(-0.575877550639525,21.2907810291101,1.));
#9165=CARTESIAN_POINT('Ctrl Pts',(-0.521065678569741,20.4027145711259,1.));
#9166=CARTESIAN_POINT('Ctrl Pts',(0.0404612288608064,19.7164756120256,1.));
#9167=CARTESIAN_POINT('Ctrl Pts',(0.305850832647785,19.3921444302979,1.));
#9168=CARTESIAN_POINT('Ctrl Pts',(0.230815737432941,24.0306160336914,0.));
#9169=CARTESIAN_POINT('Ctrl Pts',(0.230815737432941,24.0306160336914,1.));
#9170=CARTESIAN_POINT('Ctrl Pts',(-0.0125956843271702,23.7215739415818,
0.));
#9171=CARTESIAN_POINT('Ctrl Pts',(-0.0125956843271702,23.7215739415818,
1.));
#9172=CARTESIAN_POINT('Ctrl Pts',(-0.535106634095417,23.0581791185332,0.));
#9173=CARTESIAN_POINT('Ctrl Pts',(-0.535106634095417,23.0581791185332,1.));
#9174=CARTESIAN_POINT('Ctrl Pts',(-0.58052429294424,22.2114233875112,0.));
#9175=CARTESIAN_POINT('Ctrl Pts',(-0.58052429294424,22.2114233875112,1.));
#9176=CARTESIAN_POINT('Ctrl Pts',(-0.604784161859051,21.7591283208313,0.));
#9177=CARTESIAN_POINT('Ctrl Pts',(-0.604784161859051,21.7591283208313,1.));
#9178=CARTESIAN_POINT('',(0.230815737432941,24.0306160336914,0.));
#9179=CARTESIAN_POINT('Ctrl Pts',(0.230815737432941,24.0306160336914,0.));
#9180=CARTESIAN_POINT('Ctrl Pts',(-0.0125956843271702,23.7215739415818,
0.));
#9181=CARTESIAN_POINT('Ctrl Pts',(-0.535106634095417,23.0581791185332,0.));
#9182=CARTESIAN_POINT('Ctrl Pts',(-0.58052429294424,22.2114233875112,0.));
#9183=CARTESIAN_POINT('Ctrl Pts',(-0.604784161859051,21.7591283208313,0.));
#9184=CARTESIAN_POINT('',(0.230815737432941,24.0306160336914,1.));
#9185=CARTESIAN_POINT('',(0.230815737432941,24.0306160336914,0.));
#9186=CARTESIAN_POINT('Ctrl Pts',(0.230815737432941,24.0306160336914,1.));
#9187=CARTESIAN_POINT('Ctrl Pts',(-0.0125956843271702,23.7215739415818,
1.));
#9188=CARTESIAN_POINT('Ctrl Pts',(-0.535106634095417,23.0581791185332,1.));
#9189=CARTESIAN_POINT('Ctrl Pts',(-0.58052429294424,22.2114233875112,1.));
#9190=CARTESIAN_POINT('Ctrl Pts',(-0.604784161859051,21.7591283208313,1.));
#9191=CARTESIAN_POINT('Ctrl Pts',(2.74447235364388,24.8287055379334,0.));
#9192=CARTESIAN_POINT('Ctrl Pts',(2.74447235364388,24.8287055379334,1.));
#9193=CARTESIAN_POINT('Ctrl Pts',(2.23860313886401,24.8114380857034,0.));
#9194=CARTESIAN_POINT('Ctrl Pts',(2.23860313886401,24.8114380857034,1.));
#9195=CARTESIAN_POINT('Ctrl Pts',(1.32100433454813,24.7801165641384,0.));
#9196=CARTESIAN_POINT('Ctrl Pts',(1.32100433454813,24.7801165641384,1.));
#9197=CARTESIAN_POINT('Ctrl Pts',(0.568477150281019,24.2627569758282,0.));
#9198=CARTESIAN_POINT('Ctrl Pts',(0.568477150281019,24.2627569758282,1.));
#9199=CARTESIAN_POINT('Ctrl Pts',(0.230815737432941,24.0306160336914,0.));
#9200=CARTESIAN_POINT('Ctrl Pts',(0.230815737432941,24.0306160336914,1.));
#9201=CARTESIAN_POINT('',(2.74447235364388,24.8287055379334,0.));
#9202=CARTESIAN_POINT('Ctrl Pts',(2.74447235364388,24.8287055379334,0.));
#9203=CARTESIAN_POINT('Ctrl Pts',(2.23860313886401,24.8114380857034,0.));
#9204=CARTESIAN_POINT('Ctrl Pts',(1.32100433454813,24.7801165641384,0.));
#9205=CARTESIAN_POINT('Ctrl Pts',(0.568477150281019,24.2627569758282,0.));
#9206=CARTESIAN_POINT('Ctrl Pts',(0.230815737432941,24.0306160336914,0.));
#9207=CARTESIAN_POINT('',(2.74447235364388,24.8287055379334,1.));
#9208=CARTESIAN_POINT('',(2.74447235364388,24.8287055379334,0.));
#9209=CARTESIAN_POINT('Ctrl Pts',(2.74447235364388,24.8287055379334,1.));
#9210=CARTESIAN_POINT('Ctrl Pts',(2.23860313886401,24.8114380857034,1.));
#9211=CARTESIAN_POINT('Ctrl Pts',(1.32100433454813,24.7801165641384,1.));
#9212=CARTESIAN_POINT('Ctrl Pts',(0.568477150281019,24.2627569758282,1.));
#9213=CARTESIAN_POINT('Ctrl Pts',(0.230815737432941,24.0306160336914,1.));
#9214=CARTESIAN_POINT('Origin',(7.88088592786263,24.8287055379334,0.));
#9215=CARTESIAN_POINT('',(7.88088592786263,24.8287055379334,0.));
#9216=CARTESIAN_POINT('',(14.3270036890799,24.8287055379334,0.));
#9217=CARTESIAN_POINT('',(7.88088592786263,24.8287055379334,1.));
#9218=CARTESIAN_POINT('',(7.88088592786263,24.8287055379334,0.));
#9219=CARTESIAN_POINT('',(7.88088592786263,24.8287055379334,1.));
#9220=CARTESIAN_POINT('Origin',(7.88088592786263,14.8287055379334,0.));
#9221=CARTESIAN_POINT('',(7.88088592786263,13.5878548509064,0.));
#9222=CARTESIAN_POINT('',(7.88088592786263,14.8287055379334,1.));
#9223=CARTESIAN_POINT('Origin',(20.7731232335038,9.89691590132145,1.));
#9224=CARTESIAN_POINT('Origin',(-1.55976501207878,-4.87116123376461,0.));
#9225=CARTESIAN_POINT('',(-1.55976501207878,-4.87116123376461,0.));
#9226=CARTESIAN_POINT('',(1.23014244336556,-4.87116123376461,0.));
#9227=CARTESIAN_POINT('',(9.60667821910915,-4.87116123376461,0.));
#9228=CARTESIAN_POINT('',(-1.55976501207878,-4.87116123376461,1.));
#9229=CARTESIAN_POINT('',(-1.55976501207878,-4.87116123376461,0.));
#9230=CARTESIAN_POINT('',(1.23014244336556,-4.87116123376461,1.));
#9231=CARTESIAN_POINT('',(-1.55976501207878,-4.87116123376461,1.));
#9232=CARTESIAN_POINT('',(1.23014244336556,-4.87116123376461,0.));
#9233=CARTESIAN_POINT('Origin',(-1.55976501207878,-2.44278694329831,0.));
#9234=CARTESIAN_POINT('',(-1.55976501207878,-2.44278694329831,0.));
#9235=CARTESIAN_POINT('',(-1.55976501207878,4.95210861029055,0.));
#9236=CARTESIAN_POINT('',(-1.55976501207878,-2.44278694329831,1.));
#9237=CARTESIAN_POINT('',(-1.55976501207878,-2.44278694329831,0.));
#9238=CARTESIAN_POINT('',(-1.55976501207878,-2.44278694329831,1.));
#9239=CARTESIAN_POINT('Ctrl Pts',(-1.98950973253776,-0.0689771288451801,
0.));
#9240=CARTESIAN_POINT('Ctrl Pts',(-1.98950973253776,-0.0689771288451801,
1.));
#9241=CARTESIAN_POINT('Ctrl Pts',(-1.86542924816521,-0.369034138549411,
0.));
#9242=CARTESIAN_POINT('Ctrl Pts',(-1.86542924816521,-0.369034138549411,
1.));
#9243=CARTESIAN_POINT('Ctrl Pts',(-1.55290224556204,-1.12480099686836,0.));
#9244=CARTESIAN_POINT('Ctrl Pts',(-1.55290224556204,-1.12480099686836,1.));
#9245=CARTESIAN_POINT('Ctrl Pts',(-1.55718350946094,-1.94701251141169,0.));
#9246=CARTESIAN_POINT('Ctrl Pts',(-1.55718350946094,-1.94701251141169,1.));
#9247=CARTESIAN_POINT('Ctrl Pts',(-1.55976501207878,-2.44278694329831,0.));
#9248=CARTESIAN_POINT('Ctrl Pts',(-1.55976501207878,-2.44278694329831,1.));
#9249=CARTESIAN_POINT('',(-1.98950973253776,-0.0689771288451801,0.));
#9250=CARTESIAN_POINT('Ctrl Pts',(-1.98950973253776,-0.0689771288451801,
0.));
#9251=CARTESIAN_POINT('Ctrl Pts',(-1.86542924816521,-0.369034138549411,
0.));
#9252=CARTESIAN_POINT('Ctrl Pts',(-1.55290224556204,-1.12480099686836,0.));
#9253=CARTESIAN_POINT('Ctrl Pts',(-1.55718350946094,-1.94701251141169,0.));
#9254=CARTESIAN_POINT('Ctrl Pts',(-1.55976501207878,-2.44278694329831,0.));
#9255=CARTESIAN_POINT('',(-1.98950973253776,-0.0689771288451801,1.));
#9256=CARTESIAN_POINT('',(-1.98950973253776,-0.0689771288451801,0.));
#9257=CARTESIAN_POINT('Ctrl Pts',(-1.98950973253776,-0.0689771288451801,
1.));
#9258=CARTESIAN_POINT('Ctrl Pts',(-1.86542924816521,-0.369034138549411,
1.));
#9259=CARTESIAN_POINT('Ctrl Pts',(-1.55290224556204,-1.12480099686836,1.));
#9260=CARTESIAN_POINT('Ctrl Pts',(-1.55718350946094,-1.94701251141169,1.));
#9261=CARTESIAN_POINT('Ctrl Pts',(-1.55976501207878,-2.44278694329831,1.));
#9262=CARTESIAN_POINT('Ctrl Pts',(-2.83534255724479,0.3812286740723,0.));
#9263=CARTESIAN_POINT('Ctrl Pts',(-2.83534255724479,0.3812286740723,1.));
#9264=CARTESIAN_POINT('Ctrl Pts',(-2.66380068718233,0.362662627980415,0.));
#9265=CARTESIAN_POINT('Ctrl Pts',(-2.66380068718233,0.362662627980415,1.));
#9266=CARTESIAN_POINT('Ctrl Pts',(-2.32159434748056,0.325625497199891,0.));
#9267=CARTESIAN_POINT('Ctrl Pts',(-2.32159434748056,0.325625497199891,1.));
#9268=CARTESIAN_POINT('Ctrl Pts',(-2.10001523149062,0.0623320559742613,
0.));
#9269=CARTESIAN_POINT('Ctrl Pts',(-2.10001523149062,0.0623320559742613,
1.));
#9270=CARTESIAN_POINT('Ctrl Pts',(-1.98950973253776,-0.0689771288451801,
0.));
#9271=CARTESIAN_POINT('Ctrl Pts',(-1.98950973253776,-0.0689771288451801,
1.));
#9272=CARTESIAN_POINT('',(-2.83534255724479,0.3812286740723,0.));
#9273=CARTESIAN_POINT('Ctrl Pts',(-2.83534255724479,0.3812286740723,0.));
#9274=CARTESIAN_POINT('Ctrl Pts',(-2.66380068718233,0.362662627980415,0.));
#9275=CARTESIAN_POINT('Ctrl Pts',(-2.32159434748056,0.325625497199891,0.));
#9276=CARTESIAN_POINT('Ctrl Pts',(-2.10001523149062,0.0623320559742613,
0.));
#9277=CARTESIAN_POINT('Ctrl Pts',(-1.98950973253776,-0.0689771288451801,
0.));
#9278=CARTESIAN_POINT('',(-2.83534255724479,0.3812286740723,1.));
#9279=CARTESIAN_POINT('',(-2.83534255724479,0.3812286740723,0.));
#9280=CARTESIAN_POINT('Ctrl Pts',(-2.83534255724479,0.3812286740723,1.));
#9281=CARTESIAN_POINT('Ctrl Pts',(-2.66380068718233,0.362662627980415,1.));
#9282=CARTESIAN_POINT('Ctrl Pts',(-2.32159434748056,0.325625497199891,1.));
#9283=CARTESIAN_POINT('Ctrl Pts',(-2.10001523149062,0.0623320559742613,
1.));
#9284=CARTESIAN_POINT('Ctrl Pts',(-1.98950973253776,-0.0689771288451801,
1.));
#9285=CARTESIAN_POINT('Ctrl Pts',(-3.61296859484245,0.176589239257847,0.));
#9286=CARTESIAN_POINT('Ctrl Pts',(-3.61296859484245,0.176589239257847,1.));
#9287=CARTESIAN_POINT('Ctrl Pts',(-3.46830762943467,0.235796794455432,0.));
#9288=CARTESIAN_POINT('Ctrl Pts',(-3.46830762943467,0.235796794455432,1.));
#9289=CARTESIAN_POINT('Ctrl Pts',(-3.21762391750779,0.338397863577349,0.));
#9290=CARTESIAN_POINT('Ctrl Pts',(-3.21762391750779,0.338397863577349,1.));
#9291=CARTESIAN_POINT('Ctrl Pts',(-2.94896685195116,0.368498206045187,0.));
#9292=CARTESIAN_POINT('Ctrl Pts',(-2.94896685195116,0.368498206045187,1.));
#9293=CARTESIAN_POINT('Ctrl Pts',(-2.83534255724479,0.3812286740723,0.));
#9294=CARTESIAN_POINT('Ctrl Pts',(-2.83534255724479,0.3812286740723,1.));
#9295=CARTESIAN_POINT('',(-3.61296859484245,0.176589239257847,0.));
#9296=CARTESIAN_POINT('Ctrl Pts',(-3.61296859484245,0.176589239257847,0.));
#9297=CARTESIAN_POINT('Ctrl Pts',(-3.46830762943467,0.235796794455432,0.));
#9298=CARTESIAN_POINT('Ctrl Pts',(-3.21762391750779,0.338397863577349,0.));
#9299=CARTESIAN_POINT('Ctrl Pts',(-2.94896685195116,0.368498206045187,0.));
#9300=CARTESIAN_POINT('Ctrl Pts',(-2.83534255724479,0.3812286740723,0.));
#9301=CARTESIAN_POINT('',(-3.61296859484245,0.176589239257847,1.));
#9302=CARTESIAN_POINT('',(-3.61296859484245,0.176589239257847,0.));
#9303=CARTESIAN_POINT('Ctrl Pts',(-3.61296859484245,0.176589239257847,1.));
#9304=CARTESIAN_POINT('Ctrl Pts',(-3.46830762943467,0.235796794455432,1.));
#9305=CARTESIAN_POINT('Ctrl Pts',(-3.21762391750779,0.338397863577349,1.));
#9306=CARTESIAN_POINT('Ctrl Pts',(-2.94896685195116,0.368498206045187,1.));
#9307=CARTESIAN_POINT('Ctrl Pts',(-2.83534255724479,0.3812286740723,1.));
#9308=CARTESIAN_POINT('Origin',(-4.47244849901725,2.15475772680668,0.));
#9309=CARTESIAN_POINT('',(-4.47244849901725,2.15475772680668,0.));
#9310=CARTESIAN_POINT('',(-4.33054500594012,1.82815437411071,0.));
#9311=CARTESIAN_POINT('',(-4.47244849901725,2.15475772680668,1.));
#9312=CARTESIAN_POINT('',(-4.47244849901725,2.15475772680668,0.));
#9313=CARTESIAN_POINT('',(-4.47244849901725,2.15475772680668,1.));
#9314=CARTESIAN_POINT('Ctrl Pts',(-3.1286546299987,2.5367519742432,0.));
#9315=CARTESIAN_POINT('Ctrl Pts',(-3.1286546299987,2.5367519742432,1.));
#9316=CARTESIAN_POINT('Ctrl Pts',(-3.346134918744,2.51649875424949,0.));
#9317=CARTESIAN_POINT('Ctrl Pts',(-3.346134918744,2.51649875424949,1.));
#9318=CARTESIAN_POINT('Ctrl Pts',(-3.81696911103987,2.47265152316412,0.));
#9319=CARTESIAN_POINT('Ctrl Pts',(-3.81696911103987,2.47265152316412,1.));
#9320=CARTESIAN_POINT('Ctrl Pts',(-4.24313202365196,2.2659714220933,0.));
#9321=CARTESIAN_POINT('Ctrl Pts',(-4.24313202365196,2.2659714220933,1.));
#9322=CARTESIAN_POINT('Ctrl Pts',(-4.47244849901725,2.15475772680668,0.));
#9323=CARTESIAN_POINT('Ctrl Pts',(-4.47244849901725,2.15475772680668,1.));
#9324=CARTESIAN_POINT('',(-3.1286546299987,2.5367519742432,0.));
#9325=CARTESIAN_POINT('Ctrl Pts',(-3.1286546299987,2.5367519742432,0.));
#9326=CARTESIAN_POINT('Ctrl Pts',(-3.346134918744,2.51649875424949,0.));
#9327=CARTESIAN_POINT('Ctrl Pts',(-3.81696911103987,2.47265152316412,0.));
#9328=CARTESIAN_POINT('Ctrl Pts',(-4.24313202365196,2.2659714220933,0.));
#9329=CARTESIAN_POINT('Ctrl Pts',(-4.47244849901725,2.15475772680668,0.));
#9330=CARTESIAN_POINT('',(-3.1286546299987,2.5367519742432,1.));
#9331=CARTESIAN_POINT('',(-3.1286546299987,2.5367519742432,0.));
#9332=CARTESIAN_POINT('Ctrl Pts',(-3.1286546299987,2.5367519742432,1.));
#9333=CARTESIAN_POINT('Ctrl Pts',(-3.346134918744,2.51649875424949,1.));
#9334=CARTESIAN_POINT('Ctrl Pts',(-3.81696911103987,2.47265152316412,1.));
#9335=CARTESIAN_POINT('Ctrl Pts',(-4.24313202365196,2.2659714220933,1.));
#9336=CARTESIAN_POINT('Ctrl Pts',(-4.47244849901725,2.15475772680668,1.));
#9337=CARTESIAN_POINT('Ctrl Pts',(-2.14297500353386,2.24684451879886,0.));
#9338=CARTESIAN_POINT('Ctrl Pts',(-2.14297500353386,2.24684451879886,1.));
#9339=CARTESIAN_POINT('Ctrl Pts',(-2.28798777621677,2.33134967649257,0.));
#9340=CARTESIAN_POINT('Ctrl Pts',(-2.28798777621677,2.33134967649257,1.));
#9341=CARTESIAN_POINT('Ctrl Pts',(-2.59217393136606,2.5086119861054,0.));
#9342=CARTESIAN_POINT('Ctrl Pts',(-2.59217393136606,2.5086119861054,1.));
#9343=CARTESIAN_POINT('Ctrl Pts',(-2.94436264829333,2.52708531858849,0.));
#9344=CARTESIAN_POINT('Ctrl Pts',(-2.94436264829333,2.52708531858849,1.));
#9345=CARTESIAN_POINT('Ctrl Pts',(-3.1286546299987,2.5367519742432,0.));
#9346=CARTESIAN_POINT('Ctrl Pts',(-3.1286546299987,2.5367519742432,1.));
#9347=CARTESIAN_POINT('',(-2.14297500353386,2.24684451879886,0.));
#9348=CARTESIAN_POINT('Ctrl Pts',(-2.14297500353386,2.24684451879886,0.));
#9349=CARTESIAN_POINT('Ctrl Pts',(-2.28798777621677,2.33134967649257,0.));
#9350=CARTESIAN_POINT('Ctrl Pts',(-2.59217393136606,2.5086119861054,0.));
#9351=CARTESIAN_POINT('Ctrl Pts',(-2.94436264829333,2.52708531858849,0.));
#9352=CARTESIAN_POINT('Ctrl Pts',(-3.1286546299987,2.5367519742432,0.));
#9353=CARTESIAN_POINT('',(-2.14297500353386,2.24684451879886,1.));
#9354=CARTESIAN_POINT('',(-2.14297500353386,2.24684451879886,0.));
#9355=CARTESIAN_POINT('Ctrl Pts',(-2.14297500353386,2.24684451879886,1.));
#9356=CARTESIAN_POINT('Ctrl Pts',(-2.28798777621677,2.33134967649257,1.));
#9357=CARTESIAN_POINT('Ctrl Pts',(-2.59217393136606,2.5086119861054,1.));
#9358=CARTESIAN_POINT('Ctrl Pts',(-2.94436264829333,2.52708531858849,1.));
#9359=CARTESIAN_POINT('Ctrl Pts',(-3.1286546299987,2.5367519742432,1.));
#9360=CARTESIAN_POINT('Ctrl Pts',(-1.36876311998893,1.18613933386234,0.));
#9361=CARTESIAN_POINT('Ctrl Pts',(-1.36876311998893,1.18613933386234,1.));
#9362=CARTESIAN_POINT('Ctrl Pts',(-1.48244968438149,1.41309441115759,0.));
#9363=CARTESIAN_POINT('Ctrl Pts',(-1.48244968438149,1.41309441115759,1.));
#9364=CARTESIAN_POINT('Ctrl Pts',(-1.68178845539895,1.81103893895592,0.));
#9365=CARTESIAN_POINT('Ctrl Pts',(-1.68178845539895,1.81103893895592,1.));
#9366=CARTESIAN_POINT('Ctrl Pts',(-2.00436835064869,2.11586595280426,0.));
#9367=CARTESIAN_POINT('Ctrl Pts',(-2.00436835064869,2.11586595280426,1.));
#9368=CARTESIAN_POINT('Ctrl Pts',(-2.14297500353386,2.24684451879886,0.));
#9369=CARTESIAN_POINT('Ctrl Pts',(-2.14297500353386,2.24684451879886,1.));
#9370=CARTESIAN_POINT('',(-1.36876311998893,1.18613933386234,0.));
#9371=CARTESIAN_POINT('Ctrl Pts',(-1.36876311998893,1.18613933386234,0.));
#9372=CARTESIAN_POINT('Ctrl Pts',(-1.48244968438149,1.41309441115759,0.));
#9373=CARTESIAN_POINT('Ctrl Pts',(-1.68178845539895,1.81103893895592,0.));
#9374=CARTESIAN_POINT('Ctrl Pts',(-2.00436835064869,2.11586595280426,0.));
#9375=CARTESIAN_POINT('Ctrl Pts',(-2.14297500353386,2.24684451879886,0.));
#9376=CARTESIAN_POINT('',(-1.36876311998893,1.18613933386234,1.));
#9377=CARTESIAN_POINT('',(-1.36876311998893,1.18613933386234,0.));
#9378=CARTESIAN_POINT('Ctrl Pts',(-1.36876311998893,1.18613933386234,1.));
#9379=CARTESIAN_POINT('Ctrl Pts',(-1.48244968438149,1.41309441115759,1.));
#9380=CARTESIAN_POINT('Ctrl Pts',(-1.68178845539895,1.81103893895592,1.));
#9381=CARTESIAN_POINT('Ctrl Pts',(-2.00436835064869,2.11586595280426,1.));
#9382=CARTESIAN_POINT('Ctrl Pts',(-2.14297500353386,2.24684451879886,1.));
#9383=CARTESIAN_POINT('Origin',(-1.36876311998893,2.37303947271732,0.));
#9384=CARTESIAN_POINT('',(-1.36876311998893,2.37303947271732,0.));
#9385=CARTESIAN_POINT('',(-1.36876311998893,7.36002181829837,0.));
#9386=CARTESIAN_POINT('',(-1.36876311998893,2.37303947271732,1.));
#9387=CARTESIAN_POINT('',(-1.36876311998893,2.37303947271732,0.));
#9388=CARTESIAN_POINT('',(-1.36876311998893,2.37303947271732,1.));
#9389=CARTESIAN_POINT('Origin',(1.23014244336556,2.37303947271732,0.));
#9390=CARTESIAN_POINT('',(1.23014244336556,2.37303947271732,0.));
#9391=CARTESIAN_POINT('',(11.0016319468313,2.37303947271732,0.));
#9392=CARTESIAN_POINT('',(1.23014244336556,2.37303947271732,1.));
#9393=CARTESIAN_POINT('',(1.23014244336556,2.37303947271732,0.));
#9394=CARTESIAN_POINT('',(1.23014244336556,2.37303947271732,1.));
#9395=CARTESIAN_POINT('Origin',(1.23014244336556,-4.87116123376461,0.));
#9396=CARTESIAN_POINT('',(1.23014244336556,3.7379214650574,0.));
#9397=CARTESIAN_POINT('',(1.23014244336556,-4.87116123376461,1.));
#9398=CARTESIAN_POINT('Origin',(20.7731232335038,9.89691590132145,1.));
#9399=CARTESIAN_POINT('Ctrl Pts',(-23.3742257664733,20.0674507504883,0.));
#9400=CARTESIAN_POINT('Ctrl Pts',(-23.3742257664733,20.0674507504883,1.));
#9401=CARTESIAN_POINT('Ctrl Pts',(-23.2969018544733,19.9345537249705,0.));
#9402=CARTESIAN_POINT('Ctrl Pts',(-23.2969018544733,19.9345537249705,1.));
#9403=CARTESIAN_POINT('Ctrl Pts',(-23.1215324157503,19.6331453227028,0.));
#9404=CARTESIAN_POINT('Ctrl Pts',(-23.1215324157503,19.6331453227028,1.));
#9405=CARTESIAN_POINT('Ctrl Pts',(-23.0779728256681,19.2860567019534,0.));
#9406=CARTESIAN_POINT('Ctrl Pts',(-23.0779728256681,19.2860567019534,1.));
#9407=CARTESIAN_POINT('Ctrl Pts',(-23.0536195347839,19.0920064336243,0.));
#9408=CARTESIAN_POINT('Ctrl Pts',(-23.0536195347839,19.0920064336243,1.));
#9409=CARTESIAN_POINT('',(-23.3742257664733,20.0674507504883,0.));
#9410=CARTESIAN_POINT('',(-23.0536195347839,19.0920064336243,0.));
#9411=CARTESIAN_POINT('Ctrl Pts',(-23.3742257664733,20.0674507504883,0.));
#9412=CARTESIAN_POINT('Ctrl Pts',(-23.2969018544733,19.9345537249705,0.));
#9413=CARTESIAN_POINT('Ctrl Pts',(-23.1215324157503,19.6331453227028,0.));
#9414=CARTESIAN_POINT('Ctrl Pts',(-23.0779728256681,19.2860567019534,0.));
#9415=CARTESIAN_POINT('Ctrl Pts',(-23.0536195347839,19.0920064336243,0.));
#9416=CARTESIAN_POINT('',(-23.3742257664733,20.0674507504883,1.));
#9417=CARTESIAN_POINT('',(-23.3742257664733,20.0674507504883,0.));
#9418=CARTESIAN_POINT('',(-23.0536195347839,19.0920064336243,1.));
#9419=CARTESIAN_POINT('Ctrl Pts',(-23.3742257664733,20.0674507504883,1.));
#9420=CARTESIAN_POINT('Ctrl Pts',(-23.2969018544733,19.9345537249705,1.));
#9421=CARTESIAN_POINT('Ctrl Pts',(-23.1215324157503,19.6331453227028,1.));
#9422=CARTESIAN_POINT('Ctrl Pts',(-23.0779728256681,19.2860567019534,1.));
#9423=CARTESIAN_POINT('Ctrl Pts',(-23.0536195347839,19.0920064336243,1.));
#9424=CARTESIAN_POINT('',(-23.0536195347839,19.0920064336243,0.));
#9425=CARTESIAN_POINT('Ctrl Pts',(-24.4315263341003,20.5926892644349,0.));
#9426=CARTESIAN_POINT('Ctrl Pts',(-24.4315263341003,20.5926892644349,1.));
#9427=CARTESIAN_POINT('Ctrl Pts',(-24.2221796876545,20.5709636476998,0.));
#9428=CARTESIAN_POINT('Ctrl Pts',(-24.2221796876545,20.5709636476998,1.));
#9429=CARTESIAN_POINT('Ctrl Pts',(-23.804243547914,20.5275909902157,0.));
#9430=CARTESIAN_POINT('Ctrl Pts',(-23.804243547914,20.5275909902157,1.));
#9431=CARTESIAN_POINT('Ctrl Pts',(-23.5173918021611,20.2206454713241,0.));
#9432=CARTESIAN_POINT('Ctrl Pts',(-23.5173918021611,20.2206454713241,1.));
#9433=CARTESIAN_POINT('Ctrl Pts',(-23.3742257664733,20.0674507504883,0.));
#9434=CARTESIAN_POINT('Ctrl Pts',(-23.3742257664733,20.0674507504883,1.));
#9435=CARTESIAN_POINT('',(-24.4315263341003,20.5926892644349,0.));
#9436=CARTESIAN_POINT('Ctrl Pts',(-24.4315263341003,20.5926892644349,0.));
#9437=CARTESIAN_POINT('Ctrl Pts',(-24.2221796876545,20.5709636476998,0.));
#9438=CARTESIAN_POINT('Ctrl Pts',(-23.804243547914,20.5275909902157,0.));
#9439=CARTESIAN_POINT('Ctrl Pts',(-23.5173918021611,20.2206454713241,0.));
#9440=CARTESIAN_POINT('Ctrl Pts',(-23.3742257664733,20.0674507504883,0.));
#9441=CARTESIAN_POINT('',(-24.4315263341003,20.5926892644349,1.));
#9442=CARTESIAN_POINT('',(-24.4315263341003,20.5926892644349,0.));
#9443=CARTESIAN_POINT('Ctrl Pts',(-24.4315263341003,20.5926892644349,1.));
#9444=CARTESIAN_POINT('Ctrl Pts',(-24.2221796876545,20.5709636476998,1.));
#9445=CARTESIAN_POINT('Ctrl Pts',(-23.804243547914,20.5275909902157,1.));
#9446=CARTESIAN_POINT('Ctrl Pts',(-23.5173918021611,20.2206454713241,1.));
#9447=CARTESIAN_POINT('Ctrl Pts',(-23.3742257664733,20.0674507504883,1.));
#9448=CARTESIAN_POINT('Ctrl Pts',(-25.3558084080749,20.2448031789246,0.));
#9449=CARTESIAN_POINT('Ctrl Pts',(-25.3558084080749,20.2448031789246,1.));
#9450=CARTESIAN_POINT('Ctrl Pts',(-25.2258117529406,20.3462219614166,0.));
#9451=CARTESIAN_POINT('Ctrl Pts',(-25.2258117529406,20.3462219614166,1.));
#9452=CARTESIAN_POINT('Ctrl Pts',(-24.9546276164292,20.5577902123666,0.));
#9453=CARTESIAN_POINT('Ctrl Pts',(-24.9546276164292,20.5577902123666,1.));
#9454=CARTESIAN_POINT('Ctrl Pts',(-24.6106253539002,20.5807405534901,0.));
#9455=CARTESIAN_POINT('Ctrl Pts',(-24.6106253539002,20.5807405534901,1.));
#9456=CARTESIAN_POINT('Ctrl Pts',(-24.4315263341003,20.5926892644349,0.));
#9457=CARTESIAN_POINT('Ctrl Pts',(-24.4315263341003,20.5926892644349,1.));
#9458=CARTESIAN_POINT('',(-25.3558084080749,20.2448031789246,0.));
#9459=CARTESIAN_POINT('Ctrl Pts',(-25.3558084080749,20.2448031789246,0.));
#9460=CARTESIAN_POINT('Ctrl Pts',(-25.2258117529406,20.3462219614166,0.));
#9461=CARTESIAN_POINT('Ctrl Pts',(-24.9546276164292,20.5577902123666,0.));
#9462=CARTESIAN_POINT('Ctrl Pts',(-24.6106253539002,20.5807405534901,0.));
#9463=CARTESIAN_POINT('Ctrl Pts',(-24.4315263341003,20.5926892644349,0.));
#9464=CARTESIAN_POINT('',(-25.3558084080749,20.2448031789246,1.));
#9465=CARTESIAN_POINT('',(-25.3558084080749,20.2448031789246,0.));
#9466=CARTESIAN_POINT('Ctrl Pts',(-25.3558084080749,20.2448031789246,1.));
#9467=CARTESIAN_POINT('Ctrl Pts',(-25.2258117529406,20.3462219614166,1.));
#9468=CARTESIAN_POINT('Ctrl Pts',(-24.9546276164292,20.5577902123666,1.));
#9469=CARTESIAN_POINT('Ctrl Pts',(-24.6106253539002,20.5807405534901,1.));
#9470=CARTESIAN_POINT('Ctrl Pts',(-24.4315263341003,20.5926892644349,1.));
#9471=CARTESIAN_POINT('Ctrl Pts',(-25.7889672825866,19.0920064336243,0.));
#9472=CARTESIAN_POINT('Ctrl Pts',(-25.7889672825866,19.0920064336243,1.));
#9473=CARTESIAN_POINT('Ctrl Pts',(-25.7600381482593,19.3305810300607,0.));
#9474=CARTESIAN_POINT('Ctrl Pts',(-25.7600381482593,19.3305810300607,1.));
#9475=CARTESIAN_POINT('Ctrl Pts',(-25.7089020376865,19.7522935087404,0.));
#9476=CARTESIAN_POINT('Ctrl Pts',(-25.7089020376865,19.7522935087404,1.));
#9477=CARTESIAN_POINT('Ctrl Pts',(-25.4627188502907,20.0956800506119,0.));
#9478=CARTESIAN_POINT('Ctrl Pts',(-25.4627188502907,20.0956800506119,1.));
#9479=CARTESIAN_POINT('Ctrl Pts',(-25.3558084080749,20.2448031789246,0.));
#9480=CARTESIAN_POINT('Ctrl Pts',(-25.3558084080749,20.2448031789246,1.));
#9481=CARTESIAN_POINT('',(-25.7889672825866,19.0920064336243,0.));
#9482=CARTESIAN_POINT('Ctrl Pts',(-25.7889672825866,19.0920064336243,0.));
#9483=CARTESIAN_POINT('Ctrl Pts',(-25.7600381482593,19.3305810300607,0.));
#9484=CARTESIAN_POINT('Ctrl Pts',(-25.7089020376865,19.7522935087404,0.));
#9485=CARTESIAN_POINT('Ctrl Pts',(-25.4627188502907,20.0956800506119,0.));
#9486=CARTESIAN_POINT('Ctrl Pts',(-25.3558084080749,20.2448031789246,0.));
#9487=CARTESIAN_POINT('',(-25.7889672825866,19.0920064336243,1.));
#9488=CARTESIAN_POINT('',(-25.7889672825866,19.0920064336243,0.));
#9489=CARTESIAN_POINT('Ctrl Pts',(-25.7889672825866,19.0920064336243,1.));
#9490=CARTESIAN_POINT('Ctrl Pts',(-25.7600381482593,19.3305810300607,1.));
#9491=CARTESIAN_POINT('Ctrl Pts',(-25.7089020376865,19.7522935087404,1.));
#9492=CARTESIAN_POINT('Ctrl Pts',(-25.4627188502907,20.0956800506119,1.));
#9493=CARTESIAN_POINT('Ctrl Pts',(-25.3558084080749,20.2448031789246,1.));
#9494=CARTESIAN_POINT('Origin',(-23.0536195347839,19.0920064336243,0.));
#9495=CARTESIAN_POINT('',(-1.14024904224339,19.0920064336243,0.));
#9496=CARTESIAN_POINT('',(-23.0536195347839,19.0920064336243,1.));
#9497=CARTESIAN_POINT('Ctrl Pts',(-28.1423112462096,20.4016945249024,0.));
#9498=CARTESIAN_POINT('Ctrl Pts',(-28.1423112462096,20.4016945249024,1.));
#9499=CARTESIAN_POINT('Ctrl Pts',(-28.2792929203619,20.0630532757257,0.));
#9500=CARTESIAN_POINT('Ctrl Pts',(-28.2792929203619,20.0630532757257,1.));
#9501=CARTESIAN_POINT('Ctrl Pts',(-28.5804539192123,19.3185337077971,0.));
#9502=CARTESIAN_POINT('Ctrl Pts',(-28.5804539192123,19.3185337077971,1.));
#9503=CARTESIAN_POINT('Ctrl Pts',(-28.6014969101043,18.5141491700439,0.));
#9504=CARTESIAN_POINT('Ctrl Pts',(-28.6014969101043,18.5141491700439,1.));
#9505=CARTESIAN_POINT('Ctrl Pts',(-28.6129685948424,18.0756351834717,0.));
#9506=CARTESIAN_POINT('Ctrl Pts',(-28.6129685948424,18.0756351834717,1.));
#9507=CARTESIAN_POINT('',(-28.1423112462096,20.4016945249024,0.));
#9508=CARTESIAN_POINT('',(-28.6129685948424,18.0756351834717,0.));
#9509=CARTESIAN_POINT('Ctrl Pts',(-28.1423112462096,20.4016945249024,0.));
#9510=CARTESIAN_POINT('Ctrl Pts',(-28.2792929203619,20.0630532757257,0.));
#9511=CARTESIAN_POINT('Ctrl Pts',(-28.5804539192123,19.3185337077971,0.));
#9512=CARTESIAN_POINT('Ctrl Pts',(-28.6014969101043,18.5141491700439,0.));
#9513=CARTESIAN_POINT('Ctrl Pts',(-28.6129685948424,18.0756351834717,0.));
#9514=CARTESIAN_POINT('',(-28.1423112462096,20.4016945249024,1.));
#9515=CARTESIAN_POINT('',(-28.1423112462096,20.4016945249024,0.));
#9516=CARTESIAN_POINT('',(-28.6129685948424,18.0756351834717,1.));
#9517=CARTESIAN_POINT('Ctrl Pts',(-28.1423112462096,20.4016945249024,1.));
#9518=CARTESIAN_POINT('Ctrl Pts',(-28.2792929203619,20.0630532757257,1.));
#9519=CARTESIAN_POINT('Ctrl Pts',(-28.5804539192123,19.3185337077971,1.));
#9520=CARTESIAN_POINT('Ctrl Pts',(-28.6014969101043,18.5141491700439,1.));
#9521=CARTESIAN_POINT('Ctrl Pts',(-28.6129685948424,18.0756351834717,1.));
#9522=CARTESIAN_POINT('',(-28.6129685948424,18.0756351834717,0.));
#9523=CARTESIAN_POINT('Ctrl Pts',(-26.7712327549987,21.7659494763794,0.));
#9524=CARTESIAN_POINT('Ctrl Pts',(-26.7712327549987,21.7659494763794,1.));
#9525=CARTESIAN_POINT('Ctrl Pts',(-27.0533360855491,21.5916773158537,0.));
#9526=CARTESIAN_POINT('Ctrl Pts',(-27.0533360855491,21.5916773158537,1.));
#9527=CARTESIAN_POINT('Ctrl Pts',(-27.6166453749465,21.243687355168,0.));
#9528=CARTESIAN_POINT('Ctrl Pts',(-27.6166453749465,21.243687355168,1.));
#9529=CARTESIAN_POINT('Ctrl Pts',(-27.9672754778574,20.6820605711868,0.));
#9530=CARTESIAN_POINT('Ctrl Pts',(-27.9672754778574,20.6820605711868,1.));
#9531=CARTESIAN_POINT('Ctrl Pts',(-28.1423112462096,20.4016945249024,0.));
#9532=CARTESIAN_POINT('Ctrl Pts',(-28.1423112462096,20.4016945249024,1.));
#9533=CARTESIAN_POINT('',(-26.7712327549987,21.7659494763794,0.));
#9534=CARTESIAN_POINT('Ctrl Pts',(-26.7712327549987,21.7659494763794,0.));
#9535=CARTESIAN_POINT('Ctrl Pts',(-27.0533360855491,21.5916773158537,0.));
#9536=CARTESIAN_POINT('Ctrl Pts',(-27.6166453749465,21.243687355168,0.));
#9537=CARTESIAN_POINT('Ctrl Pts',(-27.9672754778574,20.6820605711868,0.));
#9538=CARTESIAN_POINT('Ctrl Pts',(-28.1423112462096,20.4016945249024,0.));
#9539=CARTESIAN_POINT('',(-26.7712327549987,21.7659494763794,1.));
#9540=CARTESIAN_POINT('',(-26.7712327549987,21.7659494763794,0.));
#9541=CARTESIAN_POINT('Ctrl Pts',(-26.7712327549987,21.7659494763794,1.));
#9542=CARTESIAN_POINT('Ctrl Pts',(-27.0533360855491,21.5916773158537,1.));
#9543=CARTESIAN_POINT('Ctrl Pts',(-27.6166453749465,21.243687355168,1.));
#9544=CARTESIAN_POINT('Ctrl Pts',(-27.9672754778574,20.6820605711868,1.));
#9545=CARTESIAN_POINT('Ctrl Pts',(-28.1423112462096,20.4016945249024,1.));
#9546=CARTESIAN_POINT('Ctrl Pts',(-24.3155595372253,22.2366187459412,0.));
#9547=CARTESIAN_POINT('Ctrl Pts',(-24.3155595372253,22.2366187459412,1.));
#9548=CARTESIAN_POINT('Ctrl Pts',(-24.7855149031065,22.2271678067285,0.));
#9549=CARTESIAN_POINT('Ctrl Pts',(-24.7855149031065,22.2271678067285,1.));
#9550=CARTESIAN_POINT('Ctrl Pts',(-25.6327615998171,22.2101294290228,0.));
#9551=CARTESIAN_POINT('Ctrl Pts',(-25.6327615998171,22.2101294290228,1.));
#9552=CARTESIAN_POINT('Ctrl Pts',(-26.420459412245,21.9028053695338,0.));
#9553=CARTESIAN_POINT('Ctrl Pts',(-26.420459412245,21.9028053695338,1.));
#9554=CARTESIAN_POINT('Ctrl Pts',(-26.7712327549987,21.7659494763794,0.));
#9555=CARTESIAN_POINT('Ctrl Pts',(-26.7712327549987,21.7659494763794,1.));
#9556=CARTESIAN_POINT('',(-24.3155595372253,22.2366187459412,0.));
#9557=CARTESIAN_POINT('Ctrl Pts',(-24.3155595372253,22.2366187459412,0.));
#9558=CARTESIAN_POINT('Ctrl Pts',(-24.7855149031065,22.2271678067285,0.));
#9559=CARTESIAN_POINT('Ctrl Pts',(-25.6327615998171,22.2101294290228,0.));
#9560=CARTESIAN_POINT('Ctrl Pts',(-26.420459412245,21.9028053695338,0.));
#9561=CARTESIAN_POINT('Ctrl Pts',(-26.7712327549987,21.7659494763794,0.));
#9562=CARTESIAN_POINT('',(-24.3155595372253,22.2366187459412,1.));
#9563=CARTESIAN_POINT('',(-24.3155595372253,22.2366187459412,0.));
#9564=CARTESIAN_POINT('Ctrl Pts',(-24.3155595372253,22.2366187459412,1.));
#9565=CARTESIAN_POINT('Ctrl Pts',(-24.7855149031065,22.2271678067285,1.));
#9566=CARTESIAN_POINT('Ctrl Pts',(-25.6327615998171,22.2101294290228,1.));
#9567=CARTESIAN_POINT('Ctrl Pts',(-26.420459412245,21.9028053695338,1.));
#9568=CARTESIAN_POINT('Ctrl Pts',(-26.7712327549987,21.7659494763794,1.));
#9569=CARTESIAN_POINT('Ctrl Pts',(-21.3107797215514,21.1861417180481,0.));
#9570=CARTESIAN_POINT('Ctrl Pts',(-21.3107797215514,21.1861417180481,1.));
#9571=CARTESIAN_POINT('Ctrl Pts',(-21.7266936486097,21.4921756132052,0.));
#9572=CARTESIAN_POINT('Ctrl Pts',(-21.7266936486097,21.4921756132052,1.));
#9573=CARTESIAN_POINT('Ctrl Pts',(-22.6171285581504,22.1473670988042,0.));
#9574=CARTESIAN_POINT('Ctrl Pts',(-22.6171285581504,22.1473670988042,1.));
#9575=CARTESIAN_POINT('Ctrl Pts',(-23.725107390325,22.2055907987854,0.));
#9576=CARTESIAN_POINT('Ctrl Pts',(-23.725107390325,22.2055907987854,1.));
#9577=CARTESIAN_POINT('Ctrl Pts',(-24.3155595372253,22.2366187459412,0.));
#9578=CARTESIAN_POINT('Ctrl Pts',(-24.3155595372253,22.2366187459412,1.));
#9579=CARTESIAN_POINT('',(-21.3107797215514,21.1861417180481,0.));
#9580=CARTESIAN_POINT('Ctrl Pts',(-21.3107797215514,21.1861417180481,0.));
#9581=CARTESIAN_POINT('Ctrl Pts',(-21.7266936486097,21.4921756132052,0.));
#9582=CARTESIAN_POINT('Ctrl Pts',(-22.6171285581504,22.1473670988042,0.));
#9583=CARTESIAN_POINT('Ctrl Pts',(-23.725107390325,22.2055907987854,0.));
#9584=CARTESIAN_POINT('Ctrl Pts',(-24.3155595372253,22.2366187459412,0.));
#9585=CARTESIAN_POINT('',(-21.3107797215514,21.1861417180481,1.));
#9586=CARTESIAN_POINT('',(-21.3107797215514,21.1861417180481,0.));
#9587=CARTESIAN_POINT('Ctrl Pts',(-21.3107797215514,21.1861417180481,1.));
#9588=CARTESIAN_POINT('Ctrl Pts',(-21.7266936486097,21.4921756132052,1.));
#9589=CARTESIAN_POINT('Ctrl Pts',(-22.6171285581504,22.1473670988042,1.));
#9590=CARTESIAN_POINT('Ctrl Pts',(-23.725107390325,22.2055907987854,1.));
#9591=CARTESIAN_POINT('Ctrl Pts',(-24.3155595372253,22.2366187459412,1.));
#9592=CARTESIAN_POINT('Ctrl Pts',(-20.2227899144225,18.4371635800782,0.));
#9593=CARTESIAN_POINT('Ctrl Pts',(-20.2227899144225,18.4371635800782,1.));
#9594=CARTESIAN_POINT('Ctrl Pts',(-20.2618921112191,18.9701513812366,0.));
#9595=CARTESIAN_POINT('Ctrl Pts',(-20.2618921112191,18.9701513812366,1.));
#9596=CARTESIAN_POINT('Ctrl Pts',(-20.3376182290443,20.0023465092986,0.));
#9597=CARTESIAN_POINT('Ctrl Pts',(-20.3376182290443,20.0023465092986,1.));
#9598=CARTESIAN_POINT('Ctrl Pts',(-20.9935480586762,20.8002475725575,0.));
#9599=CARTESIAN_POINT('Ctrl Pts',(-20.9935480586762,20.8002475725575,1.));
#9600=CARTESIAN_POINT('Ctrl Pts',(-21.3107797215514,21.1861417180481,0.));
#9601=CARTESIAN_POINT('Ctrl Pts',(-21.3107797215514,21.1861417180481,1.));
#9602=CARTESIAN_POINT('',(-20.2227899144225,18.4371635800782,0.));
#9603=CARTESIAN_POINT('Ctrl Pts',(-20.2227899144225,18.4371635800782,0.));
#9604=CARTESIAN_POINT('Ctrl Pts',(-20.2618921112191,18.9701513812366,0.));
#9605=CARTESIAN_POINT('Ctrl Pts',(-20.3376182290443,20.0023465092986,0.));
#9606=CARTESIAN_POINT('Ctrl Pts',(-20.9935480586762,20.8002475725575,0.));
#9607=CARTESIAN_POINT('Ctrl Pts',(-21.3107797215514,21.1861417180481,0.));
#9608=CARTESIAN_POINT('',(-20.2227899144225,18.4371635800782,1.));
#9609=CARTESIAN_POINT('',(-20.2227899144225,18.4371635800782,0.));
#9610=CARTESIAN_POINT('Ctrl Pts',(-20.2227899144225,18.4371635800782,1.));
#9611=CARTESIAN_POINT('Ctrl Pts',(-20.2618921112191,18.9701513812366,1.));
#9612=CARTESIAN_POINT('Ctrl Pts',(-20.3376182290443,20.0023465092986,1.));
#9613=CARTESIAN_POINT('Ctrl Pts',(-20.9935480586762,20.8002475725575,1.));
#9614=CARTESIAN_POINT('Ctrl Pts',(-21.3107797215514,21.1861417180481,1.));
#9615=CARTESIAN_POINT('Ctrl Pts',(-20.7650872777038,16.3600847608033,0.));
#9616=CARTESIAN_POINT('Ctrl Pts',(-20.7650872777038,16.3600847608033,1.));
#9617=CARTESIAN_POINT('Ctrl Pts',(-20.606977829481,16.6743900269603,0.));
#9618=CARTESIAN_POINT('Ctrl Pts',(-20.606977829481,16.6743900269603,1.));
#9619=CARTESIAN_POINT('Ctrl Pts',(-20.2785066980326,17.3273567380284,0.));
#9620=CARTESIAN_POINT('Ctrl Pts',(-20.2785066980326,17.3273567380284,1.));
#9621=CARTESIAN_POINT('Ctrl Pts',(-20.2418183439093,18.0581416791423,0.));
#9622=CARTESIAN_POINT('Ctrl Pts',(-20.2418183439093,18.0581416791423,1.));
#9623=CARTESIAN_POINT('Ctrl Pts',(-20.2227899144225,18.4371635800782,0.));
#9624=CARTESIAN_POINT('Ctrl Pts',(-20.2227899144225,18.4371635800782,1.));
#9625=CARTESIAN_POINT('',(-20.7650872777038,16.3600847608033,0.));
#9626=CARTESIAN_POINT('Ctrl Pts',(-20.7650872777038,16.3600847608033,0.));
#9627=CARTESIAN_POINT('Ctrl Pts',(-20.606977829481,16.6743900269603,0.));
#9628=CARTESIAN_POINT('Ctrl Pts',(-20.2785066980326,17.3273567380284,0.));
#9629=CARTESIAN_POINT('Ctrl Pts',(-20.2418183439093,18.0581416791423,0.));
#9630=CARTESIAN_POINT('Ctrl Pts',(-20.2227899144225,18.4371635800782,0.));
#9631=CARTESIAN_POINT('',(-20.7650872777038,16.3600847608033,1.));
#9632=CARTESIAN_POINT('',(-20.7650872777038,16.3600847608033,0.));
#9633=CARTESIAN_POINT('Ctrl Pts',(-20.7650872777038,16.3600847608033,1.));
#9634=CARTESIAN_POINT('Ctrl Pts',(-20.606977829481,16.6743900269603,1.));
#9635=CARTESIAN_POINT('Ctrl Pts',(-20.2785066980326,17.3273567380284,1.));
#9636=CARTESIAN_POINT('Ctrl Pts',(-20.2418183439093,18.0581416791423,1.));
#9637=CARTESIAN_POINT('Ctrl Pts',(-20.2227899144225,18.4371635800782,1.));
#9638=CARTESIAN_POINT('Ctrl Pts',(-22.132751614862,15.0708601361695,0.));
#9639=CARTESIAN_POINT('Ctrl Pts',(-22.132751614862,15.0708601361695,1.));
#9640=CARTESIAN_POINT('Ctrl Pts',(-21.8667576552174,15.2304604541976,0.));
#9641=CARTESIAN_POINT('Ctrl Pts',(-21.8667576552174,15.2304604541976,1.));
#9642=CARTESIAN_POINT('Ctrl Pts',(-21.3173698190298,15.5601012982734,0.));
#9643=CARTESIAN_POINT('Ctrl Pts',(-21.3173698190298,15.5601012982734,1.));
#9644=CARTESIAN_POINT('Ctrl Pts',(-20.9530278723888,16.0878520602637,0.));
#9645=CARTESIAN_POINT('Ctrl Pts',(-20.9530278723888,16.0878520602637,1.));
#9646=CARTESIAN_POINT('Ctrl Pts',(-20.7650872777038,16.3600847608033,0.));
#9647=CARTESIAN_POINT('Ctrl Pts',(-20.7650872777038,16.3600847608033,1.));
#9648=CARTESIAN_POINT('',(-22.132751614862,15.0708601361695,0.));
#9649=CARTESIAN_POINT('Ctrl Pts',(-22.132751614862,15.0708601361695,0.));
#9650=CARTESIAN_POINT('Ctrl Pts',(-21.8667576552174,15.2304604541976,0.));
#9651=CARTESIAN_POINT('Ctrl Pts',(-21.3173698190298,15.5601012982734,0.));
#9652=CARTESIAN_POINT('Ctrl Pts',(-20.9530278723888,16.0878520602637,0.));
#9653=CARTESIAN_POINT('Ctrl Pts',(-20.7650872777038,16.3600847608033,0.));
#9654=CARTESIAN_POINT('',(-22.132751614862,15.0708601361695,1.));
#9655=CARTESIAN_POINT('',(-22.132751614862,15.0708601361695,0.));
#9656=CARTESIAN_POINT('Ctrl Pts',(-22.132751614862,15.0708601361695,1.));
#9657=CARTESIAN_POINT('Ctrl Pts',(-21.8667576552174,15.2304604541976,1.));
#9658=CARTESIAN_POINT('Ctrl Pts',(-21.3173698190298,15.5601012982734,1.));
#9659=CARTESIAN_POINT('Ctrl Pts',(-20.9530278723888,16.0878520602637,1.));
#9660=CARTESIAN_POINT('Ctrl Pts',(-20.7650872777038,16.3600847608033,1.));
#9661=CARTESIAN_POINT('Ctrl Pts',(-24.3974229405456,14.6649954205933,0.));
#9662=CARTESIAN_POINT('Ctrl Pts',(-24.3974229405456,14.6649954205933,1.));
#9663=CARTESIAN_POINT('Ctrl Pts',(-23.9637881312617,14.6726732925124,0.));
#9664=CARTESIAN_POINT('Ctrl Pts',(-23.9637881312617,14.6726732925124,1.));
#9665=CARTESIAN_POINT('Ctrl Pts',(-23.1855140328075,14.6864532952197,0.));
#9666=CARTESIAN_POINT('Ctrl Pts',(-23.1855140328075,14.6864532952197,1.));
#9667=CARTESIAN_POINT('Ctrl Pts',(-22.4558604987568,14.9528797987034,0.));
#9668=CARTESIAN_POINT('Ctrl Pts',(-22.4558604987568,14.9528797987034,1.));
#9669=CARTESIAN_POINT('Ctrl Pts',(-22.132751614862,15.0708601361695,0.));
#9670=CARTESIAN_POINT('Ctrl Pts',(-22.132751614862,15.0708601361695,1.));
#9671=CARTESIAN_POINT('',(-24.3974229405456,14.6649954205933,0.));
#9672=CARTESIAN_POINT('Ctrl Pts',(-24.3974229405456,14.6649954205933,0.));
#9673=CARTESIAN_POINT('Ctrl Pts',(-23.9637881312617,14.6726732925124,0.));
#9674=CARTESIAN_POINT('Ctrl Pts',(-23.1855140328075,14.6864532952197,0.));
#9675=CARTESIAN_POINT('Ctrl Pts',(-22.4558604987568,14.9528797987034,0.));
#9676=CARTESIAN_POINT('Ctrl Pts',(-22.132751614862,15.0708601361695,0.));
#9677=CARTESIAN_POINT('',(-24.3974229405456,14.6649954205933,1.));
#9678=CARTESIAN_POINT('',(-24.3974229405456,14.6649954205933,0.));
#9679=CARTESIAN_POINT('Ctrl Pts',(-24.3974229405456,14.6649954205933,1.));
#9680=CARTESIAN_POINT('Ctrl Pts',(-23.9637881312617,14.6726732925124,1.));
#9681=CARTESIAN_POINT('Ctrl Pts',(-23.1855140328075,14.6864532952197,1.));
#9682=CARTESIAN_POINT('Ctrl Pts',(-22.4558604987568,14.9528797987034,1.));
#9683=CARTESIAN_POINT('Ctrl Pts',(-22.132751614862,15.0708601361695,1.));
#9684=CARTESIAN_POINT('Ctrl Pts',(-26.9417497227721,15.1390740758362,0.));
#9685=CARTESIAN_POINT('Ctrl Pts',(-26.9417497227721,15.1390740758362,1.));
#9686=CARTESIAN_POINT('Ctrl Pts',(-26.5858058880502,15.0013726602932,0.));
#9687=CARTESIAN_POINT('Ctrl Pts',(-26.5858058880502,15.0013726602932,1.));
#9688=CARTESIAN_POINT('Ctrl Pts',(-25.7695841347572,14.6856068572044,0.));
#9689=CARTESIAN_POINT('Ctrl Pts',(-25.7695841347572,14.6856068572044,1.));
#9690=CARTESIAN_POINT('Ctrl Pts',(-24.8921943160003,14.6724274547342,0.));
#9691=CARTESIAN_POINT('Ctrl Pts',(-24.8921943160003,14.6724274547342,1.));
#9692=CARTESIAN_POINT('Ctrl Pts',(-24.3974229405456,14.6649954205933,0.));
#9693=CARTESIAN_POINT('Ctrl Pts',(-24.3974229405456,14.6649954205933,1.));
#9694=CARTESIAN_POINT('',(-26.9417497227721,15.1390740758362,0.));
#9695=CARTESIAN_POINT('Ctrl Pts',(-26.9417497227721,15.1390740758362,0.));
#9696=CARTESIAN_POINT('Ctrl Pts',(-26.5858058880502,15.0013726602932,0.));
#9697=CARTESIAN_POINT('Ctrl Pts',(-25.7695841347572,14.6856068572044,0.));
#9698=CARTESIAN_POINT('Ctrl Pts',(-24.8921943160003,14.6724274547342,0.));
#9699=CARTESIAN_POINT('Ctrl Pts',(-24.3974229405456,14.6649954205933,0.));
#9700=CARTESIAN_POINT('',(-26.9417497227721,15.1390740758362,1.));
#9701=CARTESIAN_POINT('',(-26.9417497227721,15.1390740758362,0.));
#9702=CARTESIAN_POINT('Ctrl Pts',(-26.9417497227721,15.1390740758362,1.));
#9703=CARTESIAN_POINT('Ctrl Pts',(-26.5858058880502,15.0013726602932,1.));
#9704=CARTESIAN_POINT('Ctrl Pts',(-25.7695841347572,14.6856068572044,1.));
#9705=CARTESIAN_POINT('Ctrl Pts',(-24.8921943160003,14.6724274547342,1.));
#9706=CARTESIAN_POINT('Ctrl Pts',(-24.3974229405456,14.6649954205933,1.));
#9707=CARTESIAN_POINT('Ctrl Pts',(-28.4560891697936,16.7045590764466,0.));
#9708=CARTESIAN_POINT('Ctrl Pts',(-28.4560891697936,16.7045590764466,1.));
#9709=CARTESIAN_POINT('Ctrl Pts',(-28.2458885973396,16.3719466908146,0.));
#9710=CARTESIAN_POINT('Ctrl Pts',(-28.2458885973396,16.3719466908146,1.));
#9711=CARTESIAN_POINT('Ctrl Pts',(-27.8490211412188,15.7439606210388,0.));
#9712=CARTESIAN_POINT('Ctrl Pts',(-27.8490211412188,15.7439606210388,1.));
#9713=CARTESIAN_POINT('Ctrl Pts',(-27.2319769069735,15.3325713195563,0.));
#9714=CARTESIAN_POINT('Ctrl Pts',(-27.2319769069735,15.3325713195563,1.));
#9715=CARTESIAN_POINT('Ctrl Pts',(-26.9417497227721,15.1390740758362,0.));
#9716=CARTESIAN_POINT('Ctrl Pts',(-26.9417497227721,15.1390740758362,1.));
#9717=CARTESIAN_POINT('',(-28.4560891697936,16.7045590764466,0.));
#9718=CARTESIAN_POINT('Ctrl Pts',(-28.4560891697936,16.7045590764466,0.));
#9719=CARTESIAN_POINT('Ctrl Pts',(-28.2458885973396,16.3719466908146,0.));
#9720=CARTESIAN_POINT('Ctrl Pts',(-27.8490211412188,15.7439606210388,0.));
#9721=CARTESIAN_POINT('Ctrl Pts',(-27.2319769069735,15.3325713195563,0.));
#9722=CARTESIAN_POINT('Ctrl Pts',(-26.9417497227721,15.1390740758362,0.));
#9723=CARTESIAN_POINT('',(-28.4560891697936,16.7045590764466,1.));
#9724=CARTESIAN_POINT('',(-28.4560891697936,16.7045590764466,0.));
#9725=CARTESIAN_POINT('Ctrl Pts',(-28.4560891697936,16.7045590764466,1.));
#9726=CARTESIAN_POINT('Ctrl Pts',(-28.2458885973396,16.3719466908146,1.));
#9727=CARTESIAN_POINT('Ctrl Pts',(-27.8490211412188,15.7439606210388,1.));
#9728=CARTESIAN_POINT('Ctrl Pts',(-27.2319769069735,15.3325713195563,1.));
#9729=CARTESIAN_POINT('Ctrl Pts',(-26.9417497227721,15.1390740758362,1.));
#9730=CARTESIAN_POINT('Origin',(-25.7207414219909,16.9569466000977,0.));
#9731=CARTESIAN_POINT('',(-25.7207414219909,16.9569466000977,0.));
#9732=CARTESIAN_POINT('',(-2.88093496689377,19.0643503832194,0.));
#9733=CARTESIAN_POINT('',(-25.7207414219909,16.9569466000977,1.));
#9734=CARTESIAN_POINT('',(-25.7207414219909,16.9569466000977,0.));
#9735=CARTESIAN_POINT('',(-25.7207414219909,16.9569466000977,1.));
#9736=CARTESIAN_POINT('Ctrl Pts',(-25.2364274571471,16.4999196416321,0.));
#9737=CARTESIAN_POINT('Ctrl Pts',(-25.2364274571471,16.4999196416321,1.));
#9738=CARTESIAN_POINT('Ctrl Pts',(-25.3169820727364,16.5567055943461,0.));
#9739=CARTESIAN_POINT('Ctrl Pts',(-25.3169820727364,16.5567055943461,1.));
#9740=CARTESIAN_POINT('Ctrl Pts',(-25.4999715474157,16.6857016994145,0.));
#9741=CARTESIAN_POINT('Ctrl Pts',(-25.4999715474157,16.6857016994145,1.));
#9742=CARTESIAN_POINT('Ctrl Pts',(-25.6415101571061,16.8596005440924,0.));
#9743=CARTESIAN_POINT('Ctrl Pts',(-25.6415101571061,16.8596005440924,1.));
#9744=CARTESIAN_POINT('Ctrl Pts',(-25.7207414219909,16.9569466000977,0.));
#9745=CARTESIAN_POINT('Ctrl Pts',(-25.7207414219909,16.9569466000977,1.));
#9746=CARTESIAN_POINT('',(-25.2364274571471,16.4999196416321,0.));
#9747=CARTESIAN_POINT('Ctrl Pts',(-25.2364274571471,16.4999196416321,0.));
#9748=CARTESIAN_POINT('Ctrl Pts',(-25.3169820727364,16.5567055943461,0.));
#9749=CARTESIAN_POINT('Ctrl Pts',(-25.4999715474157,16.6857016994145,0.));
#9750=CARTESIAN_POINT('Ctrl Pts',(-25.6415101571061,16.8596005440924,0.));
#9751=CARTESIAN_POINT('Ctrl Pts',(-25.7207414219909,16.9569466000977,0.));
#9752=CARTESIAN_POINT('',(-25.2364274571471,16.4999196416321,1.));
#9753=CARTESIAN_POINT('',(-25.2364274571471,16.4999196416321,0.));
#9754=CARTESIAN_POINT('Ctrl Pts',(-25.2364274571471,16.4999196416321,1.));
#9755=CARTESIAN_POINT('Ctrl Pts',(-25.3169820727364,16.5567055943461,1.));
#9756=CARTESIAN_POINT('Ctrl Pts',(-25.4999715474157,16.6857016994145,1.));
#9757=CARTESIAN_POINT('Ctrl Pts',(-25.6415101571061,16.8596005440924,1.));
#9758=CARTESIAN_POINT('Ctrl Pts',(-25.7207414219909,16.9569466000977,1.));
#9759=CARTESIAN_POINT('Ctrl Pts',(-24.4588014195495,16.2952825910035,0.));
#9760=CARTESIAN_POINT('Ctrl Pts',(-24.4588014195495,16.2952825910035,1.));
#9761=CARTESIAN_POINT('Ctrl Pts',(-24.5939840634683,16.3040659217685,0.));
#9762=CARTESIAN_POINT('Ctrl Pts',(-24.5939840634683,16.3040659217685,1.));
#9763=CARTESIAN_POINT('Ctrl Pts',(-24.8664314119108,16.3217678626987,0.));
#9764=CARTESIAN_POINT('Ctrl Pts',(-24.8664314119108,16.3217678626987,1.));
#9765=CARTESIAN_POINT('Ctrl Pts',(-25.1124686976803,16.4402339401288,0.));
#9766=CARTESIAN_POINT('Ctrl Pts',(-25.1124686976803,16.4402339401288,1.));
#9767=CARTESIAN_POINT('Ctrl Pts',(-25.2364274571471,16.4999196416321,0.));
#9768=CARTESIAN_POINT('Ctrl Pts',(-25.2364274571471,16.4999196416321,1.));
#9769=CARTESIAN_POINT('',(-24.4588014195495,16.2952825910035,0.));
#9770=CARTESIAN_POINT('Ctrl Pts',(-24.4588014195495,16.2952825910035,0.));
#9771=CARTESIAN_POINT('Ctrl Pts',(-24.5939840634683,16.3040659217685,0.));
#9772=CARTESIAN_POINT('Ctrl Pts',(-24.8664314119108,16.3217678626987,0.));
#9773=CARTESIAN_POINT('Ctrl Pts',(-25.1124686976803,16.4402339401288,0.));
#9774=CARTESIAN_POINT('Ctrl Pts',(-25.2364274571471,16.4999196416321,0.));
#9775=CARTESIAN_POINT('',(-24.4588014195495,16.2952825910035,1.));
#9776=CARTESIAN_POINT('',(-24.4588014195495,16.2952825910035,0.));
#9777=CARTESIAN_POINT('Ctrl Pts',(-24.4588014195495,16.2952825910035,1.));
#9778=CARTESIAN_POINT('Ctrl Pts',(-24.5939840634683,16.3040659217685,1.));
#9779=CARTESIAN_POINT('Ctrl Pts',(-24.8664314119108,16.3217678626987,1.));
#9780=CARTESIAN_POINT('Ctrl Pts',(-25.1124686976803,16.4402339401288,1.));
#9781=CARTESIAN_POINT('Ctrl Pts',(-25.2364274571471,16.4999196416321,1.));
#9782=CARTESIAN_POINT('Ctrl Pts',(-23.408329160028,16.7659494763794,0.));
#9783=CARTESIAN_POINT('Ctrl Pts',(-23.408329160028,16.7659494763794,1.));
#9784=CARTESIAN_POINT('Ctrl Pts',(-23.5540874284388,16.6286794272205,0.));
#9785=CARTESIAN_POINT('Ctrl Pts',(-23.5540874284388,16.6286794272205,1.));
#9786=CARTESIAN_POINT('Ctrl Pts',(-23.8494636131668,16.3505044472344,0.));
#9787=CARTESIAN_POINT('Ctrl Pts',(-23.8494636131668,16.3505044472344,1.));
#9788=CARTESIAN_POINT('Ctrl Pts',(-24.2539271241148,16.3138495316551,0.));
#9789=CARTESIAN_POINT('Ctrl Pts',(-24.2539271241148,16.3138495316551,1.));
#9790=CARTESIAN_POINT('Ctrl Pts',(-24.4588014195495,16.2952825910035,0.));
#9791=CARTESIAN_POINT('Ctrl Pts',(-24.4588014195495,16.2952825910035,1.));
#9792=CARTESIAN_POINT('',(-23.408329160028,16.7659494763794,0.));
#9793=CARTESIAN_POINT('Ctrl Pts',(-23.408329160028,16.7659494763794,0.));
#9794=CARTESIAN_POINT('Ctrl Pts',(-23.5540874284388,16.6286794272205,0.));
#9795=CARTESIAN_POINT('Ctrl Pts',(-23.8494636131668,16.3505044472344,0.));
#9796=CARTESIAN_POINT('Ctrl Pts',(-24.2539271241148,16.3138495316551,0.));
#9797=CARTESIAN_POINT('Ctrl Pts',(-24.4588014195495,16.2952825910035,0.));
#9798=CARTESIAN_POINT('',(-23.408329160028,16.7659494763794,1.));
#9799=CARTESIAN_POINT('',(-23.408329160028,16.7659494763794,0.));
#9800=CARTESIAN_POINT('Ctrl Pts',(-23.408329160028,16.7659494763794,1.));
#9801=CARTESIAN_POINT('Ctrl Pts',(-23.5540874284388,16.6286794272205,1.));
#9802=CARTESIAN_POINT('Ctrl Pts',(-23.8494636131668,16.3505044472344,1.));
#9803=CARTESIAN_POINT('Ctrl Pts',(-24.2539271241148,16.3138495316551,1.));
#9804=CARTESIAN_POINT('Ctrl Pts',(-24.4588014195495,16.2952825910035,1.));
#9805=CARTESIAN_POINT('Ctrl Pts',(-23.0468103001647,17.7618572598877,0.));
#9806=CARTESIAN_POINT('Ctrl Pts',(-23.0468103001647,17.7618572598877,1.));
#9807=CARTESIAN_POINT('Ctrl Pts',(-23.074004932695,17.5615416216703,0.));
#9808=CARTESIAN_POINT('Ctrl Pts',(-23.074004932695,17.5615416216703,1.));
#9809=CARTESIAN_POINT('Ctrl Pts',(-23.1227984672485,17.2021284910056,0.));
#9810=CARTESIAN_POINT('Ctrl Pts',(-23.1227984672485,17.2021284910056,1.));
#9811=CARTESIAN_POINT('Ctrl Pts',(-23.3207181927439,16.899784704419,0.));
#9812=CARTESIAN_POINT('Ctrl Pts',(-23.3207181927439,16.899784704419,1.));
#9813=CARTESIAN_POINT('Ctrl Pts',(-23.408329160028,16.7659494763794,0.));
#9814=CARTESIAN_POINT('Ctrl Pts',(-23.408329160028,16.7659494763794,1.));
#9815=CARTESIAN_POINT('',(-23.0468103001647,17.7618572598877,0.));
#9816=CARTESIAN_POINT('Ctrl Pts',(-23.0468103001647,17.7618572598877,0.));
#9817=CARTESIAN_POINT('Ctrl Pts',(-23.074004932695,17.5615416216703,0.));
#9818=CARTESIAN_POINT('Ctrl Pts',(-23.1227984672485,17.2021284910056,0.));
#9819=CARTESIAN_POINT('Ctrl Pts',(-23.3207181927439,16.899784704419,0.));
#9820=CARTESIAN_POINT('Ctrl Pts',(-23.408329160028,16.7659494763794,0.));
#9821=CARTESIAN_POINT('',(-23.0468103001647,17.7618572598877,1.));
#9822=CARTESIAN_POINT('',(-23.0468103001647,17.7618572598877,0.));
#9823=CARTESIAN_POINT('Ctrl Pts',(-23.0468103001647,17.7618572598877,1.));
#9824=CARTESIAN_POINT('Ctrl Pts',(-23.074004932695,17.5615416216703,1.));
#9825=CARTESIAN_POINT('Ctrl Pts',(-23.1227984672485,17.2021284910056,1.));
#9826=CARTESIAN_POINT('Ctrl Pts',(-23.3207181927439,16.899784704419,1.));
#9827=CARTESIAN_POINT('Ctrl Pts',(-23.408329160028,16.7659494763794,1.));
#9828=CARTESIAN_POINT('Origin',(-28.6129685948424,17.7618572598877,0.));
#9829=CARTESIAN_POINT('',(-28.6129685948424,17.7618572598877,0.));
#9830=CARTESIAN_POINT('',(-3.91992357227268,17.7618572598877,0.));
#9831=CARTESIAN_POINT('',(-28.6129685948424,17.7618572598877,1.));
#9832=CARTESIAN_POINT('',(-28.6129685948424,17.7618572598877,0.));
#9833=CARTESIAN_POINT('',(-28.6129685948424,17.7618572598877,1.));
#9834=CARTESIAN_POINT('Origin',(-28.6129685948424,18.0756351834717,0.));
#9835=CARTESIAN_POINT('',(-28.6129685948424,15.2113196736756,0.));
#9836=CARTESIAN_POINT('',(-28.6129685948424,18.0756351834717,1.));
#9837=CARTESIAN_POINT('Origin',(20.7731232335038,9.89691590132145,1.));
#9838=CARTESIAN_POINT('Origin',(42.2124079157777,-4.87116123376461,0.));
#9839=CARTESIAN_POINT('',(42.2124079157777,-4.87116123376461,0.));
#9840=CARTESIAN_POINT('',(45.3024509837098,-4.87116123376461,0.));
#9841=CARTESIAN_POINT('',(31.4927646830374,-4.87116123376461,0.));
#9842=CARTESIAN_POINT('',(42.2124079157777,-4.87116123376461,1.));
#9843=CARTESIAN_POINT('',(42.2124079157777,-4.87116123376461,0.));
#9844=CARTESIAN_POINT('',(45.3024509837098,-4.87116123376461,1.));
#9845=CARTESIAN_POINT('',(42.2124079157777,-4.87116123376461,1.));
#9846=CARTESIAN_POINT('',(45.3024509837098,-4.87116123376461,0.));
#9847=CARTESIAN_POINT('Origin',(42.2124079157777,-0.82614208398434,0.));
#9848=CARTESIAN_POINT('',(42.2124079157777,-0.82614208398434,0.));
#9849=CARTESIAN_POINT('',(42.2124079157777,5.76043103994754,0.));
#9850=CARTESIAN_POINT('',(42.2124079157777,-0.82614208398434,1.));
#9851=CARTESIAN_POINT('',(42.2124079157777,-0.82614208398434,0.));
#9852=CARTESIAN_POINT('',(42.2124079157777,-0.82614208398434,1.));
#9853=CARTESIAN_POINT('Origin',(38.8358763148255,-0.82614208398434,0.));
#9854=CARTESIAN_POINT('',(38.8358763148255,-0.82614208398434,0.));
#9855=CARTESIAN_POINT('',(29.8044988825613,-0.82614208398434,0.));
#9856=CARTESIAN_POINT('',(38.8358763148255,-0.82614208398434,1.));
#9857=CARTESIAN_POINT('',(38.8358763148255,-0.82614208398434,0.));
#9858=CARTESIAN_POINT('',(38.8358763148255,-0.82614208398434,1.));
#9859=CARTESIAN_POINT('Origin',(38.8358763148255,-4.87116123376461,0.));
#9860=CARTESIAN_POINT('',(38.8358763148255,-4.87116123376461,0.));
#9861=CARTESIAN_POINT('',(38.8358763148255,3.7379214650574,0.));
#9862=CARTESIAN_POINT('',(38.8358763148255,-4.87116123376461,1.));
#9863=CARTESIAN_POINT('',(38.8358763148255,-4.87116123376461,0.));
#9864=CARTESIAN_POINT('',(38.8358763148255,-4.87116123376461,1.));
#9865=CARTESIAN_POINT('Origin',(35.7321909357972,-4.87116123376461,0.));
#9866=CARTESIAN_POINT('',(35.7321909357972,-4.87116123376461,0.));
#9867=CARTESIAN_POINT('',(28.2526561930471,-4.87116123376461,0.));
#9868=CARTESIAN_POINT('',(35.7321909357972,-4.87116123376461,1.));
#9869=CARTESIAN_POINT('',(35.7321909357972,-4.87116123376461,0.));
#9870=CARTESIAN_POINT('',(35.7321909357972,-4.87116123376461,1.));
#9871=CARTESIAN_POINT('Origin',(35.7321909357972,5.12883876623539,0.));
#9872=CARTESIAN_POINT('',(35.7321909357972,5.12883876623539,0.));
#9873=CARTESIAN_POINT('',(35.7321909357972,8.7379214650574,0.));
#9874=CARTESIAN_POINT('',(35.7321909357972,5.12883876623539,1.));
#9875=CARTESIAN_POINT('',(35.7321909357972,5.12883876623539,0.));
#9876=CARTESIAN_POINT('',(35.7321909357972,5.12883876623539,1.));
#9877=CARTESIAN_POINT('Origin',(38.8358763148255,5.12883876623539,0.));
#9878=CARTESIAN_POINT('',(38.8358763148255,5.12883876623539,0.));
#9879=CARTESIAN_POINT('',(29.8044988825613,5.12883876623539,0.));
#9880=CARTESIAN_POINT('',(38.8358763148255,5.12883876623539,1.));
#9881=CARTESIAN_POINT('',(38.8358763148255,5.12883876623539,0.));
#9882=CARTESIAN_POINT('',(38.8358763148255,5.12883876623539,1.));
#9883=CARTESIAN_POINT('Origin',(38.8358763148255,1.62952159704593,0.));
#9884=CARTESIAN_POINT('',(38.8358763148255,1.62952159704593,0.));
#9885=CARTESIAN_POINT('',(38.8358763148255,6.98826288046267,0.));
#9886=CARTESIAN_POINT('',(38.8358763148255,1.62952159704593,1.));
#9887=CARTESIAN_POINT('',(38.8358763148255,1.62952159704593,0.));
#9888=CARTESIAN_POINT('',(38.8358763148255,1.62952159704593,1.));
#9889=CARTESIAN_POINT('Origin',(42.2124079157777,1.62952159704593,0.));
#9890=CARTESIAN_POINT('',(42.2124079157777,1.62952159704593,0.));
#9891=CARTESIAN_POINT('',(31.4927646830374,1.62952159704593,0.));
#9892=CARTESIAN_POINT('',(42.2124079157777,1.62952159704593,1.));
#9893=CARTESIAN_POINT('',(42.2124079157777,1.62952159704593,0.));
#9894=CARTESIAN_POINT('',(42.2124079157777,1.62952159704593,1.));
#9895=CARTESIAN_POINT('Origin',(42.2124079157777,5.12883876623539,0.));
#9896=CARTESIAN_POINT('',(42.2124079157777,5.12883876623539,0.));
#9897=CARTESIAN_POINT('',(42.2124079157777,8.7379214650574,0.));
#9898=CARTESIAN_POINT('',(42.2124079157777,5.12883876623539,1.));
#9899=CARTESIAN_POINT('',(42.2124079157777,5.12883876623539,0.));
#9900=CARTESIAN_POINT('',(42.2124079157777,5.12883876623539,1.));
#9901=CARTESIAN_POINT('Origin',(45.3024509837098,5.12883876623539,0.));
#9902=CARTESIAN_POINT('',(45.3024509837098,5.12883876623539,0.));
#9903=CARTESIAN_POINT('',(33.0377862170034,5.12883876623539,0.));
#9904=CARTESIAN_POINT('',(45.3024509837098,5.12883876623539,1.));
#9905=CARTESIAN_POINT('',(45.3024509837098,5.12883876623539,0.));
#9906=CARTESIAN_POINT('',(45.3024509837098,5.12883876623539,1.));
#9907=CARTESIAN_POINT('Origin',(45.3024509837098,-4.87116123376461,0.));
#9908=CARTESIAN_POINT('',(45.3024509837098,3.7379214650574,0.));
#9909=CARTESIAN_POINT('',(45.3024509837098,-4.87116123376461,1.));
#9910=CARTESIAN_POINT('Origin',(20.7731232335038,9.89691590132145,1.));
#9911=CARTESIAN_POINT('Origin',(21.6667059351868,-4.87116123376461,0.));
#9912=CARTESIAN_POINT('',(21.6667059351868,-4.87116123376461,0.));
#9913=CARTESIAN_POINT('',(24.4497898508973,-4.87116123376461,0.));
#9914=CARTESIAN_POINT('',(21.219913692742,-4.87116123376461,0.));
#9915=CARTESIAN_POINT('',(21.6667059351868,-4.87116123376461,1.));
#9916=CARTESIAN_POINT('',(21.6667059351868,-4.87116123376461,0.));
#9917=CARTESIAN_POINT('',(24.4497898508973,-4.87116123376461,1.));
#9918=CARTESIAN_POINT('',(21.6667059351868,-4.87116123376461,1.));
#9919=CARTESIAN_POINT('',(24.4497898508973,-4.87116123376461,0.));
#9920=CARTESIAN_POINT('Origin',(21.6667059351868,5.12883876623539,0.));
#9921=CARTESIAN_POINT('',(21.6667059351868,5.12883876623539,0.));
#9922=CARTESIAN_POINT('',(21.6667059351868,8.7379214650574,0.));
#9923=CARTESIAN_POINT('',(21.6667059351868,5.12883876623539,1.));
#9924=CARTESIAN_POINT('',(21.6667059351868,5.12883876623539,0.));
#9925=CARTESIAN_POINT('',(21.6667059351868,5.12883876623539,1.));
#9926=CARTESIAN_POINT('Origin',(24.4497898508973,5.12883876623539,0.));
#9927=CARTESIAN_POINT('',(24.4497898508973,5.12883876623539,0.));
#9928=CARTESIAN_POINT('',(22.6114556505972,5.12883876623539,0.));
#9929=CARTESIAN_POINT('',(24.4497898508973,5.12883876623539,1.));
#9930=CARTESIAN_POINT('',(24.4497898508973,5.12883876623539,0.));
#9931=CARTESIAN_POINT('',(24.4497898508973,5.12883876623539,1.));
#9932=CARTESIAN_POINT('Origin',(24.4497898508973,-4.87116123376461,0.));
#9933=CARTESIAN_POINT('',(24.4497898508973,3.7379214650574,0.));
#9934=CARTESIAN_POINT('',(24.4497898508973,-4.87116123376461,1.));
#9935=CARTESIAN_POINT('Origin',(20.7731232335038,9.89691590132145,1.));
#9936=CARTESIAN_POINT('Ctrl Pts',(7.77175697583626,0.367581594604527,0.));
#9937=CARTESIAN_POINT('Ctrl Pts',(7.77175697583626,0.367581594604527,1.));
#9938=CARTESIAN_POINT('Ctrl Pts',(7.84908142710201,0.234684682641637,0.));
#9939=CARTESIAN_POINT('Ctrl Pts',(7.84908142710201,0.234684682641637,1.));
#9940=CARTESIAN_POINT('Ctrl Pts',(8.02445137484689,-0.0667222348971297,
0.));
#9941=CARTESIAN_POINT('Ctrl Pts',(8.02445137484689,-0.0667222348971297,
1.));
#9942=CARTESIAN_POINT('Ctrl Pts',(8.06800422579791,-0.413810751224997,0.));
#9943=CARTESIAN_POINT('Ctrl Pts',(8.06800422579791,-0.413810751224997,1.));
#9944=CARTESIAN_POINT('Ctrl Pts',(8.09235367078255,-0.607860338073696,0.));
#9945=CARTESIAN_POINT('Ctrl Pts',(8.09235367078255,-0.607860338073696,1.));
#9946=CARTESIAN_POINT('',(7.77175697583626,0.367581594604527,0.));
#9947=CARTESIAN_POINT('',(8.09235367078255,-0.607860338073696,0.));
#9948=CARTESIAN_POINT('Ctrl Pts',(7.77175697583626,0.367581594604527,0.));
#9949=CARTESIAN_POINT('Ctrl Pts',(7.84908142710201,0.234684682641637,0.));
#9950=CARTESIAN_POINT('Ctrl Pts',(8.02445137484689,-0.0667222348971297,
0.));
#9951=CARTESIAN_POINT('Ctrl Pts',(8.06800422579791,-0.413810751224997,0.));
#9952=CARTESIAN_POINT('Ctrl Pts',(8.09235367078255,-0.607860338073696,0.));
#9953=CARTESIAN_POINT('',(7.77175697583626,0.367581594604527,1.));
#9954=CARTESIAN_POINT('',(7.77175697583626,0.367581594604527,0.));
#9955=CARTESIAN_POINT('',(8.09235367078255,-0.607860338073696,1.));
#9956=CARTESIAN_POINT('Ctrl Pts',(7.77175697583626,0.367581594604527,1.));
#9957=CARTESIAN_POINT('Ctrl Pts',(7.84908142710201,0.234684682641637,1.));
#9958=CARTESIAN_POINT('Ctrl Pts',(8.02445137484689,-0.0667222348971297,
1.));
#9959=CARTESIAN_POINT('Ctrl Pts',(8.06800422579791,-0.413810751224997,1.));
#9960=CARTESIAN_POINT('Ctrl Pts',(8.09235367078255,-0.607860338073696,1.));
#9961=CARTESIAN_POINT('',(8.09235367078255,-0.607860338073696,0.));
#9962=CARTESIAN_POINT('Ctrl Pts',(6.71445640820931,0.892822492736851,0.));
#9963=CARTESIAN_POINT('Ctrl Pts',(6.71445640820931,0.892822492736851,1.));
#9964=CARTESIAN_POINT('Ctrl Pts',(6.92380712072875,0.871099206504748,0.));
#9965=CARTESIAN_POINT('Ctrl Pts',(6.92380712072875,0.871099206504748,1.));
#9966=CARTESIAN_POINT('Ctrl Pts',(7.34174693588688,0.82773166252454,0.));
#9967=CARTESIAN_POINT('Ctrl Pts',(7.34174693588688,0.82773166252454,1.));
#9968=CARTESIAN_POINT('Ctrl Pts',(7.62859453622521,0.520778497445162,0.));
#9969=CARTESIAN_POINT('Ctrl Pts',(7.62859453622521,0.520778497445162,1.));
#9970=CARTESIAN_POINT('Ctrl Pts',(7.77175697583626,0.367581594604527,0.));
#9971=CARTESIAN_POINT('Ctrl Pts',(7.77175697583626,0.367581594604527,1.));
#9972=CARTESIAN_POINT('',(6.71445640820931,0.892822492736851,0.));
#9973=CARTESIAN_POINT('Ctrl Pts',(6.71445640820931,0.892822492736851,0.));
#9974=CARTESIAN_POINT('Ctrl Pts',(6.92380712072875,0.871099206504748,0.));
#9975=CARTESIAN_POINT('Ctrl Pts',(7.34174693588688,0.82773166252454,0.));
#9976=CARTESIAN_POINT('Ctrl Pts',(7.62859453622521,0.520778497445162,0.));
#9977=CARTESIAN_POINT('Ctrl Pts',(7.77175697583626,0.367581594604527,0.));
#9978=CARTESIAN_POINT('',(6.71445640820931,0.892822492736851,1.));
#9979=CARTESIAN_POINT('',(6.71445640820931,0.892822492736851,0.));
#9980=CARTESIAN_POINT('Ctrl Pts',(6.71445640820931,0.892822492736851,1.));
#9981=CARTESIAN_POINT('Ctrl Pts',(6.92380712072875,0.871099206504748,1.));
#9982=CARTESIAN_POINT('Ctrl Pts',(7.34174693588688,0.82773166252454,1.));
#9983=CARTESIAN_POINT('Ctrl Pts',(7.62859453622521,0.520778497445162,1.));
#9984=CARTESIAN_POINT('Ctrl Pts',(7.77175697583626,0.367581594604527,1.));
#9985=CARTESIAN_POINT('Ctrl Pts',(5.7901743342347,0.544936407226597,0.));
#9986=CARTESIAN_POINT('Ctrl Pts',(5.7901743342347,0.544936407226597,1.));
#9987=CARTESIAN_POINT('Ctrl Pts',(5.92016762197034,0.646356315323002,0.));
#9988=CARTESIAN_POINT('Ctrl Pts',(5.92016762197034,0.646356315323002,1.));
#9989=CARTESIAN_POINT('Ctrl Pts',(6.19134912679119,0.857930341762803,0.));
#9990=CARTESIAN_POINT('Ctrl Pts',(6.19134912679119,0.857930341762803,1.));
#9991=CARTESIAN_POINT('Ctrl Pts',(6.53535357770485,0.880876027405879,0.));
#9992=CARTESIAN_POINT('Ctrl Pts',(6.53535357770485,0.880876027405879,1.));
#9993=CARTESIAN_POINT('Ctrl Pts',(6.71445640820931,0.892822492736851,0.));
#9994=CARTESIAN_POINT('Ctrl Pts',(6.71445640820931,0.892822492736851,1.));
#9995=CARTESIAN_POINT('',(5.7901743342347,0.544936407226597,0.));
#9996=CARTESIAN_POINT('Ctrl Pts',(5.7901743342347,0.544936407226597,0.));
#9997=CARTESIAN_POINT('Ctrl Pts',(5.92016762197034,0.646356315323002,0.));
#9998=CARTESIAN_POINT('Ctrl Pts',(6.19134912679119,0.857930341762803,0.));
#9999=CARTESIAN_POINT('Ctrl Pts',(6.53535357770485,0.880876027405879,0.));
#10000=CARTESIAN_POINT('Ctrl Pts',(6.71445640820931,0.892822492736851,0.));
#10001=CARTESIAN_POINT('',(5.7901743342347,0.544936407226597,1.));
#10002=CARTESIAN_POINT('',(5.7901743342347,0.544936407226597,0.));
#10003=CARTESIAN_POINT('Ctrl Pts',(5.7901743342347,0.544936407226597,1.));
#10004=CARTESIAN_POINT('Ctrl Pts',(5.92016762197034,0.646356315323002,1.));
#10005=CARTESIAN_POINT('Ctrl Pts',(6.19134912679119,0.857930341762803,1.));
#10006=CARTESIAN_POINT('Ctrl Pts',(6.53535357770485,0.880876027405879,1.));
#10007=CARTESIAN_POINT('Ctrl Pts',(6.71445640820931,0.892822492736851,1.));
#10008=CARTESIAN_POINT('Ctrl Pts',(5.35702499646614,-0.607860338073696,
0.));
#10009=CARTESIAN_POINT('Ctrl Pts',(5.35702499646614,-0.607860338073696,
1.));
#10010=CARTESIAN_POINT('Ctrl Pts',(5.38595489800628,-0.369286230719466,
0.));
#10011=CARTESIAN_POINT('Ctrl Pts',(5.38595489800628,-0.369286230719466,
1.));
#10012=CARTESIAN_POINT('Ctrl Pts',(5.43709216032596,0.0524236977963177,
0.));
#10013=CARTESIAN_POINT('Ctrl Pts',(5.43709216032596,0.0524236977963177,
1.));
#10014=CARTESIAN_POINT('Ctrl Pts',(5.68326774872794,0.395812900080967,0.));
#10015=CARTESIAN_POINT('Ctrl Pts',(5.68326774872794,0.395812900080967,1.));
#10016=CARTESIAN_POINT('Ctrl Pts',(5.7901743342347,0.544936407226597,0.));
#10017=CARTESIAN_POINT('Ctrl Pts',(5.7901743342347,0.544936407226597,1.));
#10018=CARTESIAN_POINT('',(5.35702499646614,-0.607860338073696,0.));
#10019=CARTESIAN_POINT('Ctrl Pts',(5.35702499646614,-0.607860338073696,
0.));
#10020=CARTESIAN_POINT('Ctrl Pts',(5.38595489800628,-0.369286230719466,
0.));
#10021=CARTESIAN_POINT('Ctrl Pts',(5.43709216032596,0.0524236977963177,
0.));
#10022=CARTESIAN_POINT('Ctrl Pts',(5.68326774872794,0.395812900080967,0.));
#10023=CARTESIAN_POINT('Ctrl Pts',(5.7901743342347,0.544936407226597,0.));
#10024=CARTESIAN_POINT('',(5.35702499646614,-0.607860338073696,1.));
#10025=CARTESIAN_POINT('',(5.35702499646614,-0.607860338073696,0.));
#10026=CARTESIAN_POINT('Ctrl Pts',(5.35702499646614,-0.607860338073696,
1.));
#10027=CARTESIAN_POINT('Ctrl Pts',(5.38595489800628,-0.369286230719466,
1.));
#10028=CARTESIAN_POINT('Ctrl Pts',(5.43709216032596,0.0524236977963177,
1.));
#10029=CARTESIAN_POINT('Ctrl Pts',(5.68326774872794,0.395812900080967,1.));
#10030=CARTESIAN_POINT('Ctrl Pts',(5.7901743342347,0.544936407226597,1.));
#10031=CARTESIAN_POINT('Origin',(8.09235367078255,-0.607860338073696,0.));
#10032=CARTESIAN_POINT('',(14.4327375605398,-0.607860338073696,0.));
#10033=CARTESIAN_POINT('',(8.09235367078255,-0.607860338073696,1.));
#10034=CARTESIAN_POINT('Ctrl Pts',(3.0036810328431,0.701825369018589,0.));
#10035=CARTESIAN_POINT('Ctrl Pts',(3.0036810328431,0.701825369018589,1.));
#10036=CARTESIAN_POINT('Ctrl Pts',(2.86669152609058,0.363184605957283,0.));
#10037=CARTESIAN_POINT('Ctrl Pts',(2.86669152609058,0.363184605957283,1.));
#10038=CARTESIAN_POINT('Ctrl Pts',(2.56551484047916,-0.381330102136204,
0.));
#10039=CARTESIAN_POINT('Ctrl Pts',(2.56551484047916,-0.381330102136204,
1.));
#10040=CARTESIAN_POINT('Ctrl Pts',(2.54447469535039,-1.18571621941032,0.));
#10041=CARTESIAN_POINT('Ctrl Pts',(2.54447469535039,-1.18571621941032,1.));
#10042=CARTESIAN_POINT('Ctrl Pts',(2.53300461072396,-1.62422920404049,0.));
#10043=CARTESIAN_POINT('Ctrl Pts',(2.53300461072396,-1.62422920404049,1.));
#10044=CARTESIAN_POINT('',(3.0036810328431,0.701825369018589,0.));
#10045=CARTESIAN_POINT('',(2.53300461072396,-1.62422920404049,0.));
#10046=CARTESIAN_POINT('Ctrl Pts',(3.0036810328431,0.701825369018589,0.));
#10047=CARTESIAN_POINT('Ctrl Pts',(2.86669152609058,0.363184605957283,0.));
#10048=CARTESIAN_POINT('Ctrl Pts',(2.56551484047916,-0.381330102136204,
0.));
#10049=CARTESIAN_POINT('Ctrl Pts',(2.54447469535039,-1.18571621941032,0.));
#10050=CARTESIAN_POINT('Ctrl Pts',(2.53300461072396,-1.62422920404049,0.));
#10051=CARTESIAN_POINT('',(3.0036810328431,0.701825369018589,1.));
#10052=CARTESIAN_POINT('',(3.0036810328431,0.701825369018589,0.));
#10053=CARTESIAN_POINT('',(2.53300461072396,-1.62422920404049,1.));
#10054=CARTESIAN_POINT('Ctrl Pts',(3.0036810328431,0.701825369018589,1.));
#10055=CARTESIAN_POINT('Ctrl Pts',(2.86669152609058,0.363184605957283,1.));
#10056=CARTESIAN_POINT('Ctrl Pts',(2.56551484047916,-0.381330102136204,
1.));
#10057=CARTESIAN_POINT('Ctrl Pts',(2.54447469535039,-1.18571621941032,1.));
#10058=CARTESIAN_POINT('Ctrl Pts',(2.53300461072396,-1.62422920404049,1.));
#10059=CARTESIAN_POINT('',(2.53300461072396,-1.62422920404049,0.));
#10060=CARTESIAN_POINT('Ctrl Pts',(4.37475952405403,2.06608508886722,0.));
#10061=CARTESIAN_POINT('Ctrl Pts',(4.37475952405403,2.06608508886722,1.));
#10062=CARTESIAN_POINT('Ctrl Pts',(4.0926520723928,1.89181217667594,0.));
#10063=CARTESIAN_POINT('Ctrl Pts',(4.0926520723928,1.89181217667594,1.));
#10064=CARTESIAN_POINT('Ctrl Pts',(3.52933919445316,1.54382358177957,0.));
#10065=CARTESIAN_POINT('Ctrl Pts',(3.52933919445316,1.54382358177957,1.));
#10066=CARTESIAN_POINT('Ctrl Pts',(3.17871326917709,0.982191662043261,0.));
#10067=CARTESIAN_POINT('Ctrl Pts',(3.17871326917709,0.982191662043261,1.));
#10068=CARTESIAN_POINT('Ctrl Pts',(3.0036810328431,0.701825369018589,0.));
#10069=CARTESIAN_POINT('Ctrl Pts',(3.0036810328431,0.701825369018589,1.));
#10070=CARTESIAN_POINT('',(4.37475952405403,2.06608508886722,0.));
#10071=CARTESIAN_POINT('Ctrl Pts',(4.37475952405403,2.06608508886722,0.));
#10072=CARTESIAN_POINT('Ctrl Pts',(4.0926520723928,1.89181217667594,0.));
#10073=CARTESIAN_POINT('Ctrl Pts',(3.52933919445316,1.54382358177957,0.));
#10074=CARTESIAN_POINT('Ctrl Pts',(3.17871326917709,0.982191662043261,0.));
#10075=CARTESIAN_POINT('Ctrl Pts',(3.0036810328431,0.701825369018589,0.));
#10076=CARTESIAN_POINT('',(4.37475952405403,2.06608508886722,1.));
#10077=CARTESIAN_POINT('',(4.37475952405403,2.06608508886722,0.));
#10078=CARTESIAN_POINT('Ctrl Pts',(4.37475952405403,2.06608508886722,1.));
#10079=CARTESIAN_POINT('Ctrl Pts',(4.0926520723928,1.89181217667594,1.));
#10080=CARTESIAN_POINT('Ctrl Pts',(3.52933919445316,1.54382358177957,1.));
#10081=CARTESIAN_POINT('Ctrl Pts',(3.17871326917709,0.982191662043261,1.));
#10082=CARTESIAN_POINT('Ctrl Pts',(3.0036810328431,0.701825369018589,1.));
#10083=CARTESIAN_POINT('Ctrl Pts',(6.83041366834114,2.5367519742432,0.));
#10084=CARTESIAN_POINT('Ctrl Pts',(6.83041366834114,2.5367519742432,1.));
#10085=CARTESIAN_POINT('Ctrl Pts',(6.36045802356563,2.52730291287661,0.));
#10086=CARTESIAN_POINT('Ctrl Pts',(6.36045802356563,2.52730291287661,1.));
#10087=CARTESIAN_POINT('Ctrl Pts',(5.51321686196015,2.51026804199611,0.));
#10088=CARTESIAN_POINT('Ctrl Pts',(5.51321686196015,2.51026804199611,1.));
#10089=CARTESIAN_POINT('Ctrl Pts',(4.72552645521603,2.20294106594761,0.));
#10090=CARTESIAN_POINT('Ctrl Pts',(4.72552645521603,2.20294106594761,1.));
#10091=CARTESIAN_POINT('Ctrl Pts',(4.37475952405403,2.06608508886722,0.));
#10092=CARTESIAN_POINT('Ctrl Pts',(4.37475952405403,2.06608508886722,1.));
#10093=CARTESIAN_POINT('',(6.83041366834114,2.5367519742432,0.));
#10094=CARTESIAN_POINT('Ctrl Pts',(6.83041366834114,2.5367519742432,0.));
#10095=CARTESIAN_POINT('Ctrl Pts',(6.36045802356563,2.52730291287661,0.));
#10096=CARTESIAN_POINT('Ctrl Pts',(5.51321686196015,2.51026804199611,0.));
#10097=CARTESIAN_POINT('Ctrl Pts',(4.72552645521603,2.20294106594761,0.));
#10098=CARTESIAN_POINT('Ctrl Pts',(4.37475952405403,2.06608508886722,0.));
#10099=CARTESIAN_POINT('',(6.83041366834114,2.5367519742432,1.));
#10100=CARTESIAN_POINT('',(6.83041366834114,2.5367519742432,0.));
#10101=CARTESIAN_POINT('Ctrl Pts',(6.83041366834114,2.5367519742432,1.));
#10102=CARTESIAN_POINT('Ctrl Pts',(6.36045802356563,2.52730291287661,1.));
#10103=CARTESIAN_POINT('Ctrl Pts',(5.51321686196015,2.51026804199611,1.));
#10104=CARTESIAN_POINT('Ctrl Pts',(4.72552645521603,2.20294106594761,1.));
#10105=CARTESIAN_POINT('Ctrl Pts',(4.37475952405403,2.06608508886722,1.));
#10106=CARTESIAN_POINT('Ctrl Pts',(9.83519348401497,1.48627494635013,0.));
#10107=CARTESIAN_POINT('Ctrl Pts',(9.83519348401497,1.48627494635013,1.));
#10108=CARTESIAN_POINT('Ctrl Pts',(9.41928573642254,1.79230643184309,0.));
#10109=CARTESIAN_POINT('Ctrl Pts',(9.41928573642254,1.79230643184309,1.));
#10110=CARTESIAN_POINT('Ctrl Pts',(8.52885280959685,2.44750103426572,0.));
#10111=CARTESIAN_POINT('Ctrl Pts',(8.52885280959685,2.44750103426572,1.));
#10112=CARTESIAN_POINT('Ctrl Pts',(7.4208729171222,2.50572404884275,0.));
#10113=CARTESIAN_POINT('Ctrl Pts',(7.4208729171222,2.50572404884275,1.));
#10114=CARTESIAN_POINT('Ctrl Pts',(6.83041366834114,2.5367519742432,0.));
#10115=CARTESIAN_POINT('Ctrl Pts',(6.83041366834114,2.5367519742432,1.));
#10116=CARTESIAN_POINT('',(9.83519348401497,1.48627494635013,0.));
#10117=CARTESIAN_POINT('Ctrl Pts',(9.83519348401497,1.48627494635013,0.));
#10118=CARTESIAN_POINT('Ctrl Pts',(9.41928573642254,1.79230643184309,0.));
#10119=CARTESIAN_POINT('Ctrl Pts',(8.52885280959685,2.44750103426572,0.));
#10120=CARTESIAN_POINT('Ctrl Pts',(7.4208729171222,2.50572404884275,0.));
#10121=CARTESIAN_POINT('Ctrl Pts',(6.83041366834114,2.5367519742432,0.));
#10122=CARTESIAN_POINT('',(9.83519348401497,1.48627494635013,1.));
#10123=CARTESIAN_POINT('',(9.83519348401497,1.48627494635013,0.));
#10124=CARTESIAN_POINT('Ctrl Pts',(9.83519348401497,1.48627494635013,1.));
#10125=CARTESIAN_POINT('Ctrl Pts',(9.41928573642254,1.79230643184309,1.));
#10126=CARTESIAN_POINT('Ctrl Pts',(8.52885280959685,2.44750103426572,1.));
#10127=CARTESIAN_POINT('Ctrl Pts',(7.4208729171222,2.50572404884275,1.));
#10128=CARTESIAN_POINT('Ctrl Pts',(6.83041366834114,2.5367519742432,1.));
#10129=CARTESIAN_POINT('Ctrl Pts',(10.9231832911439,-1.26270080743405,0.));
#10130=CARTESIAN_POINT('Ctrl Pts',(10.9231832911439,-1.26270080743405,1.));
#10131=CARTESIAN_POINT('Ctrl Pts',(10.884085635026,-0.729712447195068,0.));
#10132=CARTESIAN_POINT('Ctrl Pts',(10.884085635026,-0.729712447195068,1.));
#10133=CARTESIAN_POINT('Ctrl Pts',(10.8083681879031,0.302485438576028,0.));
#10134=CARTESIAN_POINT('Ctrl Pts',(10.8083681879031,0.302485438576028,1.));
#10135=CARTESIAN_POINT('Ctrl Pts',(10.1524298240001,1.1003822086345,0.));
#10136=CARTESIAN_POINT('Ctrl Pts',(10.1524298240001,1.1003822086345,1.));
#10137=CARTESIAN_POINT('Ctrl Pts',(9.83519348401497,1.48627494635013,0.));
#10138=CARTESIAN_POINT('Ctrl Pts',(9.83519348401497,1.48627494635013,1.));
#10139=CARTESIAN_POINT('',(10.9231832911439,-1.26270080743405,0.));
#10140=CARTESIAN_POINT('Ctrl Pts',(10.9231832911439,-1.26270080743405,0.));
#10141=CARTESIAN_POINT('Ctrl Pts',(10.884085635026,-0.729712447195068,0.));
#10142=CARTESIAN_POINT('Ctrl Pts',(10.8083681879031,0.302485438576028,0.));
#10143=CARTESIAN_POINT('Ctrl Pts',(10.1524298240001,1.1003822086345,0.));
#10144=CARTESIAN_POINT('Ctrl Pts',(9.83519348401497,1.48627494635013,0.));
#10145=CARTESIAN_POINT('',(10.9231832911439,-1.26270080743405,1.));
#10146=CARTESIAN_POINT('',(10.9231832911439,-1.26270080743405,0.));
#10147=CARTESIAN_POINT('Ctrl Pts',(10.9231832911439,-1.26270080743405,1.));
#10148=CARTESIAN_POINT('Ctrl Pts',(10.884085635026,-0.729712447195068,1.));
#10149=CARTESIAN_POINT('Ctrl Pts',(10.8083681879031,0.302485438576028,1.));
#10150=CARTESIAN_POINT('Ctrl Pts',(10.1524298240001,1.1003822086345,1.));
#10151=CARTESIAN_POINT('Ctrl Pts',(9.83519348401497,1.48627494635013,1.));
#10152=CARTESIAN_POINT('Ctrl Pts',(10.3808954646058,-3.33978439508053,0.));
#10153=CARTESIAN_POINT('Ctrl Pts',(10.3808954646058,-3.33978439508053,1.));
#10154=CARTESIAN_POINT('Ctrl Pts',(10.5390009698588,-3.0254772126214,0.));
#10155=CARTESIAN_POINT('Ctrl Pts',(10.5390009698588,-3.0254772126214,1.));
#10156=CARTESIAN_POINT('Ctrl Pts',(10.8674637997677,-2.37250673922754,0.));
#10157=CARTESIAN_POINT('Ctrl Pts',(10.8674637997677,-2.37250673922754,1.));
#10158=CARTESIAN_POINT('Ctrl Pts',(10.9041539407955,-1.64172231989188,0.));
#10159=CARTESIAN_POINT('Ctrl Pts',(10.9041539407955,-1.64172231989188,1.));
#10160=CARTESIAN_POINT('Ctrl Pts',(10.9231832911439,-1.26270080743405,0.));
#10161=CARTESIAN_POINT('Ctrl Pts',(10.9231832911439,-1.26270080743405,1.));
#10162=CARTESIAN_POINT('',(10.3808954646058,-3.33978439508053,0.));
#10163=CARTESIAN_POINT('Ctrl Pts',(10.3808954646058,-3.33978439508053,0.));
#10164=CARTESIAN_POINT('Ctrl Pts',(10.5390009698588,-3.0254772126214,0.));
#10165=CARTESIAN_POINT('Ctrl Pts',(10.8674637997677,-2.37250673922754,0.));
#10166=CARTESIAN_POINT('Ctrl Pts',(10.9041539407955,-1.64172231989188,0.));
#10167=CARTESIAN_POINT('Ctrl Pts',(10.9231832911439,-1.26270080743405,0.));
#10168=CARTESIAN_POINT('',(10.3808954646058,-3.33978439508053,1.));
#10169=CARTESIAN_POINT('',(10.3808954646058,-3.33978439508053,0.));
#10170=CARTESIAN_POINT('Ctrl Pts',(10.3808954646058,-3.33978439508053,1.));
#10171=CARTESIAN_POINT('Ctrl Pts',(10.5390009698588,-3.0254772126214,1.));
#10172=CARTESIAN_POINT('Ctrl Pts',(10.8674637997677,-2.37250673922754,1.));
#10173=CARTESIAN_POINT('Ctrl Pts',(10.9041539407955,-1.64172231989188,1.));
#10174=CARTESIAN_POINT('Ctrl Pts',(10.9231832911439,-1.26270080743405,1.));
#10175=CARTESIAN_POINT('Ctrl Pts',(9.01323112744759,-4.62900425134274,0.));
#10176=CARTESIAN_POINT('Ctrl Pts',(9.01323112744759,-4.62900425134274,1.));
#10177=CARTESIAN_POINT('Ctrl Pts',(9.27922520256809,-4.46940571244842,0.));
#10178=CARTESIAN_POINT('Ctrl Pts',(9.27922520256809,-4.46940571244842,1.));
#10179=CARTESIAN_POINT('Ctrl Pts',(9.82861411692502,-4.13976803921689,0.));
#10180=CARTESIAN_POINT('Ctrl Pts',(9.82861411692502,-4.13976803921689,1.));
#10181=CARTESIAN_POINT('Ctrl Pts',(10.1929550982575,-3.61201741504948,0.));
#10182=CARTESIAN_POINT('Ctrl Pts',(10.1929550982575,-3.61201741504948,1.));
#10183=CARTESIAN_POINT('Ctrl Pts',(10.3808954646058,-3.33978439508053,0.));
#10184=CARTESIAN_POINT('Ctrl Pts',(10.3808954646058,-3.33978439508053,1.));
#10185=CARTESIAN_POINT('',(9.01323112744759,-4.62900425134274,0.));
#10186=CARTESIAN_POINT('Ctrl Pts',(9.01323112744759,-4.62900425134274,0.));
#10187=CARTESIAN_POINT('Ctrl Pts',(9.27922520256809,-4.46940571244842,0.));
#10188=CARTESIAN_POINT('Ctrl Pts',(9.82861411692502,-4.13976803921689,0.));
#10189=CARTESIAN_POINT('Ctrl Pts',(10.1929550982575,-3.61201741504948,0.));
#10190=CARTESIAN_POINT('Ctrl Pts',(10.3808954646058,-3.33978439508053,0.));
#10191=CARTESIAN_POINT('',(9.01323112744759,-4.62900425134274,1.));
#10192=CARTESIAN_POINT('',(9.01323112744759,-4.62900425134274,0.));
#10193=CARTESIAN_POINT('Ctrl Pts',(9.01323112744759,-4.62900425134274,1.));
#10194=CARTESIAN_POINT('Ctrl Pts',(9.27922520256809,-4.46940571244842,1.));
#10195=CARTESIAN_POINT('Ctrl Pts',(9.82861411692502,-4.13976803921689,1.));
#10196=CARTESIAN_POINT('Ctrl Pts',(10.1929550982575,-3.61201741504948,1.));
#10197=CARTESIAN_POINT('Ctrl Pts',(10.3808954646058,-3.33978439508053,1.));
#10198=CARTESIAN_POINT('Ctrl Pts',(6.748559801764,-5.03487373529049,0.));
#10199=CARTESIAN_POINT('Ctrl Pts',(6.748559801764,-5.03487373529049,1.));
#10200=CARTESIAN_POINT('Ctrl Pts',(7.1821947659512,-5.02719635539796,0.));
#10201=CARTESIAN_POINT('Ctrl Pts',(7.1821947659512,-5.02719635539796,1.));
#10202=CARTESIAN_POINT('Ctrl Pts',(7.96046961846749,-5.01341722733625,0.));
#10203=CARTESIAN_POINT('Ctrl Pts',(7.96046961846749,-5.01341722733625,1.));
#10204=CARTESIAN_POINT('Ctrl Pts',(8.69012235017845,-4.74698653468058,0.));
#10205=CARTESIAN_POINT('Ctrl Pts',(8.69012235017845,-4.74698653468058,1.));
#10206=CARTESIAN_POINT('Ctrl Pts',(9.01323112744759,-4.62900425134274,0.));
#10207=CARTESIAN_POINT('Ctrl Pts',(9.01323112744759,-4.62900425134274,1.));
#10208=CARTESIAN_POINT('',(6.748559801764,-5.03487373529049,0.));
#10209=CARTESIAN_POINT('Ctrl Pts',(6.748559801764,-5.03487373529049,0.));
#10210=CARTESIAN_POINT('Ctrl Pts',(7.1821947659512,-5.02719635539796,0.));
#10211=CARTESIAN_POINT('Ctrl Pts',(7.96046961846749,-5.01341722733625,0.));
#10212=CARTESIAN_POINT('Ctrl Pts',(8.69012235017845,-4.74698653468058,0.));
#10213=CARTESIAN_POINT('Ctrl Pts',(9.01323112744759,-4.62900425134274,0.));
#10214=CARTESIAN_POINT('',(6.748559801764,-5.03487373529049,1.));
#10215=CARTESIAN_POINT('',(6.748559801764,-5.03487373529049,0.));
#10216=CARTESIAN_POINT('Ctrl Pts',(6.748559801764,-5.03487373529049,1.));
#10217=CARTESIAN_POINT('Ctrl Pts',(7.1821947659512,-5.02719635539796,1.));
#10218=CARTESIAN_POINT('Ctrl Pts',(7.96046961846749,-5.01341722733625,1.));
#10219=CARTESIAN_POINT('Ctrl Pts',(8.69012235017845,-4.74698653468058,1.));
#10220=CARTESIAN_POINT('Ctrl Pts',(9.01323112744759,-4.62900425134274,1.));
#10221=CARTESIAN_POINT('Ctrl Pts',(4.20422348279427,-4.56079269586178,0.));
#10222=CARTESIAN_POINT('Ctrl Pts',(4.20422348279427,-4.56079269586178,1.));
#10223=CARTESIAN_POINT('Ctrl Pts',(4.56016727270178,-4.69849505527021,0.));
#10224=CARTESIAN_POINT('Ctrl Pts',(4.56016727270178,-4.69849505527021,1.));
#10225=CARTESIAN_POINT('Ctrl Pts',(5.37639159821968,-5.01426405761628,0.));
#10226=CARTESIAN_POINT('Ctrl Pts',(5.37639159821968,-5.01426405761628,1.));
#10227=CARTESIAN_POINT('Ctrl Pts',(6.25378509709371,-5.02744232334095,0.));
#10228=CARTESIAN_POINT('Ctrl Pts',(6.25378509709371,-5.02744232334095,1.));
#10229=CARTESIAN_POINT('Ctrl Pts',(6.748559801764,-5.03487373529049,0.));
#10230=CARTESIAN_POINT('Ctrl Pts',(6.748559801764,-5.03487373529049,1.));
#10231=CARTESIAN_POINT('',(4.20422348279427,-4.56079269586178,0.));
#10232=CARTESIAN_POINT('Ctrl Pts',(4.20422348279427,-4.56079269586178,0.));
#10233=CARTESIAN_POINT('Ctrl Pts',(4.56016727270178,-4.69849505527021,0.));
#10234=CARTESIAN_POINT('Ctrl Pts',(5.37639159821968,-5.01426405761628,0.));
#10235=CARTESIAN_POINT('Ctrl Pts',(6.25378509709371,-5.02744232334095,0.));
#10236=CARTESIAN_POINT('Ctrl Pts',(6.748559801764,-5.03487373529049,0.));
#10237=CARTESIAN_POINT('',(4.20422348279427,-4.56079269586178,1.));
#10238=CARTESIAN_POINT('',(4.20422348279427,-4.56079269586178,0.));
#10239=CARTESIAN_POINT('Ctrl Pts',(4.20422348279427,-4.56079269586178,1.));
#10240=CARTESIAN_POINT('Ctrl Pts',(4.56016727270178,-4.69849505527021,1.));
#10241=CARTESIAN_POINT('Ctrl Pts',(5.37639159821968,-5.01426405761628,1.));
#10242=CARTESIAN_POINT('Ctrl Pts',(6.25378509709371,-5.02744232334095,1.));
#10243=CARTESIAN_POINT('Ctrl Pts',(6.748559801764,-5.03487373529049,1.));
#10244=CARTESIAN_POINT('Ctrl Pts',(2.68990310925911,-2.99530769525143,0.));
#10245=CARTESIAN_POINT('Ctrl Pts',(2.68990310925911,-2.99530769525143,1.));
#10246=CARTESIAN_POINT('Ctrl Pts',(2.90010094089808,-3.32791778880498,0.));
#10247=CARTESIAN_POINT('Ctrl Pts',(2.90010094089808,-3.32791778880498,1.));
#10248=CARTESIAN_POINT('Ctrl Pts',(3.29696390028577,-3.95590060394931,0.));
#10249=CARTESIAN_POINT('Ctrl Pts',(3.29696390028577,-3.95590060394931,1.));
#10250=CARTESIAN_POINT('Ctrl Pts',(3.91399970504731,-4.36729342461825,0.));
#10251=CARTESIAN_POINT('Ctrl Pts',(3.91399970504731,-4.36729342461825,1.));
#10252=CARTESIAN_POINT('Ctrl Pts',(4.20422348279427,-4.56079269586178,0.));
#10253=CARTESIAN_POINT('Ctrl Pts',(4.20422348279427,-4.56079269586178,1.));
#10254=CARTESIAN_POINT('',(2.68990310925911,-2.99530769525143,0.));
#10255=CARTESIAN_POINT('Ctrl Pts',(2.68990310925911,-2.99530769525143,0.));
#10256=CARTESIAN_POINT('Ctrl Pts',(2.90010094089808,-3.32791778880498,0.));
#10257=CARTESIAN_POINT('Ctrl Pts',(3.29696390028577,-3.95590060394931,0.));
#10258=CARTESIAN_POINT('Ctrl Pts',(3.91399970504731,-4.36729342461825,0.));
#10259=CARTESIAN_POINT('Ctrl Pts',(4.20422348279427,-4.56079269586178,0.));
#10260=CARTESIAN_POINT('',(2.68990310925911,-2.99530769525143,1.));
#10261=CARTESIAN_POINT('',(2.68990310925911,-2.99530769525143,0.));
#10262=CARTESIAN_POINT('Ctrl Pts',(2.68990310925911,-2.99530769525143,1.));
#10263=CARTESIAN_POINT('Ctrl Pts',(2.90010094089808,-3.32791778880498,1.));
#10264=CARTESIAN_POINT('Ctrl Pts',(3.29696390028577,-3.95590060394931,1.));
#10265=CARTESIAN_POINT('Ctrl Pts',(3.91399970504731,-4.36729342461825,1.));
#10266=CARTESIAN_POINT('Ctrl Pts',(4.20422348279427,-4.56079269586178,1.));
#10267=CARTESIAN_POINT('Origin',(5.42523178357552,-2.7429225557861,0.));
#10268=CARTESIAN_POINT('',(5.42523178357552,-2.7429225557861,0.));
#10269=CARTESIAN_POINT('',(13.7246829136873,-1.9771432362378,0.));
#10270=CARTESIAN_POINT('',(5.42523178357552,-2.7429225557861,1.));
#10271=CARTESIAN_POINT('',(5.42523178357552,-2.7429225557861,0.));
#10272=CARTESIAN_POINT('',(5.42523178357552,-2.7429225557861,1.));
#10273=CARTESIAN_POINT('Ctrl Pts',(5.90954574841927,-3.19994713006588,0.));
#10274=CARTESIAN_POINT('Ctrl Pts',(5.90954574841927,-3.19994713006588,1.));
#10275=CARTESIAN_POINT('Ctrl Pts',(5.82899106895157,-3.14316205998562,0.));
#10276=CARTESIAN_POINT('Ctrl Pts',(5.82899106895157,-3.14316205998562,1.));
#10277=CARTESIAN_POINT('Ctrl Pts',(5.64600094445877,-3.01416760414538,0.));
#10278=CARTESIAN_POINT('Ctrl Pts',(5.64600094445877,-3.01416760414538,1.));
#10279=CARTESIAN_POINT('Ctrl Pts',(5.50446290250116,-2.84026880015539,0.));
#10280=CARTESIAN_POINT('Ctrl Pts',(5.50446290250116,-2.84026880015539,1.));
#10281=CARTESIAN_POINT('Ctrl Pts',(5.42523178357552,-2.7429225557861,0.));
#10282=CARTESIAN_POINT('Ctrl Pts',(5.42523178357552,-2.7429225557861,1.));
#10283=CARTESIAN_POINT('',(5.90954574841927,-3.19994713006588,0.));
#10284=CARTESIAN_POINT('Ctrl Pts',(5.90954574841927,-3.19994713006588,0.));
#10285=CARTESIAN_POINT('Ctrl Pts',(5.82899106895157,-3.14316205998562,0.));
#10286=CARTESIAN_POINT('Ctrl Pts',(5.64600094445877,-3.01416760414538,0.));
#10287=CARTESIAN_POINT('Ctrl Pts',(5.50446290250116,-2.84026880015539,0.));
#10288=CARTESIAN_POINT('Ctrl Pts',(5.42523178357552,-2.7429225557861,0.));
#10289=CARTESIAN_POINT('',(5.90954574841927,-3.19994713006588,1.));
#10290=CARTESIAN_POINT('',(5.90954574841927,-3.19994713006588,0.));
#10291=CARTESIAN_POINT('Ctrl Pts',(5.90954574841927,-3.19994713006588,1.));
#10292=CARTESIAN_POINT('Ctrl Pts',(5.82899106895157,-3.14316205998562,1.));
#10293=CARTESIAN_POINT('Ctrl Pts',(5.64600094445877,-3.01416760414538,1.));
#10294=CARTESIAN_POINT('Ctrl Pts',(5.50446290250116,-2.84026880015539,1.));
#10295=CARTESIAN_POINT('Ctrl Pts',(5.42523178357552,-2.7429225557861,1.));
#10296=CARTESIAN_POINT('Ctrl Pts',(6.68717178601693,-3.40458656488034,0.));
#10297=CARTESIAN_POINT('Ctrl Pts',(6.68717178601693,-3.40458656488034,1.));
#10298=CARTESIAN_POINT('Ctrl Pts',(6.55198916451015,-3.39580225478198,0.));
#10299=CARTESIAN_POINT('Ctrl Pts',(6.55198916451015,-3.39580225478198,1.));
#10300=CARTESIAN_POINT('Ctrl Pts',(6.2795419646778,-3.37809834682337,0.));
#10301=CARTESIAN_POINT('Ctrl Pts',(6.2795419646778,-3.37809834682337,1.));
#10302=CARTESIAN_POINT('Ctrl Pts',(6.03350453436175,-3.25963262838461,0.));
#10303=CARTESIAN_POINT('Ctrl Pts',(6.03350453436175,-3.25963262838461,1.));
#10304=CARTESIAN_POINT('Ctrl Pts',(5.90954574841927,-3.19994713006588,0.));
#10305=CARTESIAN_POINT('Ctrl Pts',(5.90954574841927,-3.19994713006588,1.));
#10306=CARTESIAN_POINT('',(6.68717178601693,-3.40458656488034,0.));
#10307=CARTESIAN_POINT('Ctrl Pts',(6.68717178601693,-3.40458656488034,0.));
#10308=CARTESIAN_POINT('Ctrl Pts',(6.55198916451015,-3.39580225478198,0.));
#10309=CARTESIAN_POINT('Ctrl Pts',(6.2795419646778,-3.37809834682337,0.));
#10310=CARTESIAN_POINT('Ctrl Pts',(6.03350453436175,-3.25963262838461,0.));
#10311=CARTESIAN_POINT('Ctrl Pts',(5.90954574841927,-3.19994713006588,0.));
#10312=CARTESIAN_POINT('',(6.68717178601693,-3.40458656488034,1.));
#10313=CARTESIAN_POINT('',(6.68717178601693,-3.40458656488034,0.));
#10314=CARTESIAN_POINT('Ctrl Pts',(6.68717178601693,-3.40458656488034,1.));
#10315=CARTESIAN_POINT('Ctrl Pts',(6.55198916451015,-3.39580225478198,1.));
#10316=CARTESIAN_POINT('Ctrl Pts',(6.2795419646778,-3.37809834682337,1.));
#10317=CARTESIAN_POINT('Ctrl Pts',(6.03350453436175,-3.25963262838461,1.));
#10318=CARTESIAN_POINT('Ctrl Pts',(5.90954574841927,-3.19994713006588,1.));
#10319=CARTESIAN_POINT('Ctrl Pts',(7.73764404553841,-2.93391491113278,0.));
#10320=CARTESIAN_POINT('Ctrl Pts',(7.73764404553841,-2.93391491113278,1.));
#10321=CARTESIAN_POINT('Ctrl Pts',(7.59188277985164,-3.07118695879071,0.));
#10322=CARTESIAN_POINT('Ctrl Pts',(7.59188277985164,-3.07118695879071,1.));
#10323=CARTESIAN_POINT('Ctrl Pts',(7.29650554867288,-3.34936125402884,0.));
#10324=CARTESIAN_POINT('Ctrl Pts',(7.29650554867288,-3.34936125402884,1.));
#10325=CARTESIAN_POINT('Ctrl Pts',(6.89204246693675,-3.38601866706873,0.));
#10326=CARTESIAN_POINT('Ctrl Pts',(6.89204246693675,-3.38601866706873,1.));
#10327=CARTESIAN_POINT('Ctrl Pts',(6.68717178601693,-3.40458656488034,0.));
#10328=CARTESIAN_POINT('Ctrl Pts',(6.68717178601693,-3.40458656488034,1.));
#10329=CARTESIAN_POINT('',(7.73764404553841,-2.93391491113278,0.));
#10330=CARTESIAN_POINT('Ctrl Pts',(7.73764404553841,-2.93391491113278,0.));
#10331=CARTESIAN_POINT('Ctrl Pts',(7.59188277985164,-3.07118695879071,0.));
#10332=CARTESIAN_POINT('Ctrl Pts',(7.29650554867288,-3.34936125402884,0.));
#10333=CARTESIAN_POINT('Ctrl Pts',(6.89204246693675,-3.38601866706873,0.));
#10334=CARTESIAN_POINT('Ctrl Pts',(6.68717178601693,-3.40458656488034,0.));
#10335=CARTESIAN_POINT('',(7.73764404553841,-2.93391491113278,1.));
#10336=CARTESIAN_POINT('',(7.73764404553841,-2.93391491113278,0.));
#10337=CARTESIAN_POINT('Ctrl Pts',(7.73764404553841,-2.93391491113278,1.));
#10338=CARTESIAN_POINT('Ctrl Pts',(7.59188277985164,-3.07118695879071,1.));
#10339=CARTESIAN_POINT('Ctrl Pts',(7.29650554867288,-3.34936125402884,1.));
#10340=CARTESIAN_POINT('Ctrl Pts',(6.89204246693675,-3.38601866706873,1.));
#10341=CARTESIAN_POINT('Ctrl Pts',(6.68717178601693,-3.40458656488034,1.));
#10342=CARTESIAN_POINT('Ctrl Pts',(8.09918197888802,-1.93801189599606,0.));
#10343=CARTESIAN_POINT('Ctrl Pts',(8.09918197888802,-1.93801189599606,1.));
#10344=CARTESIAN_POINT('Ctrl Pts',(8.07198919916491,-2.13832859695804,0.));
#10345=CARTESIAN_POINT('Ctrl Pts',(8.07198919916491,-2.13832859695804,1.));
#10346=CARTESIAN_POINT('Ctrl Pts',(8.02319875002851,-2.49774539468779,0.));
#10347=CARTESIAN_POINT('Ctrl Pts',(8.02319875002851,-2.49774539468779,1.));
#10348=CARTESIAN_POINT('Ctrl Pts',(7.82526275497485,-2.80008202543522,0.));
#10349=CARTESIAN_POINT('Ctrl Pts',(7.82526275497485,-2.80008202543522,1.));
#10350=CARTESIAN_POINT('Ctrl Pts',(7.73764404553841,-2.93391491113278,0.));
#10351=CARTESIAN_POINT('Ctrl Pts',(7.73764404553841,-2.93391491113278,1.));
#10352=CARTESIAN_POINT('',(8.09918197888802,-1.93801189599606,0.));
#10353=CARTESIAN_POINT('Ctrl Pts',(8.09918197888802,-1.93801189599606,0.));
#10354=CARTESIAN_POINT('Ctrl Pts',(8.07198919916491,-2.13832859695804,0.));
#10355=CARTESIAN_POINT('Ctrl Pts',(8.02319875002851,-2.49774539468779,0.));
#10356=CARTESIAN_POINT('Ctrl Pts',(7.82526275497485,-2.80008202543522,0.));
#10357=CARTESIAN_POINT('Ctrl Pts',(7.73764404553841,-2.93391491113278,0.));
#10358=CARTESIAN_POINT('',(8.09918197888802,-1.93801189599606,1.));
#10359=CARTESIAN_POINT('',(8.09918197888802,-1.93801189599606,0.));
#10360=CARTESIAN_POINT('Ctrl Pts',(8.09918197888802,-1.93801189599606,1.));
#10361=CARTESIAN_POINT('Ctrl Pts',(8.07198919916491,-2.13832859695804,1.));
#10362=CARTESIAN_POINT('Ctrl Pts',(8.02319875002851,-2.49774539468779,1.));
#10363=CARTESIAN_POINT('Ctrl Pts',(7.82526275497485,-2.80008202543522,1.));
#10364=CARTESIAN_POINT('Ctrl Pts',(7.73764404553841,-2.93391491113278,1.));
#10365=CARTESIAN_POINT('Origin',(2.53300461072396,-1.93801189599606,0.));
#10366=CARTESIAN_POINT('',(2.53300461072396,-1.93801189599606,0.));
#10367=CARTESIAN_POINT('',(11.6530630305105,-1.93801189599606,0.));
#10368=CARTESIAN_POINT('',(2.53300461072396,-1.93801189599606,1.));
#10369=CARTESIAN_POINT('',(2.53300461072396,-1.93801189599606,0.));
#10370=CARTESIAN_POINT('',(2.53300461072396,-1.93801189599606,1.));
#10371=CARTESIAN_POINT('Origin',(2.53300461072396,-1.62422920404049,0.));
#10372=CARTESIAN_POINT('',(2.53300461072396,5.36138747991946,0.));
#10373=CARTESIAN_POINT('',(2.53300461072396,-1.62422920404049,1.));
#10374=CARTESIAN_POINT('Origin',(20.7731232335038,9.89691590132145,1.));
#10375=CARTESIAN_POINT('Ctrl Pts',(16.2915352274842,-3.00213123498532,0.));
#10376=CARTESIAN_POINT('Ctrl Pts',(16.2915352274842,-3.00213123498532,1.));
#10377=CARTESIAN_POINT('Ctrl Pts',(16.1211152103059,-2.98425480236239,0.));
#10378=CARTESIAN_POINT('Ctrl Pts',(16.1211152103059,-2.98425480236239,1.));
#10379=CARTESIAN_POINT('Ctrl Pts',(15.7775793786699,-2.94821915790299,0.));
#10380=CARTESIAN_POINT('Ctrl Pts',(15.7775793786699,-2.94821915790299,1.));
#10381=CARTESIAN_POINT('Ctrl Pts',(15.5296855063498,-2.70739205545452,0.));
#10382=CARTESIAN_POINT('Ctrl Pts',(15.5296855063498,-2.70739205545452,1.));
#10383=CARTESIAN_POINT('Ctrl Pts',(15.4047659327454,-2.58603359399411,0.));
#10384=CARTESIAN_POINT('Ctrl Pts',(15.4047659327454,-2.58603359399411,1.));
#10385=CARTESIAN_POINT('',(16.2915352274842,-3.00213123498532,0.));
#10386=CARTESIAN_POINT('',(15.4047659327454,-2.58603359399411,0.));
#10387=CARTESIAN_POINT('Ctrl Pts',(16.2915352274842,-3.00213123498532,0.));
#10388=CARTESIAN_POINT('Ctrl Pts',(16.1211152103059,-2.98425480236239,0.));
#10389=CARTESIAN_POINT('Ctrl Pts',(15.7775793786699,-2.94821915790299,0.));
#10390=CARTESIAN_POINT('Ctrl Pts',(15.5296855063498,-2.70739205545452,0.));
#10391=CARTESIAN_POINT('Ctrl Pts',(15.4047659327454,-2.58603359399411,0.));
#10392=CARTESIAN_POINT('',(16.2915352274842,-3.00213123498532,1.));
#10393=CARTESIAN_POINT('',(16.2915352274842,-3.00213123498532,0.));
#10394=CARTESIAN_POINT('',(15.4047659327454,-2.58603359399411,1.));
#10395=CARTESIAN_POINT('Ctrl Pts',(16.2915352274842,-3.00213123498532,1.));
#10396=CARTESIAN_POINT('Ctrl Pts',(16.1211152103059,-2.98425480236239,1.));
#10397=CARTESIAN_POINT('Ctrl Pts',(15.7775793786699,-2.94821915790299,1.));
#10398=CARTESIAN_POINT('Ctrl Pts',(15.5296855063498,-2.70739205545452,1.));
#10399=CARTESIAN_POINT('Ctrl Pts',(15.4047659327454,-2.58603359399411,1.));
#10400=CARTESIAN_POINT('',(15.4047659327454,-2.58603359399411,0.));
#10401=CARTESIAN_POINT('Ctrl Pts',(17.1271398951478,-2.58944297967526,0.));
#10402=CARTESIAN_POINT('Ctrl Pts',(17.1271398951478,-2.58944297967526,1.));
#10403=CARTESIAN_POINT('Ctrl Pts',(17.0096169030193,-2.70979840910972,0.));
#10404=CARTESIAN_POINT('Ctrl Pts',(17.0096169030193,-2.70979840910972,1.));
#10405=CARTESIAN_POINT('Ctrl Pts',(16.779140223174,-2.94582983815204,0.));
#10406=CARTESIAN_POINT('Ctrl Pts',(16.779140223174,-2.94582983815204,1.));
#10407=CARTESIAN_POINT('Ctrl Pts',(16.4519077152269,-2.98361379740089,0.));
#10408=CARTESIAN_POINT('Ctrl Pts',(16.4519077152269,-2.98361379740089,1.));
#10409=CARTESIAN_POINT('Ctrl Pts',(16.2915352274842,-3.00213123498532,0.));
#10410=CARTESIAN_POINT('Ctrl Pts',(16.2915352274842,-3.00213123498532,1.));
#10411=CARTESIAN_POINT('',(17.1271398951478,-2.58944297967526,0.));
#10412=CARTESIAN_POINT('Ctrl Pts',(17.1271398951478,-2.58944297967526,0.));
#10413=CARTESIAN_POINT('Ctrl Pts',(17.0096169030193,-2.70979840910972,0.));
#10414=CARTESIAN_POINT('Ctrl Pts',(16.779140223174,-2.94582983815204,0.));
#10415=CARTESIAN_POINT('Ctrl Pts',(16.4519077152269,-2.98361379740089,0.));
#10416=CARTESIAN_POINT('Ctrl Pts',(16.2915352274842,-3.00213123498532,0.));
#10417=CARTESIAN_POINT('',(17.1271398951478,-2.58944297967526,1.));
#10418=CARTESIAN_POINT('',(17.1271398951478,-2.58944297967526,0.));
#10419=CARTESIAN_POINT('Ctrl Pts',(17.1271398951478,-2.58944297967526,1.));
#10420=CARTESIAN_POINT('Ctrl Pts',(17.0096169030193,-2.70979840910972,1.));
#10421=CARTESIAN_POINT('Ctrl Pts',(16.779140223174,-2.94582983815204,1.));
#10422=CARTESIAN_POINT('Ctrl Pts',(16.4519077152269,-2.98361379740089,1.));
#10423=CARTESIAN_POINT('Ctrl Pts',(16.2915352274842,-3.00213123498532,1.));
#10424=CARTESIAN_POINT('Ctrl Pts',(17.4647978236146,-1.28998542962643,0.));
#10425=CARTESIAN_POINT('Ctrl Pts',(17.4647978236146,-1.28998542962643,1.));
#10426=CARTESIAN_POINT('Ctrl Pts',(17.4601425062274,-1.55274944071571,0.));
#10427=CARTESIAN_POINT('Ctrl Pts',(17.4601425062274,-1.55274944071571,1.));
#10428=CARTESIAN_POINT('Ctrl Pts',(17.4519425350232,-2.01558734095481,0.));
#10429=CARTESIAN_POINT('Ctrl Pts',(17.4519425350232,-2.01558734095481,1.));
#10430=CARTESIAN_POINT('Ctrl Pts',(17.2251688160483,-2.41624719211024,0.));
#10431=CARTESIAN_POINT('Ctrl Pts',(17.2251688160483,-2.41624719211024,1.));
#10432=CARTESIAN_POINT('Ctrl Pts',(17.1271398951478,-2.58944297967526,0.));
#10433=CARTESIAN_POINT('Ctrl Pts',(17.1271398951478,-2.58944297967526,1.));
#10434=CARTESIAN_POINT('',(17.4647978236146,-1.28998542962643,0.));
#10435=CARTESIAN_POINT('Ctrl Pts',(17.4647978236146,-1.28998542962643,0.));
#10436=CARTESIAN_POINT('Ctrl Pts',(17.4601425062274,-1.55274944071571,0.));
#10437=CARTESIAN_POINT('Ctrl Pts',(17.4519425350232,-2.01558734095481,0.));
#10438=CARTESIAN_POINT('Ctrl Pts',(17.2251688160483,-2.41624719211024,0.));
#10439=CARTESIAN_POINT('Ctrl Pts',(17.1271398951478,-2.58944297967526,0.));
#10440=CARTESIAN_POINT('',(17.4647978236146,-1.28998542962643,1.));
#10441=CARTESIAN_POINT('',(17.4647978236146,-1.28998542962643,0.));
#10442=CARTESIAN_POINT('Ctrl Pts',(17.4647978236146,-1.28998542962643,1.));
#10443=CARTESIAN_POINT('Ctrl Pts',(17.4601425062274,-1.55274944071571,1.));
#10444=CARTESIAN_POINT('Ctrl Pts',(17.4519425350232,-2.01558734095481,1.));
#10445=CARTESIAN_POINT('Ctrl Pts',(17.2251688160483,-2.41624719211024,1.));
#10446=CARTESIAN_POINT('Ctrl Pts',(17.1271398951478,-2.58944297967526,1.));
#10447=CARTESIAN_POINT('Ctrl Pts',(17.1373728205628,0.0606272107544292,
0.));
#10448=CARTESIAN_POINT('Ctrl Pts',(17.1373728205628,0.0606272107544292,
1.));
#10449=CARTESIAN_POINT('Ctrl Pts',(17.2322788446623,-0.115472663064899,
0.));
#10450=CARTESIAN_POINT('Ctrl Pts',(17.2322788446623,-0.115472663064899,
1.));
#10451=CARTESIAN_POINT('Ctrl Pts',(17.4579325247189,-0.53417721803811,0.));
#10452=CARTESIAN_POINT('Ctrl Pts',(17.4579325247189,-0.53417721803811,1.));
#10453=CARTESIAN_POINT('Ctrl Pts',(17.4622792535439,-1.01271331520729,0.));
#10454=CARTESIAN_POINT('Ctrl Pts',(17.4622792535439,-1.01271331520729,1.));
#10455=CARTESIAN_POINT('Ctrl Pts',(17.4647978236146,-1.28998542962643,0.));
#10456=CARTESIAN_POINT('Ctrl Pts',(17.4647978236146,-1.28998542962643,1.));
#10457=CARTESIAN_POINT('',(17.1373728205628,0.0606272107544292,0.));
#10458=CARTESIAN_POINT('Ctrl Pts',(17.1373728205628,0.0606272107544292,
0.));
#10459=CARTESIAN_POINT('Ctrl Pts',(17.2322788446623,-0.115472663064899,
0.));
#10460=CARTESIAN_POINT('Ctrl Pts',(17.4579325247189,-0.53417721803811,0.));
#10461=CARTESIAN_POINT('Ctrl Pts',(17.4622792535439,-1.01271331520729,0.));
#10462=CARTESIAN_POINT('Ctrl Pts',(17.4647978236146,-1.28998542962643,0.));
#10463=CARTESIAN_POINT('',(17.1373728205628,0.0606272107544292,1.));
#10464=CARTESIAN_POINT('',(17.1373728205628,0.0606272107544292,0.));
#10465=CARTESIAN_POINT('Ctrl Pts',(17.1373728205628,0.0606272107544292,
1.));
#10466=CARTESIAN_POINT('Ctrl Pts',(17.2322788446623,-0.115472663064899,
1.));
#10467=CARTESIAN_POINT('Ctrl Pts',(17.4579325247189,-0.53417721803811,1.));
#10468=CARTESIAN_POINT('Ctrl Pts',(17.4622792535439,-1.01271331520729,1.));
#10469=CARTESIAN_POINT('Ctrl Pts',(17.4647978236146,-1.28998542962643,1.));
#10470=CARTESIAN_POINT('Ctrl Pts',(16.3256433894105,0.463082540649449,0.));
#10471=CARTESIAN_POINT('Ctrl Pts',(16.3256433894105,0.463082540649449,1.));
#10472=CARTESIAN_POINT('Ctrl Pts',(16.4815852719233,0.445014791359455,0.));
#10473=CARTESIAN_POINT('Ctrl Pts',(16.4815852719233,0.445014791359455,1.));
#10474=CARTESIAN_POINT('Ctrl Pts',(16.7998201540574,0.408143439205162,0.));
#10475=CARTESIAN_POINT('Ctrl Pts',(16.7998201540574,0.408143439205162,1.));
#10476=CARTESIAN_POINT('Ctrl Pts',(17.0233681251907,0.177996989436835,0.));
#10477=CARTESIAN_POINT('Ctrl Pts',(17.0233681251907,0.177996989436835,1.));
#10478=CARTESIAN_POINT('Ctrl Pts',(17.1373728205628,0.0606272107544292,
0.));
#10479=CARTESIAN_POINT('Ctrl Pts',(17.1373728205628,0.0606272107544292,
1.));
#10480=CARTESIAN_POINT('',(16.3256433894105,0.463082540649449,0.));
#10481=CARTESIAN_POINT('Ctrl Pts',(16.3256433894105,0.463082540649449,0.));
#10482=CARTESIAN_POINT('Ctrl Pts',(16.4815852719233,0.445014791359455,0.));
#10483=CARTESIAN_POINT('Ctrl Pts',(16.7998201540574,0.408143439205162,0.));
#10484=CARTESIAN_POINT('Ctrl Pts',(17.0233681251907,0.177996989436835,0.));
#10485=CARTESIAN_POINT('Ctrl Pts',(17.1373728205628,0.0606272107544292,
0.));
#10486=CARTESIAN_POINT('',(16.3256433894105,0.463082540649449,1.));
#10487=CARTESIAN_POINT('',(16.3256433894105,0.463082540649449,0.));
#10488=CARTESIAN_POINT('Ctrl Pts',(16.3256433894105,0.463082540649449,1.));
#10489=CARTESIAN_POINT('Ctrl Pts',(16.4815852719233,0.445014791359455,1.));
#10490=CARTESIAN_POINT('Ctrl Pts',(16.7998201540574,0.408143439205162,1.));
#10491=CARTESIAN_POINT('Ctrl Pts',(17.0233681251907,0.177996989436835,1.));
#10492=CARTESIAN_POINT('Ctrl Pts',(17.1373728205628,0.0606272107544292,
1.));
#10493=CARTESIAN_POINT('Ctrl Pts',(15.4115894724793,0.0435707456055034,
0.));
#10494=CARTESIAN_POINT('Ctrl Pts',(15.4115894724793,0.0435707456055034,
1.));
#10495=CARTESIAN_POINT('Ctrl Pts',(15.5399947662001,0.16592952999777,0.));
#10496=CARTESIAN_POINT('Ctrl Pts',(15.5399947662001,0.16592952999777,1.));
#10497=CARTESIAN_POINT('Ctrl Pts',(15.7966366782985,0.410486366235148,0.));
#10498=CARTESIAN_POINT('Ctrl Pts',(15.7966366782985,0.410486366235148,1.));
#10499=CARTESIAN_POINT('Ctrl Pts',(16.1493850991697,0.445558166041833,0.));
#10500=CARTESIAN_POINT('Ctrl Pts',(16.1493850991697,0.445558166041833,1.));
#10501=CARTESIAN_POINT('Ctrl Pts',(16.3256433894105,0.463082540649449,0.));
#10502=CARTESIAN_POINT('Ctrl Pts',(16.3256433894105,0.463082540649449,1.));
#10503=CARTESIAN_POINT('',(15.4115894724793,0.0435707456055034,0.));
#10504=CARTESIAN_POINT('Ctrl Pts',(15.4115894724793,0.0435707456055034,
0.));
#10505=CARTESIAN_POINT('Ctrl Pts',(15.5399947662001,0.16592952999777,0.));
#10506=CARTESIAN_POINT('Ctrl Pts',(15.7966366782985,0.410486366235148,0.));
#10507=CARTESIAN_POINT('Ctrl Pts',(16.1493850991697,0.445558166041833,0.));
#10508=CARTESIAN_POINT('Ctrl Pts',(16.3256433894105,0.463082540649449,0.));
#10509=CARTESIAN_POINT('',(15.4115894724793,0.0435707456055034,1.));
#10510=CARTESIAN_POINT('',(15.4115894724793,0.0435707456055034,0.));
#10511=CARTESIAN_POINT('Ctrl Pts',(15.4115894724793,0.0435707456055034,
1.));
#10512=CARTESIAN_POINT('Ctrl Pts',(15.5399947662001,0.16592952999777,1.));
#10513=CARTESIAN_POINT('Ctrl Pts',(15.7966366782985,0.410486366235148,1.));
#10514=CARTESIAN_POINT('Ctrl Pts',(16.1493850991697,0.445558166041833,1.));
#10515=CARTESIAN_POINT('Ctrl Pts',(16.3256433894105,0.463082540649449,1.));
#10516=CARTESIAN_POINT('Ctrl Pts',(15.0500610758729,-1.22859741387936,0.));
#10517=CARTESIAN_POINT('Ctrl Pts',(15.0500610758729,-1.22859741387936,1.));
#10518=CARTESIAN_POINT('Ctrl Pts',(15.0567189265841,-0.973272472206386,
0.));
#10519=CARTESIAN_POINT('Ctrl Pts',(15.0567189265841,-0.973272472206386,
1.));
#10520=CARTESIAN_POINT('Ctrl Pts',(15.0686453386857,-0.515901076201217,
0.));
#10521=CARTESIAN_POINT('Ctrl Pts',(15.0686453386857,-0.515901076201217,
1.));
#10522=CARTESIAN_POINT('Ctrl Pts',(15.3065109608321,-0.127852120543768,
0.));
#10523=CARTESIAN_POINT('Ctrl Pts',(15.3065109608321,-0.127852120543768,
1.));
#10524=CARTESIAN_POINT('Ctrl Pts',(15.4115894724793,0.0435707456055034,
0.));
#10525=CARTESIAN_POINT('Ctrl Pts',(15.4115894724793,0.0435707456055034,
1.));
#10526=CARTESIAN_POINT('',(15.0500610758729,-1.22859741387936,0.));
#10527=CARTESIAN_POINT('Ctrl Pts',(15.0500610758729,-1.22859741387936,0.));
#10528=CARTESIAN_POINT('Ctrl Pts',(15.0567189265841,-0.973272472206386,
0.));
#10529=CARTESIAN_POINT('Ctrl Pts',(15.0686453386857,-0.515901076201217,
0.));
#10530=CARTESIAN_POINT('Ctrl Pts',(15.3065109608321,-0.127852120543768,
0.));
#10531=CARTESIAN_POINT('Ctrl Pts',(15.4115894724793,0.0435707456055034,
0.));
#10532=CARTESIAN_POINT('',(15.0500610758729,-1.22859741387936,1.));
#10533=CARTESIAN_POINT('',(15.0500610758729,-1.22859741387936,0.));
#10534=CARTESIAN_POINT('Ctrl Pts',(15.0500610758729,-1.22859741387936,1.));
#10535=CARTESIAN_POINT('Ctrl Pts',(15.0567189265841,-0.973272472206386,
1.));
#10536=CARTESIAN_POINT('Ctrl Pts',(15.0686453386857,-0.515901076201217,
1.));
#10537=CARTESIAN_POINT('Ctrl Pts',(15.3065109608321,-0.127852120543768,
1.));
#10538=CARTESIAN_POINT('Ctrl Pts',(15.4115894724793,0.0435707456055034,
1.));
#10539=CARTESIAN_POINT('Ctrl Pts',(15.4047659327454,-2.58603359399411,0.));
#10540=CARTESIAN_POINT('Ctrl Pts',(15.4047659327454,-2.58603359399411,1.));
#10541=CARTESIAN_POINT('Ctrl Pts',(15.3018528417029,-2.40766873398566,0.));
#10542=CARTESIAN_POINT('Ctrl Pts',(15.3018528417029,-2.40766873398566,1.));
#10543=CARTESIAN_POINT('Ctrl Pts',(15.0611535665065,-1.99049836149324,0.));
#10544=CARTESIAN_POINT('Ctrl Pts',(15.0611535665065,-1.99049836149324,1.));
#10545=CARTESIAN_POINT('Ctrl Pts',(15.0540992546705,-1.5059645403607,0.));
#10546=CARTESIAN_POINT('Ctrl Pts',(15.0540992546705,-1.5059645403607,1.));
#10547=CARTESIAN_POINT('Ctrl Pts',(15.0500610758729,-1.22859741387936,0.));
#10548=CARTESIAN_POINT('Ctrl Pts',(15.0500610758729,-1.22859741387936,1.));
#10549=CARTESIAN_POINT('Ctrl Pts',(15.4047659327454,-2.58603359399411,0.));
#10550=CARTESIAN_POINT('Ctrl Pts',(15.3018528417029,-2.40766873398566,0.));
#10551=CARTESIAN_POINT('Ctrl Pts',(15.0611535665065,-1.99049836149324,0.));
#10552=CARTESIAN_POINT('Ctrl Pts',(15.0540992546705,-1.5059645403607,0.));
#10553=CARTESIAN_POINT('Ctrl Pts',(15.0500610758729,-1.22859741387936,0.));
#10554=CARTESIAN_POINT('Ctrl Pts',(15.4047659327454,-2.58603359399411,1.));
#10555=CARTESIAN_POINT('Ctrl Pts',(15.3018528417029,-2.40766873398566,1.));
#10556=CARTESIAN_POINT('Ctrl Pts',(15.0611535665065,-1.99049836149324,1.));
#10557=CARTESIAN_POINT('Ctrl Pts',(15.0540992546705,-1.5059645403607,1.));
#10558=CARTESIAN_POINT('Ctrl Pts',(15.0500610758729,-1.22859741387936,1.));
#10559=CARTESIAN_POINT('Origin',(15.070526926703,1.6636297589722,0.));
#10560=CARTESIAN_POINT('',(15.070526926703,1.6636297589722,0.));
#10561=CARTESIAN_POINT('',(15.070526926703,5.12883876623539,0.));
#10562=CARTESIAN_POINT('',(15.070526926703,7.00531696142581,0.));
#10563=CARTESIAN_POINT('',(15.070526926703,1.6636297589722,1.));
#10564=CARTESIAN_POINT('',(15.070526926703,1.6636297589722,0.));
#10565=CARTESIAN_POINT('',(15.070526926703,5.12883876623539,1.));
#10566=CARTESIAN_POINT('',(15.070526926703,1.6636297589722,1.));
#10567=CARTESIAN_POINT('',(15.070526926703,5.12883876623539,0.));
#10568=CARTESIAN_POINT('Ctrl Pts',(16.0084513117738,2.31847022833255,0.));
#10569=CARTESIAN_POINT('Ctrl Pts',(16.0084513117738,2.31847022833255,1.));
#10570=CARTESIAN_POINT('Ctrl Pts',(15.836430917565,2.23578076228847,0.));
#10571=CARTESIAN_POINT('Ctrl Pts',(15.836430917565,2.23578076228847,1.));
#10572=CARTESIAN_POINT('Ctrl Pts',(15.4883174553561,2.06844411336837,0.));
#10573=CARTESIAN_POINT('Ctrl Pts',(15.4883174553561,2.06844411336837,1.));
#10574=CARTESIAN_POINT('Ctrl Pts',(15.2108724045485,1.79961624049826,0.));
#10575=CARTESIAN_POINT('Ctrl Pts',(15.2108724045485,1.79961624049826,1.));
#10576=CARTESIAN_POINT('Ctrl Pts',(15.070526926703,1.6636297589722,0.));
#10577=CARTESIAN_POINT('Ctrl Pts',(15.070526926703,1.6636297589722,1.));
#10578=CARTESIAN_POINT('',(16.0084513117738,2.31847022833255,0.));
#10579=CARTESIAN_POINT('Ctrl Pts',(16.0084513117738,2.31847022833255,0.));
#10580=CARTESIAN_POINT('Ctrl Pts',(15.836430917565,2.23578076228847,0.));
#10581=CARTESIAN_POINT('Ctrl Pts',(15.4883174553561,2.06844411336837,0.));
#10582=CARTESIAN_POINT('Ctrl Pts',(15.2108724045485,1.79961624049826,0.));
#10583=CARTESIAN_POINT('Ctrl Pts',(15.070526926703,1.6636297589722,0.));
#10584=CARTESIAN_POINT('',(16.0084513117738,2.31847022833255,1.));
#10585=CARTESIAN_POINT('',(16.0084513117738,2.31847022833255,0.));
#10586=CARTESIAN_POINT('Ctrl Pts',(16.0084513117738,2.31847022833255,1.));
#10587=CARTESIAN_POINT('Ctrl Pts',(15.836430917565,2.23578076228847,1.));
#10588=CARTESIAN_POINT('Ctrl Pts',(15.4883174553561,2.06844411336837,1.));
#10589=CARTESIAN_POINT('Ctrl Pts',(15.2108724045485,1.79961624049826,1.));
#10590=CARTESIAN_POINT('Ctrl Pts',(15.070526926703,1.6636297589722,1.));
#10591=CARTESIAN_POINT('Ctrl Pts',(17.1851232935853,2.5367519742432,0.));
#10592=CARTESIAN_POINT('Ctrl Pts',(17.1851232935853,2.5367519742432,1.));
#10593=CARTESIAN_POINT('Ctrl Pts',(16.9771143831132,2.52888312041271,0.));
#10594=CARTESIAN_POINT('Ctrl Pts',(16.9771143831132,2.52888312041271,1.));
#10595=CARTESIAN_POINT('Ctrl Pts',(16.5740325468393,2.51363477338677,0.));
#10596=CARTESIAN_POINT('Ctrl Pts',(16.5740325468393,2.51363477338677,1.));
#10597=CARTESIAN_POINT('Ctrl Pts',(16.1929012121974,2.38211816901663,0.));
#10598=CARTESIAN_POINT('Ctrl Pts',(16.1929012121974,2.38211816901663,1.));
#10599=CARTESIAN_POINT('Ctrl Pts',(16.0084513117738,2.31847022833255,0.));
#10600=CARTESIAN_POINT('Ctrl Pts',(16.0084513117738,2.31847022833255,1.));
#10601=CARTESIAN_POINT('',(17.1851232935853,2.5367519742432,0.));
#10602=CARTESIAN_POINT('Ctrl Pts',(17.1851232935853,2.5367519742432,0.));
#10603=CARTESIAN_POINT('Ctrl Pts',(16.9771143831132,2.52888312041271,0.));
#10604=CARTESIAN_POINT('Ctrl Pts',(16.5740325468393,2.51363477338677,0.));
#10605=CARTESIAN_POINT('Ctrl Pts',(16.1929012121974,2.38211816901663,0.));
#10606=CARTESIAN_POINT('Ctrl Pts',(16.0084513117738,2.31847022833255,0.));
#10607=CARTESIAN_POINT('',(17.1851232935853,2.5367519742432,1.));
#10608=CARTESIAN_POINT('',(17.1851232935853,2.5367519742432,0.));
#10609=CARTESIAN_POINT('Ctrl Pts',(17.1851232935853,2.5367519742432,1.));
#10610=CARTESIAN_POINT('Ctrl Pts',(16.9771143831132,2.52888312041271,1.));
#10611=CARTESIAN_POINT('Ctrl Pts',(16.5740325468393,2.51363477338677,1.));
#10612=CARTESIAN_POINT('Ctrl Pts',(16.1929012121974,2.38211816901663,1.));
#10613=CARTESIAN_POINT('Ctrl Pts',(16.0084513117738,2.31847022833255,1.));
#10614=CARTESIAN_POINT('Ctrl Pts',(19.3781641413636,1.58177112402347,0.));
#10615=CARTESIAN_POINT('Ctrl Pts',(19.3781641413636,1.58177112402347,1.));
#10616=CARTESIAN_POINT('Ctrl Pts',(19.0690190710835,1.86030144057383,0.));
#10617=CARTESIAN_POINT('Ctrl Pts',(19.0690190710835,1.86030144057383,1.));
#10618=CARTESIAN_POINT('Ctrl Pts',(18.4448690720462,2.42264162814103,0.));
#10619=CARTESIAN_POINT('Ctrl Pts',(18.4448690720462,2.42264162814103,1.));
#10620=CARTESIAN_POINT('Ctrl Pts',(17.6076586149174,2.49847786165477,0.));
#10621=CARTESIAN_POINT('Ctrl Pts',(17.6076586149174,2.49847786165477,1.));
#10622=CARTESIAN_POINT('Ctrl Pts',(17.1851232935853,2.5367519742432,0.));
#10623=CARTESIAN_POINT('Ctrl Pts',(17.1851232935853,2.5367519742432,1.));
#10624=CARTESIAN_POINT('',(19.3781641413636,1.58177112402347,0.));
#10625=CARTESIAN_POINT('Ctrl Pts',(19.3781641413636,1.58177112402347,0.));
#10626=CARTESIAN_POINT('Ctrl Pts',(19.0690190710835,1.86030144057383,0.));
#10627=CARTESIAN_POINT('Ctrl Pts',(18.4448690720462,2.42264162814103,0.));
#10628=CARTESIAN_POINT('Ctrl Pts',(17.6076586149174,2.49847786165477,0.));
#10629=CARTESIAN_POINT('Ctrl Pts',(17.1851232935853,2.5367519742432,0.));
#10630=CARTESIAN_POINT('',(19.3781641413636,1.58177112402347,1.));
#10631=CARTESIAN_POINT('',(19.3781641413636,1.58177112402347,0.));
#10632=CARTESIAN_POINT('Ctrl Pts',(19.3781641413636,1.58177112402347,1.));
#10633=CARTESIAN_POINT('Ctrl Pts',(19.0690190710835,1.86030144057383,1.));
#10634=CARTESIAN_POINT('Ctrl Pts',(18.4448690720462,2.42264162814103,1.));
#10635=CARTESIAN_POINT('Ctrl Pts',(17.6076586149174,2.49847786165477,1.));
#10636=CARTESIAN_POINT('Ctrl Pts',(17.1851232935853,2.5367519742432,1.));
#10637=CARTESIAN_POINT('Ctrl Pts',(20.2410581995911,-1.17402340112301,0.));
#10638=CARTESIAN_POINT('Ctrl Pts',(20.2410581995911,-1.17402340112301,1.));
#10639=CARTESIAN_POINT('Ctrl Pts',(20.2203279527166,-0.627237705755892,
0.));
#10640=CARTESIAN_POINT('Ctrl Pts',(20.2203279527166,-0.627237705755892,
1.));
#10641=CARTESIAN_POINT('Ctrl Pts',(20.1823568884438,0.374295701342433,0.));
#10642=CARTESIAN_POINT('Ctrl Pts',(20.1823568884438,0.374295701342433,1.));
#10643=CARTESIAN_POINT('Ctrl Pts',(19.6292865426617,1.20471707976228,0.));
#10644=CARTESIAN_POINT('Ctrl Pts',(19.6292865426617,1.20471707976228,1.));
#10645=CARTESIAN_POINT('Ctrl Pts',(19.3781641413636,1.58177112402347,0.));
#10646=CARTESIAN_POINT('Ctrl Pts',(19.3781641413636,1.58177112402347,1.));
#10647=CARTESIAN_POINT('',(20.2410581995911,-1.17402340112301,0.));
#10648=CARTESIAN_POINT('Ctrl Pts',(20.2410581995911,-1.17402340112301,0.));
#10649=CARTESIAN_POINT('Ctrl Pts',(20.2203279527166,-0.627237705755892,
0.));
#10650=CARTESIAN_POINT('Ctrl Pts',(20.1823568884438,0.374295701342433,0.));
#10651=CARTESIAN_POINT('Ctrl Pts',(19.6292865426617,1.20471707976228,0.));
#10652=CARTESIAN_POINT('Ctrl Pts',(19.3781641413636,1.58177112402347,0.));
#10653=CARTESIAN_POINT('',(20.2410581995911,-1.17402340112301,1.));
#10654=CARTESIAN_POINT('',(20.2410581995911,-1.17402340112301,0.));
#10655=CARTESIAN_POINT('Ctrl Pts',(20.2410581995911,-1.17402340112301,1.));
#10656=CARTESIAN_POINT('Ctrl Pts',(20.2203279527166,-0.627237705755892,
1.));
#10657=CARTESIAN_POINT('Ctrl Pts',(20.1823568884438,0.374295701342433,1.));
#10658=CARTESIAN_POINT('Ctrl Pts',(19.6292865426617,1.20471707976228,1.));
#10659=CARTESIAN_POINT('Ctrl Pts',(19.3781641413636,1.58177112402347,1.));
#10660=CARTESIAN_POINT('Ctrl Pts',(19.4600180079408,-3.90936161218258,0.));
#10661=CARTESIAN_POINT('Ctrl Pts',(19.4600180079408,-3.90936161218258,1.));
#10662=CARTESIAN_POINT('Ctrl Pts',(19.6877053831781,-3.50332648151787,0.));
#10663=CARTESIAN_POINT('Ctrl Pts',(19.6877053831781,-3.50332648151787,1.));
#10664=CARTESIAN_POINT('Ctrl Pts',(20.1636006156969,-2.65466202343324,0.));
#10665=CARTESIAN_POINT('Ctrl Pts',(20.1636006156969,-2.65466202343324,1.));
#10666=CARTESIAN_POINT('Ctrl Pts',(20.2145073103608,-1.6815562994472,0.));
#10667=CARTESIAN_POINT('Ctrl Pts',(20.2145073103608,-1.6815562994472,1.));
#10668=CARTESIAN_POINT('Ctrl Pts',(20.2410581995911,-1.17402340112301,0.));
#10669=CARTESIAN_POINT('Ctrl Pts',(20.2410581995911,-1.17402340112301,1.));
#10670=CARTESIAN_POINT('',(19.4600180079408,-3.90936161218258,0.));
#10671=CARTESIAN_POINT('Ctrl Pts',(19.4600180079408,-3.90936161218258,0.));
#10672=CARTESIAN_POINT('Ctrl Pts',(19.6877053831781,-3.50332648151787,0.));
#10673=CARTESIAN_POINT('Ctrl Pts',(20.1636006156969,-2.65466202343324,0.));
#10674=CARTESIAN_POINT('Ctrl Pts',(20.2145073103608,-1.6815562994472,0.));
#10675=CARTESIAN_POINT('Ctrl Pts',(20.2410581995911,-1.17402340112301,0.));
#10676=CARTESIAN_POINT('',(19.4600180079408,-3.90936161218258,1.));
#10677=CARTESIAN_POINT('',(19.4600180079408,-3.90936161218258,0.));
#10678=CARTESIAN_POINT('Ctrl Pts',(19.4600180079408,-3.90936161218258,1.));
#10679=CARTESIAN_POINT('Ctrl Pts',(19.6877053831781,-3.50332648151787,1.));
#10680=CARTESIAN_POINT('Ctrl Pts',(20.1636006156969,-2.65466202343324,1.));
#10681=CARTESIAN_POINT('Ctrl Pts',(20.2145073103608,-1.6815562994472,1.));
#10682=CARTESIAN_POINT('Ctrl Pts',(20.2410581995911,-1.17402340112301,1.));
#10683=CARTESIAN_POINT('Ctrl Pts',(17.1987656046815,-5.03487373529049,0.));
#10684=CARTESIAN_POINT('Ctrl Pts',(17.1987656046815,-5.03487373529049,1.));
#10685=CARTESIAN_POINT('Ctrl Pts',(17.6598648389497,-4.99245585894628,0.));
#10686=CARTESIAN_POINT('Ctrl Pts',(17.6598648389497,-4.99245585894628,1.));
#10687=CARTESIAN_POINT('Ctrl Pts',(18.5612812195227,-4.90953191172594,0.));
#10688=CARTESIAN_POINT('Ctrl Pts',(18.5612812195227,-4.90953191172594,1.));
#10689=CARTESIAN_POINT('Ctrl Pts',(19.1650792514529,-4.23758783839798,0.));
#10690=CARTESIAN_POINT('Ctrl Pts',(19.1650792514529,-4.23758783839798,1.));
#10691=CARTESIAN_POINT('Ctrl Pts',(19.4600180079408,-3.90936161218258,0.));
#10692=CARTESIAN_POINT('Ctrl Pts',(19.4600180079408,-3.90936161218258,1.));
#10693=CARTESIAN_POINT('',(17.1987656046815,-5.03487373529049,0.));
#10694=CARTESIAN_POINT('Ctrl Pts',(17.1987656046815,-5.03487373529049,0.));
#10695=CARTESIAN_POINT('Ctrl Pts',(17.6598648389497,-4.99245585894628,0.));
#10696=CARTESIAN_POINT('Ctrl Pts',(18.5612812195227,-4.90953191172594,0.));
#10697=CARTESIAN_POINT('Ctrl Pts',(19.1650792514529,-4.23758783839798,0.));
#10698=CARTESIAN_POINT('Ctrl Pts',(19.4600180079408,-3.90936161218258,0.));
#10699=CARTESIAN_POINT('',(17.1987656046815,-5.03487373529049,1.));
#10700=CARTESIAN_POINT('',(17.1987656046815,-5.03487373529049,0.));
#10701=CARTESIAN_POINT('Ctrl Pts',(17.1987656046815,-5.03487373529049,1.));
#10702=CARTESIAN_POINT('Ctrl Pts',(17.6598648389497,-4.99245585894628,1.));
#10703=CARTESIAN_POINT('Ctrl Pts',(18.5612812195227,-4.90953191172594,1.));
#10704=CARTESIAN_POINT('Ctrl Pts',(19.1650792514529,-4.23758783839798,1.));
#10705=CARTESIAN_POINT('Ctrl Pts',(19.4600180079408,-3.90936161218258,1.));
#10706=CARTESIAN_POINT('Ctrl Pts',(15.8617952753968,-4.72109104333493,0.));
#10707=CARTESIAN_POINT('Ctrl Pts',(15.8617952753968,-4.72109104333493,1.));
#10708=CARTESIAN_POINT('Ctrl Pts',(16.0701507470909,-4.81259927792955,0.));
#10709=CARTESIAN_POINT('Ctrl Pts',(16.0701507470909,-4.81259927792955,1.));
#10710=CARTESIAN_POINT('Ctrl Pts',(16.4962047144653,-4.99971913650327,0.));
#10711=CARTESIAN_POINT('Ctrl Pts',(16.4962047144653,-4.99971913650327,1.));
#10712=CARTESIAN_POINT('Ctrl Pts',(16.9611797969347,-5.02298546501358,0.));
#10713=CARTESIAN_POINT('Ctrl Pts',(16.9611797969347,-5.02298546501358,1.));
#10714=CARTESIAN_POINT('Ctrl Pts',(17.1987656046815,-5.03487373529049,0.));
#10715=CARTESIAN_POINT('Ctrl Pts',(17.1987656046815,-5.03487373529049,1.));
#10716=CARTESIAN_POINT('',(15.8617952753968,-4.72109104333493,0.));
#10717=CARTESIAN_POINT('Ctrl Pts',(15.8617952753968,-4.72109104333493,0.));
#10718=CARTESIAN_POINT('Ctrl Pts',(16.0701507470909,-4.81259927792955,0.));
#10719=CARTESIAN_POINT('Ctrl Pts',(16.4962047144653,-4.99971913650327,0.));
#10720=CARTESIAN_POINT('Ctrl Pts',(16.9611797969347,-5.02298546501358,0.));
#10721=CARTESIAN_POINT('Ctrl Pts',(17.1987656046815,-5.03487373529049,0.));
#10722=CARTESIAN_POINT('',(15.8617952753968,-4.72109104333493,1.));
#10723=CARTESIAN_POINT('',(15.8617952753968,-4.72109104333493,0.));
#10724=CARTESIAN_POINT('Ctrl Pts',(15.8617952753968,-4.72109104333493,1.));
#10725=CARTESIAN_POINT('Ctrl Pts',(16.0701507470909,-4.81259927792955,1.));
#10726=CARTESIAN_POINT('Ctrl Pts',(16.4962047144653,-4.99971913650327,1.));
#10727=CARTESIAN_POINT('Ctrl Pts',(16.9611797969347,-5.02298546501358,1.));
#10728=CARTESIAN_POINT('Ctrl Pts',(17.1987656046815,-5.03487373529049,1.));
#10729=CARTESIAN_POINT('Ctrl Pts',(14.8658874918885,-3.80021835504147,0.));
#10730=CARTESIAN_POINT('Ctrl Pts',(14.8658874918885,-3.80021835504147,1.));
#10731=CARTESIAN_POINT('Ctrl Pts',(15.0302810392364,-4.00125215770365,0.));
#10732=CARTESIAN_POINT('Ctrl Pts',(15.0302810392364,-4.00125215770365,1.));
#10733=CARTESIAN_POINT('Ctrl Pts',(15.3198255441025,-4.35533073190694,0.));
#10734=CARTESIAN_POINT('Ctrl Pts',(15.3198255441025,-4.35533073190694,1.));
#10735=CARTESIAN_POINT('Ctrl Pts',(15.6982342119905,-4.61070822666706,0.));
#10736=CARTESIAN_POINT('Ctrl Pts',(15.6982342119905,-4.61070822666706,1.));
#10737=CARTESIAN_POINT('Ctrl Pts',(15.8617952753968,-4.72109104333493,0.));
#10738=CARTESIAN_POINT('Ctrl Pts',(15.8617952753968,-4.72109104333493,1.));
#10739=CARTESIAN_POINT('',(14.8658874918885,-3.80021835504147,0.));
#10740=CARTESIAN_POINT('Ctrl Pts',(14.8658874918885,-3.80021835504147,0.));
#10741=CARTESIAN_POINT('Ctrl Pts',(15.0302810392364,-4.00125215770365,0.));
#10742=CARTESIAN_POINT('Ctrl Pts',(15.3198255441025,-4.35533073190694,0.));
#10743=CARTESIAN_POINT('Ctrl Pts',(15.6982342119905,-4.61070822666706,0.));
#10744=CARTESIAN_POINT('Ctrl Pts',(15.8617952753968,-4.72109104333493,0.));
#10745=CARTESIAN_POINT('',(14.8658874918885,-3.80021835504147,1.));
#10746=CARTESIAN_POINT('',(14.8658874918885,-3.80021835504147,0.));
#10747=CARTESIAN_POINT('Ctrl Pts',(14.8658874918885,-3.80021835504147,1.));
#10748=CARTESIAN_POINT('Ctrl Pts',(15.0302810392364,-4.00125215770365,1.));
#10749=CARTESIAN_POINT('Ctrl Pts',(15.3198255441025,-4.35533073190694,1.));
#10750=CARTESIAN_POINT('Ctrl Pts',(15.6982342119905,-4.61070822666706,1.));
#10751=CARTESIAN_POINT('Ctrl Pts',(15.8617952753968,-4.72109104333493,1.));
#10752=CARTESIAN_POINT('Origin',(14.8658874918885,-4.87116123376461,0.));
#10753=CARTESIAN_POINT('',(14.8658874918885,-4.87116123376461,0.));
#10754=CARTESIAN_POINT('',(14.8658874918885,3.7379214650574,0.));
#10755=CARTESIAN_POINT('',(14.8658874918885,-4.87116123376461,1.));
#10756=CARTESIAN_POINT('',(14.8658874918885,-4.87116123376461,0.));
#10757=CARTESIAN_POINT('',(14.8658874918885,-4.87116123376461,1.));
#10758=CARTESIAN_POINT('Origin',(12.2669771601624,-4.87116123376461,0.));
#10759=CARTESIAN_POINT('',(12.2669771601624,-4.87116123376461,0.));
#10760=CARTESIAN_POINT('',(16.5200493052298,-4.87116123376461,0.));
#10761=CARTESIAN_POINT('',(12.2669771601624,-4.87116123376461,1.));
#10762=CARTESIAN_POINT('',(12.2669771601624,-4.87116123376461,0.));
#10763=CARTESIAN_POINT('',(12.2669771601624,-4.87116123376461,1.));
#10764=CARTESIAN_POINT('Origin',(12.2669771601624,5.12883876623539,0.));
#10765=CARTESIAN_POINT('',(12.2669771601624,5.12883876623539,0.));
#10766=CARTESIAN_POINT('',(12.2669771601624,8.7379214650574,0.));
#10767=CARTESIAN_POINT('',(12.2669771601624,5.12883876623539,1.));
#10768=CARTESIAN_POINT('',(12.2669771601624,5.12883876623539,0.));
#10769=CARTESIAN_POINT('',(12.2669771601624,5.12883876623539,1.));
#10770=CARTESIAN_POINT('Origin',(15.070526926703,5.12883876623539,0.));
#10771=CARTESIAN_POINT('',(17.9218241885,5.12883876623539,0.));
#10772=CARTESIAN_POINT('',(15.070526926703,5.12883876623539,1.));
#10773=CARTESIAN_POINT('Origin',(20.7731232335038,9.89691590132145,1.));
#10774=CARTESIAN_POINT('Ctrl Pts',(30.0227764536805,0.626790273803746,0.));
#10775=CARTESIAN_POINT('Ctrl Pts',(30.0227764536805,0.626790273803746,1.));
#10776=CARTESIAN_POINT('Ctrl Pts',(30.2164917120792,0.607131877013778,0.));
#10777=CARTESIAN_POINT('Ctrl Pts',(30.2164917120792,0.607131877013778,1.));
#10778=CARTESIAN_POINT('Ctrl Pts',(30.6048669252711,0.567719214803128,0.));
#10779=CARTESIAN_POINT('Ctrl Pts',(30.6048669252711,0.567719214803128,1.));
#10780=CARTESIAN_POINT('Ctrl Pts',(30.8850637941575,0.295815383556537,0.));
#10781=CARTESIAN_POINT('Ctrl Pts',(30.8850637941575,0.295815383556537,1.));
#10782=CARTESIAN_POINT('Ctrl Pts',(31.0255030085511,0.159532774108921,0.));
#10783=CARTESIAN_POINT('Ctrl Pts',(31.0255030085511,0.159532774108921,1.));
#10784=CARTESIAN_POINT('',(30.0227764536805,0.626790273803746,0.));
#10785=CARTESIAN_POINT('',(31.0255030085511,0.159532774108921,0.));
#10786=CARTESIAN_POINT('Ctrl Pts',(30.0227764536805,0.626790273803746,0.));
#10787=CARTESIAN_POINT('Ctrl Pts',(30.2164917120792,0.607131877013778,0.));
#10788=CARTESIAN_POINT('Ctrl Pts',(30.6048669252711,0.567719214803128,0.));
#10789=CARTESIAN_POINT('Ctrl Pts',(30.8850637941575,0.295815383556537,0.));
#10790=CARTESIAN_POINT('Ctrl Pts',(31.0255030085511,0.159532774108921,0.));
#10791=CARTESIAN_POINT('',(30.0227764536805,0.626790273803746,1.));
#10792=CARTESIAN_POINT('',(30.0227764536805,0.626790273803746,0.));
#10793=CARTESIAN_POINT('',(31.0255030085511,0.159532774108921,1.));
#10794=CARTESIAN_POINT('Ctrl Pts',(30.0227764536805,0.626790273803746,1.));
#10795=CARTESIAN_POINT('Ctrl Pts',(30.2164917120792,0.607131877013778,1.));
#10796=CARTESIAN_POINT('Ctrl Pts',(30.6048669252711,0.567719214803128,1.));
#10797=CARTESIAN_POINT('Ctrl Pts',(30.8850637941575,0.295815383556537,1.));
#10798=CARTESIAN_POINT('Ctrl Pts',(31.0255030085511,0.159532774108921,1.));
#10799=CARTESIAN_POINT('',(31.0255030085511,0.159532774108921,0.));
#10800=CARTESIAN_POINT('Ctrl Pts',(29.0609768320985,0.166356313842808,0.));
#10801=CARTESIAN_POINT('Ctrl Pts',(29.0609768320985,0.166356313842808,1.));
#10802=CARTESIAN_POINT('Ctrl Pts',(29.196828211025,0.300641313466752,0.));
#10803=CARTESIAN_POINT('Ctrl Pts',(29.196828211025,0.300641313466752,1.));
#10804=CARTESIAN_POINT('Ctrl Pts',(29.464635349756,0.56536061045092,0.));
#10805=CARTESIAN_POINT('Ctrl Pts',(29.464635349756,0.56536061045092,1.));
#10806=CARTESIAN_POINT('Ctrl Pts',(29.8385424146632,0.606513259773811,0.));
#10807=CARTESIAN_POINT('Ctrl Pts',(29.8385424146632,0.606513259773811,1.));
#10808=CARTESIAN_POINT('Ctrl Pts',(30.0227764536805,0.626790273803746,0.));
#10809=CARTESIAN_POINT('Ctrl Pts',(30.0227764536805,0.626790273803746,1.));
#10810=CARTESIAN_POINT('',(29.0609768320985,0.166356313842808,0.));
#10811=CARTESIAN_POINT('Ctrl Pts',(29.0609768320985,0.166356313842808,0.));
#10812=CARTESIAN_POINT('Ctrl Pts',(29.196828211025,0.300641313466752,0.));
#10813=CARTESIAN_POINT('Ctrl Pts',(29.464635349756,0.56536061045092,0.));
#10814=CARTESIAN_POINT('Ctrl Pts',(29.8385424146632,0.606513259773811,0.));
#10815=CARTESIAN_POINT('Ctrl Pts',(30.0227764536805,0.626790273803746,0.));
#10816=CARTESIAN_POINT('',(29.0609768320985,0.166356313842808,1.));
#10817=CARTESIAN_POINT('',(29.0609768320985,0.166356313842808,0.));
#10818=CARTESIAN_POINT('Ctrl Pts',(29.0609768320985,0.166356313842808,1.));
#10819=CARTESIAN_POINT('Ctrl Pts',(29.196828211025,0.300641313466752,1.));
#10820=CARTESIAN_POINT('Ctrl Pts',(29.464635349756,0.56536061045092,1.));
#10821=CARTESIAN_POINT('Ctrl Pts',(29.8385424146632,0.606513259773811,1.));
#10822=CARTESIAN_POINT('Ctrl Pts',(30.0227764536805,0.626790273803746,1.));
#10823=CARTESIAN_POINT('Ctrl Pts',(28.6721638132996,-1.23541618524166,0.));
#10824=CARTESIAN_POINT('Ctrl Pts',(28.6721638132996,-1.23541618524166,1.));
#10825=CARTESIAN_POINT('Ctrl Pts',(28.679005437757,-0.954040877557096,0.));
#10826=CARTESIAN_POINT('Ctrl Pts',(28.679005437757,-0.954040877557096,1.));
#10827=CARTESIAN_POINT('Ctrl Pts',(28.6912235547146,-0.45154670534437,0.));
#10828=CARTESIAN_POINT('Ctrl Pts',(28.6912235547146,-0.45154670534437,1.));
#10829=CARTESIAN_POINT('Ctrl Pts',(28.9479890600443,-0.0224600936207153,
0.));
#10830=CARTESIAN_POINT('Ctrl Pts',(28.9479890600443,-0.0224600936207153,
1.));
#10831=CARTESIAN_POINT('Ctrl Pts',(29.0609768320985,0.166356313842808,0.));
#10832=CARTESIAN_POINT('Ctrl Pts',(29.0609768320985,0.166356313842808,1.));
#10833=CARTESIAN_POINT('',(28.6721638132996,-1.23541618524166,0.));
#10834=CARTESIAN_POINT('Ctrl Pts',(28.6721638132996,-1.23541618524166,0.));
#10835=CARTESIAN_POINT('Ctrl Pts',(28.679005437757,-0.954040877557096,0.));
#10836=CARTESIAN_POINT('Ctrl Pts',(28.6912235547146,-0.45154670534437,0.));
#10837=CARTESIAN_POINT('Ctrl Pts',(28.9479890600443,-0.0224600936207153,
0.));
#10838=CARTESIAN_POINT('Ctrl Pts',(29.0609768320985,0.166356313842808,0.));
#10839=CARTESIAN_POINT('',(28.6721638132996,-1.23541618524166,1.));
#10840=CARTESIAN_POINT('',(28.6721638132996,-1.23541618524166,0.));
#10841=CARTESIAN_POINT('Ctrl Pts',(28.6721638132996,-1.23541618524166,1.));
#10842=CARTESIAN_POINT('Ctrl Pts',(28.679005437757,-0.954040877557096,1.));
#10843=CARTESIAN_POINT('Ctrl Pts',(28.6912235547146,-0.45154670534437,1.));
#10844=CARTESIAN_POINT('Ctrl Pts',(28.9479890600443,-0.0224600936207153,
1.));
#10845=CARTESIAN_POINT('Ctrl Pts',(29.0609768320985,0.166356313842808,1.));
#10846=CARTESIAN_POINT('Ctrl Pts',(29.0575674464173,-2.70199562249752,0.));
#10847=CARTESIAN_POINT('Ctrl Pts',(29.0575674464173,-2.70199562249752,1.));
#10848=CARTESIAN_POINT('Ctrl Pts',(28.945708339967,-2.5080872659311,0.));
#10849=CARTESIAN_POINT('Ctrl Pts',(28.945708339967,-2.5080872659311,1.));
#10850=CARTESIAN_POINT('Ctrl Pts',(28.6856261623725,-2.05723342640091,0.));
#10851=CARTESIAN_POINT('Ctrl Pts',(28.6856261623725,-2.05723342640091,1.));
#10852=CARTESIAN_POINT('Ctrl Pts',(28.6770509185489,-1.53375248089335,0.));
#10853=CARTESIAN_POINT('Ctrl Pts',(28.6770509185489,-1.53375248089335,1.));
#10854=CARTESIAN_POINT('Ctrl Pts',(28.6721638132996,-1.23541618524166,0.));
#10855=CARTESIAN_POINT('Ctrl Pts',(28.6721638132996,-1.23541618524166,1.));
#10856=CARTESIAN_POINT('',(29.0575674464173,-2.70199562249752,0.));
#10857=CARTESIAN_POINT('Ctrl Pts',(29.0575674464173,-2.70199562249752,0.));
#10858=CARTESIAN_POINT('Ctrl Pts',(28.945708339967,-2.5080872659311,0.));
#10859=CARTESIAN_POINT('Ctrl Pts',(28.6856261623725,-2.05723342640091,0.));
#10860=CARTESIAN_POINT('Ctrl Pts',(28.6770509185489,-1.53375248089335,0.));
#10861=CARTESIAN_POINT('Ctrl Pts',(28.6721638132996,-1.23541618524166,0.));
#10862=CARTESIAN_POINT('',(29.0575674464173,-2.70199562249752,1.));
#10863=CARTESIAN_POINT('',(29.0575674464173,-2.70199562249752,0.));
#10864=CARTESIAN_POINT('Ctrl Pts',(29.0575674464173,-2.70199562249752,1.));
#10865=CARTESIAN_POINT('Ctrl Pts',(28.945708339967,-2.5080872659311,1.));
#10866=CARTESIAN_POINT('Ctrl Pts',(28.6856261623725,-2.05723342640091,1.));
#10867=CARTESIAN_POINT('Ctrl Pts',(28.6770509185489,-1.53375248089335,1.));
#10868=CARTESIAN_POINT('Ctrl Pts',(28.6721638132996,-1.23541618524166,1.));
#10869=CARTESIAN_POINT('Ctrl Pts',(30.0432423045106,-3.15902019677731,0.));
#10870=CARTESIAN_POINT('Ctrl Pts',(30.0432423045106,-3.15902019677731,1.));
#10871=CARTESIAN_POINT('Ctrl Pts',(29.8521797102839,-3.14006766312383,0.));
#10872=CARTESIAN_POINT('Ctrl Pts',(29.8521797102839,-3.14006766312383,1.));
#10873=CARTESIAN_POINT('Ctrl Pts',(29.4705025024777,-3.10220703344386,0.));
#10874=CARTESIAN_POINT('Ctrl Pts',(29.4705025024777,-3.10220703344386,1.));
#10875=CARTESIAN_POINT('Ctrl Pts',(29.1951047188421,-2.8352949998378,0.));
#10876=CARTESIAN_POINT('Ctrl Pts',(29.1951047188421,-2.8352949998378,1.));
#10877=CARTESIAN_POINT('Ctrl Pts',(29.0575674464173,-2.70199562249752,0.));
#10878=CARTESIAN_POINT('Ctrl Pts',(29.0575674464173,-2.70199562249752,1.));
#10879=CARTESIAN_POINT('',(30.0432423045106,-3.15902019677731,0.));
#10880=CARTESIAN_POINT('Ctrl Pts',(30.0432423045106,-3.15902019677731,0.));
#10881=CARTESIAN_POINT('Ctrl Pts',(29.8521797102839,-3.14006766312383,0.));
#10882=CARTESIAN_POINT('Ctrl Pts',(29.4705025024777,-3.10220703344386,0.));
#10883=CARTESIAN_POINT('Ctrl Pts',(29.1951047188421,-2.8352949998378,0.));
#10884=CARTESIAN_POINT('Ctrl Pts',(29.0575674464173,-2.70199562249752,0.));
#10885=CARTESIAN_POINT('',(30.0432423045106,-3.15902019677731,1.));
#10886=CARTESIAN_POINT('',(30.0432423045106,-3.15902019677731,0.));
#10887=CARTESIAN_POINT('Ctrl Pts',(30.0432423045106,-3.15902019677731,1.));
#10888=CARTESIAN_POINT('Ctrl Pts',(29.8521797102839,-3.14006766312383,1.));
#10889=CARTESIAN_POINT('Ctrl Pts',(29.4705025024777,-3.10220703344386,1.));
#10890=CARTESIAN_POINT('Ctrl Pts',(29.1951047188421,-2.8352949998378,1.));
#10891=CARTESIAN_POINT('Ctrl Pts',(29.0575674464173,-2.70199562249752,1.));
#10892=CARTESIAN_POINT('Ctrl Pts',(31.0289171626038,-2.69517208276364,0.));
#10893=CARTESIAN_POINT('Ctrl Pts',(31.0289171626038,-2.69517208276364,1.));
#10894=CARTESIAN_POINT('Ctrl Pts',(30.8904650844534,-2.83045935962771,0.));
#10895=CARTESIAN_POINT('Ctrl Pts',(30.8904650844534,-2.83045935962771,1.));
#10896=CARTESIAN_POINT('Ctrl Pts',(30.6154087964783,-3.09922828445433,0.));
#10897=CARTESIAN_POINT('Ctrl Pts',(30.6154087964783,-3.09922828445433,1.));
#10898=CARTESIAN_POINT('Ctrl Pts',(30.2331083517538,-3.13917902430522,0.));
#10899=CARTESIAN_POINT('Ctrl Pts',(30.2331083517538,-3.13917902430522,1.));
#10900=CARTESIAN_POINT('Ctrl Pts',(30.0432423045106,-3.15902019677731,0.));
#10901=CARTESIAN_POINT('Ctrl Pts',(30.0432423045106,-3.15902019677731,1.));
#10902=CARTESIAN_POINT('',(31.0289171626038,-2.69517208276364,0.));
#10903=CARTESIAN_POINT('Ctrl Pts',(31.0289171626038,-2.69517208276364,0.));
#10904=CARTESIAN_POINT('Ctrl Pts',(30.8904650844534,-2.83045935962771,0.));
#10905=CARTESIAN_POINT('Ctrl Pts',(30.6154087964783,-3.09922828445433,0.));
#10906=CARTESIAN_POINT('Ctrl Pts',(30.2331083517538,-3.13917902430522,0.));
#10907=CARTESIAN_POINT('Ctrl Pts',(30.0432423045106,-3.15902019677731,0.));
#10908=CARTESIAN_POINT('',(31.0289171626038,-2.69517208276364,1.));
#10909=CARTESIAN_POINT('',(31.0289171626038,-2.69517208276364,0.));
#10910=CARTESIAN_POINT('Ctrl Pts',(31.0289171626038,-2.69517208276364,1.));
#10911=CARTESIAN_POINT('Ctrl Pts',(30.8904650844534,-2.83045935962771,1.));
#10912=CARTESIAN_POINT('Ctrl Pts',(30.6154087964783,-3.09922828445433,1.));
#10913=CARTESIAN_POINT('Ctrl Pts',(30.2331083517538,-3.13917902430522,1.));
#10914=CARTESIAN_POINT('Ctrl Pts',(30.0432423045106,-3.15902019677731,1.));
#10915=CARTESIAN_POINT('Ctrl Pts',(31.4211395670838,-1.26270080743405,0.));
#10916=CARTESIAN_POINT('Ctrl Pts',(31.4211395670838,-1.26270080743405,1.));
#10917=CARTESIAN_POINT('Ctrl Pts',(31.4147452327319,-1.55133196622083,0.));
#10918=CARTESIAN_POINT('Ctrl Pts',(31.4147452327319,-1.55133196622083,1.));
#10919=CARTESIAN_POINT('Ctrl Pts',(31.403380069533,-2.06433926978024,0.));
#10920=CARTESIAN_POINT('Ctrl Pts',(31.403380069533,-2.06433926978024,1.));
#10921=CARTESIAN_POINT('Ctrl Pts',(31.1428613304682,-2.50321790357307,0.));
#10922=CARTESIAN_POINT('Ctrl Pts',(31.1428613304682,-2.50321790357307,1.));
#10923=CARTESIAN_POINT('Ctrl Pts',(31.0289171626038,-2.69517208276364,0.));
#10924=CARTESIAN_POINT('Ctrl Pts',(31.0289171626038,-2.69517208276364,1.));
#10925=CARTESIAN_POINT('',(31.4211395670838,-1.26270080743405,0.));
#10926=CARTESIAN_POINT('Ctrl Pts',(31.4211395670838,-1.26270080743405,0.));
#10927=CARTESIAN_POINT('Ctrl Pts',(31.4147452327319,-1.55133196622083,0.));
#10928=CARTESIAN_POINT('Ctrl Pts',(31.403380069533,-2.06433926978024,0.));
#10929=CARTESIAN_POINT('Ctrl Pts',(31.1428613304682,-2.50321790357307,0.));
#10930=CARTESIAN_POINT('Ctrl Pts',(31.0289171626038,-2.69517208276364,0.));
#10931=CARTESIAN_POINT('',(31.4211395670838,-1.26270080743405,1.));
#10932=CARTESIAN_POINT('',(31.4211395670838,-1.26270080743405,0.));
#10933=CARTESIAN_POINT('Ctrl Pts',(31.4211395670838,-1.26270080743405,1.));
#10934=CARTESIAN_POINT('Ctrl Pts',(31.4147452327319,-1.55133196622083,1.));
#10935=CARTESIAN_POINT('Ctrl Pts',(31.403380069533,-2.06433926978024,1.));
#10936=CARTESIAN_POINT('Ctrl Pts',(31.1428613304682,-2.50321790357307,1.));
#10937=CARTESIAN_POINT('Ctrl Pts',(31.0289171626038,-2.69517208276364,1.));
#10938=CARTESIAN_POINT('Ctrl Pts',(31.0255030085511,0.159532774108921,0.));
#10939=CARTESIAN_POINT('Ctrl Pts',(31.0255030085511,0.159532774108921,1.));
#10940=CARTESIAN_POINT('Ctrl Pts',(31.140475298119,-0.0320272595667692,
0.));
#10941=CARTESIAN_POINT('Ctrl Pts',(31.140475298119,-0.0320272595667692,
1.));
#10942=CARTESIAN_POINT('Ctrl Pts',(31.4016540150981,-0.467187801362776,
0.));
#10943=CARTESIAN_POINT('Ctrl Pts',(31.4016540150981,-0.467187801362776,
1.));
#10944=CARTESIAN_POINT('Ctrl Pts',(31.4141463986259,-0.977199197524099,
0.));
#10945=CARTESIAN_POINT('Ctrl Pts',(31.4141463986259,-0.977199197524099,
1.));
#10946=CARTESIAN_POINT('Ctrl Pts',(31.4211395670838,-1.26270080743405,0.));
#10947=CARTESIAN_POINT('Ctrl Pts',(31.4211395670838,-1.26270080743405,1.));
#10948=CARTESIAN_POINT('Ctrl Pts',(31.0255030085511,0.159532774108921,0.));
#10949=CARTESIAN_POINT('Ctrl Pts',(31.140475298119,-0.0320272595667692,
0.));
#10950=CARTESIAN_POINT('Ctrl Pts',(31.4016540150981,-0.467187801362776,
0.));
#10951=CARTESIAN_POINT('Ctrl Pts',(31.4141463986259,-0.977199197524099,
0.));
#10952=CARTESIAN_POINT('Ctrl Pts',(31.4211395670838,-1.26270080743405,0.));
#10953=CARTESIAN_POINT('Ctrl Pts',(31.0255030085511,0.159532774108921,1.));
#10954=CARTESIAN_POINT('Ctrl Pts',(31.140475298119,-0.0320272595667692,
1.));
#10955=CARTESIAN_POINT('Ctrl Pts',(31.4016540150981,-0.467187801362776,
1.));
#10956=CARTESIAN_POINT('Ctrl Pts',(31.4141463986259,-0.977199197524099,
1.));
#10957=CARTESIAN_POINT('Ctrl Pts',(31.4211395670838,-1.26270080743405,1.));
#10958=CARTESIAN_POINT('Ctrl Pts',(30.0568846156068,-5.03487373529049,0.));
#10959=CARTESIAN_POINT('Ctrl Pts',(30.0568846156068,-5.03487373529049,1.));
#10960=CARTESIAN_POINT('Ctrl Pts',(30.5985228494763,-5.00780739133441,0.));
#10961=CARTESIAN_POINT('Ctrl Pts',(30.5985228494763,-5.00780739133441,1.));
#10962=CARTESIAN_POINT('Ctrl Pts',(31.6195714423366,-4.95678430861591,0.));
#10963=CARTESIAN_POINT('Ctrl Pts',(31.6195714423366,-4.95678430861591,1.));
#10964=CARTESIAN_POINT('Ctrl Pts',(32.4778909028523,-4.40648505494907,0.));
#10965=CARTESIAN_POINT('Ctrl Pts',(32.4778909028523,-4.40648505494907,1.));
#10966=CARTESIAN_POINT('Ctrl Pts',(32.8808954646058,-4.14810444055172,0.));
#10967=CARTESIAN_POINT('Ctrl Pts',(32.8808954646058,-4.14810444055172,1.));
#10968=CARTESIAN_POINT('',(30.0568846156068,-5.03487373529049,0.));
#10969=CARTESIAN_POINT('',(32.8808954646058,-4.14810444055172,0.));
#10970=CARTESIAN_POINT('Ctrl Pts',(30.0568846156068,-5.03487373529049,0.));
#10971=CARTESIAN_POINT('Ctrl Pts',(30.5985228494763,-5.00780739133441,0.));
#10972=CARTESIAN_POINT('Ctrl Pts',(31.6195714423366,-4.95678430861591,0.));
#10973=CARTESIAN_POINT('Ctrl Pts',(32.4778909028523,-4.40648505494907,0.));
#10974=CARTESIAN_POINT('Ctrl Pts',(32.8808954646058,-4.14810444055172,0.));
#10975=CARTESIAN_POINT('',(30.0568846156068,-5.03487373529049,1.));
#10976=CARTESIAN_POINT('',(30.0568846156068,-5.03487373529049,0.));
#10977=CARTESIAN_POINT('',(32.8808954646058,-4.14810444055172,1.));
#10978=CARTESIAN_POINT('Ctrl Pts',(30.0568846156068,-5.03487373529049,1.));
#10979=CARTESIAN_POINT('Ctrl Pts',(30.5985228494763,-5.00780739133441,1.));
#10980=CARTESIAN_POINT('Ctrl Pts',(31.6195714423366,-4.95678430861591,1.));
#10981=CARTESIAN_POINT('Ctrl Pts',(32.4778909028523,-4.40648505494907,1.));
#10982=CARTESIAN_POINT('Ctrl Pts',(32.8808954646058,-4.14810444055172,1.));
#10983=CARTESIAN_POINT('',(32.8808954646058,-4.14810444055172,0.));
#10984=CARTESIAN_POINT('Ctrl Pts',(26.9907167841859,-3.9673402422485,0.));
#10985=CARTESIAN_POINT('Ctrl Pts',(26.9907167841859,-3.9673402422485,1.));
#10986=CARTESIAN_POINT('Ctrl Pts',(27.414955789177,-4.27833301435772,0.));
#10987=CARTESIAN_POINT('Ctrl Pts',(27.414955789177,-4.27833301435772,1.));
#10988=CARTESIAN_POINT('Ctrl Pts',(28.3241870122157,-4.94485432714207,0.));
#10989=CARTESIAN_POINT('Ctrl Pts',(28.3241870122157,-4.94485432714207,1.));
#10990=CARTESIAN_POINT('Ctrl Pts',(29.4541513455223,-5.00355973558381,0.));
#10991=CARTESIAN_POINT('Ctrl Pts',(29.4541513455223,-5.00355973558381,1.));
#10992=CARTESIAN_POINT('Ctrl Pts',(30.0568846156068,-5.03487373529049,0.));
#10993=CARTESIAN_POINT('Ctrl Pts',(30.0568846156068,-5.03487373529049,1.));
#10994=CARTESIAN_POINT('',(26.9907167841859,-3.9673402422485,0.));
#10995=CARTESIAN_POINT('Ctrl Pts',(26.9907167841859,-3.9673402422485,0.));
#10996=CARTESIAN_POINT('Ctrl Pts',(27.414955789177,-4.27833301435772,0.));
#10997=CARTESIAN_POINT('Ctrl Pts',(28.3241870122157,-4.94485432714207,0.));
#10998=CARTESIAN_POINT('Ctrl Pts',(29.4541513455223,-5.00355973558381,0.));
#10999=CARTESIAN_POINT('Ctrl Pts',(30.0568846156068,-5.03487373529049,0.));
#11000=CARTESIAN_POINT('',(26.9907167841859,-3.9673402422485,1.));
#11001=CARTESIAN_POINT('',(26.9907167841859,-3.9673402422485,0.));
#11002=CARTESIAN_POINT('Ctrl Pts',(26.9907167841859,-3.9673402422485,1.));
#11003=CARTESIAN_POINT('Ctrl Pts',(27.414955789177,-4.27833301435772,1.));
#11004=CARTESIAN_POINT('Ctrl Pts',(28.3241870122157,-4.94485432714207,1.));
#11005=CARTESIAN_POINT('Ctrl Pts',(29.4541513455223,-5.00355973558381,1.));
#11006=CARTESIAN_POINT('Ctrl Pts',(30.0568846156068,-5.03487373529049,1.));
#11007=CARTESIAN_POINT('Ctrl Pts',(25.8822611262269,-1.22859741387936,0.));
#11008=CARTESIAN_POINT('Ctrl Pts',(25.8822611262269,-1.22859741387936,1.));
#11009=CARTESIAN_POINT('Ctrl Pts',(25.9239912672693,-1.75614811697537,0.));
#11010=CARTESIAN_POINT('Ctrl Pts',(25.9239912672693,-1.75614811697537,1.));
#11011=CARTESIAN_POINT('Ctrl Pts',(26.0055533934009,-2.7872531147525,0.));
#11012=CARTESIAN_POINT('Ctrl Pts',(26.0055533934009,-2.7872531147525,1.));
#11013=CARTESIAN_POINT('Ctrl Pts',(26.6674637606449,-3.58012860246058,0.));
#11014=CARTESIAN_POINT('Ctrl Pts',(26.6674637606449,-3.58012860246058,1.));
#11015=CARTESIAN_POINT('Ctrl Pts',(26.9907167841859,-3.9673402422485,0.));
#11016=CARTESIAN_POINT('Ctrl Pts',(26.9907167841859,-3.9673402422485,1.));
#11017=CARTESIAN_POINT('',(25.8822611262269,-1.22859741387936,0.));
#11018=CARTESIAN_POINT('Ctrl Pts',(25.8822611262269,-1.22859741387936,0.));
#11019=CARTESIAN_POINT('Ctrl Pts',(25.9239912672693,-1.75614811697537,0.));
#11020=CARTESIAN_POINT('Ctrl Pts',(26.0055533934009,-2.7872531147525,0.));
#11021=CARTESIAN_POINT('Ctrl Pts',(26.6674637606449,-3.58012860246058,0.));
#11022=CARTESIAN_POINT('Ctrl Pts',(26.9907167841859,-3.9673402422485,0.));
#11023=CARTESIAN_POINT('',(25.8822611262269,-1.22859741387936,1.));
#11024=CARTESIAN_POINT('',(25.8822611262269,-1.22859741387936,0.));
#11025=CARTESIAN_POINT('Ctrl Pts',(25.8822611262269,-1.22859741387936,1.));
#11026=CARTESIAN_POINT('Ctrl Pts',(25.9239912672693,-1.75614811697537,1.));
#11027=CARTESIAN_POINT('Ctrl Pts',(26.0055533934009,-2.7872531147525,1.));
#11028=CARTESIAN_POINT('Ctrl Pts',(26.6674637606449,-3.58012860246058,1.));
#11029=CARTESIAN_POINT('Ctrl Pts',(26.9907167841859,-3.9673402422485,1.));
#11030=CARTESIAN_POINT('Ctrl Pts',(26.7758444239564,1.27481197180179,0.));
#11031=CARTESIAN_POINT('Ctrl Pts',(26.7758444239564,1.27481197180179,1.));
#11032=CARTESIAN_POINT('Ctrl Pts',(26.5152660384627,0.910276929393801,0.));
#11033=CARTESIAN_POINT('Ctrl Pts',(26.5152660384627,0.910276929393801,1.));
#11034=CARTESIAN_POINT('Ctrl Pts',(25.9802208745122,0.161777735336051,0.));
#11035=CARTESIAN_POINT('Ctrl Pts',(25.9802208745122,0.161777735336051,1.));
#11036=CARTESIAN_POINT('Ctrl Pts',(25.9154745911825,-0.757187706300817,
0.));
#11037=CARTESIAN_POINT('Ctrl Pts',(25.9154745911825,-0.757187706300817,
1.));
#11038=CARTESIAN_POINT('Ctrl Pts',(25.8822611262269,-1.22859741387936,0.));
#11039=CARTESIAN_POINT('Ctrl Pts',(25.8822611262269,-1.22859741387936,1.));
#11040=CARTESIAN_POINT('',(26.7758444239564,1.27481197180179,0.));
#11041=CARTESIAN_POINT('Ctrl Pts',(26.7758444239564,1.27481197180179,0.));
#11042=CARTESIAN_POINT('Ctrl Pts',(26.5152660384627,0.910276929393801,0.));
#11043=CARTESIAN_POINT('Ctrl Pts',(25.9802208745122,0.161777735336051,0.));
#11044=CARTESIAN_POINT('Ctrl Pts',(25.9154745911825,-0.757187706300817,
0.));
#11045=CARTESIAN_POINT('Ctrl Pts',(25.8822611262269,-1.22859741387936,0.));
#11046=CARTESIAN_POINT('',(26.7758444239564,1.27481197180179,1.));
#11047=CARTESIAN_POINT('',(26.7758444239564,1.27481197180179,0.));
#11048=CARTESIAN_POINT('Ctrl Pts',(26.7758444239564,1.27481197180179,1.));
#11049=CARTESIAN_POINT('Ctrl Pts',(26.5152660384627,0.910276929393801,1.));
#11050=CARTESIAN_POINT('Ctrl Pts',(25.9802208745122,0.161777735336051,1.));
#11051=CARTESIAN_POINT('Ctrl Pts',(25.9154745911825,-0.757187706300817,
1.));
#11052=CARTESIAN_POINT('Ctrl Pts',(25.8822611262269,-1.22859741387936,1.));
#11053=CARTESIAN_POINT('Ctrl Pts',(30.0637033869691,2.5367519742432,0.));
#11054=CARTESIAN_POINT('Ctrl Pts',(30.0637033869691,2.5367519742432,1.));
#11055=CARTESIAN_POINT('Ctrl Pts',(29.3989426048575,2.50139996279692,0.));
#11056=CARTESIAN_POINT('Ctrl Pts',(29.3989426048575,2.50139996279692,1.));
#11057=CARTESIAN_POINT('Ctrl Pts',(28.1601445176567,2.43552061892341,0.));
#11058=CARTESIAN_POINT('Ctrl Pts',(28.1601445176567,2.43552061892341,1.));
#11059=CARTESIAN_POINT('Ctrl Pts',(27.2141853227507,1.64235227172157,0.));
#11060=CARTESIAN_POINT('Ctrl Pts',(27.2141853227507,1.64235227172157,1.));
#11061=CARTESIAN_POINT('Ctrl Pts',(26.7758444239564,1.27481197180179,0.));
#11062=CARTESIAN_POINT('Ctrl Pts',(26.7758444239564,1.27481197180179,1.));
#11063=CARTESIAN_POINT('',(30.0637033869691,2.5367519742432,0.));
#11064=CARTESIAN_POINT('Ctrl Pts',(30.0637033869691,2.5367519742432,0.));
#11065=CARTESIAN_POINT('Ctrl Pts',(29.3989426048575,2.50139996279692,0.));
#11066=CARTESIAN_POINT('Ctrl Pts',(28.1601445176567,2.43552061892341,0.));
#11067=CARTESIAN_POINT('Ctrl Pts',(27.2141853227507,1.64235227172157,0.));
#11068=CARTESIAN_POINT('Ctrl Pts',(26.7758444239564,1.27481197180179,0.));
#11069=CARTESIAN_POINT('',(30.0637033869691,2.5367519742432,1.));
#11070=CARTESIAN_POINT('',(30.0637033869691,2.5367519742432,0.));
#11071=CARTESIAN_POINT('Ctrl Pts',(30.0637033869691,2.5367519742432,1.));
#11072=CARTESIAN_POINT('Ctrl Pts',(29.3989426048575,2.50139996279692,1.));
#11073=CARTESIAN_POINT('Ctrl Pts',(28.1601445176567,2.43552061892341,1.));
#11074=CARTESIAN_POINT('Ctrl Pts',(27.2141853227507,1.64235227172157,1.));
#11075=CARTESIAN_POINT('Ctrl Pts',(26.7758444239564,1.27481197180179,1.));
#11076=CARTESIAN_POINT('Ctrl Pts',(33.0855348994202,1.4623997098389,0.));
#11077=CARTESIAN_POINT('Ctrl Pts',(33.0855348994202,1.4623997098389,1.));
#11078=CARTESIAN_POINT('Ctrl Pts',(32.6636560414886,1.77547848967347,0.));
#11079=CARTESIAN_POINT('Ctrl Pts',(32.6636560414886,1.77547848967347,1.));
#11080=CARTESIAN_POINT('Ctrl Pts',(31.7690214766754,2.43939205794918,0.));
#11081=CARTESIAN_POINT('Ctrl Pts',(31.7690214766754,2.43939205794918,1.));
#11082=CARTESIAN_POINT('Ctrl Pts',(30.6532928228788,2.50309117015362,0.));
#11083=CARTESIAN_POINT('Ctrl Pts',(30.6532928228788,2.50309117015362,1.));
#11084=CARTESIAN_POINT('Ctrl Pts',(30.0637033869691,2.5367519742432,0.));
#11085=CARTESIAN_POINT('Ctrl Pts',(30.0637033869691,2.5367519742432,1.));
#11086=CARTESIAN_POINT('',(33.0855348994202,1.4623997098389,0.));
#11087=CARTESIAN_POINT('Ctrl Pts',(33.0855348994202,1.4623997098389,0.));
#11088=CARTESIAN_POINT('Ctrl Pts',(32.6636560414886,1.77547848967347,0.));
#11089=CARTESIAN_POINT('Ctrl Pts',(31.7690214766754,2.43939205794918,0.));
#11090=CARTESIAN_POINT('Ctrl Pts',(30.6532928228788,2.50309117015362,0.));
#11091=CARTESIAN_POINT('Ctrl Pts',(30.0637033869691,2.5367519742432,0.));
#11092=CARTESIAN_POINT('',(33.0855348994202,1.4623997098389,1.));
#11093=CARTESIAN_POINT('',(33.0855348994202,1.4623997098389,0.));
#11094=CARTESIAN_POINT('Ctrl Pts',(33.0855348994202,1.4623997098389,1.));
#11095=CARTESIAN_POINT('Ctrl Pts',(32.6636560414886,1.77547848967347,1.));
#11096=CARTESIAN_POINT('Ctrl Pts',(31.7690214766754,2.43939205794918,1.));
#11097=CARTESIAN_POINT('Ctrl Pts',(30.6532928228788,2.50309117015362,1.));
#11098=CARTESIAN_POINT('Ctrl Pts',(30.0637033869691,2.5367519742432,1.));
#11099=CARTESIAN_POINT('Ctrl Pts',(34.2042234827943,-1.26952434716793,0.));
#11100=CARTESIAN_POINT('Ctrl Pts',(34.2042234827943,-1.26952434716793,1.));
#11101=CARTESIAN_POINT('Ctrl Pts',(34.1612087726361,-0.744807895617878,
0.));
#11102=CARTESIAN_POINT('Ctrl Pts',(34.1612087726361,-0.744807895617878,
1.));
#11103=CARTESIAN_POINT('Ctrl Pts',(34.0767637323023,0.285297892656731,0.));
#11104=CARTESIAN_POINT('Ctrl Pts',(34.0767637323023,0.285297892656731,1.));
#11105=CARTESIAN_POINT('Ctrl Pts',(33.4117856795344,1.07497112282643,0.));
#11106=CARTESIAN_POINT('Ctrl Pts',(33.4117856795344,1.07497112282643,1.));
#11107=CARTESIAN_POINT('Ctrl Pts',(33.0855348994202,1.4623997098389,0.));
#11108=CARTESIAN_POINT('Ctrl Pts',(33.0855348994202,1.4623997098389,1.));
#11109=CARTESIAN_POINT('',(34.2042234827943,-1.26952434716793,0.));
#11110=CARTESIAN_POINT('Ctrl Pts',(34.2042234827943,-1.26952434716793,0.));
#11111=CARTESIAN_POINT('Ctrl Pts',(34.1612087726361,-0.744807895617878,
0.));
#11112=CARTESIAN_POINT('Ctrl Pts',(34.0767637323023,0.285297892656731,0.));
#11113=CARTESIAN_POINT('Ctrl Pts',(33.4117856795344,1.07497112282643,0.));
#11114=CARTESIAN_POINT('Ctrl Pts',(33.0855348994202,1.4623997098389,0.));
#11115=CARTESIAN_POINT('',(34.2042234827943,-1.26952434716793,1.));
#11116=CARTESIAN_POINT('',(34.2042234827943,-1.26952434716793,0.));
#11117=CARTESIAN_POINT('Ctrl Pts',(34.2042234827943,-1.26952434716793,1.));
#11118=CARTESIAN_POINT('Ctrl Pts',(34.1612087726361,-0.744807895617878,
1.));
#11119=CARTESIAN_POINT('Ctrl Pts',(34.0767637323023,0.285297892656731,1.));
#11120=CARTESIAN_POINT('Ctrl Pts',(33.4117856795344,1.07497112282643,1.));
#11121=CARTESIAN_POINT('Ctrl Pts',(33.0855348994202,1.4623997098389,1.));
#11122=CARTESIAN_POINT('Ctrl Pts',(32.8808954646058,-4.14810444055172,0.));
#11123=CARTESIAN_POINT('Ctrl Pts',(32.8808954646058,-4.14810444055172,1.));
#11124=CARTESIAN_POINT('Ctrl Pts',(33.2668563475551,-3.75068541166872,0.));
#11125=CARTESIAN_POINT('Ctrl Pts',(33.2668563475551,-3.75068541166872,1.));
#11126=CARTESIAN_POINT('Ctrl Pts',(34.0465950981128,-2.94779830388436,0.));
#11127=CARTESIAN_POINT('Ctrl Pts',(34.0465950981128,-2.94779830388436,1.));
#11128=CARTESIAN_POINT('Ctrl Pts',(34.1513306918158,-1.83267541781168,0.));
#11129=CARTESIAN_POINT('Ctrl Pts',(34.1513306918158,-1.83267541781168,1.));
#11130=CARTESIAN_POINT('Ctrl Pts',(34.2042234827943,-1.26952434716793,0.));
#11131=CARTESIAN_POINT('Ctrl Pts',(34.2042234827943,-1.26952434716793,1.));
#11132=CARTESIAN_POINT('Ctrl Pts',(32.8808954646058,-4.14810444055172,0.));
#11133=CARTESIAN_POINT('Ctrl Pts',(33.2668563475551,-3.75068541166872,0.));
#11134=CARTESIAN_POINT('Ctrl Pts',(34.0465950981128,-2.94779830388436,0.));
#11135=CARTESIAN_POINT('Ctrl Pts',(34.1513306918158,-1.83267541781168,0.));
#11136=CARTESIAN_POINT('Ctrl Pts',(34.2042234827943,-1.26952434716793,0.));
#11137=CARTESIAN_POINT('Ctrl Pts',(32.8808954646058,-4.14810444055172,1.));
#11138=CARTESIAN_POINT('Ctrl Pts',(33.2668563475551,-3.75068541166872,1.));
#11139=CARTESIAN_POINT('Ctrl Pts',(34.0465950981128,-2.94779830388436,1.));
#11140=CARTESIAN_POINT('Ctrl Pts',(34.1513306918158,-1.83267541781168,1.));
#11141=CARTESIAN_POINT('Ctrl Pts',(34.2042234827943,-1.26952434716793,1.));
#11142=CARTESIAN_POINT('Origin',(20.7731232335038,9.89691590132145,1.));
#11143=CARTESIAN_POINT('Origin',(-32.7057382176452,14.8287055379334,0.));
#11144=CARTESIAN_POINT('',(-32.7057382176452,14.8287055379334,0.));
#11145=CARTESIAN_POINT('',(-29.9158212254577,14.8287055379334,0.));
#11146=CARTESIAN_POINT('',(-5.96630838367405,14.8287055379334,0.));
#11147=CARTESIAN_POINT('',(-32.7057382176452,14.8287055379334,1.));
#11148=CARTESIAN_POINT('',(-32.7057382176452,14.8287055379334,0.));
#11149=CARTESIAN_POINT('',(-29.9158212254577,14.8287055379334,1.));
#11150=CARTESIAN_POINT('',(-32.7057382176452,14.8287055379334,1.));
#11151=CARTESIAN_POINT('',(-29.9158212254577,14.8287055379334,0.));
#11152=CARTESIAN_POINT('Origin',(-32.7057382176452,17.2570822125855,0.));
#11153=CARTESIAN_POINT('',(-32.7057382176452,17.2570822125855,0.));
#11154=CARTESIAN_POINT('',(-32.7057382176452,14.8020431882324,0.));
#11155=CARTESIAN_POINT('',(-32.7057382176452,17.2570822125855,1.));
#11156=CARTESIAN_POINT('',(-32.7057382176452,17.2570822125855,0.));
#11157=CARTESIAN_POINT('',(-32.7057382176452,17.2570822125855,1.));
#11158=CARTESIAN_POINT('Ctrl Pts',(-33.1354638646178,19.630887258667,0.));
#11159=CARTESIAN_POINT('Ctrl Pts',(-33.1354638646178,19.630887258667,1.));
#11160=CARTESIAN_POINT('Ctrl Pts',(-33.0113910603759,19.3308314136796,0.));
#11161=CARTESIAN_POINT('Ctrl Pts',(-33.0113910603759,19.3308314136796,1.));
#11162=CARTESIAN_POINT('Ctrl Pts',(-32.6988812838295,18.5750623662934,0.));
#11163=CARTESIAN_POINT('Ctrl Pts',(-32.6988812838295,18.5750623662934,1.));
#11164=CARTESIAN_POINT('Ctrl Pts',(-32.7031589018786,17.7528558457946,0.));
#11165=CARTESIAN_POINT('Ctrl Pts',(-32.7031589018786,17.7528558457946,1.));
#11166=CARTESIAN_POINT('Ctrl Pts',(-32.7057382176452,17.2570822125855,0.));
#11167=CARTESIAN_POINT('Ctrl Pts',(-32.7057382176452,17.2570822125855,1.));
#11168=CARTESIAN_POINT('',(-33.1354638646178,19.630887258667,0.));
#11169=CARTESIAN_POINT('Ctrl Pts',(-33.1354638646178,19.630887258667,0.));
#11170=CARTESIAN_POINT('Ctrl Pts',(-33.0113910603759,19.3308314136796,0.));
#11171=CARTESIAN_POINT('Ctrl Pts',(-32.6988812838295,18.5750623662934,0.));
#11172=CARTESIAN_POINT('Ctrl Pts',(-32.7031589018786,17.7528558457946,0.));
#11173=CARTESIAN_POINT('Ctrl Pts',(-32.7057382176452,17.2570822125855,0.));
#11174=CARTESIAN_POINT('',(-33.1354638646178,19.630887258667,1.));
#11175=CARTESIAN_POINT('',(-33.1354638646178,19.630887258667,0.));
#11176=CARTESIAN_POINT('Ctrl Pts',(-33.1354638646178,19.630887258667,1.));
#11177=CARTESIAN_POINT('Ctrl Pts',(-33.0113910603759,19.3308314136796,1.));
#11178=CARTESIAN_POINT('Ctrl Pts',(-32.6988812838295,18.5750623662934,1.));
#11179=CARTESIAN_POINT('Ctrl Pts',(-32.7031589018786,17.7528558457946,1.));
#11180=CARTESIAN_POINT('Ctrl Pts',(-32.7057382176452,17.2570822125855,1.));
#11181=CARTESIAN_POINT('Ctrl Pts',(-33.9813157628112,20.0810930615845,0.));
#11182=CARTESIAN_POINT('Ctrl Pts',(-33.9813157628112,20.0810930615845,1.));
#11183=CARTESIAN_POINT('Ctrl Pts',(-33.8097747809498,20.0625259501912,0.));
#11184=CARTESIAN_POINT('Ctrl Pts',(-33.8097747809498,20.0625259501912,1.));
#11185=CARTESIAN_POINT('Ctrl Pts',(-33.4675654040114,20.0254861737335,0.));
#11186=CARTESIAN_POINT('Ctrl Pts',(-33.4675654040114,20.0254861737335,1.));
#11187=CARTESIAN_POINT('Ctrl Pts',(-33.245976036959,19.7621964461736,0.));
#11188=CARTESIAN_POINT('Ctrl Pts',(-33.245976036959,19.7621964461736,1.));
#11189=CARTESIAN_POINT('Ctrl Pts',(-33.1354638646178,19.630887258667,0.));
#11190=CARTESIAN_POINT('Ctrl Pts',(-33.1354638646178,19.630887258667,1.));
#11191=CARTESIAN_POINT('',(-33.9813157628112,20.0810930615845,0.));
#11192=CARTESIAN_POINT('Ctrl Pts',(-33.9813157628112,20.0810930615845,0.));
#11193=CARTESIAN_POINT('Ctrl Pts',(-33.8097747809498,20.0625259501912,0.));
#11194=CARTESIAN_POINT('Ctrl Pts',(-33.4675654040114,20.0254861737335,0.));
#11195=CARTESIAN_POINT('Ctrl Pts',(-33.245976036959,19.7621964461736,0.));
#11196=CARTESIAN_POINT('Ctrl Pts',(-33.1354638646178,19.630887258667,0.));
#11197=CARTESIAN_POINT('',(-33.9813157628112,20.0810930615845,1.));
#11198=CARTESIAN_POINT('',(-33.9813157628112,20.0810930615845,0.));
#11199=CARTESIAN_POINT('Ctrl Pts',(-33.9813157628112,20.0810930615845,1.));
#11200=CARTESIAN_POINT('Ctrl Pts',(-33.8097747809498,20.0625259501912,1.));
#11201=CARTESIAN_POINT('Ctrl Pts',(-33.4675654040114,20.0254861737335,1.));
#11202=CARTESIAN_POINT('Ctrl Pts',(-33.245976036959,19.7621964461736,1.));
#11203=CARTESIAN_POINT('Ctrl Pts',(-33.1354638646178,19.630887258667,1.));
#11204=CARTESIAN_POINT('Ctrl Pts',(-34.7589418004089,19.8764536267701,0.));
#11205=CARTESIAN_POINT('Ctrl Pts',(-34.7589418004089,19.8764536267701,1.));
#11206=CARTESIAN_POINT('Ctrl Pts',(-34.6142776066469,19.9356610266021,0.));
#11207=CARTESIAN_POINT('Ctrl Pts',(-34.6142776066469,19.9356610266021,1.));
#11208=CARTESIAN_POINT('Ctrl Pts',(-34.3635932764145,20.0382597898878,0.));
#11209=CARTESIAN_POINT('Ctrl Pts',(-34.3635932764145,20.0382597898878,1.));
#11210=CARTESIAN_POINT('Ctrl Pts',(-34.0949367514588,20.0683621043505,0.));
#11211=CARTESIAN_POINT('Ctrl Pts',(-34.0949367514588,20.0683621043505,1.));
#11212=CARTESIAN_POINT('Ctrl Pts',(-33.9813157628112,20.0810930615845,0.));
#11213=CARTESIAN_POINT('Ctrl Pts',(-33.9813157628112,20.0810930615845,1.));
#11214=CARTESIAN_POINT('',(-34.7589418004089,19.8764536267701,0.));
#11215=CARTESIAN_POINT('Ctrl Pts',(-34.7589418004089,19.8764536267701,0.));
#11216=CARTESIAN_POINT('Ctrl Pts',(-34.6142776066469,19.9356610266021,0.));
#11217=CARTESIAN_POINT('Ctrl Pts',(-34.3635932764145,20.0382597898878,0.));
#11218=CARTESIAN_POINT('Ctrl Pts',(-34.0949367514588,20.0683621043505,0.));
#11219=CARTESIAN_POINT('Ctrl Pts',(-33.9813157628112,20.0810930615845,0.));
#11220=CARTESIAN_POINT('',(-34.7589418004089,19.8764536267701,1.));
#11221=CARTESIAN_POINT('',(-34.7589418004089,19.8764536267701,0.));
#11222=CARTESIAN_POINT('Ctrl Pts',(-34.7589418004089,19.8764536267701,1.));
#11223=CARTESIAN_POINT('Ctrl Pts',(-34.6142776066469,19.9356610266021,1.));
#11224=CARTESIAN_POINT('Ctrl Pts',(-34.3635932764145,20.0382597898878,1.));
#11225=CARTESIAN_POINT('Ctrl Pts',(-34.0949367514588,20.0683621043505,1.));
#11226=CARTESIAN_POINT('Ctrl Pts',(-33.9813157628112,20.0810930615845,1.));
#11227=CARTESIAN_POINT('Origin',(-35.6184121678405,21.8546268826905,0.));
#11228=CARTESIAN_POINT('',(-35.6184121678405,21.8546268826905,0.));
#11229=CARTESIAN_POINT('',(-29.4036377409358,7.55058449945052,0.));
#11230=CARTESIAN_POINT('',(-35.6184121678405,21.8546268826905,1.));
#11231=CARTESIAN_POINT('',(-35.6184121678405,21.8546268826905,0.));
#11232=CARTESIAN_POINT('',(-35.6184121678405,21.8546268826905,1.));
#11233=CARTESIAN_POINT('Ctrl Pts',(-34.2746278355651,22.2366187459412,0.));
#11234=CARTESIAN_POINT('Ctrl Pts',(-34.2746278355651,22.2366187459412,1.));
#11235=CARTESIAN_POINT('Ctrl Pts',(-34.4921082585105,22.2163667840417,0.));
#11236=CARTESIAN_POINT('Ctrl Pts',(-34.4921082585105,22.2163667840417,1.));
#11237=CARTESIAN_POINT('Ctrl Pts',(-34.9629399241049,22.1725225390122,0.));
#11238=CARTESIAN_POINT('Ctrl Pts',(-34.9629399241049,22.1725225390122,1.));
#11239=CARTESIAN_POINT('Ctrl Pts',(-35.3890989576252,21.9658408572887,0.));
#11240=CARTESIAN_POINT('Ctrl Pts',(-35.3890989576252,21.9658408572887,1.));
#11241=CARTESIAN_POINT('Ctrl Pts',(-35.6184121678405,21.8546268826905,0.));
#11242=CARTESIAN_POINT('Ctrl Pts',(-35.6184121678405,21.8546268826905,1.));
#11243=CARTESIAN_POINT('',(-34.2746278355651,22.2366187459412,0.));
#11244=CARTESIAN_POINT('Ctrl Pts',(-34.2746278355651,22.2366187459412,0.));
#11245=CARTESIAN_POINT('Ctrl Pts',(-34.4921082585105,22.2163667840417,0.));
#11246=CARTESIAN_POINT('Ctrl Pts',(-34.9629399241049,22.1725225390122,0.));
#11247=CARTESIAN_POINT('Ctrl Pts',(-35.3890989576252,21.9658408572887,0.));
#11248=CARTESIAN_POINT('Ctrl Pts',(-35.6184121678405,21.8546268826905,0.));
#11249=CARTESIAN_POINT('',(-34.2746278355651,22.2366187459412,1.));
#11250=CARTESIAN_POINT('',(-34.2746278355651,22.2366187459412,0.));
#11251=CARTESIAN_POINT('Ctrl Pts',(-34.2746278355651,22.2366187459412,1.));
#11252=CARTESIAN_POINT('Ctrl Pts',(-34.4921082585105,22.2163667840417,1.));
#11253=CARTESIAN_POINT('Ctrl Pts',(-34.9629399241049,22.1725225390122,1.));
#11254=CARTESIAN_POINT('Ctrl Pts',(-35.3890989576252,21.9658408572887,1.));
#11255=CARTESIAN_POINT('Ctrl Pts',(-35.6184121678405,21.8546268826905,1.));
#11256=CARTESIAN_POINT('Ctrl Pts',(-33.2889482091003,21.9467136746827,0.));
#11257=CARTESIAN_POINT('Ctrl Pts',(-33.2889482091003,21.9467136746827,1.));
#11258=CARTESIAN_POINT('Ctrl Pts',(-33.4339609579099,22.0312190055676,0.));
#11259=CARTESIAN_POINT('Ctrl Pts',(-33.4339609579099,22.0312190055676,1.));
#11260=CARTESIAN_POINT('Ctrl Pts',(-33.7381469702346,22.2084816244275,0.));
#11261=CARTESIAN_POINT('Ctrl Pts',(-33.7381469702346,22.2084816244275,1.));
#11262=CARTESIAN_POINT('Ctrl Pts',(-34.0903358302022,22.2269530767925,0.));
#11263=CARTESIAN_POINT('Ctrl Pts',(-34.0903358302022,22.2269530767925,1.));
#11264=CARTESIAN_POINT('Ctrl Pts',(-34.2746278355651,22.2366187459412,0.));
#11265=CARTESIAN_POINT('Ctrl Pts',(-34.2746278355651,22.2366187459412,1.));
#11266=CARTESIAN_POINT('',(-33.2889482091003,21.9467136746827,0.));
#11267=CARTESIAN_POINT('Ctrl Pts',(-33.2889482091003,21.9467136746827,0.));
#11268=CARTESIAN_POINT('Ctrl Pts',(-33.4339609579099,22.0312190055676,0.));
#11269=CARTESIAN_POINT('Ctrl Pts',(-33.7381469702346,22.2084816244275,0.));
#11270=CARTESIAN_POINT('Ctrl Pts',(-34.0903358302022,22.2269530767925,0.));
#11271=CARTESIAN_POINT('Ctrl Pts',(-34.2746278355651,22.2366187459412,0.));
#11272=CARTESIAN_POINT('',(-33.2889482091003,21.9467136746827,1.));
#11273=CARTESIAN_POINT('',(-33.2889482091003,21.9467136746827,0.));
#11274=CARTESIAN_POINT('Ctrl Pts',(-33.2889482091003,21.9467136746827,1.));
#11275=CARTESIAN_POINT('Ctrl Pts',(-33.4339609579099,22.0312190055676,1.));
#11276=CARTESIAN_POINT('Ctrl Pts',(-33.7381469702346,22.2084816244275,1.));
#11277=CARTESIAN_POINT('Ctrl Pts',(-34.0903358302022,22.2269530767925,1.));
#11278=CARTESIAN_POINT('Ctrl Pts',(-34.2746278355651,22.2366187459412,1.));
#11279=CARTESIAN_POINT('Ctrl Pts',(-32.5147363255553,20.8860037213745,0.));
#11280=CARTESIAN_POINT('Ctrl Pts',(-32.5147363255553,20.8860037213745,1.));
#11281=CARTESIAN_POINT('Ctrl Pts',(-32.6284229066458,21.1129595335292,0.));
#11282=CARTESIAN_POINT('Ctrl Pts',(-32.6284229066458,21.1129595335292,1.));
#11283=CARTESIAN_POINT('Ctrl Pts',(-32.8277617327894,21.5109054014354,0.));
#11284=CARTESIAN_POINT('Ctrl Pts',(-32.8277617327894,21.5109054014354,1.));
#11285=CARTESIAN_POINT('Ctrl Pts',(-33.1503415611156,21.8157342834351,0.));
#11286=CARTESIAN_POINT('Ctrl Pts',(-33.1503415611156,21.8157342834351,1.));
#11287=CARTESIAN_POINT('Ctrl Pts',(-33.2889482091003,21.9467136746827,0.));
#11288=CARTESIAN_POINT('Ctrl Pts',(-33.2889482091003,21.9467136746827,1.));
#11289=CARTESIAN_POINT('',(-32.5147363255553,20.8860037213745,0.));
#11290=CARTESIAN_POINT('Ctrl Pts',(-32.5147363255553,20.8860037213745,0.));
#11291=CARTESIAN_POINT('Ctrl Pts',(-32.6284229066458,21.1129595335292,0.));
#11292=CARTESIAN_POINT('Ctrl Pts',(-32.8277617327894,21.5109054014354,0.));
#11293=CARTESIAN_POINT('Ctrl Pts',(-33.1503415611156,21.8157342834351,0.));
#11294=CARTESIAN_POINT('Ctrl Pts',(-33.2889482091003,21.9467136746827,0.));
#11295=CARTESIAN_POINT('',(-32.5147363255553,20.8860037213745,1.));
#11296=CARTESIAN_POINT('',(-32.5147363255553,20.8860037213745,0.));
#11297=CARTESIAN_POINT('Ctrl Pts',(-32.5147363255553,20.8860037213745,1.));
#11298=CARTESIAN_POINT('Ctrl Pts',(-32.6284229066458,21.1129595335292,1.));
#11299=CARTESIAN_POINT('Ctrl Pts',(-32.8277617327894,21.5109054014354,1.));
#11300=CARTESIAN_POINT('Ctrl Pts',(-33.1503415611156,21.8157342834351,1.));
#11301=CARTESIAN_POINT('Ctrl Pts',(-33.2889482091003,21.9467136746827,1.));
#11302=CARTESIAN_POINT('Origin',(-32.5147363255553,22.0729086286011,0.));
#11303=CARTESIAN_POINT('',(-32.5147363255553,22.0729086286011,0.));
#11304=CARTESIAN_POINT('',(-32.5147363255553,17.2099563962403,0.));
#11305=CARTESIAN_POINT('',(-32.5147363255553,22.0729086286011,1.));
#11306=CARTESIAN_POINT('',(-32.5147363255553,22.0729086286011,0.));
#11307=CARTESIAN_POINT('',(-32.5147363255553,22.0729086286011,1.));
#11308=CARTESIAN_POINT('Origin',(-29.9158212254577,22.0729086286011,0.));
#11309=CARTESIAN_POINT('',(-29.9158212254577,22.0729086286011,0.));
#11310=CARTESIAN_POINT('',(-4.5713498875803,22.0729086286011,0.));
#11311=CARTESIAN_POINT('',(-29.9158212254577,22.0729086286011,1.));
#11312=CARTESIAN_POINT('',(-29.9158212254577,22.0729086286011,0.));
#11313=CARTESIAN_POINT('',(-29.9158212254577,22.0729086286011,1.));
#11314=CARTESIAN_POINT('Origin',(-29.9158212254577,14.8287055379334,0.));
#11315=CARTESIAN_POINT('',(-29.9158212254577,13.5878548509064,0.));
#11316=CARTESIAN_POINT('',(-29.9158212254577,14.8287055379334,1.));
#11317=CARTESIAN_POINT('Origin',(20.7731232335038,9.89691590132145,1.));
#11318=CARTESIAN_POINT('Ctrl Pts',(-15.2909967015319,20.1970550900879,0.));
#11319=CARTESIAN_POINT('Ctrl Pts',(-15.2909967015319,20.1970550900879,1.));
#11320=CARTESIAN_POINT('Ctrl Pts',(-15.1205782901535,20.1791793947186,0.));
#11321=CARTESIAN_POINT('Ctrl Pts',(-15.1205782901535,20.1791793947186,1.));
#11322=CARTESIAN_POINT('Ctrl Pts',(-14.7770434020858,20.1431449958636,0.));
#11323=CARTESIAN_POINT('Ctrl Pts',(-14.7770434020858,20.1431449958636,1.));
#11324=CARTESIAN_POINT('Ctrl Pts',(-14.5291515511256,19.9023171052867,0.));
#11325=CARTESIAN_POINT('Ctrl Pts',(-14.5291515511256,19.9023171052867,1.));
#11326=CARTESIAN_POINT('Ctrl Pts',(-14.4042321751647,19.7809574490967,0.));
#11327=CARTESIAN_POINT('Ctrl Pts',(-14.4042321751647,19.7809574490967,1.));
#11328=CARTESIAN_POINT('',(-15.2909967015319,20.1970550900879,0.));
#11329=CARTESIAN_POINT('',(-14.4042321751647,19.7809574490967,0.));
#11330=CARTESIAN_POINT('Ctrl Pts',(-15.2909967015319,20.1970550900879,0.));
#11331=CARTESIAN_POINT('Ctrl Pts',(-15.1205782901535,20.1791793947186,0.));
#11332=CARTESIAN_POINT('Ctrl Pts',(-14.7770434020858,20.1431449958636,0.));
#11333=CARTESIAN_POINT('Ctrl Pts',(-14.5291515511256,19.9023171052867,0.));
#11334=CARTESIAN_POINT('Ctrl Pts',(-14.4042321751647,19.7809574490967,0.));
#11335=CARTESIAN_POINT('',(-15.2909967015319,20.1970550900879,1.));
#11336=CARTESIAN_POINT('',(-15.2909967015319,20.1970550900879,0.));
#11337=CARTESIAN_POINT('',(-14.4042321751647,19.7809574490967,1.));
#11338=CARTESIAN_POINT('Ctrl Pts',(-15.2909967015319,20.1970550900879,1.));
#11339=CARTESIAN_POINT('Ctrl Pts',(-15.1205782901535,20.1791793947186,1.));
#11340=CARTESIAN_POINT('Ctrl Pts',(-14.7770434020858,20.1431449958636,1.));
#11341=CARTESIAN_POINT('Ctrl Pts',(-14.5291515511256,19.9023171052867,1.));
#11342=CARTESIAN_POINT('Ctrl Pts',(-14.4042321751647,19.7809574490967,1.));
#11343=CARTESIAN_POINT('',(-14.4042321751647,19.7809574490967,0.));
#11344=CARTESIAN_POINT('Ctrl Pts',(-16.1231919835143,19.7843668347779,0.));
#11345=CARTESIAN_POINT('Ctrl Pts',(-16.1231919835143,19.7843668347779,1.));
#11346=CARTESIAN_POINT('Ctrl Pts',(-16.005393052983,19.9047117233448,0.));
#11347=CARTESIAN_POINT('Ctrl Pts',(-16.005393052983,19.9047117233448,1.));
#11348=CARTESIAN_POINT('Ctrl Pts',(-15.775524847198,20.1395480116328,0.));
#11349=CARTESIAN_POINT('Ctrl Pts',(-15.775524847198,20.1395480116328,1.));
#11350=CARTESIAN_POINT('Ctrl Pts',(-15.449799760968,20.1782072685948,0.));
#11351=CARTESIAN_POINT('Ctrl Pts',(-15.449799760968,20.1782072685948,1.));
#11352=CARTESIAN_POINT('Ctrl Pts',(-15.2909967015319,20.1970550900879,0.));
#11353=CARTESIAN_POINT('Ctrl Pts',(-15.2909967015319,20.1970550900879,1.));
#11354=CARTESIAN_POINT('',(-16.1231919835143,19.7843668347779,0.));
#11355=CARTESIAN_POINT('Ctrl Pts',(-16.1231919835143,19.7843668347779,0.));
#11356=CARTESIAN_POINT('Ctrl Pts',(-16.005393052983,19.9047117233448,0.));
#11357=CARTESIAN_POINT('Ctrl Pts',(-15.775524847198,20.1395480116328,0.));
#11358=CARTESIAN_POINT('Ctrl Pts',(-15.449799760968,20.1782072685948,0.));
#11359=CARTESIAN_POINT('Ctrl Pts',(-15.2909967015319,20.1970550900879,0.));
#11360=CARTESIAN_POINT('',(-16.1231919835143,19.7843668347779,1.));
#11361=CARTESIAN_POINT('',(-16.1231919835143,19.7843668347779,0.));
#11362=CARTESIAN_POINT('Ctrl Pts',(-16.1231919835143,19.7843668347779,1.));
#11363=CARTESIAN_POINT('Ctrl Pts',(-16.005393052983,19.9047117233448,1.));
#11364=CARTESIAN_POINT('Ctrl Pts',(-15.775524847198,20.1395480116328,1.));
#11365=CARTESIAN_POINT('Ctrl Pts',(-15.449799760968,20.1782072685948,1.));
#11366=CARTESIAN_POINT('Ctrl Pts',(-15.2909967015319,20.1970550900879,1.));
#11367=CARTESIAN_POINT('Ctrl Pts',(-16.4642640660339,18.4917352086487,0.));
#11368=CARTESIAN_POINT('Ctrl Pts',(-16.4642640660339,18.4917352086487,1.));
#11369=CARTESIAN_POINT('Ctrl Pts',(-16.4593209191202,18.7528810745881,0.));
#11370=CARTESIAN_POINT('Ctrl Pts',(-16.4593209191202,18.7528810745881,1.));
#11371=CARTESIAN_POINT('Ctrl Pts',(-16.4505922574686,19.2140152357432,0.));
#11372=CARTESIAN_POINT('Ctrl Pts',(-16.4505922574686,19.2140152357432,1.));
#11373=CARTESIAN_POINT('Ctrl Pts',(-16.2222299484334,19.6118365525808,0.));
#11374=CARTESIAN_POINT('Ctrl Pts',(-16.2222299484334,19.6118365525808,1.));
#11375=CARTESIAN_POINT('Ctrl Pts',(-16.1231919835143,19.7843668347779,0.));
#11376=CARTESIAN_POINT('Ctrl Pts',(-16.1231919835143,19.7843668347779,1.));
#11377=CARTESIAN_POINT('',(-16.4642640660339,18.4917352086487,0.));
#11378=CARTESIAN_POINT('Ctrl Pts',(-16.4642640660339,18.4917352086487,0.));
#11379=CARTESIAN_POINT('Ctrl Pts',(-16.4593209191202,18.7528810745881,0.));
#11380=CARTESIAN_POINT('Ctrl Pts',(-16.4505922574686,19.2140152357432,0.));
#11381=CARTESIAN_POINT('Ctrl Pts',(-16.2222299484334,19.6118365525808,0.));
#11382=CARTESIAN_POINT('Ctrl Pts',(-16.1231919835143,19.7843668347779,0.));
#11383=CARTESIAN_POINT('',(-16.4642640660339,18.4917352086487,1.));
#11384=CARTESIAN_POINT('',(-16.4642640660339,18.4917352086487,0.));
#11385=CARTESIAN_POINT('Ctrl Pts',(-16.4642640660339,18.4917352086487,1.));
#11386=CARTESIAN_POINT('Ctrl Pts',(-16.4593209191202,18.7528810745881,1.));
#11387=CARTESIAN_POINT('Ctrl Pts',(-16.4505922574686,19.2140152357432,1.));
#11388=CARTESIAN_POINT('Ctrl Pts',(-16.2222299484334,19.6118365525808,1.));
#11389=CARTESIAN_POINT('Ctrl Pts',(-16.1231919835143,19.7843668347779,1.));
#11390=CARTESIAN_POINT('Ctrl Pts',(-16.1368485997253,17.1377107984009,0.));
#11391=CARTESIAN_POINT('Ctrl Pts',(-16.1368485997253,17.1377107984009,1.));
#11392=CARTESIAN_POINT('Ctrl Pts',(-16.2317284937121,17.3135311268475,0.));
#11393=CARTESIAN_POINT('Ctrl Pts',(-16.2317284937121,17.3135311268475,1.));
#11394=CARTESIAN_POINT('Ctrl Pts',(-16.458174258253,17.7331539470673,0.));
#11395=CARTESIAN_POINT('Ctrl Pts',(-16.458174258253,17.7331539470673,1.));
#11396=CARTESIAN_POINT('Ctrl Pts',(-16.4620261195996,18.2129638105084,0.));
#11397=CARTESIAN_POINT('Ctrl Pts',(-16.4620261195996,18.2129638105084,1.));
#11398=CARTESIAN_POINT('Ctrl Pts',(-16.4642640660339,18.4917352086487,0.));
#11399=CARTESIAN_POINT('Ctrl Pts',(-16.4642640660339,18.4917352086487,1.));
#11400=CARTESIAN_POINT('',(-16.1368485997253,17.1377107984009,0.));
#11401=CARTESIAN_POINT('Ctrl Pts',(-16.1368485997253,17.1377107984009,0.));
#11402=CARTESIAN_POINT('Ctrl Pts',(-16.2317284937121,17.3135311268475,0.));
#11403=CARTESIAN_POINT('Ctrl Pts',(-16.458174258253,17.7331539470673,0.));
#11404=CARTESIAN_POINT('Ctrl Pts',(-16.4620261195996,18.2129638105084,0.));
#11405=CARTESIAN_POINT('Ctrl Pts',(-16.4642640660339,18.4917352086487,0.));
#11406=CARTESIAN_POINT('',(-16.1368485997253,17.1377107984009,1.));
#11407=CARTESIAN_POINT('',(-16.1368485997253,17.1377107984009,0.));
#11408=CARTESIAN_POINT('Ctrl Pts',(-16.1368485997253,17.1377107984009,1.));
#11409=CARTESIAN_POINT('Ctrl Pts',(-16.2317284937121,17.3135311268475,1.));
#11410=CARTESIAN_POINT('Ctrl Pts',(-16.458174258253,17.7331539470673,1.));
#11411=CARTESIAN_POINT('Ctrl Pts',(-16.4620261195996,18.2129638105084,1.));
#11412=CARTESIAN_POINT('Ctrl Pts',(-16.4642640660339,18.4917352086487,1.));
#11413=CARTESIAN_POINT('Ctrl Pts',(-15.3251191685729,16.738664854187,0.));
#11414=CARTESIAN_POINT('Ctrl Pts',(-15.3251191685729,16.738664854187,1.));
#11415=CARTESIAN_POINT('Ctrl Pts',(-15.4809820875425,16.7564857232149,0.));
#11416=CARTESIAN_POINT('Ctrl Pts',(-15.4809820875425,16.7564857232149,1.));
#11417=CARTESIAN_POINT('Ctrl Pts',(-15.7985746241683,16.7927982408865,0.));
#11418=CARTESIAN_POINT('Ctrl Pts',(-15.7985746241683,16.7927982408865,1.));
#11419=CARTESIAN_POINT('Ctrl Pts',(-16.022710498156,17.0213327517088,0.));
#11420=CARTESIAN_POINT('Ctrl Pts',(-16.022710498156,17.0213327517088,1.));
#11421=CARTESIAN_POINT('Ctrl Pts',(-16.1368485997253,17.1377107984009,0.));
#11422=CARTESIAN_POINT('Ctrl Pts',(-16.1368485997253,17.1377107984009,1.));
#11423=CARTESIAN_POINT('',(-15.3251191685729,16.738664854187,0.));
#11424=CARTESIAN_POINT('Ctrl Pts',(-15.3251191685729,16.738664854187,0.));
#11425=CARTESIAN_POINT('Ctrl Pts',(-15.4809820875425,16.7564857232149,0.));
#11426=CARTESIAN_POINT('Ctrl Pts',(-15.7985746241683,16.7927982408865,0.));
#11427=CARTESIAN_POINT('Ctrl Pts',(-16.022710498156,17.0213327517088,0.));
#11428=CARTESIAN_POINT('Ctrl Pts',(-16.1368485997253,17.1377107984009,0.));
#11429=CARTESIAN_POINT('',(-15.3251191685729,16.738664854187,1.));
#11430=CARTESIAN_POINT('',(-15.3251191685729,16.738664854187,0.));
#11431=CARTESIAN_POINT('Ctrl Pts',(-15.3251191685729,16.738664854187,1.));
#11432=CARTESIAN_POINT('Ctrl Pts',(-15.4809820875425,16.7564857232149,1.));
#11433=CARTESIAN_POINT('Ctrl Pts',(-15.7985746241683,16.7927982408865,1.));
#11434=CARTESIAN_POINT('Ctrl Pts',(-16.022710498156,17.0213327517088,1.));
#11435=CARTESIAN_POINT('Ctrl Pts',(-16.1368485997253,17.1377107984009,1.));
#11436=CARTESIAN_POINT('Ctrl Pts',(-14.4110604832702,17.1547624951783,0.));
#11437=CARTESIAN_POINT('Ctrl Pts',(-14.4110604832702,17.1547624951783,1.));
#11438=CARTESIAN_POINT('Ctrl Pts',(-14.5395913639673,17.0334018910312,0.));
#11439=CARTESIAN_POINT('Ctrl Pts',(-14.5395913639673,17.0334018910312,1.));
#11440=CARTESIAN_POINT('Ctrl Pts',(-14.7968293371471,16.7905143011746,0.));
#11441=CARTESIAN_POINT('Ctrl Pts',(-14.7968293371471,16.7905143011746,1.));
#11442=CARTESIAN_POINT('Ctrl Pts',(-15.1489421572817,16.7559558941882,0.));
#11443=CARTESIAN_POINT('Ctrl Pts',(-15.1489421572817,16.7559558941882,1.));
#11444=CARTESIAN_POINT('Ctrl Pts',(-15.3251191685729,16.738664854187,0.));
#11445=CARTESIAN_POINT('Ctrl Pts',(-15.3251191685729,16.738664854187,1.));
#11446=CARTESIAN_POINT('',(-14.4110604832702,17.1547624951783,0.));
#11447=CARTESIAN_POINT('Ctrl Pts',(-14.4110604832702,17.1547624951783,0.));
#11448=CARTESIAN_POINT('Ctrl Pts',(-14.5395913639673,17.0334018910312,0.));
#11449=CARTESIAN_POINT('Ctrl Pts',(-14.7968293371471,16.7905143011746,0.));
#11450=CARTESIAN_POINT('Ctrl Pts',(-15.1489421572817,16.7559558941882,0.));
#11451=CARTESIAN_POINT('Ctrl Pts',(-15.3251191685729,16.738664854187,0.));
#11452=CARTESIAN_POINT('',(-14.4110604832702,17.1547624951783,1.));
#11453=CARTESIAN_POINT('',(-14.4110604832702,17.1547624951783,0.));
#11454=CARTESIAN_POINT('Ctrl Pts',(-14.4110604832702,17.1547624951783,1.));
#11455=CARTESIAN_POINT('Ctrl Pts',(-14.5395913639673,17.0334018910312,1.));
#11456=CARTESIAN_POINT('Ctrl Pts',(-14.7968293371471,16.7905143011746,1.));
#11457=CARTESIAN_POINT('Ctrl Pts',(-15.1489421572817,16.7559558941882,1.));
#11458=CARTESIAN_POINT('Ctrl Pts',(-15.3251191685729,16.738664854187,1.));
#11459=CARTESIAN_POINT('Ctrl Pts',(-14.0495225499206,18.4303424245301,0.));
#11460=CARTESIAN_POINT('Ctrl Pts',(-14.0495225499206,18.4303424245301,1.));
#11461=CARTESIAN_POINT('Ctrl Pts',(-14.0558885981917,18.1735058280979,0.));
#11462=CARTESIAN_POINT('Ctrl Pts',(-14.0558885981917,18.1735058280979,1.));
#11463=CARTESIAN_POINT('Ctrl Pts',(-14.0672576137435,17.7148257906952,0.));
#11464=CARTESIAN_POINT('Ctrl Pts',(-14.0672576137435,17.7148257906952,1.));
#11465=CARTESIAN_POINT('Ctrl Pts',(-14.306000850308,17.3259072105892,0.));
#11466=CARTESIAN_POINT('Ctrl Pts',(-14.306000850308,17.3259072105892,1.));
#11467=CARTESIAN_POINT('Ctrl Pts',(-14.4110604832702,17.1547624951783,0.));
#11468=CARTESIAN_POINT('Ctrl Pts',(-14.4110604832702,17.1547624951783,1.));
#11469=CARTESIAN_POINT('',(-14.0495225499206,18.4303424245301,0.));
#11470=CARTESIAN_POINT('Ctrl Pts',(-14.0495225499206,18.4303424245301,0.));
#11471=CARTESIAN_POINT('Ctrl Pts',(-14.0558885981917,18.1735058280979,0.));
#11472=CARTESIAN_POINT('Ctrl Pts',(-14.0672576137435,17.7148257906952,0.));
#11473=CARTESIAN_POINT('Ctrl Pts',(-14.306000850308,17.3259072105892,0.));
#11474=CARTESIAN_POINT('Ctrl Pts',(-14.4110604832702,17.1547624951783,0.));
#11475=CARTESIAN_POINT('',(-14.0495225499206,18.4303424245301,1.));
#11476=CARTESIAN_POINT('',(-14.0495225499206,18.4303424245301,0.));
#11477=CARTESIAN_POINT('Ctrl Pts',(-14.0495225499206,18.4303424245301,1.));
#11478=CARTESIAN_POINT('Ctrl Pts',(-14.0558885981917,18.1735058280979,1.));
#11479=CARTESIAN_POINT('Ctrl Pts',(-14.0672576137435,17.7148257906952,1.));
#11480=CARTESIAN_POINT('Ctrl Pts',(-14.306000850308,17.3259072105892,1.));
#11481=CARTESIAN_POINT('Ctrl Pts',(-14.4110604832702,17.1547624951783,1.));
#11482=CARTESIAN_POINT('Ctrl Pts',(-14.4042321751647,19.7809574490967,0.));
#11483=CARTESIAN_POINT('Ctrl Pts',(-14.4042321751647,19.7809574490967,1.));
#11484=CARTESIAN_POINT('Ctrl Pts',(-14.301302201149,19.6031804236194,0.));
#11485=CARTESIAN_POINT('Ctrl Pts',(-14.301302201149,19.6031804236194,1.));
#11486=CARTESIAN_POINT('Ctrl Pts',(-14.0610779388923,19.1882735395955,0.));
#11487=CARTESIAN_POINT('Ctrl Pts',(-14.0610779388923,19.1882735395955,1.));
#11488=CARTESIAN_POINT('Ctrl Pts',(-14.0537249630262,18.7059834833375,0.));
#11489=CARTESIAN_POINT('Ctrl Pts',(-14.0537249630262,18.7059834833375,1.));
#11490=CARTESIAN_POINT('Ctrl Pts',(-14.0495225499206,18.4303424245301,0.));
#11491=CARTESIAN_POINT('Ctrl Pts',(-14.0495225499206,18.4303424245301,1.));
#11492=CARTESIAN_POINT('Ctrl Pts',(-14.4042321751647,19.7809574490967,0.));
#11493=CARTESIAN_POINT('Ctrl Pts',(-14.301302201149,19.6031804236194,0.));
#11494=CARTESIAN_POINT('Ctrl Pts',(-14.0610779388923,19.1882735395955,0.));
#11495=CARTESIAN_POINT('Ctrl Pts',(-14.0537249630262,18.7059834833375,0.));
#11496=CARTESIAN_POINT('Ctrl Pts',(-14.0495225499206,18.4303424245301,0.));
#11497=CARTESIAN_POINT('Ctrl Pts',(-14.4042321751647,19.7809574490967,1.));
#11498=CARTESIAN_POINT('Ctrl Pts',(-14.301302201149,19.6031804236194,1.));
#11499=CARTESIAN_POINT('Ctrl Pts',(-14.0610779388923,19.1882735395955,1.));
#11500=CARTESIAN_POINT('Ctrl Pts',(-14.0537249630262,18.7059834833375,1.));
#11501=CARTESIAN_POINT('Ctrl Pts',(-14.0495225499206,18.4303424245301,1.));
#11502=CARTESIAN_POINT('Origin',(-14.0699884007507,15.531298864502,0.));
#11503=CARTESIAN_POINT('',(-14.0699884007507,15.531298864502,0.));
#11504=CARTESIAN_POINT('',(-14.0699884007507,12.0729086286011,0.));
#11505=CARTESIAN_POINT('',(-14.0699884007507,13.9391515141907,0.));
#11506=CARTESIAN_POINT('',(-14.0699884007507,15.531298864502,1.));
#11507=CARTESIAN_POINT('',(-14.0699884007507,15.531298864502,0.));
#11508=CARTESIAN_POINT('',(-14.0699884007507,12.0729086286011,1.));
#11509=CARTESIAN_POINT('',(-14.0699884007507,15.531298864502,1.));
#11510=CARTESIAN_POINT('',(-14.0699884007507,12.0729086286011,0.));
#11511=CARTESIAN_POINT('Ctrl Pts',(-15.0147363255553,14.8832771665039,0.));
#11512=CARTESIAN_POINT('Ctrl Pts',(-15.0147363255553,14.8832771665039,1.));
#11513=CARTESIAN_POINT('Ctrl Pts',(-14.8424283178213,14.9656599304823,0.));
#11514=CARTESIAN_POINT('Ctrl Pts',(-14.8424283178213,14.9656599304823,1.));
#11515=CARTESIAN_POINT('Ctrl Pts',(-14.4937756069942,15.1323554565011,0.));
#11516=CARTESIAN_POINT('Ctrl Pts',(-14.4937756069942,15.1323554565011,1.));
#11517=CARTESIAN_POINT('Ctrl Pts',(-14.2123369668162,15.3972952390183,0.));
#11518=CARTESIAN_POINT('Ctrl Pts',(-14.2123369668162,15.3972952390183,1.));
#11519=CARTESIAN_POINT('Ctrl Pts',(-14.0699884007507,15.531298864502,0.));
#11520=CARTESIAN_POINT('Ctrl Pts',(-14.0699884007507,15.531298864502,1.));
#11521=CARTESIAN_POINT('',(-15.0147363255553,14.8832771665039,0.));
#11522=CARTESIAN_POINT('Ctrl Pts',(-15.0147363255553,14.8832771665039,0.));
#11523=CARTESIAN_POINT('Ctrl Pts',(-14.8424283178213,14.9656599304823,0.));
#11524=CARTESIAN_POINT('Ctrl Pts',(-14.4937756069942,15.1323554565011,0.));
#11525=CARTESIAN_POINT('Ctrl Pts',(-14.2123369668162,15.3972952390183,0.));
#11526=CARTESIAN_POINT('Ctrl Pts',(-14.0699884007507,15.531298864502,0.));
#11527=CARTESIAN_POINT('',(-15.0147363255553,14.8832771665039,1.));
#11528=CARTESIAN_POINT('',(-15.0147363255553,14.8832771665039,0.));
#11529=CARTESIAN_POINT('Ctrl Pts',(-15.0147363255553,14.8832771665039,1.));
#11530=CARTESIAN_POINT('Ctrl Pts',(-14.8424283178213,14.9656599304823,1.));
#11531=CARTESIAN_POINT('Ctrl Pts',(-14.4937756069942,15.1323554565011,1.));
#11532=CARTESIAN_POINT('Ctrl Pts',(-14.2123369668162,15.3972952390183,1.));
#11533=CARTESIAN_POINT('Ctrl Pts',(-14.0699884007507,15.531298864502,1.));
#11534=CARTESIAN_POINT('Ctrl Pts',(-16.1845895360046,14.6649954205933,0.));
#11535=CARTESIAN_POINT('Ctrl Pts',(-16.1845895360046,14.6649954205933,1.));
#11536=CARTESIAN_POINT('Ctrl Pts',(-15.9782999920616,14.6729729165982,0.));
#11537=CARTESIAN_POINT('Ctrl Pts',(-15.9782999920616,14.6729729165982,1.));
#11538=CARTESIAN_POINT('Ctrl Pts',(-15.5774924491099,14.6884726870252,0.));
#11539=CARTESIAN_POINT('Ctrl Pts',(-15.5774924491099,14.6884726870252,1.));
#11540=CARTESIAN_POINT('Ctrl Pts',(-15.1986125199536,14.8196263152044,0.));
#11541=CARTESIAN_POINT('Ctrl Pts',(-15.1986125199536,14.8196263152044,1.));
#11542=CARTESIAN_POINT('Ctrl Pts',(-15.0147363255553,14.8832771665039,0.));
#11543=CARTESIAN_POINT('Ctrl Pts',(-15.0147363255553,14.8832771665039,1.));
#11544=CARTESIAN_POINT('',(-16.1845895360046,14.6649954205933,0.));
#11545=CARTESIAN_POINT('Ctrl Pts',(-16.1845895360046,14.6649954205933,0.));
#11546=CARTESIAN_POINT('Ctrl Pts',(-15.9782999920616,14.6729729165982,0.));
#11547=CARTESIAN_POINT('Ctrl Pts',(-15.5774924491099,14.6884726870252,0.));
#11548=CARTESIAN_POINT('Ctrl Pts',(-15.1986125199536,14.8196263152044,0.));
#11549=CARTESIAN_POINT('Ctrl Pts',(-15.0147363255553,14.8832771665039,0.));
#11550=CARTESIAN_POINT('',(-16.1845895360046,14.6649954205933,1.));
#11551=CARTESIAN_POINT('',(-16.1845895360046,14.6649954205933,0.));
#11552=CARTESIAN_POINT('Ctrl Pts',(-16.1845895360046,14.6649954205933,1.));
#11553=CARTESIAN_POINT('Ctrl Pts',(-15.9782999920616,14.6729729165982,1.));
#11554=CARTESIAN_POINT('Ctrl Pts',(-15.5774924491099,14.6884726870252,1.));
#11555=CARTESIAN_POINT('Ctrl Pts',(-15.1986125199536,14.8196263152044,1.));
#11556=CARTESIAN_POINT('Ctrl Pts',(-15.0147363255553,14.8832771665039,1.));
#11557=CARTESIAN_POINT('Ctrl Pts',(-18.3742257664733,15.6165645009461,0.));
#11558=CARTESIAN_POINT('Ctrl Pts',(-18.3742257664733,15.6165645009461,1.));
#11559=CARTESIAN_POINT('Ctrl Pts',(-18.0646874361353,15.3390294123169,0.));
#11560=CARTESIAN_POINT('Ctrl Pts',(-18.0646874361353,15.3390294123169,1.));
#11561=CARTESIAN_POINT('Ctrl Pts',(-17.4406337859985,14.7794968177238,0.));
#11562=CARTESIAN_POINT('Ctrl Pts',(-17.4406337859985,14.7794968177238,1.));
#11563=CARTESIAN_POINT('Ctrl Pts',(-16.6054911123643,14.7033649434408,0.));
#11564=CARTESIAN_POINT('Ctrl Pts',(-16.6054911123643,14.7033649434408,1.));
#11565=CARTESIAN_POINT('Ctrl Pts',(-16.1845895360046,14.6649954205933,0.));
#11566=CARTESIAN_POINT('Ctrl Pts',(-16.1845895360046,14.6649954205933,1.));
#11567=CARTESIAN_POINT('',(-18.3742257664733,15.6165645009461,0.));
#11568=CARTESIAN_POINT('Ctrl Pts',(-18.3742257664733,15.6165645009461,0.));
#11569=CARTESIAN_POINT('Ctrl Pts',(-18.0646874361353,15.3390294123169,0.));
#11570=CARTESIAN_POINT('Ctrl Pts',(-17.4406337859985,14.7794968177238,0.));
#11571=CARTESIAN_POINT('Ctrl Pts',(-16.6054911123643,14.7033649434408,0.));
#11572=CARTESIAN_POINT('Ctrl Pts',(-16.1845895360046,14.6649954205933,0.));
#11573=CARTESIAN_POINT('',(-18.3742257664733,15.6165645009461,1.));
#11574=CARTESIAN_POINT('',(-18.3742257664733,15.6165645009461,0.));
#11575=CARTESIAN_POINT('Ctrl Pts',(-18.3742257664733,15.6165645009461,1.));
#11576=CARTESIAN_POINT('Ctrl Pts',(-18.0646874361353,15.3390294123169,1.));
#11577=CARTESIAN_POINT('Ctrl Pts',(-17.4406337859985,14.7794968177238,1.));
#11578=CARTESIAN_POINT('Ctrl Pts',(-16.6054911123643,14.7033649434408,1.));
#11579=CARTESIAN_POINT('Ctrl Pts',(-16.1845895360046,14.6649954205933,1.));
#11580=CARTESIAN_POINT('Ctrl Pts',(-19.2405244420104,18.3757731801453,0.));
#11581=CARTESIAN_POINT('Ctrl Pts',(-19.2405244420104,18.3757731801453,1.));
#11582=CARTESIAN_POINT('Ctrl Pts',(-19.2199292466836,17.8273641968161,0.));
#11583=CARTESIAN_POINT('Ctrl Pts',(-19.2199292466836,17.8273641968161,1.));
#11584=CARTESIAN_POINT('Ctrl Pts',(-19.1822454743033,16.823920482336,0.));
#11585=CARTESIAN_POINT('Ctrl Pts',(-19.1822454743033,16.823920482336,1.));
#11586=CARTESIAN_POINT('Ctrl Pts',(-18.6263220738397,15.993250838712,0.));
#11587=CARTESIAN_POINT('Ctrl Pts',(-18.6263220738397,15.993250838712,1.));
#11588=CARTESIAN_POINT('Ctrl Pts',(-18.3742257664733,15.6165645009461,0.));
#11589=CARTESIAN_POINT('Ctrl Pts',(-18.3742257664733,15.6165645009461,1.));
#11590=CARTESIAN_POINT('',(-19.2405244420104,18.3757731801453,0.));
#11591=CARTESIAN_POINT('Ctrl Pts',(-19.2405244420104,18.3757731801453,0.));
#11592=CARTESIAN_POINT('Ctrl Pts',(-19.2199292466836,17.8273641968161,0.));
#11593=CARTESIAN_POINT('Ctrl Pts',(-19.1822454743033,16.823920482336,0.));
#11594=CARTESIAN_POINT('Ctrl Pts',(-18.6263220738397,15.993250838712,0.));
#11595=CARTESIAN_POINT('Ctrl Pts',(-18.3742257664733,15.6165645009461,0.));
#11596=CARTESIAN_POINT('',(-19.2405244420104,18.3757731801453,1.));
#11597=CARTESIAN_POINT('',(-19.2405244420104,18.3757731801453,0.));
#11598=CARTESIAN_POINT('Ctrl Pts',(-19.2405244420104,18.3757731801453,1.));
#11599=CARTESIAN_POINT('Ctrl Pts',(-19.2199292466836,17.8273641968161,1.));
#11600=CARTESIAN_POINT('Ctrl Pts',(-19.1822454743033,16.823920482336,1.));
#11601=CARTESIAN_POINT('Ctrl Pts',(-18.6263220738397,15.993250838712,1.));
#11602=CARTESIAN_POINT('Ctrl Pts',(-18.3742257664733,15.6165645009461,1.));
#11603=CARTESIAN_POINT('Ctrl Pts',(-18.4458467076354,21.1247513181153,0.));
#11604=CARTESIAN_POINT('Ctrl Pts',(-18.4458467076354,21.1247513181153,1.));
#11605=CARTESIAN_POINT('Ctrl Pts',(-18.6774798609464,20.7201633907919,0.));
#11606=CARTESIAN_POINT('Ctrl Pts',(-18.6774798609464,20.7201633907919,1.));
#11607=CARTESIAN_POINT('Ctrl Pts',(-19.1642986263872,19.8698490360614,0.));
#11608=CARTESIAN_POINT('Ctrl Pts',(-19.1642986263872,19.8698490360614,1.));
#11609=CARTESIAN_POINT('Ctrl Pts',(-19.2143093252161,18.8896066201967,0.));
#11610=CARTESIAN_POINT('Ctrl Pts',(-19.2143093252161,18.8896066201967,1.));
#11611=CARTESIAN_POINT('Ctrl Pts',(-19.2405244420104,18.3757731801453,0.));
#11612=CARTESIAN_POINT('Ctrl Pts',(-19.2405244420104,18.3757731801453,1.));
#11613=CARTESIAN_POINT('',(-18.4458467076354,21.1247513181153,0.));
#11614=CARTESIAN_POINT('Ctrl Pts',(-18.4458467076354,21.1247513181153,0.));
#11615=CARTESIAN_POINT('Ctrl Pts',(-18.6774798609464,20.7201633907919,0.));
#11616=CARTESIAN_POINT('Ctrl Pts',(-19.1642986263872,19.8698490360614,0.));
#11617=CARTESIAN_POINT('Ctrl Pts',(-19.2143093252161,18.8896066201967,0.));
#11618=CARTESIAN_POINT('Ctrl Pts',(-19.2405244420104,18.3757731801453,0.));
#11619=CARTESIAN_POINT('',(-18.4458467076354,21.1247513181153,1.));
#11620=CARTESIAN_POINT('',(-18.4458467076354,21.1247513181153,0.));
#11621=CARTESIAN_POINT('Ctrl Pts',(-18.4458467076354,21.1247513181153,1.));
#11622=CARTESIAN_POINT('Ctrl Pts',(-18.6774798609464,20.7201633907919,1.));
#11623=CARTESIAN_POINT('Ctrl Pts',(-19.1642986263872,19.8698490360614,1.));
#11624=CARTESIAN_POINT('Ctrl Pts',(-19.2143093252161,18.8896066201967,1.));
#11625=CARTESIAN_POINT('Ctrl Pts',(-19.2405244420104,18.3757731801453,1.));
#11626=CARTESIAN_POINT('Ctrl Pts',(-16.1982270787292,22.2366187459412,0.));
#11627=CARTESIAN_POINT('Ctrl Pts',(-16.1982270787292,22.2366187459412,1.));
#11628=CARTESIAN_POINT('Ctrl Pts',(-16.6526026876499,22.1937466215469,0.));
#11629=CARTESIAN_POINT('Ctrl Pts',(-16.6526026876499,22.1937466215469,1.));
#11630=CARTESIAN_POINT('Ctrl Pts',(-17.5451571142127,22.1095306036687,0.));
#11631=CARTESIAN_POINT('Ctrl Pts',(-17.5451571142127,22.1095306036687,1.));
#11632=CARTESIAN_POINT('Ctrl Pts',(-18.149271039426,21.4490157226166,0.));
#11633=CARTESIAN_POINT('Ctrl Pts',(-18.149271039426,21.4490157226166,1.));
#11634=CARTESIAN_POINT('Ctrl Pts',(-18.4458467076354,21.1247513181153,0.));
#11635=CARTESIAN_POINT('Ctrl Pts',(-18.4458467076354,21.1247513181153,1.));
#11636=CARTESIAN_POINT('',(-16.1982270787292,22.2366187459412,0.));
#11637=CARTESIAN_POINT('Ctrl Pts',(-16.1982270787292,22.2366187459412,0.));
#11638=CARTESIAN_POINT('Ctrl Pts',(-16.6526026876499,22.1937466215469,0.));
#11639=CARTESIAN_POINT('Ctrl Pts',(-17.5451571142127,22.1095306036687,0.));
#11640=CARTESIAN_POINT('Ctrl Pts',(-18.149271039426,21.4490157226166,0.));
#11641=CARTESIAN_POINT('Ctrl Pts',(-18.4458467076354,21.1247513181153,0.));
#11642=CARTESIAN_POINT('',(-16.1982270787292,22.2366187459412,1.));
#11643=CARTESIAN_POINT('',(-16.1982270787292,22.2366187459412,0.));
#11644=CARTESIAN_POINT('Ctrl Pts',(-16.1982270787292,22.2366187459412,1.));
#11645=CARTESIAN_POINT('Ctrl Pts',(-16.6526026876499,22.1937466215469,1.));
#11646=CARTESIAN_POINT('Ctrl Pts',(-17.5451571142127,22.1095306036687,1.));
#11647=CARTESIAN_POINT('Ctrl Pts',(-18.149271039426,21.4490157226166,1.));
#11648=CARTESIAN_POINT('Ctrl Pts',(-18.4458467076354,21.1247513181153,1.));
#11649=CARTESIAN_POINT('Ctrl Pts',(-14.8544427464538,21.9160196668091,0.));
#11650=CARTESIAN_POINT('Ctrl Pts',(-14.8544427464538,21.9160196668091,1.));
#11651=CARTESIAN_POINT('Ctrl Pts',(-15.0643877425805,22.009519121738,0.));
#11652=CARTESIAN_POINT('Ctrl Pts',(-15.0643877425805,22.009519121738,1.));
#11653=CARTESIAN_POINT('Ctrl Pts',(-15.4921587773207,22.2000278707935,0.));
#11654=CARTESIAN_POINT('Ctrl Pts',(-15.4921587773207,22.2000278707935,1.));
#11655=CARTESIAN_POINT('Ctrl Pts',(-15.9599978992079,22.2242728947721,0.));
#11656=CARTESIAN_POINT('Ctrl Pts',(-15.9599978992079,22.2242728947721,1.));
#11657=CARTESIAN_POINT('Ctrl Pts',(-16.1982270787292,22.2366187459412,0.));
#11658=CARTESIAN_POINT('Ctrl Pts',(-16.1982270787292,22.2366187459412,1.));
#11659=CARTESIAN_POINT('',(-14.8544427464538,21.9160196668091,0.));
#11660=CARTESIAN_POINT('Ctrl Pts',(-14.8544427464538,21.9160196668091,0.));
#11661=CARTESIAN_POINT('Ctrl Pts',(-15.0643877425805,22.009519121738,0.));
#11662=CARTESIAN_POINT('Ctrl Pts',(-15.4921587773207,22.2000278707935,0.));
#11663=CARTESIAN_POINT('Ctrl Pts',(-15.9599978992079,22.2242728947721,0.));
#11664=CARTESIAN_POINT('Ctrl Pts',(-16.1982270787292,22.2366187459412,0.));
#11665=CARTESIAN_POINT('',(-14.8544427464538,21.9160196668091,1.));
#11666=CARTESIAN_POINT('',(-14.8544427464538,21.9160196668091,0.));
#11667=CARTESIAN_POINT('Ctrl Pts',(-14.8544427464538,21.9160196668091,1.));
#11668=CARTESIAN_POINT('Ctrl Pts',(-15.0643877425805,22.009519121738,1.));
#11669=CARTESIAN_POINT('Ctrl Pts',(-15.4921587773207,22.2000278707935,1.));
#11670=CARTESIAN_POINT('Ctrl Pts',(-15.9599978992079,22.2242728947721,1.));
#11671=CARTESIAN_POINT('Ctrl Pts',(-16.1982270787292,22.2366187459412,1.));
#11672=CARTESIAN_POINT('Ctrl Pts',(-13.8653489659362,21.001965749878,0.));
#11673=CARTESIAN_POINT('Ctrl Pts',(-13.8653489659362,21.001965749878,1.));
#11674=CARTESIAN_POINT('Ctrl Pts',(-14.0281026650791,21.2012267138792,0.));
#11675=CARTESIAN_POINT('Ctrl Pts',(-14.0281026650791,21.2012267138792,1.));
#11676=CARTESIAN_POINT('Ctrl Pts',(-14.3154200778078,21.5529922647463,0.));
#11677=CARTESIAN_POINT('Ctrl Pts',(-14.3154200778078,21.5529922647463,1.));
#11678=CARTESIAN_POINT('Ctrl Pts',(-14.6914280778424,21.8062306076722,0.));
#11679=CARTESIAN_POINT('Ctrl Pts',(-14.6914280778424,21.8062306076722,1.));
#11680=CARTESIAN_POINT('Ctrl Pts',(-14.8544427464538,21.9160196668091,0.));
#11681=CARTESIAN_POINT('Ctrl Pts',(-14.8544427464538,21.9160196668091,1.));
#11682=CARTESIAN_POINT('',(-13.8653489659362,21.001965749878,0.));
#11683=CARTESIAN_POINT('Ctrl Pts',(-13.8653489659362,21.001965749878,0.));
#11684=CARTESIAN_POINT('Ctrl Pts',(-14.0281026650791,21.2012267138792,0.));
#11685=CARTESIAN_POINT('Ctrl Pts',(-14.3154200778078,21.5529922647463,0.));
#11686=CARTESIAN_POINT('Ctrl Pts',(-14.6914280778424,21.8062306076722,0.));
#11687=CARTESIAN_POINT('Ctrl Pts',(-14.8544427464538,21.9160196668091,0.));
#11688=CARTESIAN_POINT('',(-13.8653489659362,21.001965749878,1.));
#11689=CARTESIAN_POINT('',(-13.8653489659362,21.001965749878,0.));
#11690=CARTESIAN_POINT('Ctrl Pts',(-13.8653489659362,21.001965749878,1.));
#11691=CARTESIAN_POINT('Ctrl Pts',(-14.0281026650791,21.2012267138792,1.));
#11692=CARTESIAN_POINT('Ctrl Pts',(-14.3154200778078,21.5529922647463,1.));
#11693=CARTESIAN_POINT('Ctrl Pts',(-14.6914280778424,21.8062306076722,1.));
#11694=CARTESIAN_POINT('Ctrl Pts',(-14.8544427464538,21.9160196668091,1.));
#11695=CARTESIAN_POINT('Origin',(-13.8653489659362,22.0729086286011,0.));
#11696=CARTESIAN_POINT('',(-13.8653489659362,22.0729086286011,0.));
#11697=CARTESIAN_POINT('',(-13.8653489659362,17.2099563962403,0.));
#11698=CARTESIAN_POINT('',(-13.8653489659362,22.0729086286011,1.));
#11699=CARTESIAN_POINT('',(-13.8653489659362,22.0729086286011,0.));
#11700=CARTESIAN_POINT('',(-13.8653489659362,22.0729086286011,1.));
#11701=CARTESIAN_POINT('Origin',(-11.2664529393249,22.0729086286011,0.));
#11702=CARTESIAN_POINT('',(-11.2664529393249,22.0729086286011,0.));
#11703=CARTESIAN_POINT('',(4.75333425548611,22.0729086286011,0.));
#11704=CARTESIAN_POINT('',(-11.2664529393249,22.0729086286011,1.));
#11705=CARTESIAN_POINT('',(-11.2664529393249,22.0729086286011,0.));
#11706=CARTESIAN_POINT('',(-11.2664529393249,22.0729086286011,1.));
#11707=CARTESIAN_POINT('Origin',(-11.2664529393249,12.0729086286011,0.));
#11708=CARTESIAN_POINT('',(-11.2664529393249,12.0729086286011,0.));
#11709=CARTESIAN_POINT('',(-11.2664529393249,12.2099563962403,0.));
#11710=CARTESIAN_POINT('',(-11.2664529393249,12.0729086286011,1.));
#11711=CARTESIAN_POINT('',(-11.2664529393249,12.0729086286011,0.));
#11712=CARTESIAN_POINT('',(-11.2664529393249,12.0729086286011,1.));
#11713=CARTESIAN_POINT('Origin',(-14.0699884007507,12.0729086286011,0.));
#11714=CARTESIAN_POINT('',(3.35156652477322,12.0729086286011,0.));
#11715=CARTESIAN_POINT('',(-14.0699884007507,12.0729086286011,1.));
#11716=CARTESIAN_POINT('Origin',(20.7731232335038,9.89691590132145,1.));
#11717=CARTESIAN_POINT('Ctrl Pts',(-6.56998840075065,16.9808194524231,0.));
#11718=CARTESIAN_POINT('Ctrl Pts',(-6.56998840075065,16.9808194524231,1.));
#11719=CARTESIAN_POINT('Ctrl Pts',(-6.6186269772987,17.1035862491604,0.));
#11720=CARTESIAN_POINT('Ctrl Pts',(-6.6186269772987,17.1035862491604,1.));
#11721=CARTESIAN_POINT('Ctrl Pts',(-6.72562131098438,17.3736466116931,0.));
#11722=CARTESIAN_POINT('Ctrl Pts',(-6.72562131098438,17.3736466116931,1.));
#11723=CARTESIAN_POINT('Ctrl Pts',(-6.73305557019688,17.6645733618948,0.));
#11724=CARTESIAN_POINT('Ctrl Pts',(-6.73305557019688,17.6645733618948,1.));
#11725=CARTESIAN_POINT('Ctrl Pts',(-6.73711028795768,17.8232476598206,0.));
#11726=CARTESIAN_POINT('Ctrl Pts',(-6.73711028795768,17.8232476598206,1.));
#11727=CARTESIAN_POINT('',(-6.56998840075065,16.9808194524231,0.));
#11728=CARTESIAN_POINT('',(-6.73711028795768,17.8232476598206,0.));
#11729=CARTESIAN_POINT('Ctrl Pts',(-6.56998840075065,16.9808194524231,0.));
#11730=CARTESIAN_POINT('Ctrl Pts',(-6.6186269772987,17.1035862491604,0.));
#11731=CARTESIAN_POINT('Ctrl Pts',(-6.72562131098438,17.3736466116931,0.));
#11732=CARTESIAN_POINT('Ctrl Pts',(-6.73305557019688,17.6645733618948,0.));
#11733=CARTESIAN_POINT('Ctrl Pts',(-6.73711028795768,17.8232476598206,0.));
#11734=CARTESIAN_POINT('',(-6.56998840075065,16.9808194524231,1.));
#11735=CARTESIAN_POINT('',(-6.56998840075065,16.9808194524231,0.));
#11736=CARTESIAN_POINT('',(-6.73711028795768,17.8232476598206,1.));
#11737=CARTESIAN_POINT('Ctrl Pts',(-6.56998840075065,16.9808194524231,1.));
#11738=CARTESIAN_POINT('Ctrl Pts',(-6.6186269772987,17.1035862491604,1.));
#11739=CARTESIAN_POINT('Ctrl Pts',(-6.72562131098438,17.3736466116931,1.));
#11740=CARTESIAN_POINT('Ctrl Pts',(-6.73305557019688,17.6645733618948,1.));
#11741=CARTESIAN_POINT('Ctrl Pts',(-6.73711028795768,17.8232476598206,1.));
#11742=CARTESIAN_POINT('',(-6.73711028795768,17.8232476598206,0.));
#11743=CARTESIAN_POINT('Ctrl Pts',(-6.00383010607292,16.4317057019654,0.));
#11744=CARTESIAN_POINT('Ctrl Pts',(-6.00383010607292,16.4317057019654,1.));
#11745=CARTESIAN_POINT('Ctrl Pts',(-6.12519719958907,16.507201564554,0.));
#11746=CARTESIAN_POINT('Ctrl Pts',(-6.12519719958907,16.507201564554,1.));
#11747=CARTESIAN_POINT('Ctrl Pts',(-6.35407246812253,16.6495724109057,0.));
#11748=CARTESIAN_POINT('Ctrl Pts',(-6.35407246812253,16.6495724109057,1.));
#11749=CARTESIAN_POINT('Ctrl Pts',(-6.50098165169968,16.8749528718997,0.));
#11750=CARTESIAN_POINT('Ctrl Pts',(-6.50098165169968,16.8749528718997,1.));
#11751=CARTESIAN_POINT('Ctrl Pts',(-6.56998840075065,16.9808194524231,0.));
#11752=CARTESIAN_POINT('Ctrl Pts',(-6.56998840075065,16.9808194524231,1.));
#11753=CARTESIAN_POINT('',(-6.00383010607292,16.4317057019654,0.));
#11754=CARTESIAN_POINT('Ctrl Pts',(-6.00383010607292,16.4317057019654,0.));
#11755=CARTESIAN_POINT('Ctrl Pts',(-6.12519719958907,16.507201564554,0.));
#11756=CARTESIAN_POINT('Ctrl Pts',(-6.35407246812253,16.6495724109057,0.));
#11757=CARTESIAN_POINT('Ctrl Pts',(-6.50098165169968,16.8749528718997,0.));
#11758=CARTESIAN_POINT('Ctrl Pts',(-6.56998840075065,16.9808194524231,0.));
#11759=CARTESIAN_POINT('',(-6.00383010607292,16.4317057019654,1.));
#11760=CARTESIAN_POINT('',(-6.00383010607292,16.4317057019654,0.));
#11761=CARTESIAN_POINT('Ctrl Pts',(-6.00383010607292,16.4317057019654,1.));
#11762=CARTESIAN_POINT('Ctrl Pts',(-6.12519719958907,16.507201564554,1.));
#11763=CARTESIAN_POINT('Ctrl Pts',(-6.35407246812253,16.6495724109057,1.));
#11764=CARTESIAN_POINT('Ctrl Pts',(-6.50098165169968,16.8749528718997,1.));
#11765=CARTESIAN_POINT('Ctrl Pts',(-6.56998840075065,16.9808194524231,1.));
#11766=CARTESIAN_POINT('Ctrl Pts',(-5.14092651110222,16.2066051846924,0.));
#11767=CARTESIAN_POINT('Ctrl Pts',(-5.14092651110222,16.2066051846924,1.));
#11768=CARTESIAN_POINT('Ctrl Pts',(-5.29262767751021,16.2158624747747,0.));
#11769=CARTESIAN_POINT('Ctrl Pts',(-5.29262767751021,16.2158624747747,1.));
#11770=CARTESIAN_POINT('Ctrl Pts',(-5.59504738823755,16.2343170921986,0.));
#11771=CARTESIAN_POINT('Ctrl Pts',(-5.59504738823755,16.2343170921986,1.));
#11772=CARTESIAN_POINT('Ctrl Pts',(-5.86786467943131,16.3660521765834,0.));
#11773=CARTESIAN_POINT('Ctrl Pts',(-5.86786467943131,16.3660521765834,1.));
#11774=CARTESIAN_POINT('Ctrl Pts',(-6.00383010607292,16.4317057019654,0.));
#11775=CARTESIAN_POINT('Ctrl Pts',(-6.00383010607292,16.4317057019654,1.));
#11776=CARTESIAN_POINT('',(-5.14092651110222,16.2066051846924,0.));
#11777=CARTESIAN_POINT('Ctrl Pts',(-5.14092651110222,16.2066051846924,0.));
#11778=CARTESIAN_POINT('Ctrl Pts',(-5.29262767751021,16.2158624747747,0.));
#11779=CARTESIAN_POINT('Ctrl Pts',(-5.59504738823755,16.2343170921986,0.));
#11780=CARTESIAN_POINT('Ctrl Pts',(-5.86786467943131,16.3660521765834,0.));
#11781=CARTESIAN_POINT('Ctrl Pts',(-6.00383010607292,16.4317057019654,0.));
#11782=CARTESIAN_POINT('',(-5.14092651110222,16.2066051846924,1.));
#11783=CARTESIAN_POINT('',(-5.14092651110222,16.2066051846924,0.));
#11784=CARTESIAN_POINT('Ctrl Pts',(-5.14092651110222,16.2066051846924,1.));
#11785=CARTESIAN_POINT('Ctrl Pts',(-5.29262767751021,16.2158624747747,1.));
#11786=CARTESIAN_POINT('Ctrl Pts',(-5.59504738823755,16.2343170921986,1.));
#11787=CARTESIAN_POINT('Ctrl Pts',(-5.86786467943131,16.3660521765834,1.));
#11788=CARTESIAN_POINT('Ctrl Pts',(-6.00383010607292,16.4317057019654,1.));
#11789=CARTESIAN_POINT('Ctrl Pts',(-4.46904388170768,16.414654005188,0.));
#11790=CARTESIAN_POINT('Ctrl Pts',(-4.46904388170768,16.414654005188,1.));
#11791=CARTESIAN_POINT('Ctrl Pts',(-4.56030627912478,16.3541262741663,0.));
#11792=CARTESIAN_POINT('Ctrl Pts',(-4.56030627912478,16.3541262741663,1.));
#11793=CARTESIAN_POINT('Ctrl Pts',(-4.76282000838285,16.2198136012619,0.));
#11794=CARTESIAN_POINT('Ctrl Pts',(-4.76282000838285,16.2198136012619,1.));
#11795=CARTESIAN_POINT('Ctrl Pts',(-5.00686170523148,16.2112884783954,0.));
#11796=CARTESIAN_POINT('Ctrl Pts',(-5.00686170523148,16.2112884783954,1.));
#11797=CARTESIAN_POINT('Ctrl Pts',(-5.14092651110222,16.2066051846924,0.));
#11798=CARTESIAN_POINT('Ctrl Pts',(-5.14092651110222,16.2066051846924,1.));
#11799=CARTESIAN_POINT('',(-4.46904388170768,16.414654005188,0.));
#11800=CARTESIAN_POINT('Ctrl Pts',(-4.46904388170768,16.414654005188,0.));
#11801=CARTESIAN_POINT('Ctrl Pts',(-4.56030627912478,16.3541262741663,0.));
#11802=CARTESIAN_POINT('Ctrl Pts',(-4.76282000838285,16.2198136012619,0.));
#11803=CARTESIAN_POINT('Ctrl Pts',(-5.00686170523148,16.2112884783954,0.));
#11804=CARTESIAN_POINT('Ctrl Pts',(-5.14092651110222,16.2066051846924,0.));
#11805=CARTESIAN_POINT('',(-4.46904388170768,16.414654005188,1.));
#11806=CARTESIAN_POINT('',(-4.46904388170768,16.414654005188,0.));
#11807=CARTESIAN_POINT('Ctrl Pts',(-4.46904388170768,16.414654005188,1.));
#11808=CARTESIAN_POINT('Ctrl Pts',(-4.56030627912478,16.3541262741663,1.));
#11809=CARTESIAN_POINT('Ctrl Pts',(-4.76282000838285,16.2198136012619,1.));
#11810=CARTESIAN_POINT('Ctrl Pts',(-5.00686170523148,16.2112884783954,1.));
#11811=CARTESIAN_POINT('Ctrl Pts',(-5.14092651110222,16.2066051846924,1.));
#11812=CARTESIAN_POINT('Ctrl Pts',(-4.24052444201042,16.9501230603638,0.));
#11813=CARTESIAN_POINT('Ctrl Pts',(-4.24052444201042,16.9501230603638,1.));
#11814=CARTESIAN_POINT('Ctrl Pts',(-4.24940119204074,16.8465480274386,0.));
#11815=CARTESIAN_POINT('Ctrl Pts',(-4.24940119204074,16.8465480274386,1.));
#11816=CARTESIAN_POINT('Ctrl Pts',(-4.26686727020897,16.642751636285,0.));
#11817=CARTESIAN_POINT('Ctrl Pts',(-4.26686727020897,16.642751636285,1.));
#11818=CARTESIAN_POINT('Ctrl Pts',(-4.40239509344577,16.4898478201666,0.));
#11819=CARTESIAN_POINT('Ctrl Pts',(-4.40239509344577,16.4898478201666,1.));
#11820=CARTESIAN_POINT('Ctrl Pts',(-4.46904388170768,16.414654005188,0.));
#11821=CARTESIAN_POINT('Ctrl Pts',(-4.46904388170768,16.414654005188,1.));
#11822=CARTESIAN_POINT('',(-4.24052444201042,16.9501230603638,0.));
#11823=CARTESIAN_POINT('Ctrl Pts',(-4.24052444201042,16.9501230603638,0.));
#11824=CARTESIAN_POINT('Ctrl Pts',(-4.24940119204074,16.8465480274386,0.));
#11825=CARTESIAN_POINT('Ctrl Pts',(-4.26686727020897,16.642751636285,0.));
#11826=CARTESIAN_POINT('Ctrl Pts',(-4.40239509344577,16.4898478201666,0.));
#11827=CARTESIAN_POINT('Ctrl Pts',(-4.46904388170768,16.414654005188,0.));
#11828=CARTESIAN_POINT('',(-4.24052444201042,16.9501230603638,1.));
#11829=CARTESIAN_POINT('',(-4.24052444201042,16.9501230603638,0.));
#11830=CARTESIAN_POINT('Ctrl Pts',(-4.24052444201042,16.9501230603638,1.));
#11831=CARTESIAN_POINT('Ctrl Pts',(-4.24940119204074,16.8465480274386,1.));
#11832=CARTESIAN_POINT('Ctrl Pts',(-4.26686727020897,16.642751636285,1.));
#11833=CARTESIAN_POINT('Ctrl Pts',(-4.40239509344577,16.4898478201666,1.));
#11834=CARTESIAN_POINT('Ctrl Pts',(-4.46904388170768,16.414654005188,1.));
#11835=CARTESIAN_POINT('Ctrl Pts',(-4.47243896227409,17.4617216473999,0.));
#11836=CARTESIAN_POINT('Ctrl Pts',(-4.47243896227409,17.4617216473999,1.));
#11837=CARTESIAN_POINT('Ctrl Pts',(-4.40482271360633,17.3858583821985,0.));
#11838=CARTESIAN_POINT('Ctrl Pts',(-4.40482271360633,17.3858583821985,1.));
#11839=CARTESIAN_POINT('Ctrl Pts',(-4.27402952027286,17.2391126086915,0.));
#11840=CARTESIAN_POINT('Ctrl Pts',(-4.27402952027286,17.2391126086915,1.));
#11841=CARTESIAN_POINT('Ctrl Pts',(-4.25143719640261,17.0442482535095,0.));
#11842=CARTESIAN_POINT('Ctrl Pts',(-4.25143719640261,17.0442482535095,1.));
#11843=CARTESIAN_POINT('Ctrl Pts',(-4.24052444201042,16.9501230603638,0.));
#11844=CARTESIAN_POINT('Ctrl Pts',(-4.24052444201042,16.9501230603638,1.));
#11845=CARTESIAN_POINT('',(-4.47243896227409,17.4617216473999,0.));
#11846=CARTESIAN_POINT('Ctrl Pts',(-4.47243896227409,17.4617216473999,0.));
#11847=CARTESIAN_POINT('Ctrl Pts',(-4.40482271360633,17.3858583821985,0.));
#11848=CARTESIAN_POINT('Ctrl Pts',(-4.27402952027286,17.2391126086915,0.));
#11849=CARTESIAN_POINT('Ctrl Pts',(-4.25143719640261,17.0442482535095,0.));
#11850=CARTESIAN_POINT('Ctrl Pts',(-4.24052444201042,16.9501230603638,0.));
#11851=CARTESIAN_POINT('',(-4.47243896227409,17.4617216473999,1.));
#11852=CARTESIAN_POINT('',(-4.47243896227409,17.4617216473999,0.));
#11853=CARTESIAN_POINT('Ctrl Pts',(-4.47243896227409,17.4617216473999,1.));
#11854=CARTESIAN_POINT('Ctrl Pts',(-4.40482271360633,17.3858583821985,1.));
#11855=CARTESIAN_POINT('Ctrl Pts',(-4.27402952027286,17.2391126086915,1.));
#11856=CARTESIAN_POINT('Ctrl Pts',(-4.25143719640261,17.0442482535095,1.));
#11857=CARTESIAN_POINT('Ctrl Pts',(-4.24052444201042,16.9501230603638,1.));
#11858=CARTESIAN_POINT('Ctrl Pts',(-5.54339614611198,17.9051039105835,0.));
#11859=CARTESIAN_POINT('Ctrl Pts',(-5.54339614611198,17.9051039105835,1.));
#11860=CARTESIAN_POINT('Ctrl Pts',(-5.30670163717096,17.8451819287697,0.));
#11861=CARTESIAN_POINT('Ctrl Pts',(-5.30670163717096,17.8451819287697,1.));
#11862=CARTESIAN_POINT('Ctrl Pts',(-4.92675458084026,17.7489938900125,0.));
#11863=CARTESIAN_POINT('Ctrl Pts',(-4.92675458084026,17.7489938900125,1.));
#11864=CARTESIAN_POINT('Ctrl Pts',(-4.59683100923996,17.5403770597052,0.));
#11865=CARTESIAN_POINT('Ctrl Pts',(-4.59683100923996,17.5403770597052,1.));
#11866=CARTESIAN_POINT('Ctrl Pts',(-4.47243896227409,17.4617216473999,0.));
#11867=CARTESIAN_POINT('Ctrl Pts',(-4.47243896227409,17.4617216473999,1.));
#11868=CARTESIAN_POINT('',(-5.54339614611198,17.9051039105835,0.));
#11869=CARTESIAN_POINT('Ctrl Pts',(-5.54339614611198,17.9051039105835,0.));
#11870=CARTESIAN_POINT('Ctrl Pts',(-5.30670163717096,17.8451819287697,0.));
#11871=CARTESIAN_POINT('Ctrl Pts',(-4.92675458084026,17.7489938900125,0.));
#11872=CARTESIAN_POINT('Ctrl Pts',(-4.59683100923996,17.5403770597052,0.));
#11873=CARTESIAN_POINT('Ctrl Pts',(-4.47243896227409,17.4617216473999,0.));
#11874=CARTESIAN_POINT('',(-5.54339614611198,17.9051039105835,1.));
#11875=CARTESIAN_POINT('',(-5.54339614611198,17.9051039105835,0.));
#11876=CARTESIAN_POINT('Ctrl Pts',(-5.54339614611198,17.9051039105835,1.));
#11877=CARTESIAN_POINT('Ctrl Pts',(-5.30670163717096,17.8451819287697,1.));
#11878=CARTESIAN_POINT('Ctrl Pts',(-4.92675458084026,17.7489938900125,1.));
#11879=CARTESIAN_POINT('Ctrl Pts',(-4.59683100923996,17.5403770597052,1.));
#11880=CARTESIAN_POINT('Ctrl Pts',(-4.47243896227409,17.4617216473999,1.));
#11881=CARTESIAN_POINT('Ctrl Pts',(-6.73711028795768,18.26663230719,0.));
#11882=CARTESIAN_POINT('Ctrl Pts',(-6.73711028795768,18.26663230719,1.));
#11883=CARTESIAN_POINT('Ctrl Pts',(-6.54283624586002,18.2000854743653,0.));
#11884=CARTESIAN_POINT('Ctrl Pts',(-6.54283624586002,18.2000854743653,1.));
#11885=CARTESIAN_POINT('Ctrl Pts',(-6.14926830779975,18.0652723027422,0.));
#11886=CARTESIAN_POINT('Ctrl Pts',(-6.14926830779975,18.0652723027422,1.));
#11887=CARTESIAN_POINT('Ctrl Pts',(-5.74706353812255,17.958945431578,0.));
#11888=CARTESIAN_POINT('Ctrl Pts',(-5.74706353812255,17.958945431578,1.));
#11889=CARTESIAN_POINT('Ctrl Pts',(-5.54339614611198,17.9051039105835,0.));
#11890=CARTESIAN_POINT('Ctrl Pts',(-5.54339614611198,17.9051039105835,1.));
#11891=CARTESIAN_POINT('',(-6.73711028795768,18.26663230719,0.));
#11892=CARTESIAN_POINT('Ctrl Pts',(-6.73711028795768,18.26663230719,0.));
#11893=CARTESIAN_POINT('Ctrl Pts',(-6.54283624586002,18.2000854743653,0.));
#11894=CARTESIAN_POINT('Ctrl Pts',(-6.14926830779975,18.0652723027422,0.));
#11895=CARTESIAN_POINT('Ctrl Pts',(-5.74706353812255,17.958945431578,0.));
#11896=CARTESIAN_POINT('Ctrl Pts',(-5.54339614611198,17.9051039105835,0.));
#11897=CARTESIAN_POINT('',(-6.73711028795768,18.26663230719,1.));
#11898=CARTESIAN_POINT('',(-6.73711028795768,18.26663230719,0.));
#11899=CARTESIAN_POINT('Ctrl Pts',(-6.73711028795768,18.26663230719,1.));
#11900=CARTESIAN_POINT('Ctrl Pts',(-6.54283624586002,18.2000854743653,1.));
#11901=CARTESIAN_POINT('Ctrl Pts',(-6.14926830779975,18.0652723027422,1.));
#11902=CARTESIAN_POINT('Ctrl Pts',(-5.74706353812255,17.958945431578,1.));
#11903=CARTESIAN_POINT('Ctrl Pts',(-5.54339614611198,17.9051039105835,1.));
#11904=CARTESIAN_POINT('Origin',(-6.73711028795768,17.8232476598206,0.));
#11905=CARTESIAN_POINT('',(-6.73711028795768,15.08512591185,0.));
#11906=CARTESIAN_POINT('',(-6.73711028795768,17.8232476598206,1.));
#11907=CARTESIAN_POINT('Ctrl Pts',(-5.78213897448112,20.5858681088868,0.));
#11908=CARTESIAN_POINT('Ctrl Pts',(-5.78213897448112,20.5858681088868,1.));
#11909=CARTESIAN_POINT('Ctrl Pts',(-5.579650834344,20.5828403700453,0.));
#11910=CARTESIAN_POINT('Ctrl Pts',(-5.579650834344,20.5828403700453,1.));
#11911=CARTESIAN_POINT('Ctrl Pts',(-5.22287552946779,20.5775056257611,0.));
#11912=CARTESIAN_POINT('Ctrl Pts',(-5.22287552946779,20.5775056257611,1.));
#11913=CARTESIAN_POINT('Ctrl Pts',(-4.8990010376626,20.4309599225795,0.));
#11914=CARTESIAN_POINT('Ctrl Pts',(-4.8990010376626,20.4309599225795,1.));
#11915=CARTESIAN_POINT('Ctrl Pts',(-4.75894180040886,20.3675863629761,0.));
#11916=CARTESIAN_POINT('Ctrl Pts',(-4.75894180040886,20.3675863629761,1.));
#11917=CARTESIAN_POINT('',(-5.78213897448112,20.5858681088868,0.));
#11918=CARTESIAN_POINT('',(-4.75894180040886,20.3675863629761,0.));
#11919=CARTESIAN_POINT('Ctrl Pts',(-5.78213897448112,20.5858681088868,0.));
#11920=CARTESIAN_POINT('Ctrl Pts',(-5.579650834344,20.5828403700453,0.));
#11921=CARTESIAN_POINT('Ctrl Pts',(-5.22287552946779,20.5775056257611,0.));
#11922=CARTESIAN_POINT('Ctrl Pts',(-4.8990010376626,20.4309599225795,0.));
#11923=CARTESIAN_POINT('Ctrl Pts',(-4.75894180040886,20.3675863629761,0.));
#11924=CARTESIAN_POINT('',(-5.78213897448112,20.5858681088868,1.));
#11925=CARTESIAN_POINT('',(-5.78213897448112,20.5858681088868,0.));
#11926=CARTESIAN_POINT('',(-4.75894180040886,20.3675863629761,1.));
#11927=CARTESIAN_POINT('Ctrl Pts',(-5.78213897448112,20.5858681088868,1.));
#11928=CARTESIAN_POINT('Ctrl Pts',(-5.579650834344,20.5828403700453,1.));
#11929=CARTESIAN_POINT('Ctrl Pts',(-5.22287552946779,20.5775056257611,1.));
#11930=CARTESIAN_POINT('Ctrl Pts',(-4.8990010376626,20.4309599225795,1.));
#11931=CARTESIAN_POINT('Ctrl Pts',(-4.75894180040886,20.3675863629761,1.));
#11932=CARTESIAN_POINT('',(-4.75894180040886,20.3675863629761,0.));
#11933=CARTESIAN_POINT('Ctrl Pts',(-6.52566161852409,20.3812286740723,0.));
#11934=CARTESIAN_POINT('Ctrl Pts',(-6.52566161852409,20.3812286740723,1.));
#11935=CARTESIAN_POINT('Ctrl Pts',(-6.4309658725065,20.440540144371,0.));
#11936=CARTESIAN_POINT('Ctrl Pts',(-6.4309658725065,20.440540144371,1.));
#11937=CARTESIAN_POINT('Ctrl Pts',(-6.205580542894,20.5817073651308,0.));
#11938=CARTESIAN_POINT('Ctrl Pts',(-6.205580542894,20.5817073651308,1.));
#11939=CARTESIAN_POINT('Ctrl Pts',(-5.93755402957211,20.5843409980212,0.));
#11940=CARTESIAN_POINT('Ctrl Pts',(-5.93755402957211,20.5843409980212,1.));
#11941=CARTESIAN_POINT('Ctrl Pts',(-5.78213897448112,20.5858681088868,0.));
#11942=CARTESIAN_POINT('Ctrl Pts',(-5.78213897448112,20.5858681088868,1.));
#11943=CARTESIAN_POINT('',(-6.52566161852409,20.3812286740723,0.));
#11944=CARTESIAN_POINT('Ctrl Pts',(-6.52566161852409,20.3812286740723,0.));
#11945=CARTESIAN_POINT('Ctrl Pts',(-6.4309658725065,20.440540144371,0.));
#11946=CARTESIAN_POINT('Ctrl Pts',(-6.205580542894,20.5817073651308,0.));
#11947=CARTESIAN_POINT('Ctrl Pts',(-5.93755402957211,20.5843409980212,0.));
#11948=CARTESIAN_POINT('Ctrl Pts',(-5.78213897448112,20.5858681088868,0.));
#11949=CARTESIAN_POINT('',(-6.52566161852409,20.3812286740723,1.));
#11950=CARTESIAN_POINT('',(-6.52566161852409,20.3812286740723,0.));
#11951=CARTESIAN_POINT('Ctrl Pts',(-6.52566161852409,20.3812286740723,1.));
#11952=CARTESIAN_POINT('Ctrl Pts',(-6.4309658725065,20.440540144371,1.));
#11953=CARTESIAN_POINT('Ctrl Pts',(-6.205580542894,20.5817073651308,1.));
#11954=CARTESIAN_POINT('Ctrl Pts',(-5.93755402957211,20.5843409980212,1.));
#11955=CARTESIAN_POINT('Ctrl Pts',(-5.78213897448112,20.5858681088868,1.));
#11956=CARTESIAN_POINT('Ctrl Pts',(-6.73711028795768,19.6649954205933,0.));
#11957=CARTESIAN_POINT('Ctrl Pts',(-6.73711028795768,19.6649954205933,1.));
#11958=CARTESIAN_POINT('Ctrl Pts',(-6.73505200439948,19.8150547492049,0.));
#11959=CARTESIAN_POINT('Ctrl Pts',(-6.73505200439948,19.8150547492049,1.));
#11960=CARTESIAN_POINT('Ctrl Pts',(-6.73147610049948,20.0757563110806,0.));
#11961=CARTESIAN_POINT('Ctrl Pts',(-6.73147610049948,20.0757563110806,1.));
#11962=CARTESIAN_POINT('Ctrl Pts',(-6.5869842371376,20.2902128960138,0.));
#11963=CARTESIAN_POINT('Ctrl Pts',(-6.5869842371376,20.2902128960138,1.));
#11964=CARTESIAN_POINT('Ctrl Pts',(-6.52566161852409,20.3812286740723,0.));
#11965=CARTESIAN_POINT('Ctrl Pts',(-6.52566161852409,20.3812286740723,1.));
#11966=CARTESIAN_POINT('',(-6.73711028795768,19.6649954205933,0.));
#11967=CARTESIAN_POINT('Ctrl Pts',(-6.73711028795768,19.6649954205933,0.));
#11968=CARTESIAN_POINT('Ctrl Pts',(-6.73505200439948,19.8150547492049,0.));
#11969=CARTESIAN_POINT('Ctrl Pts',(-6.73147610049948,20.0757563110806,0.));
#11970=CARTESIAN_POINT('Ctrl Pts',(-6.5869842371376,20.2902128960138,0.));
#11971=CARTESIAN_POINT('Ctrl Pts',(-6.52566161852409,20.3812286740723,0.));
#11972=CARTESIAN_POINT('',(-6.73711028795768,19.6649954205933,1.));
#11973=CARTESIAN_POINT('',(-6.73711028795768,19.6649954205933,0.));
#11974=CARTESIAN_POINT('Ctrl Pts',(-6.73711028795768,19.6649954205933,1.));
#11975=CARTESIAN_POINT('Ctrl Pts',(-6.73505200439948,19.8150547492049,1.));
#11976=CARTESIAN_POINT('Ctrl Pts',(-6.73147610049948,20.0757563110806,1.));
#11977=CARTESIAN_POINT('Ctrl Pts',(-6.5869842371376,20.2902128960138,1.));
#11978=CARTESIAN_POINT('Ctrl Pts',(-6.52566161852409,20.3812286740723,1.));
#11979=CARTESIAN_POINT('Ctrl Pts',(-5.75484481554557,19.3341634160462,0.));
#11980=CARTESIAN_POINT('Ctrl Pts',(-5.75484481554557,19.3341634160462,1.));
#11981=CARTESIAN_POINT('Ctrl Pts',(-5.91470752085431,19.3806772358139,0.));
#11982=CARTESIAN_POINT('Ctrl Pts',(-5.91470752085431,19.3806772358139,1.));
#11983=CARTESIAN_POINT('Ctrl Pts',(-6.24671958593485,19.4772798131697,0.));
#11984=CARTESIAN_POINT('Ctrl Pts',(-6.24671958593485,19.4772798131697,1.));
#11985=CARTESIAN_POINT('Ctrl Pts',(-6.56966303549087,19.6008986451476,0.));
#11986=CARTESIAN_POINT('Ctrl Pts',(-6.56966303549087,19.6008986451476,1.));
#11987=CARTESIAN_POINT('Ctrl Pts',(-6.73711028795768,19.6649954205933,0.));
#11988=CARTESIAN_POINT('Ctrl Pts',(-6.73711028795768,19.6649954205933,1.));
#11989=CARTESIAN_POINT('',(-5.75484481554557,19.3341634160462,0.));
#11990=CARTESIAN_POINT('Ctrl Pts',(-5.75484481554557,19.3341634160462,0.));
#11991=CARTESIAN_POINT('Ctrl Pts',(-5.91470752085431,19.3806772358139,0.));
#11992=CARTESIAN_POINT('Ctrl Pts',(-6.24671958593485,19.4772798131697,0.));
#11993=CARTESIAN_POINT('Ctrl Pts',(-6.56966303549087,19.6008986451476,0.));
#11994=CARTESIAN_POINT('Ctrl Pts',(-6.73711028795768,19.6649954205933,0.));
#11995=CARTESIAN_POINT('',(-5.75484481554557,19.3341634160462,1.));
#11996=CARTESIAN_POINT('',(-5.75484481554557,19.3341634160462,0.));
#11997=CARTESIAN_POINT('Ctrl Pts',(-5.75484481554557,19.3341634160462,1.));
#11998=CARTESIAN_POINT('Ctrl Pts',(-5.91470752085431,19.3806772358139,1.));
#11999=CARTESIAN_POINT('Ctrl Pts',(-6.24671958593485,19.4772798131697,1.));
#12000=CARTESIAN_POINT('Ctrl Pts',(-6.56966303549087,19.6008986451476,1.));
#12001=CARTESIAN_POINT('Ctrl Pts',(-6.73711028795768,19.6649954205933,1.));
#12002=CARTESIAN_POINT('Ctrl Pts',(-3.72893539171745,18.8941905385437,0.));
#12003=CARTESIAN_POINT('Ctrl Pts',(-3.72893539171745,18.8941905385437,1.));
#12004=CARTESIAN_POINT('Ctrl Pts',(-4.15887984504852,18.9796405505815,0.));
#12005=CARTESIAN_POINT('Ctrl Pts',(-4.15887984504852,18.9796405505815,1.));
#12006=CARTESIAN_POINT('Ctrl Pts',(-4.8368151128197,19.1143779017511,0.));
#12007=CARTESIAN_POINT('Ctrl Pts',(-4.8368151128197,19.1143779017511,1.));
#12008=CARTESIAN_POINT('Ctrl Pts',(-5.50896888869461,19.2752982541944,0.));
#12009=CARTESIAN_POINT('Ctrl Pts',(-5.50896888869461,19.2752982541944,1.));
#12010=CARTESIAN_POINT('Ctrl Pts',(-5.75484481554557,19.3341634160462,0.));
#12011=CARTESIAN_POINT('Ctrl Pts',(-5.75484481554557,19.3341634160462,1.));
#12012=CARTESIAN_POINT('',(-3.72893539171745,18.8941905385437,0.));
#12013=CARTESIAN_POINT('Ctrl Pts',(-3.72893539171745,18.8941905385437,0.));
#12014=CARTESIAN_POINT('Ctrl Pts',(-4.15887984504852,18.9796405505815,0.));
#12015=CARTESIAN_POINT('Ctrl Pts',(-4.8368151128197,19.1143779017511,0.));
#12016=CARTESIAN_POINT('Ctrl Pts',(-5.50896888869461,19.2752982541944,0.));
#12017=CARTESIAN_POINT('Ctrl Pts',(-5.75484481554557,19.3341634160462,0.));
#12018=CARTESIAN_POINT('',(-3.72893539171745,18.8941905385437,1.));
#12019=CARTESIAN_POINT('',(-3.72893539171745,18.8941905385437,0.));
#12020=CARTESIAN_POINT('Ctrl Pts',(-3.72893539171745,18.8941905385437,1.));
#12021=CARTESIAN_POINT('Ctrl Pts',(-4.15887984504852,18.9796405505815,1.));
#12022=CARTESIAN_POINT('Ctrl Pts',(-4.8368151128197,19.1143779017511,1.));
#12023=CARTESIAN_POINT('Ctrl Pts',(-5.50896888869461,19.2752982541944,1.));
#12024=CARTESIAN_POINT('Ctrl Pts',(-5.75484481554557,19.3341634160462,1.));
#12025=CARTESIAN_POINT('Ctrl Pts',(-1.94174972277214,18.1029221898499,0.));
#12026=CARTESIAN_POINT('Ctrl Pts',(-1.94174972277214,18.1029221898499,1.));
#12027=CARTESIAN_POINT('Ctrl Pts',(-2.16390894327272,18.2734046548373,0.));
#12028=CARTESIAN_POINT('Ctrl Pts',(-2.16390894327272,18.2734046548373,1.));
#12029=CARTESIAN_POINT('Ctrl Pts',(-2.69260592686507,18.6791207209594,0.));
#12030=CARTESIAN_POINT('Ctrl Pts',(-2.69260592686507,18.6791207209594,1.));
#12031=CARTESIAN_POINT('Ctrl Pts',(-3.3485942753509,18.8152582131674,0.));
#12032=CARTESIAN_POINT('Ctrl Pts',(-3.3485942753509,18.8152582131674,1.));
#12033=CARTESIAN_POINT('Ctrl Pts',(-3.72893539171745,18.8941905385437,0.));
#12034=CARTESIAN_POINT('Ctrl Pts',(-3.72893539171745,18.8941905385437,1.));
#12035=CARTESIAN_POINT('',(-1.94174972277214,18.1029221898499,0.));
#12036=CARTESIAN_POINT('Ctrl Pts',(-1.94174972277214,18.1029221898499,0.));
#12037=CARTESIAN_POINT('Ctrl Pts',(-2.16390894327272,18.2734046548373,0.));
#12038=CARTESIAN_POINT('Ctrl Pts',(-2.69260592686507,18.6791207209594,0.));
#12039=CARTESIAN_POINT('Ctrl Pts',(-3.3485942753509,18.8152582131674,0.));
#12040=CARTESIAN_POINT('Ctrl Pts',(-3.72893539171745,18.8941905385437,0.));
#12041=CARTESIAN_POINT('',(-1.94174972277214,18.1029221898499,1.));
#12042=CARTESIAN_POINT('',(-1.94174972277214,18.1029221898499,0.));
#12043=CARTESIAN_POINT('Ctrl Pts',(-1.94174972277214,18.1029221898499,1.));
#12044=CARTESIAN_POINT('Ctrl Pts',(-2.16390894327272,18.2734046548373,1.));
#12045=CARTESIAN_POINT('Ctrl Pts',(-2.69260592686507,18.6791207209594,1.));
#12046=CARTESIAN_POINT('Ctrl Pts',(-3.3485942753509,18.8152582131674,1.));
#12047=CARTESIAN_POINT('Ctrl Pts',(-3.72893539171745,18.8941905385437,1.));
#12048=CARTESIAN_POINT('Ctrl Pts',(-1.45743575792839,16.7454860097351,0.));
#12049=CARTESIAN_POINT('Ctrl Pts',(-1.45743575792839,16.7454860097351,1.));
#12050=CARTESIAN_POINT('Ctrl Pts',(-1.47436915974305,17.0047199041686,0.));
#12051=CARTESIAN_POINT('Ctrl Pts',(-1.47436915974305,17.0047199041686,1.));
#12052=CARTESIAN_POINT('Ctrl Pts',(-1.50699708278495,17.5042216374887,0.));
#12053=CARTESIAN_POINT('Ctrl Pts',(-1.50699708278495,17.5042216374887,1.));
#12054=CARTESIAN_POINT('Ctrl Pts',(-1.80054754146534,17.9084717916983,0.));
#12055=CARTESIAN_POINT('Ctrl Pts',(-1.80054754146534,17.9084717916983,1.));
#12056=CARTESIAN_POINT('Ctrl Pts',(-1.94174972277214,18.1029221898499,0.));
#12057=CARTESIAN_POINT('Ctrl Pts',(-1.94174972277214,18.1029221898499,1.));
#12058=CARTESIAN_POINT('',(-1.45743575792839,16.7454860097351,0.));
#12059=CARTESIAN_POINT('Ctrl Pts',(-1.45743575792839,16.7454860097351,0.));
#12060=CARTESIAN_POINT('Ctrl Pts',(-1.47436915974305,17.0047199041686,0.));
#12061=CARTESIAN_POINT('Ctrl Pts',(-1.50699708278495,17.5042216374887,0.));
#12062=CARTESIAN_POINT('Ctrl Pts',(-1.80054754146534,17.9084717916983,0.));
#12063=CARTESIAN_POINT('Ctrl Pts',(-1.94174972277214,18.1029221898499,0.));
#12064=CARTESIAN_POINT('',(-1.45743575792839,16.7454860097351,1.));
#12065=CARTESIAN_POINT('',(-1.45743575792839,16.7454860097351,0.));
#12066=CARTESIAN_POINT('Ctrl Pts',(-1.45743575792839,16.7454860097351,1.));
#12067=CARTESIAN_POINT('Ctrl Pts',(-1.47436915974305,17.0047199041686,1.));
#12068=CARTESIAN_POINT('Ctrl Pts',(-1.50699708278495,17.5042216374887,1.));
#12069=CARTESIAN_POINT('Ctrl Pts',(-1.80054754146534,17.9084717916983,1.));
#12070=CARTESIAN_POINT('Ctrl Pts',(-1.94174972277214,18.1029221898499,1.));
#12071=CARTESIAN_POINT('Ctrl Pts',(-2.12933746080925,15.2652666455689,0.));
#12072=CARTESIAN_POINT('Ctrl Pts',(-2.12933746080925,15.2652666455689,1.));
#12073=CARTESIAN_POINT('Ctrl Pts',(-1.93337109520343,15.4760086426399,0.));
#12074=CARTESIAN_POINT('Ctrl Pts',(-1.93337109520343,15.4760086426399,1.));
#12075=CARTESIAN_POINT('Ctrl Pts',(-1.54406665207274,15.8946661788981,0.));
#12076=CARTESIAN_POINT('Ctrl Pts',(-1.54406665207274,15.8946661788981,1.));
#12077=CARTESIAN_POINT('Ctrl Pts',(-1.48618245926643,16.4631587428735,0.));
#12078=CARTESIAN_POINT('Ctrl Pts',(-1.48618245926643,16.4631587428735,1.));
#12079=CARTESIAN_POINT('Ctrl Pts',(-1.45743575792839,16.7454860097351,0.));
#12080=CARTESIAN_POINT('Ctrl Pts',(-1.45743575792839,16.7454860097351,1.));
#12081=CARTESIAN_POINT('',(-2.12933746080925,15.2652666455689,0.));
#12082=CARTESIAN_POINT('Ctrl Pts',(-2.12933746080925,15.2652666455689,0.));
#12083=CARTESIAN_POINT('Ctrl Pts',(-1.93337109520343,15.4760086426399,0.));
#12084=CARTESIAN_POINT('Ctrl Pts',(-1.54406665207274,15.8946661788981,0.));
#12085=CARTESIAN_POINT('Ctrl Pts',(-1.48618245926643,16.4631587428735,0.));
#12086=CARTESIAN_POINT('Ctrl Pts',(-1.45743575792839,16.7454860097351,0.));
#12087=CARTESIAN_POINT('',(-2.12933746080925,15.2652666455689,1.));
#12088=CARTESIAN_POINT('',(-2.12933746080925,15.2652666455689,0.));
#12089=CARTESIAN_POINT('Ctrl Pts',(-2.12933746080925,15.2652666455689,1.));
#12090=CARTESIAN_POINT('Ctrl Pts',(-1.93337109520343,15.4760086426399,1.));
#12091=CARTESIAN_POINT('Ctrl Pts',(-1.54406665207274,15.8946661788981,1.));
#12092=CARTESIAN_POINT('Ctrl Pts',(-1.48618245926643,16.4631587428735,1.));
#12093=CARTESIAN_POINT('Ctrl Pts',(-1.45743575792839,16.7454860097351,1.));
#12094=CARTESIAN_POINT('Ctrl Pts',(-4.0972825596862,14.6649954205933,0.));
#12095=CARTESIAN_POINT('Ctrl Pts',(-4.0972825596862,14.6649954205933,1.));
#12096=CARTESIAN_POINT('Ctrl Pts',(-3.70538806280827,14.678450880266,0.));
#12097=CARTESIAN_POINT('Ctrl Pts',(-3.70538806280827,14.678450880266,1.));
#12098=CARTESIAN_POINT('Ctrl Pts',(-2.99228924215276,14.7029346954264,0.));
#12099=CARTESIAN_POINT('Ctrl Pts',(-2.99228924215276,14.7029346954264,1.));
#12100=CARTESIAN_POINT('Ctrl Pts',(-2.39732837321341,15.0906336525666,0.));
#12101=CARTESIAN_POINT('Ctrl Pts',(-2.39732837321341,15.0906336525666,1.));
#12102=CARTESIAN_POINT('Ctrl Pts',(-2.12933746080925,15.2652666455689,0.));
#12103=CARTESIAN_POINT('Ctrl Pts',(-2.12933746080925,15.2652666455689,1.));
#12104=CARTESIAN_POINT('',(-4.0972825596862,14.6649954205933,0.));
#12105=CARTESIAN_POINT('Ctrl Pts',(-4.0972825596862,14.6649954205933,0.));
#12106=CARTESIAN_POINT('Ctrl Pts',(-3.70538806280827,14.678450880266,0.));
#12107=CARTESIAN_POINT('Ctrl Pts',(-2.99228924215276,14.7029346954264,0.));
#12108=CARTESIAN_POINT('Ctrl Pts',(-2.39732837321341,15.0906336525666,0.));
#12109=CARTESIAN_POINT('Ctrl Pts',(-2.12933746080925,15.2652666455689,0.));
#12110=CARTESIAN_POINT('',(-4.0972825596862,14.6649954205933,1.));
#12111=CARTESIAN_POINT('',(-4.0972825596862,14.6649954205933,0.));
#12112=CARTESIAN_POINT('Ctrl Pts',(-4.0972825596862,14.6649954205933,1.));
#12113=CARTESIAN_POINT('Ctrl Pts',(-3.70538806280827,14.678450880266,1.));
#12114=CARTESIAN_POINT('Ctrl Pts',(-2.99228924215276,14.7029346954264,1.));
#12115=CARTESIAN_POINT('Ctrl Pts',(-2.39732837321341,15.0906336525666,1.));
#12116=CARTESIAN_POINT('Ctrl Pts',(-2.12933746080925,15.2652666455689,1.));
#12117=CARTESIAN_POINT('Ctrl Pts',(-5.80941405993034,14.9651310330811,0.));
#12118=CARTESIAN_POINT('Ctrl Pts',(-5.80941405993034,14.9651310330811,1.));
#12119=CARTESIAN_POINT('Ctrl Pts',(-5.5462016162253,14.8776569456205,0.));
#12120=CARTESIAN_POINT('Ctrl Pts',(-5.5462016162253,14.8776569456205,1.));
#12121=CARTESIAN_POINT('Ctrl Pts',(-4.99075509556906,14.6930639345773,0.));
#12122=CARTESIAN_POINT('Ctrl Pts',(-4.99075509556906,14.6930639345773,1.));
#12123=CARTESIAN_POINT('Ctrl Pts',(-4.40530320159061,14.6746719146627,0.));
#12124=CARTESIAN_POINT('Ctrl Pts',(-4.40530320159061,14.6746719146627,1.));
#12125=CARTESIAN_POINT('Ctrl Pts',(-4.0972825596862,14.6649954205933,0.));
#12126=CARTESIAN_POINT('Ctrl Pts',(-4.0972825596862,14.6649954205933,1.));
#12127=CARTESIAN_POINT('',(-5.80941405993034,14.9651310330811,0.));
#12128=CARTESIAN_POINT('Ctrl Pts',(-5.80941405993034,14.9651310330811,0.));
#12129=CARTESIAN_POINT('Ctrl Pts',(-5.5462016162253,14.8776569456205,0.));
#12130=CARTESIAN_POINT('Ctrl Pts',(-4.99075509556906,14.6930639345773,0.));
#12131=CARTESIAN_POINT('Ctrl Pts',(-4.40530320159061,14.6746719146627,0.));
#12132=CARTESIAN_POINT('Ctrl Pts',(-4.0972825596862,14.6649954205933,0.));
#12133=CARTESIAN_POINT('',(-5.80941405993034,14.9651310330811,1.));
#12134=CARTESIAN_POINT('',(-5.80941405993034,14.9651310330811,0.));
#12135=CARTESIAN_POINT('Ctrl Pts',(-5.80941405993034,14.9651310330811,1.));
#12136=CARTESIAN_POINT('Ctrl Pts',(-5.5462016162253,14.8776569456205,1.));
#12137=CARTESIAN_POINT('Ctrl Pts',(-4.99075509556906,14.6930639345773,1.));
#12138=CARTESIAN_POINT('Ctrl Pts',(-4.40530320159061,14.6746719146627,1.));
#12139=CARTESIAN_POINT('Ctrl Pts',(-4.0972825596862,14.6649954205933,1.));
#12140=CARTESIAN_POINT('Ctrl Pts',(-6.89400878649284,15.7154724484864,0.));
#12141=CARTESIAN_POINT('Ctrl Pts',(-6.89400878649284,15.7154724484864,1.));
#12142=CARTESIAN_POINT('Ctrl Pts',(-6.71919253659976,15.5558576396038,0.));
#12143=CARTESIAN_POINT('Ctrl Pts',(-6.71919253659976,15.5558576396038,1.));
#12144=CARTESIAN_POINT('Ctrl Pts',(-6.39129957497918,15.256477161902,0.));
#12145=CARTESIAN_POINT('Ctrl Pts',(-6.39129957497918,15.256477161902,1.));
#12146=CARTESIAN_POINT('Ctrl Pts',(-5.99460894056696,15.0578568531188,0.));
#12147=CARTESIAN_POINT('Ctrl Pts',(-5.99460894056696,15.0578568531188,1.));
#12148=CARTESIAN_POINT('Ctrl Pts',(-5.80941405993034,14.9651310330811,0.));
#12149=CARTESIAN_POINT('Ctrl Pts',(-5.80941405993034,14.9651310330811,1.));
#12150=CARTESIAN_POINT('',(-6.89400878649284,15.7154724484864,0.));
#12151=CARTESIAN_POINT('Ctrl Pts',(-6.89400878649284,15.7154724484864,0.));
#12152=CARTESIAN_POINT('Ctrl Pts',(-6.71919253659976,15.5558576396038,0.));
#12153=CARTESIAN_POINT('Ctrl Pts',(-6.39129957497918,15.256477161902,0.));
#12154=CARTESIAN_POINT('Ctrl Pts',(-5.99460894056696,15.0578568531188,0.));
#12155=CARTESIAN_POINT('Ctrl Pts',(-5.80941405993034,14.9651310330811,0.));
#12156=CARTESIAN_POINT('',(-6.89400878649284,15.7154724484864,1.));
#12157=CARTESIAN_POINT('',(-6.89400878649284,15.7154724484864,0.));
#12158=CARTESIAN_POINT('Ctrl Pts',(-6.89400878649284,15.7154724484864,1.));
#12159=CARTESIAN_POINT('Ctrl Pts',(-6.71919253659976,15.5558576396038,1.));
#12160=CARTESIAN_POINT('Ctrl Pts',(-6.39129957497918,15.256477161902,1.));
#12161=CARTESIAN_POINT('Ctrl Pts',(-5.99460894056696,15.0578568531188,1.));
#12162=CARTESIAN_POINT('Ctrl Pts',(-5.80941405993034,14.9651310330811,1.));
#12163=CARTESIAN_POINT('Ctrl Pts',(-6.98950973253776,15.2550361043396,0.));
#12164=CARTESIAN_POINT('Ctrl Pts',(-6.98950973253776,15.2550361043396,1.));
#12165=CARTESIAN_POINT('Ctrl Pts',(-6.97261518585263,15.3176395506529,0.));
#12166=CARTESIAN_POINT('Ctrl Pts',(-6.97261518585263,15.3176395506529,1.));
#12167=CARTESIAN_POINT('Ctrl Pts',(-6.93172020150195,15.4691776182313,0.));
#12168=CARTESIAN_POINT('Ctrl Pts',(-6.93172020150195,15.4691776182313,1.));
#12169=CARTESIAN_POINT('Ctrl Pts',(-6.90795569425745,15.6243846099728,0.));
#12170=CARTESIAN_POINT('Ctrl Pts',(-6.90795569425745,15.6243846099728,1.));
#12171=CARTESIAN_POINT('Ctrl Pts',(-6.89400878649284,15.7154724484864,0.));
#12172=CARTESIAN_POINT('Ctrl Pts',(-6.89400878649284,15.7154724484864,1.));
#12173=CARTESIAN_POINT('',(-6.98950973253776,15.2550361043396,0.));
#12174=CARTESIAN_POINT('Ctrl Pts',(-6.98950973253776,15.2550361043396,0.));
#12175=CARTESIAN_POINT('Ctrl Pts',(-6.97261518585263,15.3176395506529,0.));
#12176=CARTESIAN_POINT('Ctrl Pts',(-6.93172020150195,15.4691776182313,0.));
#12177=CARTESIAN_POINT('Ctrl Pts',(-6.90795569425745,15.6243846099728,0.));
#12178=CARTESIAN_POINT('Ctrl Pts',(-6.89400878649284,15.7154724484864,0.));
#12179=CARTESIAN_POINT('',(-6.98950973253776,15.2550361043396,1.));
#12180=CARTESIAN_POINT('',(-6.98950973253776,15.2550361043396,0.));
#12181=CARTESIAN_POINT('Ctrl Pts',(-6.98950973253776,15.2550361043396,1.));
#12182=CARTESIAN_POINT('Ctrl Pts',(-6.97261518585263,15.3176395506529,1.));
#12183=CARTESIAN_POINT('Ctrl Pts',(-6.93172020150195,15.4691776182313,1.));
#12184=CARTESIAN_POINT('Ctrl Pts',(-6.90795569425745,15.6243846099728,1.));
#12185=CARTESIAN_POINT('Ctrl Pts',(-6.89400878649284,15.7154724484864,1.));
#12186=CARTESIAN_POINT('Ctrl Pts',(-7.19413009386589,14.8287055379334,0.));
#12187=CARTESIAN_POINT('Ctrl Pts',(-7.19413009386589,14.8287055379334,1.));
#12188=CARTESIAN_POINT('Ctrl Pts',(-7.14873258387366,14.9098111551355,0.));
#12189=CARTESIAN_POINT('Ctrl Pts',(-7.14873258387366,14.9098111551355,1.));
#12190=CARTESIAN_POINT('Ctrl Pts',(-7.07155135243884,15.0477004669725,0.));
#12191=CARTESIAN_POINT('Ctrl Pts',(-7.07155135243884,15.0477004669725,1.));
#12192=CARTESIAN_POINT('Ctrl Pts',(-7.01344025262499,15.1945588777711,0.));
#12193=CARTESIAN_POINT('Ctrl Pts',(-7.01344025262499,15.1945588777711,1.));
#12194=CARTESIAN_POINT('Ctrl Pts',(-6.98950973253776,15.2550361043396,0.));
#12195=CARTESIAN_POINT('Ctrl Pts',(-6.98950973253776,15.2550361043396,1.));
#12196=CARTESIAN_POINT('',(-7.19413009386589,14.8287055379334,0.));
#12197=CARTESIAN_POINT('Ctrl Pts',(-7.19413009386589,14.8287055379334,0.));
#12198=CARTESIAN_POINT('Ctrl Pts',(-7.14873258387366,14.9098111551355,0.));
#12199=CARTESIAN_POINT('Ctrl Pts',(-7.07155135243884,15.0477004669725,0.));
#12200=CARTESIAN_POINT('Ctrl Pts',(-7.01344025262499,15.1945588777711,0.));
#12201=CARTESIAN_POINT('Ctrl Pts',(-6.98950973253776,15.2550361043396,0.));
#12202=CARTESIAN_POINT('',(-7.19413009386589,14.8287055379334,1.));
#12203=CARTESIAN_POINT('',(-7.19413009386589,14.8287055379334,0.));
#12204=CARTESIAN_POINT('Ctrl Pts',(-7.19413009386589,14.8287055379334,1.));
#12205=CARTESIAN_POINT('Ctrl Pts',(-7.14873258387366,14.9098111551355,1.));
#12206=CARTESIAN_POINT('Ctrl Pts',(-7.07155135243884,15.0477004669725,1.));
#12207=CARTESIAN_POINT('Ctrl Pts',(-7.01344025262499,15.1945588777711,1.));
#12208=CARTESIAN_POINT('Ctrl Pts',(-6.98950973253776,15.2550361043396,1.));
#12209=CARTESIAN_POINT('Origin',(-9.79987350206901,14.8287055379334,0.));
#12210=CARTESIAN_POINT('',(-9.79987350206901,14.8287055379334,0.));
#12211=CARTESIAN_POINT('',(5.48662397411404,14.8287055379334,0.));
#12212=CARTESIAN_POINT('',(-9.79987350206901,14.8287055379334,1.));
#12213=CARTESIAN_POINT('',(-9.79987350206901,14.8287055379334,0.));
#12214=CARTESIAN_POINT('',(-9.79987350206901,14.8287055379334,1.));
#12215=CARTESIAN_POINT('Ctrl Pts',(-9.51678481798698,15.5688140279236,0.));
#12216=CARTESIAN_POINT('Ctrl Pts',(-9.51678481798698,15.5688140279236,1.));
#12217=CARTESIAN_POINT('Ctrl Pts',(-9.54858470767817,15.457850540195,0.));
#12218=CARTESIAN_POINT('Ctrl Pts',(-9.54858470767817,15.457850540195,1.));
#12219=CARTESIAN_POINT('Ctrl Pts',(-9.62157748921685,15.2031473416242,0.));
#12220=CARTESIAN_POINT('Ctrl Pts',(-9.62157748921685,15.2031473416242,1.));
#12221=CARTESIAN_POINT('Ctrl Pts',(-9.73555257496447,14.9637867636704,0.));
#12222=CARTESIAN_POINT('Ctrl Pts',(-9.73555257496447,14.9637867636704,1.));
#12223=CARTESIAN_POINT('Ctrl Pts',(-9.79987350206901,14.8287055379334,0.));
#12224=CARTESIAN_POINT('Ctrl Pts',(-9.79987350206901,14.8287055379334,1.));
#12225=CARTESIAN_POINT('',(-9.51678481798698,15.5688140279236,0.));
#12226=CARTESIAN_POINT('Ctrl Pts',(-9.51678481798698,15.5688140279236,0.));
#12227=CARTESIAN_POINT('Ctrl Pts',(-9.54858470767817,15.457850540195,0.));
#12228=CARTESIAN_POINT('Ctrl Pts',(-9.62157748921685,15.2031473416242,0.));
#12229=CARTESIAN_POINT('Ctrl Pts',(-9.73555257496447,14.9637867636704,0.));
#12230=CARTESIAN_POINT('Ctrl Pts',(-9.79987350206901,14.8287055379334,0.));
#12231=CARTESIAN_POINT('',(-9.51678481798698,15.5688140279236,1.));
#12232=CARTESIAN_POINT('',(-9.51678481798698,15.5688140279236,0.));
#12233=CARTESIAN_POINT('Ctrl Pts',(-9.51678481798698,15.5688140279236,1.));
#12234=CARTESIAN_POINT('Ctrl Pts',(-9.54858470767817,15.457850540195,1.));
#12235=CARTESIAN_POINT('Ctrl Pts',(-9.62157748921685,15.2031473416242,1.));
#12236=CARTESIAN_POINT('Ctrl Pts',(-9.73555257496447,14.9637867636704,1.));
#12237=CARTESIAN_POINT('Ctrl Pts',(-9.79987350206901,14.8287055379334,1.));
#12238=CARTESIAN_POINT('Ctrl Pts',(-9.45199218493034,16.3703153020325,0.));
#12239=CARTESIAN_POINT('Ctrl Pts',(-9.45199218493034,16.3703153020325,1.));
#12240=CARTESIAN_POINT('Ctrl Pts',(-9.4529096879217,16.2178637915755,0.));
#12241=CARTESIAN_POINT('Ctrl Pts',(-9.4529096879217,16.2178637915755,1.));
#12242=CARTESIAN_POINT('Ctrl Pts',(-9.45452815284467,15.9489410475081,0.));
#12243=CARTESIAN_POINT('Ctrl Pts',(-9.45452815284467,15.9489410475081,1.));
#12244=CARTESIAN_POINT('Ctrl Pts',(-9.49797001804308,15.6836935160942,0.));
#12245=CARTESIAN_POINT('Ctrl Pts',(-9.49797001804308,15.6836935160942,1.));
#12246=CARTESIAN_POINT('Ctrl Pts',(-9.51678481798698,15.5688140279236,0.));
#12247=CARTESIAN_POINT('Ctrl Pts',(-9.51678481798698,15.5688140279236,1.));
#12248=CARTESIAN_POINT('',(-9.45199218493034,16.3703153020325,0.));
#12249=CARTESIAN_POINT('Ctrl Pts',(-9.45199218493034,16.3703153020325,0.));
#12250=CARTESIAN_POINT('Ctrl Pts',(-9.4529096879217,16.2178637915755,0.));
#12251=CARTESIAN_POINT('Ctrl Pts',(-9.45452815284467,15.9489410475081,0.));
#12252=CARTESIAN_POINT('Ctrl Pts',(-9.49797001804308,15.6836935160942,0.));
#12253=CARTESIAN_POINT('Ctrl Pts',(-9.51678481798698,15.5688140279236,0.));
#12254=CARTESIAN_POINT('',(-9.45199218493034,16.3703153020325,1.));
#12255=CARTESIAN_POINT('',(-9.45199218493034,16.3703153020325,0.));
#12256=CARTESIAN_POINT('Ctrl Pts',(-9.45199218493034,16.3703153020325,1.));
#12257=CARTESIAN_POINT('Ctrl Pts',(-9.4529096879217,16.2178637915755,1.));
#12258=CARTESIAN_POINT('Ctrl Pts',(-9.45452815284467,15.9489410475081,1.));
#12259=CARTESIAN_POINT('Ctrl Pts',(-9.49797001804308,15.6836935160942,1.));
#12260=CARTESIAN_POINT('Ctrl Pts',(-9.51678481798698,15.5688140279236,1.));
#12261=CARTESIAN_POINT('Origin',(-9.45199218493034,19.5694968587342,0.));
#12262=CARTESIAN_POINT('',(-9.45199218493034,19.5694968587342,0.));
#12263=CARTESIAN_POINT('',(-9.45199218493034,15.9582505113068,0.));
#12264=CARTESIAN_POINT('',(-9.45199218493034,19.5694968587342,1.));
#12265=CARTESIAN_POINT('',(-9.45199218493034,19.5694968587342,0.));
#12266=CARTESIAN_POINT('',(-9.45199218493034,19.5694968587342,1.));
#12267=CARTESIAN_POINT('Ctrl Pts',(-9.24735275011589,20.6438491231385,0.));
#12268=CARTESIAN_POINT('Ctrl Pts',(-9.24735275011589,20.6438491231385,1.));
#12269=CARTESIAN_POINT('Ctrl Pts',(-9.30701302924088,20.462115319416,0.));
#12270=CARTESIAN_POINT('Ctrl Pts',(-9.30701302924088,20.462115319416,1.));
#12271=CARTESIAN_POINT('Ctrl Pts',(-9.42172527503118,20.1126852955076,0.));
#12272=CARTESIAN_POINT('Ctrl Pts',(-9.42172527503118,20.1126852955076,1.));
#12273=CARTESIAN_POINT('Ctrl Pts',(-9.44217708379256,19.7456446538536,0.));
#12274=CARTESIAN_POINT('Ctrl Pts',(-9.44217708379256,19.7456446538536,1.));
#12275=CARTESIAN_POINT('Ctrl Pts',(-9.45199218493034,19.5694968587342,0.));
#12276=CARTESIAN_POINT('Ctrl Pts',(-9.45199218493034,19.5694968587342,1.));
#12277=CARTESIAN_POINT('',(-9.24735275011589,20.6438491231385,0.));
#12278=CARTESIAN_POINT('Ctrl Pts',(-9.24735275011589,20.6438491231385,0.));
#12279=CARTESIAN_POINT('Ctrl Pts',(-9.30701302924088,20.462115319416,0.));
#12280=CARTESIAN_POINT('Ctrl Pts',(-9.42172527503118,20.1126852955076,0.));
#12281=CARTESIAN_POINT('Ctrl Pts',(-9.44217708379256,19.7456446538536,0.));
#12282=CARTESIAN_POINT('Ctrl Pts',(-9.45199218493034,19.5694968587342,0.));
#12283=CARTESIAN_POINT('',(-9.24735275011589,20.6438491231385,1.));
#12284=CARTESIAN_POINT('',(-9.24735275011589,20.6438491231385,0.));
#12285=CARTESIAN_POINT('Ctrl Pts',(-9.24735275011589,20.6438491231385,1.));
#12286=CARTESIAN_POINT('Ctrl Pts',(-9.30701302924088,20.462115319416,1.));
#12287=CARTESIAN_POINT('Ctrl Pts',(-9.42172527503118,20.1126852955076,1.));
#12288=CARTESIAN_POINT('Ctrl Pts',(-9.44217708379256,19.7456446538536,1.));
#12289=CARTESIAN_POINT('Ctrl Pts',(-9.45199218493034,19.5694968587342,1.));
#12290=CARTESIAN_POINT('Ctrl Pts',(-8.68800369005729,21.5135619527283,0.));
#12291=CARTESIAN_POINT('Ctrl Pts',(-8.68800369005729,21.5135619527283,1.));
#12292=CARTESIAN_POINT('Ctrl Pts',(-8.80185277639141,21.3952425634754,0.));
#12293=CARTESIAN_POINT('Ctrl Pts',(-8.80185277639141,21.3952425634754,1.));
#12294=CARTESIAN_POINT('Ctrl Pts',(-9.04505050065399,21.1424956409574,0.));
#12295=CARTESIAN_POINT('Ctrl Pts',(-9.04505050065399,21.1424956409574,1.));
#12296=CARTESIAN_POINT('Ctrl Pts',(-9.17711311533898,20.8169799182114,0.));
#12297=CARTESIAN_POINT('Ctrl Pts',(-9.17711311533898,20.8169799182114,1.));
#12298=CARTESIAN_POINT('Ctrl Pts',(-9.24735275011589,20.6438491231385,0.));
#12299=CARTESIAN_POINT('Ctrl Pts',(-9.24735275011589,20.6438491231385,1.));
#12300=CARTESIAN_POINT('',(-8.68800369005729,21.5135619527283,0.));
#12301=CARTESIAN_POINT('Ctrl Pts',(-8.68800369005729,21.5135619527283,0.));
#12302=CARTESIAN_POINT('Ctrl Pts',(-8.80185277639141,21.3952425634754,0.));
#12303=CARTESIAN_POINT('Ctrl Pts',(-9.04505050065399,21.1424956409574,0.));
#12304=CARTESIAN_POINT('Ctrl Pts',(-9.17711311533898,20.8169799182114,0.));
#12305=CARTESIAN_POINT('Ctrl Pts',(-9.24735275011589,20.6438491231385,0.));
#12306=CARTESIAN_POINT('',(-8.68800369005729,21.5135619527283,1.));
#12307=CARTESIAN_POINT('',(-8.68800369005729,21.5135619527283,0.));
#12308=CARTESIAN_POINT('Ctrl Pts',(-8.68800369005729,21.5135619527283,1.));
#12309=CARTESIAN_POINT('Ctrl Pts',(-8.80185277639141,21.3952425634754,1.));
#12310=CARTESIAN_POINT('Ctrl Pts',(-9.04505050065399,21.1424956409574,1.));
#12311=CARTESIAN_POINT('Ctrl Pts',(-9.17711311533898,20.8169799182114,1.));
#12312=CARTESIAN_POINT('Ctrl Pts',(-9.24735275011589,20.6438491231385,1.));
#12313=CARTESIAN_POINT('Ctrl Pts',(-7.42606368761589,22.0967814809266,0.));
#12314=CARTESIAN_POINT('Ctrl Pts',(-7.42606368761589,22.0967814809266,1.));
#12315=CARTESIAN_POINT('Ctrl Pts',(-7.66465946534105,22.0403407458946,0.));
#12316=CARTESIAN_POINT('Ctrl Pts',(-7.66465946534105,22.0403407458946,1.));
#12317=CARTESIAN_POINT('Ctrl Pts',(-8.12530545244076,21.9313731926992,0.));
#12318=CARTESIAN_POINT('Ctrl Pts',(-8.12530545244076,21.9313731926992,1.));
#12319=CARTESIAN_POINT('Ctrl Pts',(-8.50498339182987,21.6494570606749,0.));
#12320=CARTESIAN_POINT('Ctrl Pts',(-8.50498339182987,21.6494570606749,1.));
#12321=CARTESIAN_POINT('Ctrl Pts',(-8.68800369005729,21.5135619527283,0.));
#12322=CARTESIAN_POINT('Ctrl Pts',(-8.68800369005729,21.5135619527283,1.));
#12323=CARTESIAN_POINT('',(-7.42606368761589,22.0967814809266,0.));
#12324=CARTESIAN_POINT('Ctrl Pts',(-7.42606368761589,22.0967814809266,0.));
#12325=CARTESIAN_POINT('Ctrl Pts',(-7.66465946534105,22.0403407458946,0.));
#12326=CARTESIAN_POINT('Ctrl Pts',(-8.12530545244076,21.9313731926992,0.));
#12327=CARTESIAN_POINT('Ctrl Pts',(-8.50498339182987,21.6494570606749,0.));
#12328=CARTESIAN_POINT('Ctrl Pts',(-8.68800369005729,21.5135619527283,0.));
#12329=CARTESIAN_POINT('',(-7.42606368761589,22.0967814809266,1.));
#12330=CARTESIAN_POINT('',(-7.42606368761589,22.0967814809266,0.));
#12331=CARTESIAN_POINT('Ctrl Pts',(-7.42606368761589,22.0967814809266,1.));
#12332=CARTESIAN_POINT('Ctrl Pts',(-7.66465946534105,22.0403407458946,1.));
#12333=CARTESIAN_POINT('Ctrl Pts',(-8.12530545244076,21.9313731926992,1.));
#12334=CARTESIAN_POINT('Ctrl Pts',(-8.50498339182987,21.6494570606749,1.));
#12335=CARTESIAN_POINT('Ctrl Pts',(-8.68800369005729,21.5135619527283,1.));
#12336=CARTESIAN_POINT('Ctrl Pts',(-5.42060104113151,22.2366187459412,0.));
#12337=CARTESIAN_POINT('Ctrl Pts',(-5.42060104113151,22.2366187459412,1.));
#12338=CARTESIAN_POINT('Ctrl Pts',(-5.79646082519327,22.2341347005013,0.));
#12339=CARTESIAN_POINT('Ctrl Pts',(-5.79646082519327,22.2341347005013,1.));
#12340=CARTESIAN_POINT('Ctrl Pts',(-6.46811050142876,22.2296957890077,0.));
#12341=CARTESIAN_POINT('Ctrl Pts',(-6.46811050142876,22.2296957890077,1.));
#12342=CARTESIAN_POINT('Ctrl Pts',(-7.13317421017216,22.1374193772246,0.));
#12343=CARTESIAN_POINT('Ctrl Pts',(-7.13317421017216,22.1374193772246,1.));
#12344=CARTESIAN_POINT('Ctrl Pts',(-7.42606368761589,22.0967814809266,0.));
#12345=CARTESIAN_POINT('Ctrl Pts',(-7.42606368761589,22.0967814809266,1.));
#12346=CARTESIAN_POINT('',(-5.42060104113151,22.2366187459412,0.));
#12347=CARTESIAN_POINT('Ctrl Pts',(-5.42060104113151,22.2366187459412,0.));
#12348=CARTESIAN_POINT('Ctrl Pts',(-5.79646082519327,22.2341347005013,0.));
#12349=CARTESIAN_POINT('Ctrl Pts',(-6.46811050142876,22.2296957890077,0.));
#12350=CARTESIAN_POINT('Ctrl Pts',(-7.13317421017216,22.1374193772246,0.));
#12351=CARTESIAN_POINT('Ctrl Pts',(-7.42606368761589,22.0967814809266,0.));
#12352=CARTESIAN_POINT('',(-5.42060104113151,22.2366187459412,1.));
#12353=CARTESIAN_POINT('',(-5.42060104113151,22.2366187459412,0.));
#12354=CARTESIAN_POINT('Ctrl Pts',(-5.42060104113151,22.2366187459412,1.));
#12355=CARTESIAN_POINT('Ctrl Pts',(-5.79646082519327,22.2341347005013,1.));
#12356=CARTESIAN_POINT('Ctrl Pts',(-6.46811050142876,22.2296957890077,1.));
#12357=CARTESIAN_POINT('Ctrl Pts',(-7.13317421017216,22.1374193772246,1.));
#12358=CARTESIAN_POINT('Ctrl Pts',(-7.42606368761589,22.0967814809266,1.));
#12359=CARTESIAN_POINT('Ctrl Pts',(-3.97448745470573,22.1206567174378,0.));
#12360=CARTESIAN_POINT('Ctrl Pts',(-3.97448745470573,22.1206567174378,1.));
#12361=CARTESIAN_POINT('Ctrl Pts',(-4.20601779639323,22.1544686067229,0.));
#12362=CARTESIAN_POINT('Ctrl Pts',(-4.20601779639323,22.1544686067229,1.));
#12363=CARTESIAN_POINT('Ctrl Pts',(-4.68549400711849,22.2244896520585,0.));
#12364=CARTESIAN_POINT('Ctrl Pts',(-4.68549400711849,22.2244896520585,1.));
#12365=CARTESIAN_POINT('Ctrl Pts',(-5.17003571261759,22.2324844767087,0.));
#12366=CARTESIAN_POINT('Ctrl Pts',(-5.17003571261759,22.2324844767087,1.));
#12367=CARTESIAN_POINT('Ctrl Pts',(-5.42060104113151,22.2366187459412,0.));
#12368=CARTESIAN_POINT('Ctrl Pts',(-5.42060104113151,22.2366187459412,1.));
#12369=CARTESIAN_POINT('',(-3.97448745470573,22.1206567174378,0.));
#12370=CARTESIAN_POINT('Ctrl Pts',(-3.97448745470573,22.1206567174378,0.));
#12371=CARTESIAN_POINT('Ctrl Pts',(-4.20601779639323,22.1544686067229,0.));
#12372=CARTESIAN_POINT('Ctrl Pts',(-4.68549400711849,22.2244896520585,0.));
#12373=CARTESIAN_POINT('Ctrl Pts',(-5.17003571261759,22.2324844767087,0.));
#12374=CARTESIAN_POINT('Ctrl Pts',(-5.42060104113151,22.2366187459412,0.));
#12375=CARTESIAN_POINT('',(-3.97448745470573,22.1206567174378,1.));
#12376=CARTESIAN_POINT('',(-3.97448745470573,22.1206567174378,0.));
#12377=CARTESIAN_POINT('Ctrl Pts',(-3.97448745470573,22.1206567174378,1.));
#12378=CARTESIAN_POINT('Ctrl Pts',(-4.20601779639323,22.1544686067229,1.));
#12379=CARTESIAN_POINT('Ctrl Pts',(-4.68549400711849,22.2244896520585,1.));
#12380=CARTESIAN_POINT('Ctrl Pts',(-5.17003571261759,22.2324844767087,1.));
#12381=CARTESIAN_POINT('Ctrl Pts',(-5.42060104113151,22.2366187459412,1.));
#12382=CARTESIAN_POINT('Ctrl Pts',(-2.92401519518425,21.7932340985718,0.));
#12383=CARTESIAN_POINT('Ctrl Pts',(-2.92401519518425,21.7932340985718,1.));
#12384=CARTESIAN_POINT('Ctrl Pts',(-3.0734150020718,21.861366465688,0.));
#12385=CARTESIAN_POINT('Ctrl Pts',(-3.0734150020718,21.861366465688,1.));
#12386=CARTESIAN_POINT('Ctrl Pts',(-3.40939720999362,22.0145879698622,0.));
#12387=CARTESIAN_POINT('Ctrl Pts',(-3.40939720999362,22.0145879698622,1.));
#12388=CARTESIAN_POINT('Ctrl Pts',(-3.77272121785692,22.0827847275285,0.));
#12389=CARTESIAN_POINT('Ctrl Pts',(-3.77272121785692,22.0827847275285,1.));
#12390=CARTESIAN_POINT('Ctrl Pts',(-3.97448745470573,22.1206567174378,0.));
#12391=CARTESIAN_POINT('Ctrl Pts',(-3.97448745470573,22.1206567174378,1.));
#12392=CARTESIAN_POINT('',(-2.92401519518425,21.7932340985718,0.));
#12393=CARTESIAN_POINT('Ctrl Pts',(-2.92401519518425,21.7932340985718,0.));
#12394=CARTESIAN_POINT('Ctrl Pts',(-3.0734150020718,21.861366465688,0.));
#12395=CARTESIAN_POINT('Ctrl Pts',(-3.40939720999362,22.0145879698622,0.));
#12396=CARTESIAN_POINT('Ctrl Pts',(-3.77272121785692,22.0827847275285,0.));
#12397=CARTESIAN_POINT('Ctrl Pts',(-3.97448745470573,22.1206567174378,0.));
#12398=CARTESIAN_POINT('',(-2.92401519518425,21.7932340985718,1.));
#12399=CARTESIAN_POINT('',(-2.92401519518425,21.7932340985718,0.));
#12400=CARTESIAN_POINT('Ctrl Pts',(-2.92401519518425,21.7932340985718,1.));
#12401=CARTESIAN_POINT('Ctrl Pts',(-3.0734150020718,21.861366465688,1.));
#12402=CARTESIAN_POINT('Ctrl Pts',(-3.40939720999362,22.0145879698622,1.));
#12403=CARTESIAN_POINT('Ctrl Pts',(-3.77272121785692,22.0827847275285,1.));
#12404=CARTESIAN_POINT('Ctrl Pts',(-3.97448745470573,22.1206567174378,1.));
#12405=CARTESIAN_POINT('Ctrl Pts',(-2.10887160997917,21.100876081604,0.));
#12406=CARTESIAN_POINT('Ctrl Pts',(-2.10887160997917,21.100876081604,1.));
#12407=CARTESIAN_POINT('Ctrl Pts',(-2.21810689246508,21.2319058977597,0.));
#12408=CARTESIAN_POINT('Ctrl Pts',(-2.21810689246508,21.2319058977597,1.));
#12409=CARTESIAN_POINT('Ctrl Pts',(-2.44953864863119,21.5095127274662,0.));
#12410=CARTESIAN_POINT('Ctrl Pts',(-2.44953864863119,21.5095127274662,1.));
#12411=CARTESIAN_POINT('Ctrl Pts',(-2.76005950403952,21.6951939871478,0.));
#12412=CARTESIAN_POINT('Ctrl Pts',(-2.76005950403952,21.6951939871478,1.));
#12413=CARTESIAN_POINT('Ctrl Pts',(-2.92401519518425,21.7932340985718,0.));
#12414=CARTESIAN_POINT('Ctrl Pts',(-2.92401519518425,21.7932340985718,1.));
#12415=CARTESIAN_POINT('',(-2.10887160997917,21.100876081604,0.));
#12416=CARTESIAN_POINT('Ctrl Pts',(-2.10887160997917,21.100876081604,0.));
#12417=CARTESIAN_POINT('Ctrl Pts',(-2.21810689246508,21.2319058977597,0.));
#12418=CARTESIAN_POINT('Ctrl Pts',(-2.44953864863119,21.5095127274662,0.));
#12419=CARTESIAN_POINT('Ctrl Pts',(-2.76005950403952,21.6951939871478,0.));
#12420=CARTESIAN_POINT('Ctrl Pts',(-2.92401519518425,21.7932340985718,0.));
#12421=CARTESIAN_POINT('',(-2.10887160997917,21.100876081604,1.));
#12422=CARTESIAN_POINT('',(-2.10887160997917,21.100876081604,0.));
#12423=CARTESIAN_POINT('Ctrl Pts',(-2.10887160997917,21.100876081604,1.));
#12424=CARTESIAN_POINT('Ctrl Pts',(-2.21810689246508,21.2319058977597,1.));
#12425=CARTESIAN_POINT('Ctrl Pts',(-2.44953864863119,21.5095127274662,1.));
#12426=CARTESIAN_POINT('Ctrl Pts',(-2.76005950403952,21.6951939871478,1.));
#12427=CARTESIAN_POINT('Ctrl Pts',(-2.92401519518425,21.7932340985718,1.));
#12428=CARTESIAN_POINT('Ctrl Pts',(-1.67572227221061,20.0060579663697,0.));
#12429=CARTESIAN_POINT('Ctrl Pts',(-1.67572227221061,20.0060579663697,1.));
#12430=CARTESIAN_POINT('Ctrl Pts',(-1.72594204265323,20.2176818473913,0.));
#12431=CARTESIAN_POINT('Ctrl Pts',(-1.72594204265323,20.2176818473913,1.));
#12432=CARTESIAN_POINT('Ctrl Pts',(-1.81763027427724,20.604051981091,0.));
#12433=CARTESIAN_POINT('Ctrl Pts',(-1.81763027427724,20.604051981091,1.));
#12434=CARTESIAN_POINT('Ctrl Pts',(-2.01817147490129,20.9461521207422,0.));
#12435=CARTESIAN_POINT('Ctrl Pts',(-2.01817147490129,20.9461521207422,1.));
#12436=CARTESIAN_POINT('Ctrl Pts',(-2.10887160997917,21.100876081604,0.));
#12437=CARTESIAN_POINT('Ctrl Pts',(-2.10887160997917,21.100876081604,1.));
#12438=CARTESIAN_POINT('',(-1.67572227221061,20.0060579663697,0.));
#12439=CARTESIAN_POINT('Ctrl Pts',(-1.67572227221061,20.0060579663697,0.));
#12440=CARTESIAN_POINT('Ctrl Pts',(-1.72594204265323,20.2176818473913,0.));
#12441=CARTESIAN_POINT('Ctrl Pts',(-1.81763027427724,20.604051981091,0.));
#12442=CARTESIAN_POINT('Ctrl Pts',(-2.01817147490129,20.9461521207422,0.));
#12443=CARTESIAN_POINT('Ctrl Pts',(-2.10887160997917,21.100876081604,0.));
#12444=CARTESIAN_POINT('',(-1.67572227221061,20.0060579663697,1.));
#12445=CARTESIAN_POINT('',(-1.67572227221061,20.0060579663697,0.));
#12446=CARTESIAN_POINT('Ctrl Pts',(-1.67572227221061,20.0060579663697,1.));
#12447=CARTESIAN_POINT('Ctrl Pts',(-1.72594204265323,20.2176818473913,1.));
#12448=CARTESIAN_POINT('Ctrl Pts',(-1.81763027427724,20.604051981091,1.));
#12449=CARTESIAN_POINT('Ctrl Pts',(-2.01817147490129,20.9461521207422,1.));
#12450=CARTESIAN_POINT('Ctrl Pts',(-2.10887160997917,21.100876081604,1.));
#12451=CARTESIAN_POINT('Origin',(-4.32919707994987,19.7263858205262,0.));
#12452=CARTESIAN_POINT('',(-4.32919707994987,19.7263858205262,0.));
#12453=CARTESIAN_POINT('',(7.699450220822,20.9941866650602,0.));
#12454=CARTESIAN_POINT('',(-4.32919707994987,19.7263858205262,1.));
#12455=CARTESIAN_POINT('',(-4.32919707994987,19.7263858205262,0.));
#12456=CARTESIAN_POINT('',(-4.32919707994987,19.7263858205262,1.));
#12457=CARTESIAN_POINT('Ctrl Pts',(-4.75894180040886,20.3675863629761,0.));
#12458=CARTESIAN_POINT('Ctrl Pts',(-4.75894180040886,20.3675863629761,1.));
#12459=CARTESIAN_POINT('Ctrl Pts',(-4.6720425985653,20.2904515693592,0.));
#12460=CARTESIAN_POINT('Ctrl Pts',(-4.6720425985653,20.2904515693592,1.));
#12461=CARTESIAN_POINT('Ctrl Pts',(-4.47425156018982,20.1148852741492,0.));
#12462=CARTESIAN_POINT('Ctrl Pts',(-4.47425156018982,20.1148852741492,1.));
#12463=CARTESIAN_POINT('Ctrl Pts',(-4.38130673363837,19.865951120081,0.));
#12464=CARTESIAN_POINT('Ctrl Pts',(-4.38130673363837,19.865951120081,1.));
#12465=CARTESIAN_POINT('Ctrl Pts',(-4.32919707994987,19.7263858205262,0.));
#12466=CARTESIAN_POINT('Ctrl Pts',(-4.32919707994987,19.7263858205262,1.));
#12467=CARTESIAN_POINT('Ctrl Pts',(-4.75894180040886,20.3675863629761,0.));
#12468=CARTESIAN_POINT('Ctrl Pts',(-4.6720425985653,20.2904515693592,0.));
#12469=CARTESIAN_POINT('Ctrl Pts',(-4.47425156018982,20.1148852741492,0.));
#12470=CARTESIAN_POINT('Ctrl Pts',(-4.38130673363837,19.865951120081,0.));
#12471=CARTESIAN_POINT('Ctrl Pts',(-4.32919707994987,19.7263858205262,0.));
#12472=CARTESIAN_POINT('Ctrl Pts',(-4.75894180040886,20.3675863629761,1.));
#12473=CARTESIAN_POINT('Ctrl Pts',(-4.6720425985653,20.2904515693592,1.));
#12474=CARTESIAN_POINT('Ctrl Pts',(-4.47425156018982,20.1148852741492,1.));
#12475=CARTESIAN_POINT('Ctrl Pts',(-4.38130673363837,19.865951120081,1.));
#12476=CARTESIAN_POINT('Ctrl Pts',(-4.32919707994987,19.7263858205262,1.));
#12477=CARTESIAN_POINT('Origin',(20.7731232335038,9.89691590132145,1.));
#12478=CARTESIAN_POINT('Origin',(14.483893244452,14.8287055379334,0.));
#12479=CARTESIAN_POINT('',(14.483893244452,14.8287055379334,0.));
#12480=CARTESIAN_POINT('',(17.2669771601624,14.8287055379334,0.));
#12481=CARTESIAN_POINT('',(17.6285073473745,14.8287055379334,0.));
#12482=CARTESIAN_POINT('',(14.483893244452,14.8287055379334,1.));
#12483=CARTESIAN_POINT('',(14.483893244452,14.8287055379334,0.));
#12484=CARTESIAN_POINT('',(17.2669771601624,14.8287055379334,1.));
#12485=CARTESIAN_POINT('',(14.483893244452,14.8287055379334,1.));
#12486=CARTESIAN_POINT('',(17.2669771601624,14.8287055379334,0.));
#12487=CARTESIAN_POINT('Origin',(14.483893244452,24.8287055379334,0.));
#12488=CARTESIAN_POINT('',(14.483893244452,24.8287055379334,0.));
#12489=CARTESIAN_POINT('',(14.483893244452,18.5878548509064,0.));
#12490=CARTESIAN_POINT('',(14.483893244452,24.8287055379334,1.));
#12491=CARTESIAN_POINT('',(14.483893244452,24.8287055379334,0.));
#12492=CARTESIAN_POINT('',(14.483893244452,24.8287055379334,1.));
#12493=CARTESIAN_POINT('Origin',(17.2669771601624,24.8287055379334,0.));
#12494=CARTESIAN_POINT('',(17.2669771601624,24.8287055379334,0.));
#12495=CARTESIAN_POINT('',(19.0200493052298,24.8287055379334,0.));
#12496=CARTESIAN_POINT('',(17.2669771601624,24.8287055379334,1.));
#12497=CARTESIAN_POINT('',(17.2669771601624,24.8287055379334,0.));
#12498=CARTESIAN_POINT('',(17.2669771601624,24.8287055379334,1.));
#12499=CARTESIAN_POINT('Origin',(17.2669771601624,14.8287055379334,0.));
#12500=CARTESIAN_POINT('',(17.2669771601624,13.5878548509064,0.));
#12501=CARTESIAN_POINT('',(17.2669771601624,14.8287055379334,1.));
#12502=CARTESIAN_POINT('Origin',(20.7731232335038,9.89691590132145,1.));
#12503=CARTESIAN_POINT('Origin',(37.8467825343079,14.8287055379334,0.));
#12504=CARTESIAN_POINT('',(37.8467825343079,14.8287055379334,0.));
#12505=CARTESIAN_POINT('',(40.62987121839,14.8287055379334,0.));
#12506=CARTESIAN_POINT('',(29.3099519923025,14.8287055379334,0.));
#12507=CARTESIAN_POINT('',(37.8467825343079,14.8287055379334,1.));
#12508=CARTESIAN_POINT('',(37.8467825343079,14.8287055379334,0.));
#12509=CARTESIAN_POINT('',(40.62987121839,14.8287055379334,1.));
#12510=CARTESIAN_POINT('',(37.8467825343079,14.8287055379334,1.));
#12511=CARTESIAN_POINT('',(40.62987121839,14.8287055379334,0.));
#12512=CARTESIAN_POINT('Origin',(37.8467825343079,18.5258409863892,0.));
#12513=CARTESIAN_POINT('',(37.8467825343079,18.5258409863892,0.));
#12514=CARTESIAN_POINT('',(37.8467825343079,15.4364225751343,0.));
#12515=CARTESIAN_POINT('',(37.8467825343079,18.5258409863892,1.));
#12516=CARTESIAN_POINT('',(37.8467825343079,18.5258409863892,0.));
#12517=CARTESIAN_POINT('',(37.8467825343079,18.5258409863892,1.));
#12518=CARTESIAN_POINT('Ctrl Pts',(37.5387648035951,19.71274350943,0.));
#12519=CARTESIAN_POINT('Ctrl Pts',(37.5387648035951,19.71274350943,1.));
#12520=CARTESIAN_POINT('Ctrl Pts',(37.628118367497,19.5571234183439,0.));
#12521=CARTESIAN_POINT('Ctrl Pts',(37.628118367497,19.5571234183439,1.));
#12522=CARTESIAN_POINT('Ctrl Pts',(37.8376769984372,19.1921515939344,0.));
#12523=CARTESIAN_POINT('Ctrl Pts',(37.8376769984372,19.1921515939344,1.));
#12524=CARTESIAN_POINT('Ctrl Pts',(37.8434633953109,18.7687237286051,0.));
#12525=CARTESIAN_POINT('Ctrl Pts',(37.8434633953109,18.7687237286051,1.));
#12526=CARTESIAN_POINT('Ctrl Pts',(37.8467825343079,18.5258409863892,0.));
#12527=CARTESIAN_POINT('Ctrl Pts',(37.8467825343079,18.5258409863892,1.));
#12528=CARTESIAN_POINT('',(37.5387648035951,19.71274350943,0.));
#12529=CARTESIAN_POINT('Ctrl Pts',(37.5387648035951,19.71274350943,0.));
#12530=CARTESIAN_POINT('Ctrl Pts',(37.628118367497,19.5571234183439,0.));
#12531=CARTESIAN_POINT('Ctrl Pts',(37.8376769984372,19.1921515939344,0.));
#12532=CARTESIAN_POINT('Ctrl Pts',(37.8434633953109,18.7687237286051,0.));
#12533=CARTESIAN_POINT('Ctrl Pts',(37.8467825343079,18.5258409863892,0.));
#12534=CARTESIAN_POINT('',(37.5387648035951,19.71274350943,1.));
#12535=CARTESIAN_POINT('',(37.5387648035951,19.71274350943,0.));
#12536=CARTESIAN_POINT('Ctrl Pts',(37.5387648035951,19.71274350943,1.));
#12537=CARTESIAN_POINT('Ctrl Pts',(37.628118367497,19.5571234183439,1.));
#12538=CARTESIAN_POINT('Ctrl Pts',(37.8376769984372,19.1921515939344,1.));
#12539=CARTESIAN_POINT('Ctrl Pts',(37.8434633953109,18.7687237286051,1.));
#12540=CARTESIAN_POINT('Ctrl Pts',(37.8467825343079,18.5258409863892,1.));
#12541=CARTESIAN_POINT('Ctrl Pts',(36.7515448023743,20.0742719060364,0.));
#12542=CARTESIAN_POINT('Ctrl Pts',(36.7515448023743,20.0742719060364,1.));
#12543=CARTESIAN_POINT('Ctrl Pts',(36.9040117841787,20.059362883761,0.));
#12544=CARTESIAN_POINT('Ctrl Pts',(36.9040117841787,20.059362883761,1.));
#12545=CARTESIAN_POINT('Ctrl Pts',(37.2081680347355,20.029620888077,0.));
#12546=CARTESIAN_POINT('Ctrl Pts',(37.2081680347355,20.029620888077,1.));
#12547=CARTESIAN_POINT('Ctrl Pts',(37.4287538898184,19.818189095303,0.));
#12548=CARTESIAN_POINT('Ctrl Pts',(37.4287538898184,19.818189095303,1.));
#12549=CARTESIAN_POINT('Ctrl Pts',(37.5387648035951,19.71274350943,0.));
#12550=CARTESIAN_POINT('Ctrl Pts',(37.5387648035951,19.71274350943,1.));
#12551=CARTESIAN_POINT('',(36.7515448023743,20.0742719060364,0.));
#12552=CARTESIAN_POINT('Ctrl Pts',(36.7515448023743,20.0742719060364,0.));
#12553=CARTESIAN_POINT('Ctrl Pts',(36.9040117841787,20.059362883761,0.));
#12554=CARTESIAN_POINT('Ctrl Pts',(37.2081680347355,20.029620888077,0.));
#12555=CARTESIAN_POINT('Ctrl Pts',(37.4287538898184,19.818189095303,0.));
#12556=CARTESIAN_POINT('Ctrl Pts',(37.5387648035951,19.71274350943,0.));
#12557=CARTESIAN_POINT('',(36.7515448023743,20.0742719060364,1.));
#12558=CARTESIAN_POINT('',(36.7515448023743,20.0742719060364,0.));
#12559=CARTESIAN_POINT('Ctrl Pts',(36.7515448023743,20.0742719060364,1.));
#12560=CARTESIAN_POINT('Ctrl Pts',(36.9040117841787,20.059362883761,1.));
#12561=CARTESIAN_POINT('Ctrl Pts',(37.2081680347355,20.029620888077,1.));
#12562=CARTESIAN_POINT('Ctrl Pts',(37.4287538898184,19.818189095303,1.));
#12563=CARTESIAN_POINT('Ctrl Pts',(37.5387648035951,19.71274350943,1.));
#12564=CARTESIAN_POINT('Ctrl Pts',(36.2382439066834,19.9071500188294,0.));
#12565=CARTESIAN_POINT('Ctrl Pts',(36.2382439066834,19.9071500188294,1.));
#12566=CARTESIAN_POINT('Ctrl Pts',(36.3152338910456,19.9558895439955,0.));
#12567=CARTESIAN_POINT('Ctrl Pts',(36.3152338910456,19.9558895439955,1.));
#12568=CARTESIAN_POINT('Ctrl Pts',(36.4720120327824,20.0551400146638,0.));
#12569=CARTESIAN_POINT('Ctrl Pts',(36.4720120327824,20.0551400146638,1.));
#12570=CARTESIAN_POINT('Ctrl Pts',(36.6572650816561,20.0678191764403,0.));
#12571=CARTESIAN_POINT('Ctrl Pts',(36.6572650816561,20.0678191764403,1.));
#12572=CARTESIAN_POINT('Ctrl Pts',(36.7515448023743,20.0742719060364,0.));
#12573=CARTESIAN_POINT('Ctrl Pts',(36.7515448023743,20.0742719060364,1.));
#12574=CARTESIAN_POINT('',(36.2382439066834,19.9071500188294,0.));
#12575=CARTESIAN_POINT('Ctrl Pts',(36.2382439066834,19.9071500188294,0.));
#12576=CARTESIAN_POINT('Ctrl Pts',(36.3152338910456,19.9558895439955,0.));
#12577=CARTESIAN_POINT('Ctrl Pts',(36.4720120327824,20.0551400146638,0.));
#12578=CARTESIAN_POINT('Ctrl Pts',(36.6572650816561,20.0678191764403,0.));
#12579=CARTESIAN_POINT('Ctrl Pts',(36.7515448023743,20.0742719060364,0.));
#12580=CARTESIAN_POINT('',(36.2382439066834,19.9071500188294,1.));
#12581=CARTESIAN_POINT('',(36.2382439066834,19.9071500188294,0.));
#12582=CARTESIAN_POINT('Ctrl Pts',(36.2382439066834,19.9071500188294,1.));
#12583=CARTESIAN_POINT('Ctrl Pts',(36.3152338910456,19.9558895439955,1.));
#12584=CARTESIAN_POINT('Ctrl Pts',(36.4720120327824,20.0551400146638,1.));
#12585=CARTESIAN_POINT('Ctrl Pts',(36.6572650816561,20.0678191764403,1.));
#12586=CARTESIAN_POINT('Ctrl Pts',(36.7515448023743,20.0742719060364,1.));
#12587=CARTESIAN_POINT('Ctrl Pts',(35.9302166392274,19.4671771413269,0.));
#12588=CARTESIAN_POINT('Ctrl Pts',(35.9302166392274,19.4671771413269,1.));
#12589=CARTESIAN_POINT('Ctrl Pts',(35.9648925786605,19.5534092268584,0.));
#12590=CARTESIAN_POINT('Ctrl Pts',(35.9648925786605,19.5534092268584,1.));
#12591=CARTESIAN_POINT('Ctrl Pts',(36.0334945637084,19.724008562853,0.));
#12592=CARTESIAN_POINT('Ctrl Pts',(36.0334945637084,19.724008562853,1.));
#12593=CARTESIAN_POINT('Ctrl Pts',(36.1704933071208,19.8465493679707,0.));
#12594=CARTESIAN_POINT('Ctrl Pts',(36.1704933071208,19.8465493679707,1.));
#12595=CARTESIAN_POINT('Ctrl Pts',(36.2382439066834,19.9071500188294,0.));
#12596=CARTESIAN_POINT('Ctrl Pts',(36.2382439066834,19.9071500188294,1.));
#12597=CARTESIAN_POINT('',(35.9302166392274,19.4671771413269,0.));
#12598=CARTESIAN_POINT('Ctrl Pts',(35.9302166392274,19.4671771413269,0.));
#12599=CARTESIAN_POINT('Ctrl Pts',(35.9648925786605,19.5534092268584,0.));
#12600=CARTESIAN_POINT('Ctrl Pts',(36.0334945637084,19.724008562853,0.));
#12601=CARTESIAN_POINT('Ctrl Pts',(36.1704933071208,19.8465493679707,0.));
#12602=CARTESIAN_POINT('Ctrl Pts',(36.2382439066834,19.9071500188294,0.));
#12603=CARTESIAN_POINT('',(35.9302166392274,19.4671771413269,1.));
#12604=CARTESIAN_POINT('',(35.9302166392274,19.4671771413269,0.));
#12605=CARTESIAN_POINT('Ctrl Pts',(35.9302166392274,19.4671771413269,1.));
#12606=CARTESIAN_POINT('Ctrl Pts',(35.9648925786605,19.5534092268584,1.));
#12607=CARTESIAN_POINT('Ctrl Pts',(36.0334945637084,19.724008562853,1.));
#12608=CARTESIAN_POINT('Ctrl Pts',(36.1704933071208,19.8465493679707,1.));
#12609=CARTESIAN_POINT('Ctrl Pts',(36.2382439066834,19.9071500188294,1.));
#12610=CARTESIAN_POINT('Ctrl Pts',(35.8754328181214,18.8191554433289,0.));
#12611=CARTESIAN_POINT('Ctrl Pts',(35.8754328181214,18.8191554433289,1.));
#12612=CARTESIAN_POINT('Ctrl Pts',(35.8746611369085,18.9532712685777,0.));
#12613=CARTESIAN_POINT('Ctrl Pts',(35.8746611369085,18.9532712685777,1.));
#12614=CARTESIAN_POINT('Ctrl Pts',(35.8734070657404,19.1712249868024,0.));
#12615=CARTESIAN_POINT('Ctrl Pts',(35.8734070657404,19.1712249868024,1.));
#12616=CARTESIAN_POINT('Ctrl Pts',(35.9144349051922,19.384961452964,0.));
#12617=CARTESIAN_POINT('Ctrl Pts',(35.9144349051922,19.384961452964,1.));
#12618=CARTESIAN_POINT('Ctrl Pts',(35.9302166392274,19.4671771413269,0.));
#12619=CARTESIAN_POINT('Ctrl Pts',(35.9302166392274,19.4671771413269,1.));
#12620=CARTESIAN_POINT('',(35.8754328181214,18.8191554433289,0.));
#12621=CARTESIAN_POINT('Ctrl Pts',(35.8754328181214,18.8191554433289,0.));
#12622=CARTESIAN_POINT('Ctrl Pts',(35.8746611369085,18.9532712685777,0.));
#12623=CARTESIAN_POINT('Ctrl Pts',(35.8734070657404,19.1712249868024,0.));
#12624=CARTESIAN_POINT('Ctrl Pts',(35.9144349051922,19.384961452964,0.));
#12625=CARTESIAN_POINT('Ctrl Pts',(35.9302166392274,19.4671771413269,0.));
#12626=CARTESIAN_POINT('',(35.8754328181214,18.8191554433289,1.));
#12627=CARTESIAN_POINT('',(35.8754328181214,18.8191554433289,0.));
#12628=CARTESIAN_POINT('Ctrl Pts',(35.8754328181214,18.8191554433289,1.));
#12629=CARTESIAN_POINT('Ctrl Pts',(35.8746611369085,18.9532712685777,1.));
#12630=CARTESIAN_POINT('Ctrl Pts',(35.8734070657404,19.1712249868024,1.));
#12631=CARTESIAN_POINT('Ctrl Pts',(35.9144349051922,19.384961452964,1.));
#12632=CARTESIAN_POINT('Ctrl Pts',(35.9302166392274,19.4671771413269,1.));
#12633=CARTESIAN_POINT('Origin',(35.8754328181214,14.8287055379334,0.));
#12634=CARTESIAN_POINT('',(35.8754328181214,14.8287055379334,0.));
#12635=CARTESIAN_POINT('',(35.8754328181214,13.5878548509064,0.));
#12636=CARTESIAN_POINT('',(35.8754328181214,14.8287055379334,1.));
#12637=CARTESIAN_POINT('',(35.8754328181214,14.8287055379334,0.));
#12638=CARTESIAN_POINT('',(35.8754328181214,14.8287055379334,1.));
#12639=CARTESIAN_POINT('Origin',(33.0923536707826,14.8287055379334,0.));
#12640=CARTESIAN_POINT('',(33.0923536707826,14.8287055379334,0.));
#12641=CARTESIAN_POINT('',(26.9327375605398,14.8287055379334,0.));
#12642=CARTESIAN_POINT('',(33.0923536707826,14.8287055379334,1.));
#12643=CARTESIAN_POINT('',(33.0923536707826,14.8287055379334,0.));
#12644=CARTESIAN_POINT('',(33.0923536707826,14.8287055379334,1.));
#12645=CARTESIAN_POINT('Origin',(33.0923536707826,18.5667679196778,0.));
#12646=CARTESIAN_POINT('',(33.0923536707826,18.5667679196778,0.));
#12647=CARTESIAN_POINT('',(33.0923536707826,15.4568860417786,0.));
#12648=CARTESIAN_POINT('',(33.0923536707826,18.5667679196778,1.));
#12649=CARTESIAN_POINT('',(33.0923536707826,18.5667679196778,0.));
#12650=CARTESIAN_POINT('',(33.0923536707826,18.5667679196778,1.));
#12651=CARTESIAN_POINT('Ctrl Pts',(32.7932289530701,19.7059223538819,0.));
#12652=CARTESIAN_POINT('Ctrl Pts',(32.7932289530701,19.7059223538819,1.));
#12653=CARTESIAN_POINT('Ctrl Pts',(32.8800438864409,19.5553484960838,0.));
#12654=CARTESIAN_POINT('Ctrl Pts',(32.8800438864409,19.5553484960838,1.));
#12655=CARTESIAN_POINT('Ctrl Pts',(33.0819659663145,19.2051301020741,0.));
#12656=CARTESIAN_POINT('Ctrl Pts',(33.0819659663145,19.2051301020741,1.));
#12657=CARTESIAN_POINT('Ctrl Pts',(33.0885820973106,18.7985448132179,0.));
#12658=CARTESIAN_POINT('Ctrl Pts',(33.0885820973106,18.7985448132179,1.));
#12659=CARTESIAN_POINT('Ctrl Pts',(33.0923536707826,18.5667679196778,0.));
#12660=CARTESIAN_POINT('Ctrl Pts',(33.0923536707826,18.5667679196778,1.));
#12661=CARTESIAN_POINT('',(32.7932289530701,19.7059223538819,0.));
#12662=CARTESIAN_POINT('Ctrl Pts',(32.7932289530701,19.7059223538819,0.));
#12663=CARTESIAN_POINT('Ctrl Pts',(32.8800438864409,19.5553484960838,0.));
#12664=CARTESIAN_POINT('Ctrl Pts',(33.0819659663145,19.2051301020741,0.));
#12665=CARTESIAN_POINT('Ctrl Pts',(33.0885820973106,18.7985448132179,0.));
#12666=CARTESIAN_POINT('Ctrl Pts',(33.0923536707826,18.5667679196778,0.));
#12667=CARTESIAN_POINT('',(32.7932289530701,19.7059223538819,1.));
#12668=CARTESIAN_POINT('',(32.7932289530701,19.7059223538819,0.));
#12669=CARTESIAN_POINT('Ctrl Pts',(32.7932289530701,19.7059223538819,1.));
#12670=CARTESIAN_POINT('Ctrl Pts',(32.8800438864409,19.5553484960838,1.));
#12671=CARTESIAN_POINT('Ctrl Pts',(33.0819659663145,19.2051301020741,1.));
#12672=CARTESIAN_POINT('Ctrl Pts',(33.0885820973106,18.7985448132179,1.));
#12673=CARTESIAN_POINT('Ctrl Pts',(33.0923536707826,18.5667679196778,1.));
#12674=CARTESIAN_POINT('Ctrl Pts',(32.0046785761781,20.0606295949402,0.));
#12675=CARTESIAN_POINT('Ctrl Pts',(32.0046785761781,20.0606295949402,1.));
#12676=CARTESIAN_POINT('Ctrl Pts',(32.1590969347555,20.046780829745,0.));
#12677=CARTESIAN_POINT('Ctrl Pts',(32.1590969347555,20.046780829745,1.));
#12678=CARTESIAN_POINT('Ctrl Pts',(32.4632534270152,20.0195030378899,0.));
#12679=CARTESIAN_POINT('Ctrl Pts',(32.4632534270152,20.0195030378899,1.));
#12680=CARTESIAN_POINT('Ctrl Pts',(32.684371265386,19.8093714447027,0.));
#12681=CARTESIAN_POINT('Ctrl Pts',(32.684371265386,19.8093714447027,1.));
#12682=CARTESIAN_POINT('Ctrl Pts',(32.7932289530701,19.7059223538819,0.));
#12683=CARTESIAN_POINT('Ctrl Pts',(32.7932289530701,19.7059223538819,1.));
#12684=CARTESIAN_POINT('',(32.0046785761781,20.0606295949402,0.));
#12685=CARTESIAN_POINT('Ctrl Pts',(32.0046785761781,20.0606295949402,0.));
#12686=CARTESIAN_POINT('Ctrl Pts',(32.1590969347555,20.046780829745,0.));
#12687=CARTESIAN_POINT('Ctrl Pts',(32.4632534270152,20.0195030378899,0.));
#12688=CARTESIAN_POINT('Ctrl Pts',(32.684371265386,19.8093714447027,0.));
#12689=CARTESIAN_POINT('Ctrl Pts',(32.7932289530701,19.7059223538819,0.));
#12690=CARTESIAN_POINT('',(32.0046785761781,20.0606295949402,1.));
#12691=CARTESIAN_POINT('',(32.0046785761781,20.0606295949402,0.));
#12692=CARTESIAN_POINT('Ctrl Pts',(32.0046785761781,20.0606295949402,1.));
#12693=CARTESIAN_POINT('Ctrl Pts',(32.1590969347555,20.046780829745,1.));
#12694=CARTESIAN_POINT('Ctrl Pts',(32.4632534270152,20.0195030378899,1.));
#12695=CARTESIAN_POINT('Ctrl Pts',(32.684371265386,19.8093714447027,1.));
#12696=CARTESIAN_POINT('Ctrl Pts',(32.7932289530701,19.7059223538819,1.));
#12697=CARTESIAN_POINT('Ctrl Pts',(31.3113573481507,19.6854588872376,0.));
#12698=CARTESIAN_POINT('Ctrl Pts',(31.3113573481507,19.6854588872376,1.));
#12699=CARTESIAN_POINT('Ctrl Pts',(31.4073275758007,19.7948440446314,0.));
#12700=CARTESIAN_POINT('Ctrl Pts',(31.4073275758007,19.7948440446314,1.));
#12701=CARTESIAN_POINT('Ctrl Pts',(31.5927343750533,20.0061674145425,0.));
#12702=CARTESIAN_POINT('Ctrl Pts',(31.5927343750533,20.0061674145425,1.));
#12703=CARTESIAN_POINT('Ctrl Pts',(31.8706281280063,20.042907098372,0.));
#12704=CARTESIAN_POINT('Ctrl Pts',(31.8706281280063,20.042907098372,1.));
#12705=CARTESIAN_POINT('Ctrl Pts',(32.0046785761781,20.0606295949402,0.));
#12706=CARTESIAN_POINT('Ctrl Pts',(32.0046785761781,20.0606295949402,1.));
#12707=CARTESIAN_POINT('',(31.3113573481507,19.6854588872376,0.));
#12708=CARTESIAN_POINT('Ctrl Pts',(31.3113573481507,19.6854588872376,0.));
#12709=CARTESIAN_POINT('Ctrl Pts',(31.4073275758007,19.7948440446314,0.));
#12710=CARTESIAN_POINT('Ctrl Pts',(31.5927343750533,20.0061674145425,0.));
#12711=CARTESIAN_POINT('Ctrl Pts',(31.8706281280063,20.042907098372,0.));
#12712=CARTESIAN_POINT('Ctrl Pts',(32.0046785761781,20.0606295949402,0.));
#12713=CARTESIAN_POINT('',(31.3113573481507,19.6854588872376,1.));
#12714=CARTESIAN_POINT('',(31.3113573481507,19.6854588872376,0.));
#12715=CARTESIAN_POINT('Ctrl Pts',(31.3113573481507,19.6854588872376,1.));
#12716=CARTESIAN_POINT('Ctrl Pts',(31.4073275758007,19.7948440446314,1.));
#12717=CARTESIAN_POINT('Ctrl Pts',(31.5927343750533,20.0061674145425,1.));
#12718=CARTESIAN_POINT('Ctrl Pts',(31.8706281280063,20.042907098372,1.));
#12719=CARTESIAN_POINT('Ctrl Pts',(32.0046785761781,20.0606295949402,1.));
#12720=CARTESIAN_POINT('Ctrl Pts',(31.1209991862244,18.9555809384766,0.));
#12721=CARTESIAN_POINT('Ctrl Pts',(31.1209991862244,18.9555809384766,1.));
#12722=CARTESIAN_POINT('Ctrl Pts',(31.1240443771616,19.1018938024923,0.));
#12723=CARTESIAN_POINT('Ctrl Pts',(31.1240443771616,19.1018938024923,1.));
#12724=CARTESIAN_POINT('Ctrl Pts',(31.1294505163372,19.361643592361,0.));
#12725=CARTESIAN_POINT('Ctrl Pts',(31.1294505163372,19.361643592361,1.));
#12726=CARTESIAN_POINT('Ctrl Pts',(31.2560634405081,19.5870293074924,0.));
#12727=CARTESIAN_POINT('Ctrl Pts',(31.2560634405081,19.5870293074924,1.));
#12728=CARTESIAN_POINT('Ctrl Pts',(31.3113573481507,19.6854588872376,0.));
#12729=CARTESIAN_POINT('Ctrl Pts',(31.3113573481507,19.6854588872376,1.));
#12730=CARTESIAN_POINT('',(31.1209991862244,18.9555809384766,0.));
#12731=CARTESIAN_POINT('Ctrl Pts',(31.1209991862244,18.9555809384766,0.));
#12732=CARTESIAN_POINT('Ctrl Pts',(31.1240443771616,19.1018938024923,0.));
#12733=CARTESIAN_POINT('Ctrl Pts',(31.1294505163372,19.361643592361,0.));
#12734=CARTESIAN_POINT('Ctrl Pts',(31.2560634405081,19.5870293074924,0.));
#12735=CARTESIAN_POINT('Ctrl Pts',(31.3113573481507,19.6854588872376,0.));
#12736=CARTESIAN_POINT('',(31.1209991862244,18.9555809384766,1.));
#12737=CARTESIAN_POINT('',(31.1209991862244,18.9555809384766,0.));
#12738=CARTESIAN_POINT('Ctrl Pts',(31.1209991862244,18.9555809384766,1.));
#12739=CARTESIAN_POINT('Ctrl Pts',(31.1240443771616,19.1018938024923,1.));
#12740=CARTESIAN_POINT('Ctrl Pts',(31.1294505163372,19.361643592361,1.));
#12741=CARTESIAN_POINT('Ctrl Pts',(31.2560634405081,19.5870293074924,1.));
#12742=CARTESIAN_POINT('Ctrl Pts',(31.3113573481507,19.6854588872376,1.));
#12743=CARTESIAN_POINT('Origin',(31.1209991862244,14.8287055379334,0.));
#12744=CARTESIAN_POINT('',(31.1209991862244,14.8287055379334,0.));
#12745=CARTESIAN_POINT('',(31.1209991862244,13.5878548509064,0.));
#12746=CARTESIAN_POINT('',(31.1209991862244,14.8287055379334,1.));
#12747=CARTESIAN_POINT('',(31.1209991862244,14.8287055379334,0.));
#12748=CARTESIAN_POINT('',(31.1209991862244,14.8287055379334,1.));
#12749=CARTESIAN_POINT('Origin',(28.3379200388856,14.8287055379334,0.));
#12750=CARTESIAN_POINT('',(28.3379200388856,14.8287055379334,0.));
#12751=CARTESIAN_POINT('',(24.5555207445913,14.8287055379334,0.));
#12752=CARTESIAN_POINT('',(28.3379200388856,14.8287055379334,1.));
#12753=CARTESIAN_POINT('',(28.3379200388856,14.8287055379334,0.));
#12754=CARTESIAN_POINT('',(28.3379200388856,14.8287055379334,1.));
#12755=CARTESIAN_POINT('Origin',(28.3379200388856,19.3785021192017,0.));
#12756=CARTESIAN_POINT('',(28.3379200388856,19.3785021192017,0.));
#12757=CARTESIAN_POINT('',(28.3379200388856,15.8627531415406,0.));
#12758=CARTESIAN_POINT('',(28.3379200388856,19.3785021192017,1.));
#12759=CARTESIAN_POINT('',(28.3379200388856,19.3785021192017,0.));
#12760=CARTESIAN_POINT('',(28.3379200388856,19.3785021192017,1.));
#12761=CARTESIAN_POINT('Ctrl Pts',(28.9918545176453,21.5442583447876,0.));
#12762=CARTESIAN_POINT('Ctrl Pts',(28.9918545176453,21.5442583447876,1.));
#12763=CARTESIAN_POINT('Ctrl Pts',(28.8018153129027,21.2570683633891,0.));
#12764=CARTESIAN_POINT('Ctrl Pts',(28.8018153129027,21.2570683633891,1.));
#12765=CARTESIAN_POINT('Ctrl Pts',(28.3703066716144,20.6049662940678,0.));
#12766=CARTESIAN_POINT('Ctrl Pts',(28.3703066716144,20.6049662940678,1.));
#12767=CARTESIAN_POINT('Ctrl Pts',(28.3495405986248,19.8185663991579,0.));
#12768=CARTESIAN_POINT('Ctrl Pts',(28.3495405986248,19.8185663991579,1.));
#12769=CARTESIAN_POINT('Ctrl Pts',(28.3379200388856,19.3785021192017,0.));
#12770=CARTESIAN_POINT('Ctrl Pts',(28.3379200388856,19.3785021192017,1.));
#12771=CARTESIAN_POINT('',(28.9918545176453,21.5442583447876,0.));
#12772=CARTESIAN_POINT('Ctrl Pts',(28.9918545176453,21.5442583447876,0.));
#12773=CARTESIAN_POINT('Ctrl Pts',(28.8018153129027,21.2570683633891,0.));
#12774=CARTESIAN_POINT('Ctrl Pts',(28.3703066716144,20.6049662940678,0.));
#12775=CARTESIAN_POINT('Ctrl Pts',(28.3495405986248,19.8185663991579,0.));
#12776=CARTESIAN_POINT('Ctrl Pts',(28.3379200388856,19.3785021192017,0.));
#12777=CARTESIAN_POINT('',(28.9918545176453,21.5442583447876,1.));
#12778=CARTESIAN_POINT('',(28.9918545176453,21.5442583447876,0.));
#12779=CARTESIAN_POINT('Ctrl Pts',(28.9918545176453,21.5442583447876,1.));
#12780=CARTESIAN_POINT('Ctrl Pts',(28.8018153129027,21.2570683633891,1.));
#12781=CARTESIAN_POINT('Ctrl Pts',(28.3703066716144,20.6049662940678,1.));
#12782=CARTESIAN_POINT('Ctrl Pts',(28.3495405986248,19.8185663991579,1.));
#12783=CARTESIAN_POINT('Ctrl Pts',(28.3379200388856,19.3785021192017,1.));
#12784=CARTESIAN_POINT('Ctrl Pts',(30.8106354166932,22.2366187459412,0.));
#12785=CARTESIAN_POINT('Ctrl Pts',(30.8106354166932,22.2366187459412,1.));
#12786=CARTESIAN_POINT('Ctrl Pts',(30.4507250235632,22.2149177857142,0.));
#12787=CARTESIAN_POINT('Ctrl Pts',(30.4507250235632,22.2149177857142,1.));
#12788=CARTESIAN_POINT('Ctrl Pts',(29.7695957422778,22.1738487870835,0.));
#12789=CARTESIAN_POINT('Ctrl Pts',(29.7695957422778,22.1738487870835,1.));
#12790=CARTESIAN_POINT('Ctrl Pts',(29.2410944315451,21.7460209139559,0.));
#12791=CARTESIAN_POINT('Ctrl Pts',(29.2410944315451,21.7460209139559,1.));
#12792=CARTESIAN_POINT('Ctrl Pts',(28.9918545176453,21.5442583447876,0.));
#12793=CARTESIAN_POINT('Ctrl Pts',(28.9918545176453,21.5442583447876,1.));
#12794=CARTESIAN_POINT('',(30.8106354166932,22.2366187459412,0.));
#12795=CARTESIAN_POINT('Ctrl Pts',(30.8106354166932,22.2366187459412,0.));
#12796=CARTESIAN_POINT('Ctrl Pts',(30.4507250235632,22.2149177857142,0.));
#12797=CARTESIAN_POINT('Ctrl Pts',(29.7695957422778,22.1738487870835,0.));
#12798=CARTESIAN_POINT('Ctrl Pts',(29.2410944315451,21.7460209139559,0.));
#12799=CARTESIAN_POINT('Ctrl Pts',(28.9918545176453,21.5442583447876,0.));
#12800=CARTESIAN_POINT('',(30.8106354166932,22.2366187459412,1.));
#12801=CARTESIAN_POINT('',(30.8106354166932,22.2366187459412,0.));
#12802=CARTESIAN_POINT('Ctrl Pts',(30.8106354166932,22.2366187459412,1.));
#12803=CARTESIAN_POINT('Ctrl Pts',(30.4507250235632,22.2149177857142,1.));
#12804=CARTESIAN_POINT('Ctrl Pts',(29.7695957422778,22.1738487870835,1.));
#12805=CARTESIAN_POINT('Ctrl Pts',(29.2410944315451,21.7460209139559,1.));
#12806=CARTESIAN_POINT('Ctrl Pts',(28.9918545176453,21.5442583447876,1.));
#12807=CARTESIAN_POINT('Ctrl Pts',(32.1389702250428,21.9808194524231,0.));
#12808=CARTESIAN_POINT('Ctrl Pts',(32.1389702250428,21.9808194524231,1.));
#12809=CARTESIAN_POINT('Ctrl Pts',(31.9407065712344,22.0553230837714,0.));
#12810=CARTESIAN_POINT('Ctrl Pts',(31.9407065712344,22.0553230837714,1.));
#12811=CARTESIAN_POINT('Ctrl Pts',(31.5130856826252,22.2160147104504,0.));
#12812=CARTESIAN_POINT('Ctrl Pts',(31.5130856826252,22.2160147104504,1.));
#12813=CARTESIAN_POINT('Ctrl Pts',(31.0558674036321,22.2294256835887,0.));
#12814=CARTESIAN_POINT('Ctrl Pts',(31.0558674036321,22.2294256835887,1.));
#12815=CARTESIAN_POINT('Ctrl Pts',(30.8106354166932,22.2366187459412,0.));
#12816=CARTESIAN_POINT('Ctrl Pts',(30.8106354166932,22.2366187459412,1.));
#12817=CARTESIAN_POINT('',(32.1389702250428,21.9808194524231,0.));
#12818=CARTESIAN_POINT('Ctrl Pts',(32.1389702250428,21.9808194524231,0.));
#12819=CARTESIAN_POINT('Ctrl Pts',(31.9407065712344,22.0553230837714,0.));
#12820=CARTESIAN_POINT('Ctrl Pts',(31.5130856826252,22.2160147104504,0.));
#12821=CARTESIAN_POINT('Ctrl Pts',(31.0558674036321,22.2294256835887,0.));
#12822=CARTESIAN_POINT('Ctrl Pts',(30.8106354166932,22.2366187459412,0.));
#12823=CARTESIAN_POINT('',(32.1389702250428,21.9808194524231,1.));
#12824=CARTESIAN_POINT('',(32.1389702250428,21.9808194524231,0.));
#12825=CARTESIAN_POINT('Ctrl Pts',(32.1389702250428,21.9808194524231,1.));
#12826=CARTESIAN_POINT('Ctrl Pts',(31.9407065712344,22.0553230837714,1.));
#12827=CARTESIAN_POINT('Ctrl Pts',(31.5130856826252,22.2160147104504,1.));
#12828=CARTESIAN_POINT('Ctrl Pts',(31.0558674036321,22.2294256835887,1.));
#12829=CARTESIAN_POINT('Ctrl Pts',(30.8106354166932,22.2366187459412,1.));
#12830=CARTESIAN_POINT('Ctrl Pts',(33.3310964991517,21.0156080609742,0.));
#12831=CARTESIAN_POINT('Ctrl Pts',(33.3310964991517,21.0156080609742,1.));
#12832=CARTESIAN_POINT('Ctrl Pts',(33.1319815845015,21.2259410918489,0.));
#12833=CARTESIAN_POINT('Ctrl Pts',(33.1319815845015,21.2259410918489,1.));
#12834=CARTESIAN_POINT('Ctrl Pts',(32.7768553547046,21.60107510121,0.));
#12835=CARTESIAN_POINT('Ctrl Pts',(32.7768553547046,21.60107510121,1.));
#12836=CARTESIAN_POINT('Ctrl Pts',(32.3336679125352,21.8649124597978,0.));
#12837=CARTESIAN_POINT('Ctrl Pts',(32.3336679125352,21.8649124597978,1.));
#12838=CARTESIAN_POINT('Ctrl Pts',(32.1389702250428,21.9808194524231,0.));
#12839=CARTESIAN_POINT('Ctrl Pts',(32.1389702250428,21.9808194524231,1.));
#12840=CARTESIAN_POINT('',(33.3310964991517,21.0156080609742,0.));
#12841=CARTESIAN_POINT('Ctrl Pts',(33.3310964991517,21.0156080609742,0.));
#12842=CARTESIAN_POINT('Ctrl Pts',(33.1319815845015,21.2259410918489,0.));
#12843=CARTESIAN_POINT('Ctrl Pts',(32.7768553547046,21.60107510121,0.));
#12844=CARTESIAN_POINT('Ctrl Pts',(32.3336679125352,21.8649124597978,0.));
#12845=CARTESIAN_POINT('Ctrl Pts',(32.1389702250428,21.9808194524231,0.));
#12846=CARTESIAN_POINT('',(33.3310964991517,21.0156080609742,1.));
#12847=CARTESIAN_POINT('',(33.3310964991517,21.0156080609742,0.));
#12848=CARTESIAN_POINT('Ctrl Pts',(33.3310964991517,21.0156080609742,1.));
#12849=CARTESIAN_POINT('Ctrl Pts',(33.1319815845015,21.2259410918489,1.));
#12850=CARTESIAN_POINT('Ctrl Pts',(32.7768553547046,21.60107510121,1.));
#12851=CARTESIAN_POINT('Ctrl Pts',(32.3336679125352,21.8649124597978,1.));
#12852=CARTESIAN_POINT('Ctrl Pts',(32.1389702250428,21.9808194524231,1.));
#12853=CARTESIAN_POINT('Ctrl Pts',(34.157646029181,21.9296619779053,0.));
#12854=CARTESIAN_POINT('Ctrl Pts',(34.157646029181,21.9296619779053,1.));
#12855=CARTESIAN_POINT('Ctrl Pts',(33.9949015314413,21.8111168462499,0.));
#12856=CARTESIAN_POINT('Ctrl Pts',(33.9949015314413,21.8111168462499,1.));
#12857=CARTESIAN_POINT('Ctrl Pts',(33.6560723936903,21.5643094561307,0.));
#12858=CARTESIAN_POINT('Ctrl Pts',(33.6560723936903,21.5643094561307,1.));
#12859=CARTESIAN_POINT('Ctrl Pts',(33.4422282378495,21.2032470246464,0.));
#12860=CARTESIAN_POINT('Ctrl Pts',(33.4422282378495,21.2032470246464,1.));
#12861=CARTESIAN_POINT('Ctrl Pts',(33.3310964991517,21.0156080609742,0.));
#12862=CARTESIAN_POINT('Ctrl Pts',(33.3310964991517,21.0156080609742,1.));
#12863=CARTESIAN_POINT('',(34.157646029181,21.9296619779053,0.));
#12864=CARTESIAN_POINT('Ctrl Pts',(34.157646029181,21.9296619779053,0.));
#12865=CARTESIAN_POINT('Ctrl Pts',(33.9949015314413,21.8111168462499,0.));
#12866=CARTESIAN_POINT('Ctrl Pts',(33.6560723936903,21.5643094561307,0.));
#12867=CARTESIAN_POINT('Ctrl Pts',(33.4422282378495,21.2032470246464,0.));
#12868=CARTESIAN_POINT('Ctrl Pts',(33.3310964991517,21.0156080609742,0.));
#12869=CARTESIAN_POINT('',(34.157646029181,21.9296619779053,1.));
#12870=CARTESIAN_POINT('',(34.157646029181,21.9296619779053,0.));
#12871=CARTESIAN_POINT('Ctrl Pts',(34.157646029181,21.9296619779053,1.));
#12872=CARTESIAN_POINT('Ctrl Pts',(33.9949015314413,21.8111168462499,1.));
#12873=CARTESIAN_POINT('Ctrl Pts',(33.6560723936903,21.5643094561307,1.));
#12874=CARTESIAN_POINT('Ctrl Pts',(33.4422282378495,21.2032470246464,1.));
#12875=CARTESIAN_POINT('Ctrl Pts',(33.3310964991517,21.0156080609742,1.));
#12876=CARTESIAN_POINT('Ctrl Pts',(35.5307463099427,22.2366187459412,0.));
#12877=CARTESIAN_POINT('Ctrl Pts',(35.5307463099427,22.2366187459412,1.));
#12878=CARTESIAN_POINT('Ctrl Pts',(35.2672644521966,22.2297928646996,0.));
#12879=CARTESIAN_POINT('Ctrl Pts',(35.2672644521966,22.2297928646996,1.));
#12880=CARTESIAN_POINT('Ctrl Pts',(34.788179449648,22.2173814700024,0.));
#12881=CARTESIAN_POINT('Ctrl Pts',(34.788179449648,22.2173814700024,1.));
#12882=CARTESIAN_POINT('Ctrl Pts',(34.353338137754,22.0189584882224,0.));
#12883=CARTESIAN_POINT('Ctrl Pts',(34.353338137754,22.0189584882224,1.));
#12884=CARTESIAN_POINT('Ctrl Pts',(34.157646029181,21.9296619779053,0.));
#12885=CARTESIAN_POINT('Ctrl Pts',(34.157646029181,21.9296619779053,1.));
#12886=CARTESIAN_POINT('',(35.5307463099427,22.2366187459412,0.));
#12887=CARTESIAN_POINT('Ctrl Pts',(35.5307463099427,22.2366187459412,0.));
#12888=CARTESIAN_POINT('Ctrl Pts',(35.2672644521966,22.2297928646996,0.));
#12889=CARTESIAN_POINT('Ctrl Pts',(34.788179449648,22.2173814700024,0.));
#12890=CARTESIAN_POINT('Ctrl Pts',(34.353338137754,22.0189584882224,0.));
#12891=CARTESIAN_POINT('Ctrl Pts',(34.157646029181,21.9296619779053,0.));
#12892=CARTESIAN_POINT('',(35.5307463099427,22.2366187459412,1.));
#12893=CARTESIAN_POINT('',(35.5307463099427,22.2366187459412,0.));
#12894=CARTESIAN_POINT('Ctrl Pts',(35.5307463099427,22.2366187459412,1.));
#12895=CARTESIAN_POINT('Ctrl Pts',(35.2672644521966,22.2297928646996,1.));
#12896=CARTESIAN_POINT('Ctrl Pts',(34.788179449648,22.2173814700024,1.));
#12897=CARTESIAN_POINT('Ctrl Pts',(34.353338137754,22.0189584882224,1.));
#12898=CARTESIAN_POINT('Ctrl Pts',(34.157646029181,21.9296619779053,1.));
#12899=CARTESIAN_POINT('Ctrl Pts',(36.9072082926698,21.9569466000977,0.));
#12900=CARTESIAN_POINT('Ctrl Pts',(36.9072082926698,21.9569466000977,1.));
#12901=CARTESIAN_POINT('Ctrl Pts',(36.6998756597277,22.0384340685195,0.));
#12902=CARTESIAN_POINT('Ctrl Pts',(36.6998756597277,22.0384340685195,1.));
#12903=CARTESIAN_POINT('Ctrl Pts',(36.2579932802471,22.2121060849944,0.));
#12904=CARTESIAN_POINT('Ctrl Pts',(36.2579932802471,22.2121060849944,1.));
#12905=CARTESIAN_POINT('Ctrl Pts',(35.7829158713734,22.2281190928483,0.));
#12906=CARTESIAN_POINT('Ctrl Pts',(35.7829158713734,22.2281190928483,1.));
#12907=CARTESIAN_POINT('Ctrl Pts',(35.5307463099427,22.2366187459412,0.));
#12908=CARTESIAN_POINT('Ctrl Pts',(35.5307463099427,22.2366187459412,1.));
#12909=CARTESIAN_POINT('',(36.9072082926698,21.9569466000977,0.));
#12910=CARTESIAN_POINT('Ctrl Pts',(36.9072082926698,21.9569466000977,0.));
#12911=CARTESIAN_POINT('Ctrl Pts',(36.6998756597277,22.0384340685195,0.));
#12912=CARTESIAN_POINT('Ctrl Pts',(36.2579932802471,22.2121060849944,0.));
#12913=CARTESIAN_POINT('Ctrl Pts',(35.7829158713734,22.2281190928483,0.));
#12914=CARTESIAN_POINT('Ctrl Pts',(35.5307463099427,22.2366187459412,0.));
#12915=CARTESIAN_POINT('',(36.9072082926698,21.9569466000977,1.));
#12916=CARTESIAN_POINT('',(36.9072082926698,21.9569466000977,0.));
#12917=CARTESIAN_POINT('Ctrl Pts',(36.9072082926698,21.9569466000977,1.));
#12918=CARTESIAN_POINT('Ctrl Pts',(36.6998756597277,22.0384340685195,1.));
#12919=CARTESIAN_POINT('Ctrl Pts',(36.2579932802471,22.2121060849944,1.));
#12920=CARTESIAN_POINT('Ctrl Pts',(35.7829158713734,22.2281190928483,1.));
#12921=CARTESIAN_POINT('Ctrl Pts',(35.5307463099427,22.2366187459412,1.));
#12922=CARTESIAN_POINT('Ctrl Pts',(38.0377844263978,21.0156080609742,0.));
#12923=CARTESIAN_POINT('Ctrl Pts',(38.0377844263978,21.0156080609742,1.));
#12924=CARTESIAN_POINT('Ctrl Pts',(37.8594945180085,21.215677218411,0.));
#12925=CARTESIAN_POINT('Ctrl Pts',(37.8594945180085,21.215677218411,1.));
#12926=CARTESIAN_POINT('Ctrl Pts',(37.5291997387667,21.586319610825,0.));
#12927=CARTESIAN_POINT('Ctrl Pts',(37.5291997387667,21.586319610825,1.));
#12928=CARTESIAN_POINT('Ctrl Pts',(37.1032393895549,21.8401372521584,0.));
#12929=CARTESIAN_POINT('Ctrl Pts',(37.1032393895549,21.8401372521584,1.));
#12930=CARTESIAN_POINT('Ctrl Pts',(36.9072082926698,21.9569466000977,0.));
#12931=CARTESIAN_POINT('Ctrl Pts',(36.9072082926698,21.9569466000977,1.));
#12932=CARTESIAN_POINT('',(38.0377844263978,21.0156080609742,0.));
#12933=CARTESIAN_POINT('Ctrl Pts',(38.0377844263978,21.0156080609742,0.));
#12934=CARTESIAN_POINT('Ctrl Pts',(37.8594945180085,21.215677218411,0.));
#12935=CARTESIAN_POINT('Ctrl Pts',(37.5291997387667,21.586319610825,0.));
#12936=CARTESIAN_POINT('Ctrl Pts',(37.1032393895549,21.8401372521584,0.));
#12937=CARTESIAN_POINT('Ctrl Pts',(36.9072082926698,21.9569466000977,0.));
#12938=CARTESIAN_POINT('',(38.0377844263978,21.0156080609742,1.));
#12939=CARTESIAN_POINT('',(38.0377844263978,21.0156080609742,0.));
#12940=CARTESIAN_POINT('Ctrl Pts',(38.0377844263978,21.0156080609742,1.));
#12941=CARTESIAN_POINT('Ctrl Pts',(37.8594945180085,21.215677218411,1.));
#12942=CARTESIAN_POINT('Ctrl Pts',(37.5291997387667,21.586319610825,1.));
#12943=CARTESIAN_POINT('Ctrl Pts',(37.1032393895549,21.8401372521584,1.));
#12944=CARTESIAN_POINT('Ctrl Pts',(36.9072082926698,21.9569466000977,1.));
#12945=CARTESIAN_POINT('Origin',(38.0377844263978,22.0729086286011,0.));
#12946=CARTESIAN_POINT('',(38.0377844263978,22.0729086286011,0.));
#12947=CARTESIAN_POINT('',(38.0377844263978,17.2099563962403,0.));
#12948=CARTESIAN_POINT('',(38.0377844263978,22.0729086286011,1.));
#12949=CARTESIAN_POINT('',(38.0377844263978,22.0729086286011,0.));
#12950=CARTESIAN_POINT('',(38.0377844263978,22.0729086286011,1.));
#12951=CARTESIAN_POINT('Origin',(40.62987121839,22.0729086286011,0.));
#12952=CARTESIAN_POINT('',(40.62987121839,22.0729086286011,0.));
#12953=CARTESIAN_POINT('',(30.7014963343435,22.0729086286011,0.));
#12954=CARTESIAN_POINT('',(40.62987121839,22.0729086286011,1.));
#12955=CARTESIAN_POINT('',(40.62987121839,22.0729086286011,0.));
#12956=CARTESIAN_POINT('',(40.62987121839,22.0729086286011,1.));
#12957=CARTESIAN_POINT('Origin',(40.62987121839,14.8287055379334,0.));
#12958=CARTESIAN_POINT('',(40.62987121839,13.5878548509064,0.));
#12959=CARTESIAN_POINT('',(40.62987121839,14.8287055379334,1.));
#12960=CARTESIAN_POINT('Origin',(20.7731232335038,9.89691590132145,1.));
#12961=CARTESIAN_POINT('Ctrl Pts',(54.0609744479127,20.0674507504883,0.));
#12962=CARTESIAN_POINT('Ctrl Pts',(54.0609744479127,20.0674507504883,1.));
#12963=CARTESIAN_POINT('Ctrl Pts',(54.1382975310084,19.9345536715488,0.));
#12964=CARTESIAN_POINT('Ctrl Pts',(54.1382975310084,19.9345536715488,1.));
#12965=CARTESIAN_POINT('Ctrl Pts',(54.3136652413154,19.6331448876899,0.));
#12966=CARTESIAN_POINT('Ctrl Pts',(54.3136652413154,19.6331448876899,1.));
#12967=CARTESIAN_POINT('Ctrl Pts',(54.3572234025766,19.2860566307739,0.));
#12968=CARTESIAN_POINT('Ctrl Pts',(54.3572234025766,19.2860566307739,1.));
#12969=CARTESIAN_POINT('Ctrl Pts',(54.3815759112305,19.0920064336243,0.));
#12970=CARTESIAN_POINT('Ctrl Pts',(54.3815759112305,19.0920064336243,1.));
#12971=CARTESIAN_POINT('',(54.0609744479127,20.0674507504883,0.));
#12972=CARTESIAN_POINT('',(54.3815759112305,19.0920064336243,0.));
#12973=CARTESIAN_POINT('Ctrl Pts',(54.0609744479127,20.0674507504883,0.));
#12974=CARTESIAN_POINT('Ctrl Pts',(54.1382975310084,19.9345536715488,0.));
#12975=CARTESIAN_POINT('Ctrl Pts',(54.3136652413154,19.6331448876899,0.));
#12976=CARTESIAN_POINT('Ctrl Pts',(54.3572234025766,19.2860566307739,0.));
#12977=CARTESIAN_POINT('Ctrl Pts',(54.3815759112305,19.0920064336243,0.));
#12978=CARTESIAN_POINT('',(54.0609744479127,20.0674507504883,1.));
#12979=CARTESIAN_POINT('',(54.0609744479127,20.0674507504883,0.));
#12980=CARTESIAN_POINT('',(54.3815759112305,19.0920064336243,1.));
#12981=CARTESIAN_POINT('Ctrl Pts',(54.0609744479127,20.0674507504883,1.));
#12982=CARTESIAN_POINT('Ctrl Pts',(54.1382975310084,19.9345536715488,1.));
#12983=CARTESIAN_POINT('Ctrl Pts',(54.3136652413154,19.6331448876899,1.));
#12984=CARTESIAN_POINT('Ctrl Pts',(54.3572234025766,19.2860566307739,1.));
#12985=CARTESIAN_POINT('Ctrl Pts',(54.3815759112305,19.0920064336243,1.));
#12986=CARTESIAN_POINT('',(54.3815759112305,19.0920064336243,0.));
#12987=CARTESIAN_POINT('Ctrl Pts',(53.0036762644715,20.5926892644348,0.));
#12988=CARTESIAN_POINT('Ctrl Pts',(53.0036762644715,20.5926892644348,1.));
#12989=CARTESIAN_POINT('Ctrl Pts',(53.2130259128365,20.570964678043,0.));
#12990=CARTESIAN_POINT('Ctrl Pts',(53.2130259128365,20.570964678043,1.));
#12991=CARTESIAN_POINT('Ctrl Pts',(53.6309631620422,20.52759458429,0.));
#12992=CARTESIAN_POINT('Ctrl Pts',(53.6309631620422,20.52759458429,1.));
#12993=CARTESIAN_POINT('Ctrl Pts',(53.9178116947553,20.2206454694643,0.));
#12994=CARTESIAN_POINT('Ctrl Pts',(53.9178116947553,20.2206454694643,1.));
#12995=CARTESIAN_POINT('Ctrl Pts',(54.0609744479127,20.0674507504883,0.));
#12996=CARTESIAN_POINT('Ctrl Pts',(54.0609744479127,20.0674507504883,1.));
#12997=CARTESIAN_POINT('',(53.0036762644715,20.5926892644348,0.));
#12998=CARTESIAN_POINT('Ctrl Pts',(53.0036762644715,20.5926892644348,0.));
#12999=CARTESIAN_POINT('Ctrl Pts',(53.2130259128365,20.570964678043,0.));
#13000=CARTESIAN_POINT('Ctrl Pts',(53.6309631620422,20.52759458429,0.));
#13001=CARTESIAN_POINT('Ctrl Pts',(53.9178116947553,20.2206454694643,0.));
#13002=CARTESIAN_POINT('Ctrl Pts',(54.0609744479127,20.0674507504883,0.));
#13003=CARTESIAN_POINT('',(53.0036762644715,20.5926892644348,1.));
#13004=CARTESIAN_POINT('',(53.0036762644715,20.5926892644348,0.));
#13005=CARTESIAN_POINT('Ctrl Pts',(53.0036762644715,20.5926892644348,1.));
#13006=CARTESIAN_POINT('Ctrl Pts',(53.2130259128365,20.570964678043,1.));
#13007=CARTESIAN_POINT('Ctrl Pts',(53.6309631620422,20.52759458429,1.));
#13008=CARTESIAN_POINT('Ctrl Pts',(53.9178116947553,20.2206454694643,1.));
#13009=CARTESIAN_POINT('Ctrl Pts',(54.0609744479127,20.0674507504883,1.));
#13010=CARTESIAN_POINT('Ctrl Pts',(52.0793941904969,20.2448031789246,0.));
#13011=CARTESIAN_POINT('Ctrl Pts',(52.0793941904969,20.2448031789246,1.));
#13012=CARTESIAN_POINT('Ctrl Pts',(52.2093892319383,20.3462219420067,0.));
#13013=CARTESIAN_POINT('Ctrl Pts',(52.2093892319383,20.3462219420067,1.));
#13014=CARTESIAN_POINT('Ctrl Pts',(52.4805724398795,20.5577920543208,0.));
#13015=CARTESIAN_POINT('Ctrl Pts',(52.4805724398795,20.5577920543208,1.));
#13016=CARTESIAN_POINT('Ctrl Pts',(52.8245753994241,20.5807411191043,0.));
#13017=CARTESIAN_POINT('Ctrl Pts',(52.8245753994241,20.5807411191043,1.));
#13018=CARTESIAN_POINT('Ctrl Pts',(53.0036762644715,20.5926892644348,0.));
#13019=CARTESIAN_POINT('Ctrl Pts',(53.0036762644715,20.5926892644348,1.));
#13020=CARTESIAN_POINT('',(52.0793941904969,20.2448031789246,0.));
#13021=CARTESIAN_POINT('Ctrl Pts',(52.0793941904969,20.2448031789246,0.));
#13022=CARTESIAN_POINT('Ctrl Pts',(52.2093892319383,20.3462219420067,0.));
#13023=CARTESIAN_POINT('Ctrl Pts',(52.4805724398795,20.5577920543208,0.));
#13024=CARTESIAN_POINT('Ctrl Pts',(52.8245753994241,20.5807411191043,0.));
#13025=CARTESIAN_POINT('Ctrl Pts',(53.0036762644715,20.5926892644348,0.));
#13026=CARTESIAN_POINT('',(52.0793941904969,20.2448031789246,1.));
#13027=CARTESIAN_POINT('',(52.0793941904969,20.2448031789246,0.));
#13028=CARTESIAN_POINT('Ctrl Pts',(52.0793941904969,20.2448031789246,1.));
#13029=CARTESIAN_POINT('Ctrl Pts',(52.2093892319383,20.3462219420067,1.));
#13030=CARTESIAN_POINT('Ctrl Pts',(52.4805724398795,20.5577920543208,1.));
#13031=CARTESIAN_POINT('Ctrl Pts',(52.8245753994241,20.5807411191043,1.));
#13032=CARTESIAN_POINT('Ctrl Pts',(53.0036762644715,20.5926892644348,1.));
#13033=CARTESIAN_POINT('Ctrl Pts',(51.6462400843568,19.0920064336243,0.));
#13034=CARTESIAN_POINT('Ctrl Pts',(51.6462400843568,19.0920064336243,1.));
#13035=CARTESIAN_POINT('Ctrl Pts',(51.675171962377,19.3305804652534,0.));
#13036=CARTESIAN_POINT('Ctrl Pts',(51.675171962377,19.3305804652534,1.));
#13037=CARTESIAN_POINT('Ctrl Pts',(51.7263126867255,19.7522899989291,0.));
#13038=CARTESIAN_POINT('Ctrl Pts',(51.7263126867255,19.7522899989291,1.));
#13039=CARTESIAN_POINT('Ctrl Pts',(51.9724878679885,20.0956796131251,0.));
#13040=CARTESIAN_POINT('Ctrl Pts',(51.9724878679885,20.0956796131251,1.));
#13041=CARTESIAN_POINT('Ctrl Pts',(52.0793941904969,20.2448031789246,0.));
#13042=CARTESIAN_POINT('Ctrl Pts',(52.0793941904969,20.2448031789246,1.));
#13043=CARTESIAN_POINT('',(51.6462400843568,19.0920064336243,0.));
#13044=CARTESIAN_POINT('Ctrl Pts',(51.6462400843568,19.0920064336243,0.));
#13045=CARTESIAN_POINT('Ctrl Pts',(51.675171962377,19.3305804652534,0.));
#13046=CARTESIAN_POINT('Ctrl Pts',(51.7263126867255,19.7522899989291,0.));
#13047=CARTESIAN_POINT('Ctrl Pts',(51.9724878679885,20.0956796131251,0.));
#13048=CARTESIAN_POINT('Ctrl Pts',(52.0793941904969,20.2448031789246,0.));
#13049=CARTESIAN_POINT('',(51.6462400843568,19.0920064336243,1.));
#13050=CARTESIAN_POINT('',(51.6462400843568,19.0920064336243,0.));
#13051=CARTESIAN_POINT('Ctrl Pts',(51.6462400843568,19.0920064336243,1.));
#13052=CARTESIAN_POINT('Ctrl Pts',(51.675171962377,19.3305804652534,1.));
#13053=CARTESIAN_POINT('Ctrl Pts',(51.7263126867255,19.7522899989291,1.));
#13054=CARTESIAN_POINT('Ctrl Pts',(51.9724878679885,20.0956796131251,1.));
#13055=CARTESIAN_POINT('Ctrl Pts',(52.0793941904969,20.2448031789246,1.));
#13056=CARTESIAN_POINT('Origin',(54.3815759112305,19.0920064336243,0.));
#13057=CARTESIAN_POINT('',(37.5773486807638,19.0920064336243,0.));
#13058=CARTESIAN_POINT('',(54.3815759112305,19.0920064336243,1.));
#13059=CARTESIAN_POINT('Ctrl Pts',(49.2928961207337,20.4016945249024,0.));
#13060=CARTESIAN_POINT('Ctrl Pts',(49.2928961207337,20.4016945249024,1.));
#13061=CARTESIAN_POINT('Ctrl Pts',(49.155910535912,20.0630535159082,0.));
#13062=CARTESIAN_POINT('Ctrl Pts',(49.155910535912,20.0630535159082,1.));
#13063=CARTESIAN_POINT('Ctrl Pts',(48.8547414068616,19.3185356319846,0.));
#13064=CARTESIAN_POINT('Ctrl Pts',(48.8547414068616,19.3185356319846,1.));
#13065=CARTESIAN_POINT('Ctrl Pts',(48.8337000269844,18.5141494812887,0.));
#13066=CARTESIAN_POINT('Ctrl Pts',(48.8337000269844,18.5141494812887,1.));
#13067=CARTESIAN_POINT('Ctrl Pts',(48.8222292353577,18.0756351834717,0.));
#13068=CARTESIAN_POINT('Ctrl Pts',(48.8222292353577,18.0756351834717,1.));
#13069=CARTESIAN_POINT('',(49.2928961207337,20.4016945249024,0.));
#13070=CARTESIAN_POINT('',(48.8222292353577,18.0756351834717,0.));
#13071=CARTESIAN_POINT('Ctrl Pts',(49.2928961207337,20.4016945249024,0.));
#13072=CARTESIAN_POINT('Ctrl Pts',(49.155910535912,20.0630535159082,0.));
#13073=CARTESIAN_POINT('Ctrl Pts',(48.8547414068616,19.3185356319846,0.));
#13074=CARTESIAN_POINT('Ctrl Pts',(48.8337000269844,18.5141494812887,0.));
#13075=CARTESIAN_POINT('Ctrl Pts',(48.8222292353577,18.0756351834717,0.));
#13076=CARTESIAN_POINT('',(49.2928961207337,20.4016945249024,1.));
#13077=CARTESIAN_POINT('',(49.2928961207337,20.4016945249024,0.));
#13078=CARTESIAN_POINT('',(48.8222292353577,18.0756351834717,1.));
#13079=CARTESIAN_POINT('Ctrl Pts',(49.2928961207337,20.4016945249024,1.));
#13080=CARTESIAN_POINT('Ctrl Pts',(49.155910535912,20.0630535159082,1.));
#13081=CARTESIAN_POINT('Ctrl Pts',(48.8547414068616,19.3185356319846,1.));
#13082=CARTESIAN_POINT('Ctrl Pts',(48.8337000269844,18.5141494812887,1.));
#13083=CARTESIAN_POINT('Ctrl Pts',(48.8222292353577,18.0756351834717,1.));
#13084=CARTESIAN_POINT('',(48.8222292353577,18.0756351834717,0.));
#13085=CARTESIAN_POINT('Ctrl Pts',(50.6639746119447,21.7659494763794,0.));
#13086=CARTESIAN_POINT('Ctrl Pts',(50.6639746119447,21.7659494763794,1.));
#13087=CARTESIAN_POINT('Ctrl Pts',(50.3818712813943,21.5916773158537,0.));
#13088=CARTESIAN_POINT('Ctrl Pts',(50.3818712813943,21.5916773158537,1.));
#13089=CARTESIAN_POINT('Ctrl Pts',(49.8185619919969,21.243687355168,0.));
#13090=CARTESIAN_POINT('Ctrl Pts',(49.8185619919969,21.243687355168,1.));
#13091=CARTESIAN_POINT('Ctrl Pts',(49.467931889086,20.6820605711868,0.));
#13092=CARTESIAN_POINT('Ctrl Pts',(49.467931889086,20.6820605711868,1.));
#13093=CARTESIAN_POINT('Ctrl Pts',(49.2928961207337,20.4016945249024,0.));
#13094=CARTESIAN_POINT('Ctrl Pts',(49.2928961207337,20.4016945249024,1.));
#13095=CARTESIAN_POINT('',(50.6639746119447,21.7659494763794,0.));
#13096=CARTESIAN_POINT('Ctrl Pts',(50.6639746119447,21.7659494763794,0.));
#13097=CARTESIAN_POINT('Ctrl Pts',(50.3818712813943,21.5916773158537,0.));
#13098=CARTESIAN_POINT('Ctrl Pts',(49.8185619919969,21.243687355168,0.));
#13099=CARTESIAN_POINT('Ctrl Pts',(49.467931889086,20.6820605711868,0.));
#13100=CARTESIAN_POINT('Ctrl Pts',(49.2928961207337,20.4016945249024,0.));
#13101=CARTESIAN_POINT('',(50.6639746119447,21.7659494763794,1.));
#13102=CARTESIAN_POINT('',(50.6639746119447,21.7659494763794,0.));
#13103=CARTESIAN_POINT('Ctrl Pts',(50.6639746119447,21.7659494763794,1.));
#13104=CARTESIAN_POINT('Ctrl Pts',(50.3818712813943,21.5916773158537,1.));
#13105=CARTESIAN_POINT('Ctrl Pts',(49.8185619919969,21.243687355168,1.));
#13106=CARTESIAN_POINT('Ctrl Pts',(49.467931889086,20.6820605711868,1.));
#13107=CARTESIAN_POINT('Ctrl Pts',(49.2928961207337,20.4016945249024,1.));
#13108=CARTESIAN_POINT('Ctrl Pts',(53.1196382929749,22.2366187459412,0.));
#13109=CARTESIAN_POINT('Ctrl Pts',(53.1196382929749,22.2366187459412,1.));
#13110=CARTESIAN_POINT('Ctrl Pts',(52.649683640283,22.2271680414408,0.));
#13111=CARTESIAN_POINT('Ctrl Pts',(52.649683640283,22.2271680414408,1.));
#13112=CARTESIAN_POINT('Ctrl Pts',(51.8024398720542,22.2101301199149,0.));
#13113=CARTESIAN_POINT('Ctrl Pts',(51.8024398720542,22.2101301199149,1.));
#13114=CARTESIAN_POINT('Ctrl Pts',(51.014745552236,21.9028053537184,0.));
#13115=CARTESIAN_POINT('Ctrl Pts',(51.014745552236,21.9028053537184,1.));
#13116=CARTESIAN_POINT('Ctrl Pts',(50.6639746119447,21.7659494763794,0.));
#13117=CARTESIAN_POINT('Ctrl Pts',(50.6639746119447,21.7659494763794,1.));
#13118=CARTESIAN_POINT('',(53.1196382929749,22.2366187459412,0.));
#13119=CARTESIAN_POINT('Ctrl Pts',(53.1196382929749,22.2366187459412,0.));
#13120=CARTESIAN_POINT('Ctrl Pts',(52.649683640283,22.2271680414408,0.));
#13121=CARTESIAN_POINT('Ctrl Pts',(51.8024398720542,22.2101301199149,0.));
#13122=CARTESIAN_POINT('Ctrl Pts',(51.014745552236,21.9028053537184,0.));
#13123=CARTESIAN_POINT('Ctrl Pts',(50.6639746119447,21.7659494763794,0.));
#13124=CARTESIAN_POINT('',(53.1196382929749,22.2366187459412,1.));
#13125=CARTESIAN_POINT('',(53.1196382929749,22.2366187459412,0.));
#13126=CARTESIAN_POINT('Ctrl Pts',(53.1196382929749,22.2366187459412,1.));
#13127=CARTESIAN_POINT('Ctrl Pts',(52.649683640283,22.2271680414408,1.));
#13128=CARTESIAN_POINT('Ctrl Pts',(51.8024398720542,22.2101301199149,1.));
#13129=CARTESIAN_POINT('Ctrl Pts',(51.014745552236,21.9028053537184,1.));
#13130=CARTESIAN_POINT('Ctrl Pts',(50.6639746119447,21.7659494763794,1.));
#13131=CARTESIAN_POINT('Ctrl Pts',(56.1244133402772,21.1861417180481,0.));
#13132=CARTESIAN_POINT('Ctrl Pts',(56.1244133402772,21.1861417180481,1.));
#13133=CARTESIAN_POINT('Ctrl Pts',(55.7085034513688,21.4921755568366,0.));
#13134=CARTESIAN_POINT('Ctrl Pts',(55.7085034513688,21.4921755568366,1.));
#13135=CARTESIAN_POINT('Ctrl Pts',(54.8180720597496,22.1473706945868,0.));
#13136=CARTESIAN_POINT('Ctrl Pts',(54.8180720597496,22.1473706945868,1.));
#13137=CARTESIAN_POINT('Ctrl Pts',(53.7100933530818,22.2055919466878,0.));
#13138=CARTESIAN_POINT('Ctrl Pts',(53.7100933530818,22.2055919466878,1.));
#13139=CARTESIAN_POINT('Ctrl Pts',(53.1196382929749,22.2366187459412,0.));
#13140=CARTESIAN_POINT('Ctrl Pts',(53.1196382929749,22.2366187459412,1.));
#13141=CARTESIAN_POINT('',(56.1244133402772,21.1861417180481,0.));
#13142=CARTESIAN_POINT('Ctrl Pts',(56.1244133402772,21.1861417180481,0.));
#13143=CARTESIAN_POINT('Ctrl Pts',(55.7085034513688,21.4921755568366,0.));
#13144=CARTESIAN_POINT('Ctrl Pts',(54.8180720597496,22.1473706945868,0.));
#13145=CARTESIAN_POINT('Ctrl Pts',(53.7100933530818,22.2055919466878,0.));
#13146=CARTESIAN_POINT('Ctrl Pts',(53.1196382929749,22.2366187459412,0.));
#13147=CARTESIAN_POINT('',(56.1244133402772,21.1861417180481,1.));
#13148=CARTESIAN_POINT('',(56.1244133402772,21.1861417180481,0.));
#13149=CARTESIAN_POINT('Ctrl Pts',(56.1244133402772,21.1861417180481,1.));
#13150=CARTESIAN_POINT('Ctrl Pts',(55.7085034513688,21.4921755568366,1.));
#13151=CARTESIAN_POINT('Ctrl Pts',(54.8180720597496,22.1473706945868,1.));
#13152=CARTESIAN_POINT('Ctrl Pts',(53.7100933530818,22.2055919466878,1.));
#13153=CARTESIAN_POINT('Ctrl Pts',(53.1196382929749,22.2366187459412,1.));
#13154=CARTESIAN_POINT('Ctrl Pts',(57.2124079157777,18.4371635800782,0.));
#13155=CARTESIAN_POINT('Ctrl Pts',(57.2124079157777,18.4371635800782,1.));
#13156=CARTESIAN_POINT('Ctrl Pts',(57.1733103805554,18.9701520429946,0.));
#13157=CARTESIAN_POINT('Ctrl Pts',(57.1733103805554,18.9701520429946,1.));
#13158=CARTESIAN_POINT('Ctrl Pts',(57.0975930512931,20.0023517126221,0.));
#13159=CARTESIAN_POINT('Ctrl Pts',(57.0975930512931,20.0023517126221,1.));
#13160=CARTESIAN_POINT('Ctrl Pts',(56.4416516630482,20.8002483916836,0.));
#13161=CARTESIAN_POINT('Ctrl Pts',(56.4416516630482,20.8002483916836,1.));
#13162=CARTESIAN_POINT('Ctrl Pts',(56.1244133402772,21.1861417180481,0.));
#13163=CARTESIAN_POINT('Ctrl Pts',(56.1244133402772,21.1861417180481,1.));
#13164=CARTESIAN_POINT('',(57.2124079157777,18.4371635800782,0.));
#13165=CARTESIAN_POINT('Ctrl Pts',(57.2124079157777,18.4371635800782,0.));
#13166=CARTESIAN_POINT('Ctrl Pts',(57.1733103805554,18.9701520429946,0.));
#13167=CARTESIAN_POINT('Ctrl Pts',(57.0975930512931,20.0023517126221,0.));
#13168=CARTESIAN_POINT('Ctrl Pts',(56.4416516630482,20.8002483916836,0.));
#13169=CARTESIAN_POINT('Ctrl Pts',(56.1244133402772,21.1861417180481,0.));
#13170=CARTESIAN_POINT('',(57.2124079157777,18.4371635800782,1.));
#13171=CARTESIAN_POINT('',(57.2124079157777,18.4371635800782,0.));
#13172=CARTESIAN_POINT('Ctrl Pts',(57.2124079157777,18.4371635800782,1.));
#13173=CARTESIAN_POINT('Ctrl Pts',(57.1733103805554,18.9701520429946,1.));
#13174=CARTESIAN_POINT('Ctrl Pts',(57.0975930512931,20.0023517126221,1.));
#13175=CARTESIAN_POINT('Ctrl Pts',(56.4416516630482,20.8002483916836,1.));
#13176=CARTESIAN_POINT('Ctrl Pts',(56.1244133402772,21.1861417180481,1.));
#13177=CARTESIAN_POINT('Ctrl Pts',(56.670115320868,16.3600847608033,0.));
#13178=CARTESIAN_POINT('Ctrl Pts',(56.670115320868,16.3600847608033,1.));
#13179=CARTESIAN_POINT('Ctrl Pts',(56.8282239595943,16.6743900816996,0.));
#13180=CARTESIAN_POINT('Ctrl Pts',(56.8282239595943,16.6743900816996,1.));
#13181=CARTESIAN_POINT('Ctrl Pts',(57.1566935174799,17.3273571215,0.));
#13182=CARTESIAN_POINT('Ctrl Pts',(57.1566935174799,17.3273571215,1.));
#13183=CARTESIAN_POINT('Ctrl Pts',(57.1933802970952,18.0581417338341,0.));
#13184=CARTESIAN_POINT('Ctrl Pts',(57.1933802970952,18.0581417338341,1.));
#13185=CARTESIAN_POINT('Ctrl Pts',(57.2124079157777,18.4371635800782,0.));
#13186=CARTESIAN_POINT('Ctrl Pts',(57.2124079157777,18.4371635800782,1.));
#13187=CARTESIAN_POINT('',(56.670115320868,16.3600847608033,0.));
#13188=CARTESIAN_POINT('Ctrl Pts',(56.670115320868,16.3600847608033,0.));
#13189=CARTESIAN_POINT('Ctrl Pts',(56.8282239595943,16.6743900816996,0.));
#13190=CARTESIAN_POINT('Ctrl Pts',(57.1566935174799,17.3273571215,0.));
#13191=CARTESIAN_POINT('Ctrl Pts',(57.1933802970952,18.0581417338341,0.));
#13192=CARTESIAN_POINT('Ctrl Pts',(57.2124079157777,18.4371635800782,0.));
#13193=CARTESIAN_POINT('',(56.670115320868,16.3600847608033,1.));
#13194=CARTESIAN_POINT('',(56.670115320868,16.3600847608033,0.));
#13195=CARTESIAN_POINT('Ctrl Pts',(56.670115320868,16.3600847608033,1.));
#13196=CARTESIAN_POINT('Ctrl Pts',(56.8282239595943,16.6743900816996,1.));
#13197=CARTESIAN_POINT('Ctrl Pts',(57.1566935174799,17.3273571215,1.));
#13198=CARTESIAN_POINT('Ctrl Pts',(57.1933802970952,18.0581417338341,1.));
#13199=CARTESIAN_POINT('Ctrl Pts',(57.2124079157777,18.4371635800782,1.));
#13200=CARTESIAN_POINT('Ctrl Pts',(55.302448599524,15.0708601361695,0.));
#13201=CARTESIAN_POINT('Ctrl Pts',(55.302448599524,15.0708601361695,1.));
#13202=CARTESIAN_POINT('Ctrl Pts',(55.5684434633353,15.230460314047,0.));
#13203=CARTESIAN_POINT('Ctrl Pts',(55.5684434633353,15.230460314047,1.));
#13204=CARTESIAN_POINT('Ctrl Pts',(56.1178325638361,15.5601005067468,0.));
#13205=CARTESIAN_POINT('Ctrl Pts',(56.1178325638361,15.5601005067468,1.));
#13206=CARTESIAN_POINT('Ctrl Pts',(56.4821747805423,16.087851975975,0.));
#13207=CARTESIAN_POINT('Ctrl Pts',(56.4821747805423,16.087851975975,1.));
#13208=CARTESIAN_POINT('Ctrl Pts',(56.670115320868,16.3600847608033,0.));
#13209=CARTESIAN_POINT('Ctrl Pts',(56.670115320868,16.3600847608033,1.));
#13210=CARTESIAN_POINT('',(55.302448599524,15.0708601361695,0.));
#13211=CARTESIAN_POINT('Ctrl Pts',(55.302448599524,15.0708601361695,0.));
#13212=CARTESIAN_POINT('Ctrl Pts',(55.5684434633353,15.230460314047,0.));
#13213=CARTESIAN_POINT('Ctrl Pts',(56.1178325638361,15.5601005067468,0.));
#13214=CARTESIAN_POINT('Ctrl Pts',(56.4821747805423,16.087851975975,0.));
#13215=CARTESIAN_POINT('Ctrl Pts',(56.670115320868,16.3600847608033,0.));
#13216=CARTESIAN_POINT('',(55.302448599524,15.0708601361695,1.));
#13217=CARTESIAN_POINT('',(55.302448599524,15.0708601361695,0.));
#13218=CARTESIAN_POINT('Ctrl Pts',(55.302448599524,15.0708601361695,1.));
#13219=CARTESIAN_POINT('Ctrl Pts',(55.5684434633353,15.230460314047,1.));
#13220=CARTESIAN_POINT('Ctrl Pts',(56.1178325638361,15.5601005067468,1.));
#13221=CARTESIAN_POINT('Ctrl Pts',(56.4821747805423,16.087851975975,1.));
#13222=CARTESIAN_POINT('Ctrl Pts',(56.670115320868,16.3600847608033,1.));
#13223=CARTESIAN_POINT('Ctrl Pts',(53.037782042212,14.6649954205933,0.));
#13224=CARTESIAN_POINT('Ctrl Pts',(53.037782042212,14.6649954205933,1.));
#13225=CARTESIAN_POINT('Ctrl Pts',(53.4714177495086,14.6726728915285,0.));
#13226=CARTESIAN_POINT('Ctrl Pts',(53.4714177495086,14.6726728915285,1.));
#13227=CARTESIAN_POINT('Ctrl Pts',(54.2496905283701,14.6864521226637,0.));
#13228=CARTESIAN_POINT('Ctrl Pts',(54.2496905283701,14.6864521226637,1.));
#13229=CARTESIAN_POINT('Ctrl Pts',(54.9793421109924,14.9528798263428,0.));
#13230=CARTESIAN_POINT('Ctrl Pts',(54.9793421109924,14.9528798263428,1.));
#13231=CARTESIAN_POINT('Ctrl Pts',(55.302448599524,15.0708601361695,0.));
#13232=CARTESIAN_POINT('Ctrl Pts',(55.302448599524,15.0708601361695,1.));
#13233=CARTESIAN_POINT('',(53.037782042212,14.6649954205933,0.));
#13234=CARTESIAN_POINT('Ctrl Pts',(53.037782042212,14.6649954205933,0.));
#13235=CARTESIAN_POINT('Ctrl Pts',(53.4714177495086,14.6726728915285,0.));
#13236=CARTESIAN_POINT('Ctrl Pts',(54.2496905283701,14.6864521226637,0.));
#13237=CARTESIAN_POINT('Ctrl Pts',(54.9793421109924,14.9528798263428,0.));
#13238=CARTESIAN_POINT('Ctrl Pts',(55.302448599524,15.0708601361695,0.));
#13239=CARTESIAN_POINT('',(53.037782042212,14.6649954205933,1.));
#13240=CARTESIAN_POINT('',(53.037782042212,14.6649954205933,0.));
#13241=CARTESIAN_POINT('Ctrl Pts',(53.037782042212,14.6649954205933,1.));
#13242=CARTESIAN_POINT('Ctrl Pts',(53.4714177495086,14.6726728915285,1.));
#13243=CARTESIAN_POINT('Ctrl Pts',(54.2496905283701,14.6864521226637,1.));
#13244=CARTESIAN_POINT('Ctrl Pts',(54.9793421109924,14.9528798263428,1.));
#13245=CARTESIAN_POINT('Ctrl Pts',(55.302448599524,15.0708601361695,1.));
#13246=CARTESIAN_POINT('Ctrl Pts',(50.4934433390565,15.1390740758362,0.));
#13247=CARTESIAN_POINT('Ctrl Pts',(50.4934433390565,15.1390740758362,1.));
#13248=CARTESIAN_POINT('Ctrl Pts',(50.849388780984,15.0013726638914,0.));
#13249=CARTESIAN_POINT('Ctrl Pts',(50.849388780984,15.0013726638914,1.));
#13250=CARTESIAN_POINT('Ctrl Pts',(51.6656146183903,14.6856067148515,0.));
#13251=CARTESIAN_POINT('Ctrl Pts',(51.6656146183903,14.6856067148515,1.));
#13252=CARTESIAN_POINT('Ctrl Pts',(52.5430083010197,14.6724274051995,0.));
#13253=CARTESIAN_POINT('Ctrl Pts',(52.5430083010197,14.6724274051995,1.));
#13254=CARTESIAN_POINT('Ctrl Pts',(53.037782042212,14.6649954205933,0.));
#13255=CARTESIAN_POINT('Ctrl Pts',(53.037782042212,14.6649954205933,1.));
#13256=CARTESIAN_POINT('',(50.4934433390565,15.1390740758362,0.));
#13257=CARTESIAN_POINT('Ctrl Pts',(50.4934433390565,15.1390740758362,0.));
#13258=CARTESIAN_POINT('Ctrl Pts',(50.849388780984,15.0013726638914,0.));
#13259=CARTESIAN_POINT('Ctrl Pts',(51.6656146183903,14.6856067148515,0.));
#13260=CARTESIAN_POINT('Ctrl Pts',(52.5430083010197,14.6724274051995,0.));
#13261=CARTESIAN_POINT('Ctrl Pts',(53.037782042212,14.6649954205933,0.));
#13262=CARTESIAN_POINT('',(50.4934433390565,15.1390740758362,1.));
#13263=CARTESIAN_POINT('',(50.4934433390565,15.1390740758362,0.));
#13264=CARTESIAN_POINT('Ctrl Pts',(50.4934433390565,15.1390740758362,1.));
#13265=CARTESIAN_POINT('Ctrl Pts',(50.849388780984,15.0013726638914,1.));
#13266=CARTESIAN_POINT('Ctrl Pts',(51.6656146183903,14.6856067148515,1.));
#13267=CARTESIAN_POINT('Ctrl Pts',(52.5430083010197,14.6724274051995,1.));
#13268=CARTESIAN_POINT('Ctrl Pts',(53.037782042212,14.6649954205933,1.));
#13269=CARTESIAN_POINT('Ctrl Pts',(48.9791181971497,16.7045590764466,0.));
#13270=CARTESIAN_POINT('Ctrl Pts',(48.9791181971497,16.7045590764466,1.));
#13271=CARTESIAN_POINT('Ctrl Pts',(49.1893172602737,16.3719469497139,0.));
#13272=CARTESIAN_POINT('Ctrl Pts',(49.1893172602737,16.3719469497139,1.));
#13273=CARTESIAN_POINT('Ctrl Pts',(49.5861809538488,15.7439628132427,0.));
#13274=CARTESIAN_POINT('Ctrl Pts',(49.5861809538488,15.7439628132427,1.));
#13275=CARTESIAN_POINT('Ctrl Pts',(50.2032195557644,15.3325716799507,0.));
#13276=CARTESIAN_POINT('Ctrl Pts',(50.2032195557644,15.3325716799507,1.));
#13277=CARTESIAN_POINT('Ctrl Pts',(50.4934433390565,15.1390740758362,0.));
#13278=CARTESIAN_POINT('Ctrl Pts',(50.4934433390565,15.1390740758362,1.));
#13279=CARTESIAN_POINT('',(48.9791181971497,16.7045590764466,0.));
#13280=CARTESIAN_POINT('Ctrl Pts',(48.9791181971497,16.7045590764466,0.));
#13281=CARTESIAN_POINT('Ctrl Pts',(49.1893172602737,16.3719469497139,0.));
#13282=CARTESIAN_POINT('Ctrl Pts',(49.5861809538488,15.7439628132427,0.));
#13283=CARTESIAN_POINT('Ctrl Pts',(50.2032195557644,15.3325716799507,0.));
#13284=CARTESIAN_POINT('Ctrl Pts',(50.4934433390565,15.1390740758362,0.));
#13285=CARTESIAN_POINT('',(48.9791181971497,16.7045590764466,1.));
#13286=CARTESIAN_POINT('',(48.9791181971497,16.7045590764466,0.));
#13287=CARTESIAN_POINT('Ctrl Pts',(48.9791181971497,16.7045590764466,1.));
#13288=CARTESIAN_POINT('Ctrl Pts',(49.1893172602737,16.3719469497139,1.));
#13289=CARTESIAN_POINT('Ctrl Pts',(49.5861809538488,15.7439628132427,1.));
#13290=CARTESIAN_POINT('Ctrl Pts',(50.2032195557644,15.3325716799507,1.));
#13291=CARTESIAN_POINT('Ctrl Pts',(50.4934433390565,15.1390740758362,1.));
#13292=CARTESIAN_POINT('Origin',(51.7144540240235,16.9569466000977,0.));
#13293=CARTESIAN_POINT('',(51.7144540240235,16.9569466000977,0.));
#13294=CARTESIAN_POINT('',(36.1635045887037,15.5220713720384,0.));
#13295=CARTESIAN_POINT('',(51.7144540240235,16.9569466000977,1.));
#13296=CARTESIAN_POINT('',(51.7144540240235,16.9569466000977,0.));
#13297=CARTESIAN_POINT('',(51.7144540240235,16.9569466000977,1.));
#13298=CARTESIAN_POINT('Ctrl Pts',(52.1987656046815,16.4999196416321,0.));
#13299=CARTESIAN_POINT('Ctrl Pts',(52.1987656046815,16.4999196416321,1.));
#13300=CARTESIAN_POINT('Ctrl Pts',(52.118211875399,16.5567057078871,0.));
#13301=CARTESIAN_POINT('Ctrl Pts',(52.118211875399,16.5567057078871,1.));
#13302=CARTESIAN_POINT('Ctrl Pts',(51.9352237555531,16.6857025350981,0.));
#13303=CARTESIAN_POINT('Ctrl Pts',(51.9352237555531,16.6857025350981,1.));
#13304=CARTESIAN_POINT('Ctrl Pts',(51.7936853813249,16.8596006673878,0.));
#13305=CARTESIAN_POINT('Ctrl Pts',(51.7936853813249,16.8596006673878,1.));
#13306=CARTESIAN_POINT('Ctrl Pts',(51.7144540240235,16.9569466000977,0.));
#13307=CARTESIAN_POINT('Ctrl Pts',(51.7144540240235,16.9569466000977,1.));
#13308=CARTESIAN_POINT('',(52.1987656046815,16.4999196416321,0.));
#13309=CARTESIAN_POINT('Ctrl Pts',(52.1987656046815,16.4999196416321,0.));
#13310=CARTESIAN_POINT('Ctrl Pts',(52.118211875399,16.5567057078871,0.));
#13311=CARTESIAN_POINT('Ctrl Pts',(51.9352237555531,16.6857025350981,0.));
#13312=CARTESIAN_POINT('Ctrl Pts',(51.7936853813249,16.8596006673878,0.));
#13313=CARTESIAN_POINT('Ctrl Pts',(51.7144540240235,16.9569466000977,0.));
#13314=CARTESIAN_POINT('',(52.1987656046815,16.4999196416321,1.));
#13315=CARTESIAN_POINT('',(52.1987656046815,16.4999196416321,0.));
#13316=CARTESIAN_POINT('Ctrl Pts',(52.1987656046815,16.4999196416321,1.));
#13317=CARTESIAN_POINT('Ctrl Pts',(52.118211875399,16.5567057078871,1.));
#13318=CARTESIAN_POINT('Ctrl Pts',(51.9352237555531,16.6857025350981,1.));
#13319=CARTESIAN_POINT('Ctrl Pts',(51.7936853813249,16.8596006673878,1.));
#13320=CARTESIAN_POINT('Ctrl Pts',(51.7144540240235,16.9569466000977,1.));
#13321=CARTESIAN_POINT('Ctrl Pts',(52.9763916422791,16.2952825910035,0.));
#13322=CARTESIAN_POINT('Ctrl Pts',(52.9763916422791,16.2952825910035,1.));
#13323=CARTESIAN_POINT('Ctrl Pts',(52.8412089983603,16.3040659217685,0.));
#13324=CARTESIAN_POINT('Ctrl Pts',(52.8412089983603,16.3040659217685,1.));
#13325=CARTESIAN_POINT('Ctrl Pts',(52.5687616499179,16.3217678626987,0.));
#13326=CARTESIAN_POINT('Ctrl Pts',(52.5687616499179,16.3217678626987,1.));
#13327=CARTESIAN_POINT('Ctrl Pts',(52.3227243641483,16.4402339401288,0.));
#13328=CARTESIAN_POINT('Ctrl Pts',(52.3227243641483,16.4402339401288,1.));
#13329=CARTESIAN_POINT('Ctrl Pts',(52.1987656046815,16.4999196416321,0.));
#13330=CARTESIAN_POINT('Ctrl Pts',(52.1987656046815,16.4999196416321,1.));
#13331=CARTESIAN_POINT('',(52.9763916422791,16.2952825910035,0.));
#13332=CARTESIAN_POINT('Ctrl Pts',(52.9763916422791,16.2952825910035,0.));
#13333=CARTESIAN_POINT('Ctrl Pts',(52.8412089983603,16.3040659217685,0.));
#13334=CARTESIAN_POINT('Ctrl Pts',(52.5687616499179,16.3217678626987,0.));
#13335=CARTESIAN_POINT('Ctrl Pts',(52.3227243641483,16.4402339401288,0.));
#13336=CARTESIAN_POINT('Ctrl Pts',(52.1987656046815,16.4999196416321,0.));
#13337=CARTESIAN_POINT('',(52.9763916422791,16.2952825910035,1.));
#13338=CARTESIAN_POINT('',(52.9763916422791,16.2952825910035,0.));
#13339=CARTESIAN_POINT('Ctrl Pts',(52.9763916422791,16.2952825910035,1.));
#13340=CARTESIAN_POINT('Ctrl Pts',(52.8412089983603,16.3040659217685,1.));
#13341=CARTESIAN_POINT('Ctrl Pts',(52.5687616499179,16.3217678626987,1.));
#13342=CARTESIAN_POINT('Ctrl Pts',(52.3227243641483,16.4402339401288,1.));
#13343=CARTESIAN_POINT('Ctrl Pts',(52.1987656046815,16.4999196416321,1.));
#13344=CARTESIAN_POINT('Ctrl Pts',(54.0268686701722,16.7659494763794,0.));
#13345=CARTESIAN_POINT('Ctrl Pts',(54.0268686701722,16.7659494763794,1.));
#13346=CARTESIAN_POINT('Ctrl Pts',(53.8811071291323,16.6286794167626,0.));
#13347=CARTESIAN_POINT('Ctrl Pts',(53.8811071291323,16.6286794167626,1.));
#13348=CARTESIAN_POINT('Ctrl Pts',(53.5857274296239,16.3505073511281,0.));
#13349=CARTESIAN_POINT('Ctrl Pts',(53.5857274296239,16.3505073511281,1.));
#13350=CARTESIAN_POINT('Ctrl Pts',(53.1812638607791,16.3138503813054,0.));
#13351=CARTESIAN_POINT('Ctrl Pts',(53.1812638607791,16.3138503813054,1.));
#13352=CARTESIAN_POINT('Ctrl Pts',(52.9763916422791,16.2952825910035,0.));
#13353=CARTESIAN_POINT('Ctrl Pts',(52.9763916422791,16.2952825910035,1.));
#13354=CARTESIAN_POINT('',(54.0268686701722,16.7659494763794,0.));
#13355=CARTESIAN_POINT('Ctrl Pts',(54.0268686701722,16.7659494763794,0.));
#13356=CARTESIAN_POINT('Ctrl Pts',(53.8811071291323,16.6286794167626,0.));
#13357=CARTESIAN_POINT('Ctrl Pts',(53.5857274296239,16.3505073511281,0.));
#13358=CARTESIAN_POINT('Ctrl Pts',(53.1812638607791,16.3138503813054,0.));
#13359=CARTESIAN_POINT('Ctrl Pts',(52.9763916422791,16.2952825910035,0.));
#13360=CARTESIAN_POINT('',(54.0268686701722,16.7659494763794,1.));
#13361=CARTESIAN_POINT('',(54.0268686701722,16.7659494763794,0.));
#13362=CARTESIAN_POINT('Ctrl Pts',(54.0268686701722,16.7659494763794,1.));
#13363=CARTESIAN_POINT('Ctrl Pts',(53.8811071291323,16.6286794167626,1.));
#13364=CARTESIAN_POINT('Ctrl Pts',(53.5857274296239,16.3505073511281,1.));
#13365=CARTESIAN_POINT('Ctrl Pts',(53.1812638607791,16.3138503813054,1.));
#13366=CARTESIAN_POINT('Ctrl Pts',(52.9763916422791,16.2952825910035,1.));
#13367=CARTESIAN_POINT('Ctrl Pts',(54.3883970667786,17.7618572598877,0.));
#13368=CARTESIAN_POINT('Ctrl Pts',(54.3883970667786,17.7618572598877,1.));
#13369=CARTESIAN_POINT('Ctrl Pts',(54.3612067548483,17.5615407130924,0.));
#13370=CARTESIAN_POINT('Ctrl Pts',(54.3612067548483,17.5615407130924,1.));
#13371=CARTESIAN_POINT('Ctrl Pts',(54.3124205426364,17.2021227856135,0.));
#13372=CARTESIAN_POINT('Ctrl Pts',(54.3124205426364,17.2021227856135,1.));
#13373=CARTESIAN_POINT('Ctrl Pts',(54.1144868098454,16.8997839828752,0.));
#13374=CARTESIAN_POINT('Ctrl Pts',(54.1144868098454,16.8997839828752,1.));
#13375=CARTESIAN_POINT('Ctrl Pts',(54.0268686701722,16.7659494763794,0.));
#13376=CARTESIAN_POINT('Ctrl Pts',(54.0268686701722,16.7659494763794,1.));
#13377=CARTESIAN_POINT('',(54.3883970667786,17.7618572598877,0.));
#13378=CARTESIAN_POINT('Ctrl Pts',(54.3883970667786,17.7618572598877,0.));
#13379=CARTESIAN_POINT('Ctrl Pts',(54.3612067548483,17.5615407130924,0.));
#13380=CARTESIAN_POINT('Ctrl Pts',(54.3124205426364,17.2021227856135,0.));
#13381=CARTESIAN_POINT('Ctrl Pts',(54.1144868098454,16.8997839828752,0.));
#13382=CARTESIAN_POINT('Ctrl Pts',(54.0268686701722,16.7659494763794,0.));
#13383=CARTESIAN_POINT('',(54.3883970667786,17.7618572598877,1.));
#13384=CARTESIAN_POINT('',(54.3883970667786,17.7618572598877,0.));
#13385=CARTESIAN_POINT('Ctrl Pts',(54.3883970667786,17.7618572598877,1.));
#13386=CARTESIAN_POINT('Ctrl Pts',(54.3612067548483,17.5615407130924,1.));
#13387=CARTESIAN_POINT('Ctrl Pts',(54.3124205426364,17.2021227856135,1.));
#13388=CARTESIAN_POINT('Ctrl Pts',(54.1144868098454,16.8997839828752,1.));
#13389=CARTESIAN_POINT('Ctrl Pts',(54.0268686701722,16.7659494763794,1.));
#13390=CARTESIAN_POINT('Origin',(48.8222292353577,17.7618572598877,0.));
#13391=CARTESIAN_POINT('',(48.8222292353577,17.7618572598877,0.));
#13392=CARTESIAN_POINT('',(34.7976753428274,17.7618572598877,0.));
#13393=CARTESIAN_POINT('',(48.8222292353577,17.7618572598877,1.));
#13394=CARTESIAN_POINT('',(48.8222292353577,17.7618572598877,0.));
#13395=CARTESIAN_POINT('',(48.8222292353577,17.7618572598877,1.));
#13396=CARTESIAN_POINT('Origin',(48.8222292353577,18.0756351834717,0.));
#13397=CARTESIAN_POINT('',(48.8222292353577,15.2113196736756,0.));
#13398=CARTESIAN_POINT('',(48.8222292353577,18.0756351834717,1.));
#13399=CARTESIAN_POINT('Origin',(20.7731232335038,9.89691590132145,1.));
#13400=CARTESIAN_POINT('Origin',(74.013226359076,22.3594019299927,0.));
#13401=CARTESIAN_POINT('',(74.013226359076,22.3594019299927,0.));
#13402=CARTESIAN_POINT('',(77.1646586348481,22.3594019299927,0.));
#13403=CARTESIAN_POINT('',(47.3931739046865,22.3594019299927,0.));
#13404=CARTESIAN_POINT('',(74.013226359076,22.3594019299927,1.));
#13405=CARTESIAN_POINT('',(74.013226359076,22.3594019299927,0.));
#13406=CARTESIAN_POINT('',(77.1646586348481,22.3594019299927,1.));
#13407=CARTESIAN_POINT('',(74.013226359076,22.3594019299927,1.));
#13408=CARTESIAN_POINT('',(77.1646586348481,22.3594019299927,0.));
#13409=CARTESIAN_POINT('Origin',(74.013226359076,14.8287055379334,0.));
#13410=CARTESIAN_POINT('',(74.013226359076,14.8287055379334,0.));
#13411=CARTESIAN_POINT('',(74.013226359076,13.5878548509064,0.));
#13412=CARTESIAN_POINT('',(74.013226359076,14.8287055379334,1.));
#13413=CARTESIAN_POINT('',(74.013226359076,14.8287055379334,0.));
#13414=CARTESIAN_POINT('',(74.013226359076,14.8287055379334,1.));
#13415=CARTESIAN_POINT('Origin',(70.9231856753297,14.8287055379334,0.));
#13416=CARTESIAN_POINT('',(70.9231856753297,14.8287055379334,0.));
#13417=CARTESIAN_POINT('',(45.8481535628134,14.8287055379334,0.));
#13418=CARTESIAN_POINT('',(70.9231856753297,14.8287055379334,1.));
#13419=CARTESIAN_POINT('',(70.9231856753297,14.8287055379334,0.));
#13420=CARTESIAN_POINT('',(70.9231856753297,14.8287055379334,1.));
#13421=CARTESIAN_POINT('Origin',(70.9231856753297,22.3594019299927,0.));
#13422=CARTESIAN_POINT('',(70.9231856753297,22.3594019299927,0.));
#13423=CARTESIAN_POINT('',(70.9231856753297,17.3532030469361,0.));
#13424=CARTESIAN_POINT('',(70.9231856753297,22.3594019299927,1.));
#13425=CARTESIAN_POINT('',(70.9231856753297,22.3594019299927,0.));
#13426=CARTESIAN_POINT('',(70.9231856753297,22.3594019299927,1.));
#13427=CARTESIAN_POINT('Origin',(67.7717522074647,22.3594019299927,0.));
#13428=CARTESIAN_POINT('',(67.7717522074647,22.3594019299927,0.));
#13429=CARTESIAN_POINT('',(44.2724368288809,22.3594019299927,0.));
#13430=CARTESIAN_POINT('',(67.7717522074647,22.3594019299927,1.));
#13431=CARTESIAN_POINT('',(67.7717522074647,22.3594019299927,0.));
#13432=CARTESIAN_POINT('',(67.7717522074647,22.3594019299927,1.));
#13433=CARTESIAN_POINT('Origin',(67.7717522074647,24.8287055379334,0.));
#13434=CARTESIAN_POINT('',(67.7717522074647,24.8287055379334,0.));
#13435=CARTESIAN_POINT('',(67.7717522074647,18.5878548509064,0.));
#13436=CARTESIAN_POINT('',(67.7717522074647,24.8287055379334,1.));
#13437=CARTESIAN_POINT('',(67.7717522074647,24.8287055379334,0.));
#13438=CARTESIAN_POINT('',(67.7717522074647,24.8287055379334,1.));
#13439=CARTESIAN_POINT('Origin',(77.1646586348481,24.8287055379334,0.));
#13440=CARTESIAN_POINT('',(77.1646586348481,24.8287055379334,0.));
#13441=CARTESIAN_POINT('',(48.9688900425726,24.8287055379334,0.));
#13442=CARTESIAN_POINT('',(77.1646586348481,24.8287055379334,1.));
#13443=CARTESIAN_POINT('',(77.1646586348481,24.8287055379334,0.));
#13444=CARTESIAN_POINT('',(77.1646586348481,24.8287055379334,1.));
#13445=CARTESIAN_POINT('Origin',(77.1646586348481,22.3594019299927,0.));
#13446=CARTESIAN_POINT('',(77.1646586348481,17.3532030469361,0.));
#13447=CARTESIAN_POINT('',(77.1646586348481,22.3594019299927,1.));
#13448=CARTESIAN_POINT('Origin',(20.7731232335038,9.89691590132145,1.));
#13449=CARTESIAN_POINT('Origin',(20.7731214502971,12.3470041638794,0.));
#13450=CARTESIAN_POINT('Origin',(20.7731214502971,12.3470041638794,0.));
#13451=CARTESIAN_POINT('Origin',(20.7731214502971,12.3470041638794,0.));
#13452=CARTESIAN_POINT('Origin',(20.7731214502971,12.3470041638794,0.));
#13453=CARTESIAN_POINT('Origin',(20.7731214502971,12.3470041638794,0.));
#13454=CARTESIAN_POINT('Origin',(20.7731214502971,12.3470041638794,0.));
#13455=CARTESIAN_POINT('Origin',(20.7731214502971,12.3470041638794,0.));
#13456=CARTESIAN_POINT('Origin',(20.7731214502971,12.3470041638794,0.));
#13457=CARTESIAN_POINT('Origin',(20.7731214502971,12.3470041638794,0.));
#13458=CARTESIAN_POINT('Origin',(91.1033574034638,39.8470041638794,0.));
#13459=CARTESIAN_POINT('',(91.1033574034638,49.8470041638794,5.));
#13460=CARTESIAN_POINT('',(101.103357403464,39.8470041638794,5.));
#13461=CARTESIAN_POINT('Origin',(91.1033574034638,39.8470041638794,5.));
#13462=CARTESIAN_POINT('',(101.103357403464,39.8470041638794,0.));
#13463=CARTESIAN_POINT('',(101.103357403464,39.8470041638794,0.));
#13464=CARTESIAN_POINT('',(91.1033574034638,49.8470041638794,0.));
#13465=CARTESIAN_POINT('Origin',(91.1033574034638,39.8470041638794,0.));
#13466=CARTESIAN_POINT('',(91.1033574034638,49.8470041638794,0.));
#13467=CARTESIAN_POINT('Origin',(101.103357403464,-25.1529958361206,0.));
#13468=CARTESIAN_POINT('',(101.103357403464,-15.1529958361206,5.));
#13469=CARTESIAN_POINT('',(101.103357403464,49.8470041638794,5.));
#13470=CARTESIAN_POINT('',(101.103357403464,-15.1529958361206,0.));
#13471=CARTESIAN_POINT('',(101.103357403464,-15.1529958361206,0.));
#13472=CARTESIAN_POINT('',(101.103357403464,49.8470041638794,0.));
#13473=CARTESIAN_POINT('Origin',(20.7731214502971,12.3470041638794,5.));
#13474=CARTESIAN_POINT('',(-49.5571145028696,49.8470041638794,5.));
#13475=CARTESIAN_POINT('',(-59.5571145028696,49.8470041638794,5.));
#13476=CARTESIAN_POINT('',(-59.5571145028696,39.8470041638794,5.));
#13477=CARTESIAN_POINT('Origin',(-49.5571145028696,39.8470041638794,5.));
#13478=CARTESIAN_POINT('',(-59.5571145028696,-15.1529958361206,5.));
#13479=CARTESIAN_POINT('',(-59.5571145028696,-25.1529958361206,5.));
#13480=CARTESIAN_POINT('',(-49.5571145028696,-25.1529958361206,5.));
#13481=CARTESIAN_POINT('Origin',(-49.5571145028696,-15.1529958361206,5.));
#13482=CARTESIAN_POINT('',(91.1033574034638,-25.1529958361206,5.));
#13483=CARTESIAN_POINT('',(101.103357403464,-25.1529958361206,5.));
#13484=CARTESIAN_POINT('Origin',(91.1033574034638,-15.1529958361206,5.));
#13485=CARTESIAN_POINT('Origin',(91.1033574034638,-15.1529958361206,0.));
#13486=CARTESIAN_POINT('',(91.1033574034638,-25.1529958361206,0.));
#13487=CARTESIAN_POINT('',(91.1033574034638,-25.1529958361206,0.));
#13488=CARTESIAN_POINT('Origin',(91.1033574034638,-15.1529958361206,0.));
#13489=CARTESIAN_POINT('Origin',(-59.5571145028696,-25.1529958361206,0.));
#13490=CARTESIAN_POINT('',(-49.5571145028696,-25.1529958361206,0.));
#13491=CARTESIAN_POINT('',(-49.5571145028696,-25.1529958361206,0.));
#13492=CARTESIAN_POINT('',(101.103357403464,-25.1529958361206,0.));
#13493=CARTESIAN_POINT('Origin',(-49.5571145028696,39.8470041638794,0.));
#13494=CARTESIAN_POINT('',(-49.5571145028696,49.8470041638794,0.));
#13495=CARTESIAN_POINT('',(-49.5571145028696,49.8470041638794,0.));
#13496=CARTESIAN_POINT('',(-59.5571145028696,39.8470041638794,0.));
#13497=CARTESIAN_POINT('Origin',(-49.5571145028696,39.8470041638794,0.));
#13498=CARTESIAN_POINT('',(-59.5571145028696,39.8470041638794,0.));
#13499=CARTESIAN_POINT('Origin',(101.103357403464,49.8470041638794,0.));
#13500=CARTESIAN_POINT('',(-59.5571145028696,49.8470041638794,0.));
#13501=CARTESIAN_POINT('Origin',(-49.5571145028696,-15.1529958361206,0.));
#13502=CARTESIAN_POINT('',(-59.5571145028696,-15.1529958361206,0.));
#13503=CARTESIAN_POINT('',(-59.5571145028696,-15.1529958361206,0.));
#13504=CARTESIAN_POINT('Origin',(-49.5571145028696,-15.1529958361206,0.));
#13505=CARTESIAN_POINT('Origin',(-59.5571145028696,49.8470041638794,0.));
#13506=CARTESIAN_POINT('',(-59.5571145028696,-25.1529958361206,0.));
#13507=CARTESIAN_POINT('Origin',(20.7731214502971,12.3470041638794,0.));
#13508=UNCERTAINTY_MEASURE_WITH_UNIT(LENGTH_MEASURE(0.01),#13512,
'DISTANCE_ACCURACY_VALUE',
'Maximum model space distance between geometric entities at asserted c
onnectivities');
#13509=UNCERTAINTY_MEASURE_WITH_UNIT(LENGTH_MEASURE(0.01),#13512,
'DISTANCE_ACCURACY_VALUE',
'Maximum model space distance between geometric entities at asserted c
onnectivities');
#13510=(
GEOMETRIC_REPRESENTATION_CONTEXT(3)
GLOBAL_UNCERTAINTY_ASSIGNED_CONTEXT((#13508))
GLOBAL_UNIT_ASSIGNED_CONTEXT((#13512,#13514,#13515))
REPRESENTATION_CONTEXT('','3D')
);
#13511=(
GEOMETRIC_REPRESENTATION_CONTEXT(3)
GLOBAL_UNCERTAINTY_ASSIGNED_CONTEXT((#13509))
GLOBAL_UNIT_ASSIGNED_CONTEXT((#13512,#13514,#13515))
REPRESENTATION_CONTEXT('','3D')
);
#13512=(
LENGTH_UNIT()
NAMED_UNIT(*)
SI_UNIT(.MILLI.,.METRE.)
);
#13513=(
LENGTH_UNIT()
NAMED_UNIT(*)
SI_UNIT($,.METRE.)
);
#13514=(
NAMED_UNIT(*)
PLANE_ANGLE_UNIT()
SI_UNIT($,.RADIAN.)
);
#13515=(
NAMED_UNIT(*)
SI_UNIT($,.STERADIAN.)
SOLID_ANGLE_UNIT()
);
#13516=SHAPE_DEFINITION_REPRESENTATION(#13517,#13518);
#13517=PRODUCT_DEFINITION_SHAPE('',$,#13520);
#13518=SHAPE_REPRESENTATION('',(#6720),#13510);
#13519=PRODUCT_DEFINITION_CONTEXT('part definition',#13524,'design');
#13520=PRODUCT_DEFINITION('2026-07-26-00-16-32-690','paper holder',#13521,
#13519);
#13521=PRODUCT_DEFINITION_FORMATION('',$,#13526);
#13522=PRODUCT_RELATED_PRODUCT_CATEGORY('paper holder','paper holder',(#13526));
#13523=APPLICATION_PROTOCOL_DEFINITION('international standard',
'automotive_design',2009,#13524);
#13524=APPLICATION_CONTEXT(
'Core Data for Automotive Mechanical Design Process');
#13525=PRODUCT_CONTEXT('part definition',#13524,'mechanical');
#13526=PRODUCT('2026-07-26-00-16-32-690','paper holder',$,(#13525));
#13527=PRESENTATION_STYLE_ASSIGNMENT((#13528));
#13528=SURFACE_STYLE_USAGE(.BOTH.,#13529);
#13529=SURFACE_SIDE_STYLE('',(#13530));
#13530=SURFACE_STYLE_FILL_AREA(#13531);
#13531=FILL_AREA_STYLE('Steel - Satin',(#13532));
#13532=FILL_AREA_STYLE_COLOUR('Steel - Satin',#13533);
#13533=COLOUR_RGB('Steel - Satin',0.627450980392157,0.627450980392157,0.627450980392157);
ENDSEC;
END-ISO-10303-21;
